date,realtime_start,realtime_end,value
1987-05-20,2025-11-20,2025-11-20,18.63
1987-05-21,2025-11-20,2025-11-20,18.45
1987-05-22,2025-11-20,2025-11-20,18.55
1987-05-25,2025-11-20,2025-11-20,18.6
1987-05-26,2025-11-20,2025-11-20,18.63
1987-05-27,2025-11-20,2025-11-20,18.6
1987-05-28,2025-11-20,2025-11-20,18.6
1987-05-29,2025-11-20,2025-11-20,18.58
1987-06-01,2025-11-20,2025-11-20,18.65
1987-06-02,2025-11-20,2025-11-20,18.68
1987-06-03,2025-11-20,2025-11-20,18.75
1987-06-04,2025-11-20,2025-11-20,18.78
1987-06-05,2025-11-20,2025-11-20,18.65
1987-06-08,2025-11-20,2025-11-20,18.75
1987-06-09,2025-11-20,2025-11-20,18.78
1987-06-10,2025-11-20,2025-11-20,18.78
1987-06-11,2025-11-20,2025-11-20,18.68
1987-06-12,2025-11-20,2025-11-20,18.78
1987-06-15,2025-11-20,2025-11-20,
1987-06-16,2025-11-20,2025-11-20,18.9
1987-06-17,2025-11-20,2025-11-20,19.03
1987-06-18,2025-11-20,2025-11-20,19.05
1987-06-19,2025-11-20,2025-11-20,19.05
1987-06-22,2025-11-20,2025-11-20,19.1
1987-06-23,2025-11-20,2025-11-20,18.9
1987-06-24,2025-11-20,2025-11-20,18.75
1987-06-25,2025-11-20,2025-11-20,18.7
1987-06-26,2025-11-20,2025-11-20,19.08
1987-06-29,2025-11-20,2025-11-20,19.15
1987-06-30,2025-11-20,2025-11-20,19.08
1987-07-01,2025-11-20,2025-11-20,18.98
1987-07-02,2025-11-20,2025-11-20,19.25
1987-07-03,2025-11-20,2025-11-20,19.33
1987-07-06,2025-11-20,2025-11-20,19.48
1987-07-07,2025-11-20,2025-11-20,19.5
1987-07-08,2025-11-20,2025-11-20,19.48
1987-07-09,2025-11-20,2025-11-20,19.68
1987-07-10,2025-11-20,2025-11-20,19.73
1987-07-13,2025-11-20,2025-11-20,19.83
1987-07-14,2025-11-20,2025-11-20,19.88
1987-07-15,2025-11-20,2025-11-20,20.28
1987-07-16,2025-11-20,2025-11-20,20.4
1987-07-17,2025-11-20,2025-11-20,20.63
1987-07-20,2025-11-20,2025-11-20,20.55
1987-07-21,2025-11-20,2025-11-20,20.35
1987-07-22,2025-11-20,2025-11-20,20.33
1987-07-23,2025-11-20,2025-11-20,20.15
1987-07-24,2025-11-20,2025-11-20,19.58
1987-07-27,2025-11-20,2025-11-20,19.3
1987-07-28,2025-11-20,2025-11-20,19.78
1987-07-29,2025-11-20,2025-11-20,19.98
1987-07-30,2025-11-20,2025-11-20,20.2
1987-07-31,2025-11-20,2025-11-20,20.03
1987-08-03,2025-11-20,2025-11-20,20.95
1987-08-04,2025-11-20,2025-11-20,20.65
1987-08-05,2025-11-20,2025-11-20,19.8
1987-08-06,2025-11-20,2025-11-20,19.75
1987-08-07,2025-11-20,2025-11-20,19.65
1987-08-10,2025-11-20,2025-11-20,19.43
1987-08-11,2025-11-20,2025-11-20,19.45
1987-08-12,2025-11-20,2025-11-20,19.5
1987-08-13,2025-11-20,2025-11-20,19.4
1987-08-14,2025-11-20,2025-11-20,19.25
1987-08-17,2025-11-20,2025-11-20,18.85
1987-08-18,2025-11-20,2025-11-20,18.75
1987-08-19,2025-11-20,2025-11-20,18.5
1987-08-20,2025-11-20,2025-11-20,18.3
1987-08-21,2025-11-20,2025-11-20,18.1
1987-08-24,2025-11-20,2025-11-20,17.48
1987-08-25,2025-11-20,2025-11-20,17.55
1987-08-26,2025-11-20,2025-11-20,18.1
1987-08-27,2025-11-20,2025-11-20,18.28
1987-08-28,2025-11-20,2025-11-20,18.2
1987-08-31,2025-11-20,2025-11-20,18.63
1987-09-01,2025-11-20,2025-11-20,18.43
1987-09-02,2025-11-20,2025-11-20,18.4
1987-09-03,2025-11-20,2025-11-20,18.18
1987-09-04,2025-11-20,2025-11-20,18.13
1987-09-07,2025-11-20,2025-11-20,17.6
1987-09-08,2025-11-20,2025-11-20,17.68
1987-09-09,2025-11-20,2025-11-20,17.9
1987-09-10,2025-11-20,2025-11-20,18.3
1987-09-11,2025-11-20,2025-11-20,18.18
1987-09-14,2025-11-20,2025-11-20,18.15
1987-09-15,2025-11-20,2025-11-20,18.53
1987-09-16,2025-11-20,2025-11-20,18.53
1987-09-17,2025-11-20,2025-11-20,18.43
1987-09-18,2025-11-20,2025-11-20,18.3
1987-09-21,2025-11-20,2025-11-20,18.28
1987-09-22,2025-11-20,2025-11-20,18.48
1987-09-23,2025-11-20,2025-11-20,18.48
1987-09-24,2025-11-20,2025-11-20,18.68
1987-09-25,2025-11-20,2025-11-20,18.6
1987-09-28,2025-11-20,2025-11-20,18.65
1987-09-29,2025-11-20,2025-11-20,18.5
1987-09-30,2025-11-20,2025-11-20,18.48
1987-10-01,2025-11-20,2025-11-20,18.5
1987-10-02,2025-11-20,2025-11-20,18.65
1987-10-05,2025-11-20,2025-11-20,18.78
1987-10-06,2025-11-20,2025-11-20,18.6
1987-10-07,2025-11-20,2025-11-20,18.58
1987-10-08,2025-11-20,2025-11-20,18.63
1987-10-09,2025-11-20,2025-11-20,18.6
1987-10-12,2025-11-20,2025-11-20,18.55
1987-10-13,2025-11-20,2025-11-20,18.55
1987-10-14,2025-11-20,2025-11-20,18.68
1987-10-15,2025-11-20,2025-11-20,18.68
1987-10-16,2025-11-20,2025-11-20,19.0
1987-10-19,2025-11-20,2025-11-20,19.1
1987-10-20,2025-11-20,2025-11-20,18.78
1987-10-21,2025-11-20,2025-11-20,18.93
1987-10-22,2025-11-20,2025-11-20,19.13
1987-10-23,2025-11-20,2025-11-20,18.98
1987-10-26,2025-11-20,2025-11-20,18.75
1987-10-27,2025-11-20,2025-11-20,18.8
1987-10-28,2025-11-20,2025-11-20,18.85
1987-10-29,2025-11-20,2025-11-20,18.75
1987-10-30,2025-11-20,2025-11-20,18.8
1987-11-02,2025-11-20,2025-11-20,18.63
1987-11-03,2025-11-20,2025-11-20,18.38
1987-11-04,2025-11-20,2025-11-20,17.93
1987-11-05,2025-11-20,2025-11-20,17.85
1987-11-06,2025-11-20,2025-11-20,17.95
1987-11-09,2025-11-20,2025-11-20,17.5
1987-11-10,2025-11-20,2025-11-20,17.75
1987-11-11,2025-11-20,2025-11-20,17.8
1987-11-12,2025-11-20,2025-11-20,17.85
1987-11-13,2025-11-20,2025-11-20,17.8
1987-11-16,2025-11-20,2025-11-20,17.68
1987-11-17,2025-11-20,2025-11-20,17.4
1987-11-18,2025-11-20,2025-11-20,17.18
1987-11-19,2025-11-20,2025-11-20,17.48
1987-11-20,2025-11-20,2025-11-20,17.6
1987-11-23,2025-11-20,2025-11-20,17.9
1987-11-24,2025-11-20,2025-11-20,17.83
1987-11-25,2025-11-20,2025-11-20,17.68
1987-11-26,2025-11-20,2025-11-20,17.73
1987-11-27,2025-11-20,2025-11-20,17.78
1987-11-30,2025-11-20,2025-11-20,17.7
1987-12-01,2025-11-20,2025-11-20,17.65
1987-12-02,2025-11-20,2025-11-20,17.7
1987-12-03,2025-11-20,2025-11-20,17.93
1987-12-04,2025-11-20,2025-11-20,18.0
1987-12-07,2025-11-20,2025-11-20,17.78
1987-12-08,2025-11-20,2025-11-20,17.58
1987-12-09,2025-11-20,2025-11-20,17.43
1987-12-10,2025-11-20,2025-11-20,17.55
1987-12-11,2025-11-20,2025-11-20,17.73
1987-12-14,2025-11-20,2025-11-20,16.8
1987-12-15,2025-11-20,2025-11-20,16.2
1987-12-16,2025-11-20,2025-11-20,15.93
1987-12-17,2025-11-20,2025-11-20,15.03
1987-12-18,2025-11-20,2025-11-20,15.6
1987-12-21,2025-11-20,2025-11-20,15.4
1987-12-22,2025-11-20,2025-11-20,16.7
1987-12-23,2025-11-20,2025-11-20,17.25
1987-12-24,2025-11-20,2025-11-20,17.1
1987-12-25,2025-11-20,2025-11-20,
1987-12-28,2025-11-20,2025-11-20,17.0
1987-12-29,2025-11-20,2025-11-20,17.38
1987-12-30,2025-11-20,2025-11-20,17.85
1987-12-31,2025-11-20,2025-11-20,17.6
1988-01-01,2025-11-20,2025-11-20,
1988-01-04,2025-11-20,2025-11-20,17.95
1988-01-05,2025-11-20,2025-11-20,17.08
1988-01-06,2025-11-20,2025-11-20,17.9
1988-01-07,2025-11-20,2025-11-20,
1988-01-08,2025-11-20,2025-11-20,16.88
1988-01-11,2025-11-20,2025-11-20,16.65
1988-01-12,2025-11-20,2025-11-20,15.95
1988-01-13,2025-11-20,2025-11-20,16.38
1988-01-14,2025-11-20,2025-11-20,16.55
1988-01-15,2025-11-20,2025-11-20,16.65
1988-01-18,2025-11-20,2025-11-20,16.83
1988-01-19,2025-11-20,2025-11-20,17.1
1988-01-20,2025-11-20,2025-11-20,16.83
1988-01-21,2025-11-20,2025-11-20,17.08
1988-01-22,2025-11-20,2025-11-20,16.7
1988-01-25,2025-11-20,2025-11-20,16.45
1988-01-26,2025-11-20,2025-11-20,
1988-01-27,2025-11-20,2025-11-20,16.13
1988-01-28,2025-11-20,2025-11-20,16.1
1988-01-29,2025-11-20,2025-11-20,16.28
1988-02-01,2025-11-20,2025-11-20,16.1
1988-02-02,2025-11-20,2025-11-20,16.18
1988-02-03,2025-11-20,2025-11-20,16.15
1988-02-04,2025-11-20,2025-11-20,16.18
1988-02-05,2025-11-20,2025-11-20,16.1
1988-02-08,2025-11-20,2025-11-20,16.5
1988-02-09,2025-11-20,2025-11-20,16.4
1988-02-10,2025-11-20,2025-11-20,16.13
1988-02-11,2025-11-20,2025-11-20,16.1
1988-02-12,2025-11-20,2025-11-20,15.75
1988-02-15,2025-11-20,2025-11-20,15.68
1988-02-16,2025-11-20,2025-11-20,15.63
1988-02-17,2025-11-20,2025-11-20,15.85
1988-02-18,2025-11-20,2025-11-20,15.48
1988-02-19,2025-11-20,2025-11-20,15.55
1988-02-22,2025-11-20,2025-11-20,15.38
1988-02-23,2025-11-20,2025-11-20,15.58
1988-02-24,2025-11-20,2025-11-20,15.35
1988-02-25,2025-11-20,2025-11-20,14.85
1988-02-26,2025-11-20,2025-11-20,14.65
1988-02-29,2025-11-20,2025-11-20,14.73
1988-03-01,2025-11-20,2025-11-20,14.18
1988-03-02,2025-11-20,2025-11-20,13.8
1988-03-03,2025-11-20,2025-11-20,14.0
1988-03-04,2025-11-20,2025-11-20,14.0
1988-03-07,2025-11-20,2025-11-20,13.9
1988-03-08,2025-11-20,2025-11-20,13.8
1988-03-09,2025-11-20,2025-11-20,13.98
1988-03-10,2025-11-20,2025-11-20,14.48
1988-03-11,2025-11-20,2025-11-20,14.88
1988-03-14,2025-11-20,2025-11-20,14.28
1988-03-15,2025-11-20,2025-11-20,14.3
1988-03-16,2025-11-20,2025-11-20,14.45
1988-03-17,2025-11-20,2025-11-20,14.43
1988-03-18,2025-11-20,2025-11-20,14.93
1988-03-21,2025-11-20,2025-11-20,15.38
1988-03-22,2025-11-20,2025-11-20,15.03
1988-03-23,2025-11-20,2025-11-20,15.4
1988-03-24,2025-11-20,2025-11-20,15.65
1988-03-25,2025-11-20,2025-11-20,15.45
1988-03-28,2025-11-20,2025-11-20,15.55
1988-03-29,2025-11-20,2025-11-20,15.6
1988-03-30,2025-11-20,2025-11-20,15.7
1988-03-31,2025-11-20,2025-11-20,15.65
1988-04-01,2025-11-20,2025-11-20,
1988-04-04,2025-11-20,2025-11-20,
1988-04-05,2025-11-20,2025-11-20,15.5
1988-04-06,2025-11-20,2025-11-20,15.38
1988-04-07,2025-11-20,2025-11-20,15.53
1988-04-08,2025-11-20,2025-11-20,15.55
1988-04-11,2025-11-20,2025-11-20,16.2
1988-04-12,2025-11-20,2025-11-20,16.48
1988-04-13,2025-11-20,2025-11-20,16.55
1988-04-14,2025-11-20,2025-11-20,16.65
1988-04-15,2025-11-20,2025-11-20,16.85
1988-04-18,2025-11-20,2025-11-20,17.45
1988-04-19,2025-11-20,2025-11-20,17.05
1988-04-20,2025-11-20,2025-11-20,16.78
1988-04-21,2025-11-20,2025-11-20,17.0
1988-04-22,2025-11-20,2025-11-20,17.15
1988-04-25,2025-11-20,2025-11-20,17.13
1988-04-26,2025-11-20,2025-11-20,17.18
1988-04-27,2025-11-20,2025-11-20,17.4
1988-04-28,2025-11-20,2025-11-20,16.88
1988-04-29,2025-11-20,2025-11-20,16.6
1988-05-02,2025-11-20,2025-11-20,15.95
1988-05-03,2025-11-20,2025-11-20,16.08
1988-05-04,2025-11-20,2025-11-20,16.15
1988-05-05,2025-11-20,2025-11-20,16.15
1988-05-06,2025-11-20,2025-11-20,16.45
1988-05-09,2025-11-20,2025-11-20,16.5
1988-05-10,2025-11-20,2025-11-20,16.38
1988-05-11,2025-11-20,2025-11-20,16.48
1988-05-12,2025-11-20,2025-11-20,16.4
1988-05-13,2025-11-20,2025-11-20,16.5
1988-05-16,2025-11-20,2025-11-20,16.6
1988-05-17,2025-11-20,2025-11-20,16.6
1988-05-18,2025-11-20,2025-11-20,16.4
1988-05-19,2025-11-20,2025-11-20,16.25
1988-05-20,2025-11-20,2025-11-20,16.45
1988-05-23,2025-11-20,2025-11-20,16.23
1988-05-24,2025-11-20,2025-11-20,16.3
1988-05-25,2025-11-20,2025-11-20,16.18
1988-05-26,2025-11-20,2025-11-20,16.18
1988-05-27,2025-11-20,2025-11-20,16.25
1988-05-30,2025-11-20,2025-11-20,16.23
1988-05-31,2025-11-20,2025-11-20,16.2
1988-06-01,2025-11-20,2025-11-20,16.33
1988-06-02,2025-11-20,2025-11-20,16.33
1988-06-03,2025-11-20,2025-11-20,16.45
1988-06-06,2025-11-20,2025-11-20,16.25
1988-06-07,2025-11-20,2025-11-20,16.23
1988-06-08,2025-11-20,2025-11-20,16.28
1988-06-09,2025-11-20,2025-11-20,16.3
1988-06-10,2025-11-20,2025-11-20,15.85
1988-06-13,2025-11-20,2025-11-20,15.53
1988-06-14,2025-11-20,2025-11-20,15.85
1988-06-15,2025-11-20,2025-11-20,15.7
1988-06-16,2025-11-20,2025-11-20,15.43
1988-06-17,2025-11-20,2025-11-20,15.48
1988-06-20,2025-11-20,2025-11-20,15.0
1988-06-21,2025-11-20,2025-11-20,15.0
1988-06-22,2025-11-20,2025-11-20,15.13
1988-06-23,2025-11-20,2025-11-20,15.18
1988-06-24,2025-11-20,2025-11-20,15.15
1988-06-27,2025-11-20,2025-11-20,14.93
1988-06-28,2025-11-20,2025-11-20,14.83
1988-06-29,2025-11-20,2025-11-20,14.55
1988-06-30,2025-11-20,2025-11-20,14.18
1988-07-01,2025-11-20,2025-11-20,13.95
1988-07-04,2025-11-20,2025-11-20,14.05
1988-07-05,2025-11-20,2025-11-20,13.98
1988-07-06,2025-11-20,2025-11-20,14.5
1988-07-07,2025-11-20,2025-11-20,15.5
1988-07-08,2025-11-20,2025-11-20,15.05
1988-07-11,2025-11-20,2025-11-20,14.63
1988-07-12,2025-11-20,2025-11-20,14.0
1988-07-13,2025-11-20,2025-11-20,14.1
1988-07-14,2025-11-20,2025-11-20,14.1
1988-07-15,2025-11-20,2025-11-20,14.25
1988-07-18,2025-11-20,2025-11-20,15.0
1988-07-19,2025-11-20,2025-11-20,14.93
1988-07-20,2025-11-20,2025-11-20,15.48
1988-07-21,2025-11-20,2025-11-20,15.63
1988-07-22,2025-11-20,2025-11-20,15.83
1988-07-25,2025-11-20,2025-11-20,15.8
1988-07-26,2025-11-20,2025-11-20,15.38
1988-07-27,2025-11-20,2025-11-20,15.45
1988-07-28,2025-11-20,2025-11-20,15.7
1988-07-29,2025-11-20,2025-11-20,15.75
1988-08-01,2025-11-20,2025-11-20,15.6
1988-08-02,2025-11-20,2025-11-20,15.35
1988-08-03,2025-11-20,2025-11-20,15.0
1988-08-04,2025-11-20,2025-11-20,14.5
1988-08-05,2025-11-20,2025-11-20,14.85
1988-08-08,2025-11-20,2025-11-20,15.48
1988-08-09,2025-11-20,2025-11-20,15.4
1988-08-10,2025-11-20,2025-11-20,15.1
1988-08-11,2025-11-20,2025-11-20,15.13
1988-08-12,2025-11-20,2025-11-20,14.98
1988-08-15,2025-11-20,2025-11-20,14.8
1988-08-16,2025-11-20,2025-11-20,14.85
1988-08-17,2025-11-20,2025-11-20,14.75
1988-08-18,2025-11-20,2025-11-20,14.78
1988-08-19,2025-11-20,2025-11-20,14.85
1988-08-22,2025-11-20,2025-11-20,15.03
1988-08-23,2025-11-20,2025-11-20,14.8
1988-08-24,2025-11-20,2025-11-20,14.85
1988-08-25,2025-11-20,2025-11-20,14.63
1988-08-26,2025-11-20,2025-11-20,14.5
1988-08-29,2025-11-20,2025-11-20,14.48
1988-08-30,2025-11-20,2025-11-20,14.45
1988-08-31,2025-11-20,2025-11-20,14.4
1988-09-01,2025-11-20,2025-11-20,14.15
1988-09-02,2025-11-20,2025-11-20,14.0
1988-09-05,2025-11-20,2025-11-20,13.68
1988-09-06,2025-11-20,2025-11-20,13.35
1988-09-07,2025-11-20,2025-11-20,13.18
1988-09-08,2025-11-20,2025-11-20,13.3
1988-09-09,2025-11-20,2025-11-20,13.25
1988-09-12,2025-11-20,2025-11-20,12.7
1988-09-13,2025-11-20,2025-11-20,13.4
1988-09-14,2025-11-20,2025-11-20,13.9
1988-09-15,2025-11-20,2025-11-20,13.5
1988-09-16,2025-11-20,2025-11-20,13.23
1988-09-19,2025-11-20,2025-11-20,12.85
1988-09-20,2025-11-20,2025-11-20,13.15
1988-09-21,2025-11-20,2025-11-20,13.05
1988-09-22,2025-11-20,2025-11-20,13.2
1988-09-23,2025-11-20,2025-11-20,13.2
1988-09-26,2025-11-20,2025-11-20,13.1
1988-09-27,2025-11-20,2025-11-20,12.58
1988-09-28,2025-11-20,2025-11-20,12.75
1988-09-29,2025-11-20,2025-11-20,12.5
1988-09-30,2025-11-20,2025-11-20,11.93
1988-10-03,2025-11-20,2025-11-20,11.6
1988-10-04,2025-11-20,2025-11-20,11.65
1988-10-05,2025-11-20,2025-11-20,11.2
1988-10-06,2025-11-20,2025-11-20,11.3
1988-10-07,2025-11-20,2025-11-20,11.35
1988-10-10,2025-11-20,2025-11-20,12.2
1988-10-11,2025-11-20,2025-11-20,12.35
1988-10-12,2025-11-20,2025-11-20,12.45
1988-10-13,2025-11-20,2025-11-20,12.55
1988-10-14,2025-11-20,2025-11-20,13.2
1988-10-17,2025-11-20,2025-11-20,13.55
1988-10-18,2025-11-20,2025-11-20,12.9
1988-10-19,2025-11-20,2025-11-20,13.35
1988-10-20,2025-11-20,2025-11-20,13.5
1988-10-21,2025-11-20,2025-11-20,13.48
1988-10-24,2025-11-20,2025-11-20,12.2
1988-10-25,2025-11-20,2025-11-20,12.08
1988-10-26,2025-11-20,2025-11-20,12.08
1988-10-27,2025-11-20,2025-11-20,12.33
1988-10-28,2025-11-20,2025-11-20,12.6
1988-10-31,2025-11-20,2025-11-20,12.6
1988-11-01,2025-11-20,2025-11-20,12.18
1988-11-02,2025-11-20,2025-11-20,12.35
1988-11-03,2025-11-20,2025-11-20,12.5
1988-11-04,2025-11-20,2025-11-20,12.75
1988-11-07,2025-11-20,2025-11-20,12.75
1988-11-08,2025-11-20,2025-11-20,12.6
1988-11-09,2025-11-20,2025-11-20,12.7
1988-11-10,2025-11-20,2025-11-20,13.03
1988-11-11,2025-11-20,2025-11-20,13.03
1988-11-14,2025-11-20,2025-11-20,13.0
1988-11-15,2025-11-20,2025-11-20,13.0
1988-11-16,2025-11-20,2025-11-20,12.7
1988-11-17,2025-11-20,2025-11-20,12.05
1988-11-18,2025-11-20,2025-11-20,12.08
1988-11-21,2025-11-20,2025-11-20,12.13
1988-11-22,2025-11-20,2025-11-20,13.35
1988-11-23,2025-11-20,2025-11-20,13.33
1988-11-24,2025-11-20,2025-11-20,12.98
1988-11-25,2025-11-20,2025-11-20,14.7
1988-11-28,2025-11-20,2025-11-20,14.73
1988-11-29,2025-11-20,2025-11-20,14.25
1988-11-30,2025-11-20,2025-11-20,14.35
1988-12-01,2025-11-20,2025-11-20,14.93
1988-12-02,2025-11-20,2025-11-20,14.8
1988-12-05,2025-11-20,2025-11-20,14.73
1988-12-06,2025-11-20,2025-11-20,14.4
1988-12-07,2025-11-20,2025-11-20,14.7
1988-12-08,2025-11-20,2025-11-20,15.05
1988-12-09,2025-11-20,2025-11-20,14.9
1988-12-12,2025-11-20,2025-11-20,15.2
1988-12-13,2025-11-20,2025-11-20,15.18
1988-12-14,2025-11-20,2025-11-20,15.35
1988-12-15,2025-11-20,2025-11-20,15.58
1988-12-16,2025-11-20,2025-11-20,15.6
1988-12-19,2025-11-20,2025-11-20,15.3
1988-12-20,2025-11-20,2025-11-20,15.28
1988-12-21,2025-11-20,2025-11-20,15.33
1988-12-22,2025-11-20,2025-11-20,15.25
1988-12-23,2025-11-20,2025-11-20,15.38
1988-12-26,2025-11-20,2025-11-20,
1988-12-27,2025-11-20,2025-11-20,16.25
1988-12-28,2025-11-20,2025-11-20,16.1
1988-12-29,2025-11-20,2025-11-20,15.9
1988-12-30,2025-11-20,2025-11-20,16.23
1989-01-02,2025-11-20,2025-11-20,
1989-01-03,2025-11-20,2025-11-20,16.4
1989-01-04,2025-11-20,2025-11-20,16.53
1989-01-05,2025-11-20,2025-11-20,16.58
1989-01-06,2025-11-20,2025-11-20,16.85
1989-01-09,2025-11-20,2025-11-20,17.0
1989-01-10,2025-11-20,2025-11-20,16.75
1989-01-11,2025-11-20,2025-11-20,16.9
1989-01-12,2025-11-20,2025-11-20,16.85
1989-01-13,2025-11-20,2025-11-20,17.4
1989-01-16,2025-11-20,2025-11-20,17.5
1989-01-17,2025-11-20,2025-11-20,17.78
1989-01-18,2025-11-20,2025-11-20,17.95
1989-01-19,2025-11-20,2025-11-20,18.1
1989-01-20,2025-11-20,2025-11-20,18.15
1989-01-23,2025-11-20,2025-11-20,16.98
1989-01-24,2025-11-20,2025-11-20,17.05
1989-01-25,2025-11-20,2025-11-20,17.7
1989-01-26,2025-11-20,2025-11-20,17.73
1989-01-27,2025-11-20,2025-11-20,17.18
1989-01-30,2025-11-20,2025-11-20,16.85
1989-01-31,2025-11-20,2025-11-20,16.38
1989-02-01,2025-11-20,2025-11-20,16.4
1989-02-02,2025-11-20,2025-11-20,16.95
1989-02-03,2025-11-20,2025-11-20,16.75
1989-02-06,2025-11-20,2025-11-20,16.5
1989-02-07,2025-11-20,2025-11-20,16.6
1989-02-08,2025-11-20,2025-11-20,16.75
1989-02-09,2025-11-20,2025-11-20,16.58
1989-02-10,2025-11-20,2025-11-20,16.4
1989-02-13,2025-11-20,2025-11-20,16.5
1989-02-14,2025-11-20,2025-11-20,16.83
1989-02-15,2025-11-20,2025-11-20,16.75
1989-02-16,2025-11-20,2025-11-20,17.15
1989-02-17,2025-11-20,2025-11-20,17.15
1989-02-20,2025-11-20,2025-11-20,17.38
1989-02-21,2025-11-20,2025-11-20,17.2
1989-02-22,2025-11-20,2025-11-20,16.95
1989-02-23,2025-11-20,2025-11-20,17.1
1989-02-24,2025-11-20,2025-11-20,17.05
1989-02-27,2025-11-20,2025-11-20,17.55
1989-02-28,2025-11-20,2025-11-20,17.23
1989-03-01,2025-11-20,2025-11-20,17.25
1989-03-02,2025-11-20,2025-11-20,17.45
1989-03-03,2025-11-20,2025-11-20,17.73
1989-03-06,2025-11-20,2025-11-20,17.73
1989-03-07,2025-11-20,2025-11-20,17.55
1989-03-08,2025-11-20,2025-11-20,17.55
1989-03-09,2025-11-20,2025-11-20,17.8
1989-03-10,2025-11-20,2025-11-20,17.63
1989-03-13,2025-11-20,2025-11-20,18.1
1989-03-14,2025-11-20,2025-11-20,18.63
1989-03-15,2025-11-20,2025-11-20,19.08
1989-03-16,2025-11-20,2025-11-20,18.95
1989-03-17,2025-11-20,2025-11-20,19.3
1989-03-20,2025-11-20,2025-11-20,19.18
1989-03-21,2025-11-20,2025-11-20,19.63
1989-03-22,2025-11-20,2025-11-20,19.6
1989-03-23,2025-11-20,2025-11-20,19.93
1989-03-24,2025-11-20,2025-11-20,
1989-03-27,2025-11-20,2025-11-20,
1989-03-28,2025-11-20,2025-11-20,19.73
1989-03-29,2025-11-20,2025-11-20,19.45
1989-03-30,2025-11-20,2025-11-20,20.0
1989-03-31,2025-11-20,2025-11-20,20.45
1989-04-03,2025-11-20,2025-11-20,19.65
1989-04-04,2025-11-20,2025-11-20,19.9
1989-04-05,2025-11-20,2025-11-20,19.75
1989-04-06,2025-11-20,2025-11-20,19.08
1989-04-07,2025-11-20,2025-11-20,19.4
1989-04-10,2025-11-20,2025-11-20,19.6
1989-04-11,2025-11-20,2025-11-20,19.95
1989-04-12,2025-11-20,2025-11-20,19.85
1989-04-13,2025-11-20,2025-11-20,19.95
1989-04-14,2025-11-20,2025-11-20,19.63
1989-04-17,2025-11-20,2025-11-20,19.88
1989-04-18,2025-11-20,2025-11-20,20.2
1989-04-19,2025-11-20,2025-11-20,21.5
1989-04-20,2025-11-20,2025-11-20,22.25
1989-04-21,2025-11-20,2025-11-20,21.6
1989-04-24,2025-11-20,2025-11-20,21.2
1989-04-25,2025-11-20,2025-11-20,21.15
1989-04-26,2025-11-20,2025-11-20,21.05
1989-04-27,2025-11-20,2025-11-20,20.65
1989-04-28,2025-11-20,2025-11-20,20.15
1989-05-01,2025-11-20,2025-11-20,
1989-05-02,2025-11-20,2025-11-20,19.15
1989-05-03,2025-11-20,2025-11-20,18.88
1989-05-04,2025-11-20,2025-11-20,19.7
1989-05-05,2025-11-20,2025-11-20,19.4
1989-05-08,2025-11-20,2025-11-20,18.8
1989-05-09,2025-11-20,2025-11-20,19.03
1989-05-10,2025-11-20,2025-11-20,18.88
1989-05-11,2025-11-20,2025-11-20,19.3
1989-05-12,2025-11-20,2025-11-20,19.2
1989-05-15,2025-11-20,2025-11-20,19.2
1989-05-16,2025-11-20,2025-11-20,19.8
1989-05-17,2025-11-20,2025-11-20,18.58
1989-05-18,2025-11-20,2025-11-20,18.6
1989-05-19,2025-11-20,2025-11-20,18.3
1989-05-22,2025-11-20,2025-11-20,17.4
1989-05-23,2025-11-20,2025-11-20,17.7
1989-05-24,2025-11-20,2025-11-20,18.15
1989-05-25,2025-11-20,2025-11-20,18.2
1989-05-26,2025-11-20,2025-11-20,17.65
1989-05-29,2025-11-20,2025-11-20,17.73
1989-05-30,2025-11-20,2025-11-20,18.03
1989-05-31,2025-11-20,2025-11-20,18.25
1989-06-01,2025-11-20,2025-11-20,18.08
1989-06-02,2025-11-20,2025-11-20,18.15
1989-06-05,2025-11-20,2025-11-20,18.55
1989-06-06,2025-11-20,2025-11-20,18.5
1989-06-07,2025-11-20,2025-11-20,18.15
1989-06-08,2025-11-20,2025-11-20,17.8
1989-06-09,2025-11-20,2025-11-20,17.95
1989-06-12,2025-11-20,2025-11-20,17.18
1989-06-13,2025-11-20,2025-11-20,16.8
1989-06-14,2025-11-20,2025-11-20,16.9
1989-06-15,2025-11-20,2025-11-20,16.95
1989-06-16,2025-11-20,2025-11-20,16.65
1989-06-19,2025-11-20,2025-11-20,16.85
1989-06-20,2025-11-20,2025-11-20,16.88
1989-06-21,2025-11-20,2025-11-20,17.13
1989-06-22,2025-11-20,2025-11-20,17.3
1989-06-23,2025-11-20,2025-11-20,18.03
1989-06-26,2025-11-20,2025-11-20,18.23
1989-06-27,2025-11-20,2025-11-20,18.2
1989-06-28,2025-11-20,2025-11-20,18.0
1989-06-29,2025-11-20,2025-11-20,18.2
1989-06-30,2025-11-20,2025-11-20,18.28
1989-07-03,2025-11-20,2025-11-20,18.4
1989-07-04,2025-11-20,2025-11-20,18.6
1989-07-05,2025-11-20,2025-11-20,18.75
1989-07-06,2025-11-20,2025-11-20,18.3
1989-07-07,2025-11-20,2025-11-20,17.85
1989-07-10,2025-11-20,2025-11-20,17.83
1989-07-11,2025-11-20,2025-11-20,17.63
1989-07-12,2025-11-20,2025-11-20,17.65
1989-07-13,2025-11-20,2025-11-20,17.6
1989-07-14,2025-11-20,2025-11-20,17.9
1989-07-17,2025-11-20,2025-11-20,18.05
1989-07-18,2025-11-20,2025-11-20,18.05
1989-07-19,2025-11-20,2025-11-20,17.85
1989-07-20,2025-11-20,2025-11-20,17.98
1989-07-21,2025-11-20,2025-11-20,17.83
1989-07-24,2025-11-20,2025-11-20,17.3
1989-07-25,2025-11-20,2025-11-20,17.05
1989-07-26,2025-11-20,2025-11-20,16.5
1989-07-27,2025-11-20,2025-11-20,16.28
1989-07-28,2025-11-20,2025-11-20,16.38
1989-07-31,2025-11-20,2025-11-20,16.3
1989-08-01,2025-11-20,2025-11-20,16.23
1989-08-02,2025-11-20,2025-11-20,16.1
1989-08-03,2025-11-20,2025-11-20,16.4
1989-08-04,2025-11-20,2025-11-20,16.15
1989-08-07,2025-11-20,2025-11-20,16.05
1989-08-08,2025-11-20,2025-11-20,16.28
1989-08-09,2025-11-20,2025-11-20,16.45
1989-08-10,2025-11-20,2025-11-20,16.93
1989-08-11,2025-11-20,2025-11-20,17.0
1989-08-14,2025-11-20,2025-11-20,16.85
1989-08-15,2025-11-20,2025-11-20,17.0
1989-08-16,2025-11-20,2025-11-20,17.0
1989-08-17,2025-11-20,2025-11-20,16.95
1989-08-18,2025-11-20,2025-11-20,16.83
1989-08-21,2025-11-20,2025-11-20,16.9
1989-08-22,2025-11-20,2025-11-20,17.1
1989-08-23,2025-11-20,2025-11-20,17.08
1989-08-24,2025-11-20,2025-11-20,17.05
1989-08-25,2025-11-20,2025-11-20,16.95
1989-08-28,2025-11-20,2025-11-20,16.98
1989-08-29,2025-11-20,2025-11-20,17.1
1989-08-30,2025-11-20,2025-11-20,17.13
1989-08-31,2025-11-20,2025-11-20,17.2
1989-09-01,2025-11-20,2025-11-20,17.33
1989-09-04,2025-11-20,2025-11-20,17.43
1989-09-05,2025-11-20,2025-11-20,17.45
1989-09-06,2025-11-20,2025-11-20,17.8
1989-09-07,2025-11-20,2025-11-20,17.8
1989-09-08,2025-11-20,2025-11-20,17.83
1989-09-11,2025-11-20,2025-11-20,17.98
1989-09-12,2025-11-20,2025-11-20,17.9
1989-09-13,2025-11-20,2025-11-20,18.05
1989-09-14,2025-11-20,2025-11-20,17.9
1989-09-15,2025-11-20,2025-11-20,17.88
1989-09-18,2025-11-20,2025-11-20,18.05
1989-09-19,2025-11-20,2025-11-20,17.9
1989-09-20,2025-11-20,2025-11-20,17.8
1989-09-21,2025-11-20,2025-11-20,17.85
1989-09-22,2025-11-20,2025-11-20,17.53
1989-09-25,2025-11-20,2025-11-20,17.45
1989-09-26,2025-11-20,2025-11-20,17.45
1989-09-27,2025-11-20,2025-11-20,17.55
1989-09-28,2025-11-20,2025-11-20,17.93
1989-09-29,2025-11-20,2025-11-20,18.23
1989-10-02,2025-11-20,2025-11-20,18.58
1989-10-03,2025-11-20,2025-11-20,18.73
1989-10-04,2025-11-20,2025-11-20,18.78
1989-10-05,2025-11-20,2025-11-20,18.43
1989-10-06,2025-11-20,2025-11-20,18.45
1989-10-09,2025-11-20,2025-11-20,18.25
1989-10-10,2025-11-20,2025-11-20,18.55
1989-10-11,2025-11-20,2025-11-20,18.85
1989-10-12,2025-11-20,2025-11-20,19.23
1989-10-13,2025-11-20,2025-11-20,19.6
1989-10-16,2025-11-20,2025-11-20,19.38
1989-10-17,2025-11-20,2025-11-20,19.53
1989-10-18,2025-11-20,2025-11-20,19.43
1989-10-19,2025-11-20,2025-11-20,19.33
1989-10-20,2025-11-20,2025-11-20,19.2
1989-10-23,2025-11-20,2025-11-20,18.88
1989-10-24,2025-11-20,2025-11-20,18.8
1989-10-25,2025-11-20,2025-11-20,18.88
1989-10-26,2025-11-20,2025-11-20,18.48
1989-10-27,2025-11-20,2025-11-20,18.7
1989-10-30,2025-11-20,2025-11-20,18.98
1989-10-31,2025-11-20,2025-11-20,18.93
1989-11-01,2025-11-20,2025-11-20,19.23
1989-11-02,2025-11-20,2025-11-20,19.2
1989-11-03,2025-11-20,2025-11-20,19.0
1989-11-06,2025-11-20,2025-11-20,18.95
1989-11-07,2025-11-20,2025-11-20,18.9
1989-11-08,2025-11-20,2025-11-20,18.9
1989-11-09,2025-11-20,2025-11-20,18.85
1989-11-10,2025-11-20,2025-11-20,19.05
1989-11-13,2025-11-20,2025-11-20,18.85
1989-11-14,2025-11-20,2025-11-20,18.7
1989-11-15,2025-11-20,2025-11-20,18.65
1989-11-16,2025-11-20,2025-11-20,18.65
1989-11-17,2025-11-20,2025-11-20,18.75
1989-11-20,2025-11-20,2025-11-20,18.8
1989-11-21,2025-11-20,2025-11-20,18.68
1989-11-22,2025-11-20,2025-11-20,18.6
1989-11-23,2025-11-20,2025-11-20,18.4
1989-11-24,2025-11-20,2025-11-20,18.48
1989-11-27,2025-11-20,2025-11-20,18.5
1989-11-28,2025-11-20,2025-11-20,18.23
1989-11-29,2025-11-20,2025-11-20,18.15
1989-11-30,2025-11-20,2025-11-20,18.48
1989-12-01,2025-11-20,2025-11-20,18.68
1989-12-04,2025-11-20,2025-11-20,19.28
1989-12-05,2025-11-20,2025-11-20,19.18
1989-12-06,2025-11-20,2025-11-20,19.28
1989-12-07,2025-11-20,2025-11-20,19.33
1989-12-08,2025-11-20,2025-11-20,19.15
1989-12-11,2025-11-20,2025-11-20,19.45
1989-12-12,2025-11-20,2025-11-20,19.53
1989-12-13,2025-11-20,2025-11-20,19.78
1989-12-14,2025-11-20,2025-11-20,19.68
1989-12-15,2025-11-20,2025-11-20,19.68
1989-12-18,2025-11-20,2025-11-20,19.98
1989-12-19,2025-11-20,2025-11-20,20.28
1989-12-20,2025-11-20,2025-11-20,20.23
1989-12-21,2025-11-20,2025-11-20,20.13
1989-12-22,2025-11-20,2025-11-20,20.5
1989-12-25,2025-11-20,2025-11-20,
1989-12-26,2025-11-20,2025-11-20,
1989-12-27,2025-11-20,2025-11-20,20.9
1989-12-28,2025-11-20,2025-11-20,20.85
1989-12-29,2025-11-20,2025-11-20,21.05
1990-01-01,2025-11-20,2025-11-20,
1990-01-02,2025-11-20,2025-11-20,21.2
1990-01-03,2025-11-20,2025-11-20,22.65
1990-01-04,2025-11-20,2025-11-20,22.5
1990-01-05,2025-11-20,2025-11-20,23.13
1990-01-08,2025-11-20,2025-11-20,21.38
1990-01-09,2025-11-20,2025-11-20,21.03
1990-01-10,2025-11-20,2025-11-20,21.95
1990-01-11,2025-11-20,2025-11-20,21.88
1990-01-12,2025-11-20,2025-11-20,22.13
1990-01-15,2025-11-20,2025-11-20,21.6
1990-01-16,2025-11-20,2025-11-20,21.15
1990-01-17,2025-11-20,2025-11-20,20.45
1990-01-18,2025-11-20,2025-11-20,20.78
1990-01-19,2025-11-20,2025-11-20,21.28
1990-01-22,2025-11-20,2025-11-20,20.88
1990-01-23,2025-11-20,2025-11-20,20.23
1990-01-24,2025-11-20,2025-11-20,20.18
1990-01-25,2025-11-20,2025-11-20,20.55
1990-01-26,2025-11-20,2025-11-20,20.63
1990-01-29,2025-11-20,2025-11-20,20.73
1990-01-30,2025-11-20,2025-11-20,20.73
1990-01-31,2025-11-20,2025-11-20,20.5
1990-02-01,2025-11-20,2025-11-20,20.58
1990-02-02,2025-11-20,2025-11-20,20.73
1990-02-05,2025-11-20,2025-11-20,20.73
1990-02-06,2025-11-20,2025-11-20,20.6
1990-02-07,2025-11-20,2025-11-20,20.15
1990-02-08,2025-11-20,2025-11-20,20.05
1990-02-09,2025-11-20,2025-11-20,19.75
1990-02-12,2025-11-20,2025-11-20,19.68
1990-02-13,2025-11-20,2025-11-20,20.03
1990-02-14,2025-11-20,2025-11-20,19.6
1990-02-15,2025-11-20,2025-11-20,19.9
1990-02-16,2025-11-20,2025-11-20,19.88
1990-02-19,2025-11-20,2025-11-20,19.95
1990-02-20,2025-11-20,2025-11-20,19.68
1990-02-21,2025-11-20,2025-11-20,19.5
1990-02-22,2025-11-20,2025-11-20,19.35
1990-02-23,2025-11-20,2025-11-20,18.78
1990-02-26,2025-11-20,2025-11-20,18.9
1990-02-27,2025-11-20,2025-11-20,19.23
1990-02-28,2025-11-20,2025-11-20,19.2
1990-03-01,2025-11-20,2025-11-20,19.33
1990-03-02,2025-11-20,2025-11-20,19.18
1990-03-05,2025-11-20,2025-11-20,19.15
1990-03-06,2025-11-20,2025-11-20,19.18
1990-03-07,2025-11-20,2025-11-20,18.95
1990-03-08,2025-11-20,2025-11-20,18.73
1990-03-09,2025-11-20,2025-11-20,18.68
1990-03-12,2025-11-20,2025-11-20,18.3
1990-03-13,2025-11-20,2025-11-20,18.53
1990-03-14,2025-11-20,2025-11-20,18.33
1990-03-15,2025-11-20,2025-11-20,18.48
1990-03-16,2025-11-20,2025-11-20,18.4
1990-03-19,2025-11-20,2025-11-20,17.83
1990-03-20,2025-11-20,2025-11-20,17.75
1990-03-21,2025-11-20,2025-11-20,17.78
1990-03-22,2025-11-20,2025-11-20,17.83
1990-03-23,2025-11-20,2025-11-20,17.88
1990-03-26,2025-11-20,2025-11-20,18.23
1990-03-27,2025-11-20,2025-11-20,18.1
1990-03-28,2025-11-20,2025-11-20,18.03
1990-03-29,2025-11-20,2025-11-20,17.9
1990-03-30,2025-11-20,2025-11-20,17.95
1990-04-02,2025-11-20,2025-11-20,18.18
1990-04-03,2025-11-20,2025-11-20,18.2
1990-04-04,2025-11-20,2025-11-20,17.95
1990-04-05,2025-11-20,2025-11-20,17.55
1990-04-06,2025-11-20,2025-11-20,17.1
1990-04-09,2025-11-20,2025-11-20,16.53
1990-04-10,2025-11-20,2025-11-20,15.93
1990-04-11,2025-11-20,2025-11-20,15.3
1990-04-12,2025-11-20,2025-11-20,15.8
1990-04-13,2025-11-20,2025-11-20,
1990-04-16,2025-11-20,2025-11-20,
1990-04-17,2025-11-20,2025-11-20,15.7
1990-04-18,2025-11-20,2025-11-20,15.33
1990-04-19,2025-11-20,2025-11-20,16.13
1990-04-20,2025-11-20,2025-11-20,16.35
1990-04-23,2025-11-20,2025-11-20,16.95
1990-04-24,2025-11-20,2025-11-20,16.75
1990-04-25,2025-11-20,2025-11-20,16.5
1990-04-26,2025-11-20,2025-11-20,16.6
1990-04-27,2025-11-20,2025-11-20,16.43
1990-04-30,2025-11-20,2025-11-20,16.35
1990-05-01,2025-11-20,2025-11-20,16.43
1990-05-02,2025-11-20,2025-11-20,16.58
1990-05-03,2025-11-20,2025-11-20,15.93
1990-05-04,2025-11-20,2025-11-20,15.58
1990-05-07,2025-11-20,2025-11-20,15.65
1990-05-08,2025-11-20,2025-11-20,16.18
1990-05-09,2025-11-20,2025-11-20,16.45
1990-05-10,2025-11-20,2025-11-20,16.7
1990-05-11,2025-11-20,2025-11-20,16.73
1990-05-14,2025-11-20,2025-11-20,17.4
1990-05-15,2025-11-20,2025-11-20,17.4
1990-05-16,2025-11-20,2025-11-20,17.25
1990-05-17,2025-11-20,2025-11-20,17.05
1990-05-18,2025-11-20,2025-11-20,17.08
1990-05-21,2025-11-20,2025-11-20,16.65
1990-05-22,2025-11-20,2025-11-20,16.48
1990-05-23,2025-11-20,2025-11-20,15.7
1990-05-24,2025-11-20,2025-11-20,15.8
1990-05-25,2025-11-20,2025-11-20,15.95
1990-05-28,2025-11-20,2025-11-20,
1990-05-29,2025-11-20,2025-11-20,15.48
1990-05-30,2025-11-20,2025-11-20,15.98
1990-05-31,2025-11-20,2025-11-20,15.3
1990-06-01,2025-11-20,2025-11-20,15.43
1990-06-04,2025-11-20,2025-11-20,15.35
1990-06-05,2025-11-20,2025-11-20,14.78
1990-06-06,2025-11-20,2025-11-20,14.8
1990-06-07,2025-11-20,2025-11-20,15.03
1990-06-08,2025-11-20,2025-11-20,14.68
1990-06-11,2025-11-20,2025-11-20,14.73
1990-06-12,2025-11-20,2025-11-20,14.95
1990-06-13,2025-11-20,2025-11-20,14.9
1990-06-14,2025-11-20,2025-11-20,15.3
1990-06-15,2025-11-20,2025-11-20,15.15
1990-06-18,2025-11-20,2025-11-20,14.83
1990-06-19,2025-11-20,2025-11-20,14.75
1990-06-20,2025-11-20,2025-11-20,14.75
1990-06-21,2025-11-20,2025-11-20,14.75
1990-06-22,2025-11-20,2025-11-20,15.4
1990-06-25,2025-11-20,2025-11-20,15.58
1990-06-26,2025-11-20,2025-11-20,15.58
1990-06-27,2025-11-20,2025-11-20,15.33
1990-06-28,2025-11-20,2025-11-20,15.4
1990-06-29,2025-11-20,2025-11-20,15.73
1990-07-02,2025-11-20,2025-11-20,15.4
1990-07-03,2025-11-20,2025-11-20,15.48
1990-07-04,2025-11-20,2025-11-20,15.48
1990-07-05,2025-11-20,2025-11-20,15.23
1990-07-06,2025-11-20,2025-11-20,15.35
1990-07-09,2025-11-20,2025-11-20,14.98
1990-07-10,2025-11-20,2025-11-20,15.58
1990-07-11,2025-11-20,2025-11-20,15.7
1990-07-12,2025-11-20,2025-11-20,15.88
1990-07-13,2025-11-20,2025-11-20,17.03
1990-07-16,2025-11-20,2025-11-20,17.7
1990-07-17,2025-11-20,2025-11-20,17.58
1990-07-18,2025-11-20,2025-11-20,17.7
1990-07-19,2025-11-20,2025-11-20,17.85
1990-07-20,2025-11-20,2025-11-20,18.0
1990-07-23,2025-11-20,2025-11-20,18.73
1990-07-24,2025-11-20,2025-11-20,19.08
1990-07-25,2025-11-20,2025-11-20,19.0
1990-07-26,2025-11-20,2025-11-20,18.73
1990-07-27,2025-11-20,2025-11-20,19.03
1990-07-30,2025-11-20,2025-11-20,18.98
1990-07-31,2025-11-20,2025-11-20,19.23
1990-08-01,2025-11-20,2025-11-20,19.93
1990-08-02,2025-11-20,2025-11-20,22.25
1990-08-03,2025-11-20,2025-11-20,24.13
1990-08-06,2025-11-20,2025-11-20,27.28
1990-08-07,2025-11-20,2025-11-20,27.35
1990-08-08,2025-11-20,2025-11-20,25.15
1990-08-09,2025-11-20,2025-11-20,25.9
1990-08-10,2025-11-20,2025-11-20,26.3
1990-08-13,2025-11-20,2025-11-20,26.63
1990-08-14,2025-11-20,2025-11-20,27.1
1990-08-15,2025-11-20,2025-11-20,26.53
1990-08-16,2025-11-20,2025-11-20,27.2
1990-08-17,2025-11-20,2025-11-20,28.45
1990-08-20,2025-11-20,2025-11-20,28.9
1990-08-21,2025-11-20,2025-11-20,29.05
1990-08-22,2025-11-20,2025-11-20,30.45
1990-08-23,2025-11-20,2025-11-20,32.35
1990-08-24,2025-11-20,2025-11-20,31.65
1990-08-27,2025-11-20,2025-11-20,27.65
1990-08-28,2025-11-20,2025-11-20,27.65
1990-08-29,2025-11-20,2025-11-20,27.65
1990-08-30,2025-11-20,2025-11-20,27.5
1990-08-31,2025-11-20,2025-11-20,27.8
1990-09-03,2025-11-20,2025-11-20,30.53
1990-09-04,2025-11-20,2025-11-20,30.08
1990-09-05,2025-11-20,2025-11-20,31.23
1990-09-06,2025-11-20,2025-11-20,32.15
1990-09-07,2025-11-20,2025-11-20,31.45
1990-09-10,2025-11-20,2025-11-20,31.45
1990-09-11,2025-11-20,2025-11-20,32.1
1990-09-12,2025-11-20,2025-11-20,31.28
1990-09-13,2025-11-20,2025-11-20,31.88
1990-09-14,2025-11-20,2025-11-20,33.35
1990-09-17,2025-11-20,2025-11-20,34.9
1990-09-18,2025-11-20,2025-11-20,35.95
1990-09-19,2025-11-20,2025-11-20,35.08
1990-09-20,2025-11-20,2025-11-20,35.65
1990-09-21,2025-11-20,2025-11-20,36.95
1990-09-24,2025-11-20,2025-11-20,40.75
1990-09-25,2025-11-20,2025-11-20,39.9
1990-09-26,2025-11-20,2025-11-20,40.85
1990-09-27,2025-11-20,2025-11-20,41.45
1990-09-28,2025-11-20,2025-11-20,41.0
1990-10-01,2025-11-20,2025-11-20,38.95
1990-10-02,2025-11-20,2025-11-20,35.45
1990-10-03,2025-11-20,2025-11-20,37.55
1990-10-04,2025-11-20,2025-11-20,37.2
1990-10-05,2025-11-20,2025-11-20,39.05
1990-10-08,2025-11-20,2025-11-20,39.2
1990-10-09,2025-11-20,2025-11-20,40.9
1990-10-10,2025-11-20,2025-11-20,40.2
1990-10-11,2025-11-20,2025-11-20,41.15
1990-10-12,2025-11-20,2025-11-20,39.9
1990-10-15,2025-11-20,2025-11-20,38.28
1990-10-16,2025-11-20,2025-11-20,38.93
1990-10-17,2025-11-20,2025-11-20,35.33
1990-10-18,2025-11-20,2025-11-20,35.65
1990-10-19,2025-11-20,2025-11-20,33.2
1990-10-22,2025-11-20,2025-11-20,27.45
1990-10-23,2025-11-20,2025-11-20,28.95
1990-10-24,2025-11-20,2025-11-20,30.1
1990-10-25,2025-11-20,2025-11-20,32.9
1990-10-26,2025-11-20,2025-11-20,33.73
1990-10-29,2025-11-20,2025-11-20,34.65
1990-10-30,2025-11-20,2025-11-20,35.5
1990-10-31,2025-11-20,2025-11-20,34.3
1990-11-01,2025-11-20,2025-11-20,35.65
1990-11-02,2025-11-20,2025-11-20,35.05
1990-11-05,2025-11-20,2025-11-20,33.8
1990-11-06,2025-11-20,2025-11-20,33.2
1990-11-07,2025-11-20,2025-11-20,34.55
1990-11-08,2025-11-20,2025-11-20,34.85
1990-11-09,2025-11-20,2025-11-20,34.25
1990-11-12,2025-11-20,2025-11-20,32.85
1990-11-13,2025-11-20,2025-11-20,33.65
1990-11-14,2025-11-20,2025-11-20,31.95
1990-11-15,2025-11-20,2025-11-20,32.2
1990-11-16,2025-11-20,2025-11-20,30.55
1990-11-19,2025-11-20,2025-11-20,30.85
1990-11-20,2025-11-20,2025-11-20,30.1
1990-11-21,2025-11-20,2025-11-20,30.65
1990-11-22,2025-11-20,2025-11-20,31.4
1990-11-23,2025-11-20,2025-11-20,32.05
1990-11-26,2025-11-20,2025-11-20,35.1
1990-11-27,2025-11-20,2025-11-20,34.83
1990-11-28,2025-11-20,2025-11-20,34.1
1990-11-29,2025-11-20,2025-11-20,34.65
1990-11-30,2025-11-20,2025-11-20,31.2
1990-12-03,2025-11-20,2025-11-20,31.25
1990-12-04,2025-11-20,2025-11-20,31.5
1990-12-05,2025-11-20,2025-11-20,30.2
1990-12-06,2025-11-20,2025-11-20,27.35
1990-12-07,2025-11-20,2025-11-20,28.3
1990-12-10,2025-11-20,2025-11-20,28.75
1990-12-11,2025-11-20,2025-11-20,28.03
1990-12-12,2025-11-20,2025-11-20,27.28
1990-12-13,2025-11-20,2025-11-20,27.8
1990-12-14,2025-11-20,2025-11-20,28.45
1990-12-17,2025-11-20,2025-11-20,28.2
1990-12-18,2025-11-20,2025-11-20,27.55
1990-12-19,2025-11-20,2025-11-20,28.13
1990-12-20,2025-11-20,2025-11-20,27.55
1990-12-21,2025-11-20,2025-11-20,26.9
1990-12-24,2025-11-20,2025-11-20,27.7
1990-12-25,2025-11-20,2025-11-20,
1990-12-26,2025-11-20,2025-11-20,27.7
1990-12-27,2025-11-20,2025-11-20,27.05
1990-12-28,2025-11-20,2025-11-20,27.43
1990-12-31,2025-11-20,2025-11-20,28.35
1991-01-01,2025-11-20,2025-11-20,
1991-01-02,2025-11-20,2025-11-20,26.78
1991-01-03,2025-11-20,2025-11-20,25.05
1991-01-04,2025-11-20,2025-11-20,24.08
1991-01-07,2025-11-20,2025-11-20,25.93
1991-01-08,2025-11-20,2025-11-20,25.73
1991-01-09,2025-11-20,2025-11-20,22.35
1991-01-10,2025-11-20,2025-11-20,26.58
1991-01-11,2025-11-20,2025-11-20,26.05
1991-01-14,2025-11-20,2025-11-20,29.55
1991-01-15,2025-11-20,2025-11-20,29.25
1991-01-16,2025-11-20,2025-11-20,30.28
1991-01-17,2025-11-20,2025-11-20,21.1
1991-01-18,2025-11-20,2025-11-20,19.1
1991-01-21,2025-11-20,2025-11-20,19.25
1991-01-22,2025-11-20,2025-11-20,20.73
1991-01-23,2025-11-20,2025-11-20,22.15
1991-01-24,2025-11-20,2025-11-20,20.9
1991-01-25,2025-11-20,2025-11-20,20.8
1991-01-28,2025-11-20,2025-11-20,20.4
1991-01-29,2025-11-20,2025-11-20,20.75
1991-01-30,2025-11-20,2025-11-20,20.95
1991-01-31,2025-11-20,2025-11-20,20.7
1991-02-01,2025-11-20,2025-11-20,20.8
1991-02-04,2025-11-20,2025-11-20,20.45
1991-02-05,2025-11-20,2025-11-20,20.2
1991-02-06,2025-11-20,2025-11-20,20.93
1991-02-07,2025-11-20,2025-11-20,20.9
1991-02-08,2025-11-20,2025-11-20,20.65
1991-02-11,2025-11-20,2025-11-20,21.23
1991-02-12,2025-11-20,2025-11-20,21.1
1991-02-13,2025-11-20,2025-11-20,21.0
1991-02-14,2025-11-20,2025-11-20,20.5
1991-02-15,2025-11-20,2025-11-20,18.35
1991-02-18,2025-11-20,2025-11-20,17.68
1991-02-19,2025-11-20,2025-11-20,17.85
1991-02-20,2025-11-20,2025-11-20,18.75
1991-02-21,2025-11-20,2025-11-20,18.55
1991-02-22,2025-11-20,2025-11-20,17.8
1991-02-25,2025-11-20,2025-11-20,17.83
1991-02-26,2025-11-20,2025-11-20,18.0
1991-02-27,2025-11-20,2025-11-20,18.65
1991-02-28,2025-11-20,2025-11-20,19.5
1991-03-01,2025-11-20,2025-11-20,19.33
1991-03-04,2025-11-20,2025-11-20,20.2
1991-03-05,2025-11-20,2025-11-20,20.05
1991-03-06,2025-11-20,2025-11-20,19.85
1991-03-07,2025-11-20,2025-11-20,19.65
1991-03-08,2025-11-20,2025-11-20,19.1
1991-03-11,2025-11-20,2025-11-20,18.6
1991-03-12,2025-11-20,2025-11-20,18.43
1991-03-13,2025-11-20,2025-11-20,20.33
1991-03-14,2025-11-20,2025-11-20,19.98
1991-03-15,2025-11-20,2025-11-20,19.05
1991-03-18,2025-11-20,2025-11-20,18.3
1991-03-19,2025-11-20,2025-11-20,18.95
1991-03-20,2025-11-20,2025-11-20,18.98
1991-03-21,2025-11-20,2025-11-20,18.8
1991-03-22,2025-11-20,2025-11-20,18.95
1991-03-25,2025-11-20,2025-11-20,18.6
1991-03-26,2025-11-20,2025-11-20,18.35
1991-03-27,2025-11-20,2025-11-20,18.15
1991-03-28,2025-11-20,2025-11-20,18.0
1991-03-29,2025-11-20,2025-11-20,
1991-04-01,2025-11-20,2025-11-20,18.0
1991-04-02,2025-11-20,2025-11-20,17.63
1991-04-03,2025-11-20,2025-11-20,17.75
1991-04-04,2025-11-20,2025-11-20,18.0
1991-04-05,2025-11-20,2025-11-20,18.35
1991-04-08,2025-11-20,2025-11-20,18.58
1991-04-09,2025-11-20,2025-11-20,18.6
1991-04-10,2025-11-20,2025-11-20,19.25
1991-04-11,2025-11-20,2025-11-20,19.5
1991-04-12,2025-11-20,2025-11-20,19.93
1991-04-15,2025-11-20,2025-11-20,20.23
1991-04-16,2025-11-20,2025-11-20,19.9
1991-04-17,2025-11-20,2025-11-20,19.85
1991-04-18,2025-11-20,2025-11-20,19.4
1991-04-19,2025-11-20,2025-11-20,19.18
1991-04-22,2025-11-20,2025-11-20,19.78
1991-04-23,2025-11-20,2025-11-20,19.6
1991-04-24,2025-11-20,2025-11-20,19.55
1991-04-25,2025-11-20,2025-11-20,19.6
1991-04-26,2025-11-20,2025-11-20,19.63
1991-04-29,2025-11-20,2025-11-20,19.95
1991-04-30,2025-11-20,2025-11-20,19.7
1991-05-01,2025-11-20,2025-11-20,19.7
1991-05-02,2025-11-20,2025-11-20,19.7
1991-05-03,2025-11-20,2025-11-20,19.55
1991-05-06,2025-11-20,2025-11-20,19.8
1991-05-07,2025-11-20,2025-11-20,19.85
1991-05-08,2025-11-20,2025-11-20,19.8
1991-05-09,2025-11-20,2025-11-20,20.08
1991-05-10,2025-11-20,2025-11-20,19.53
1991-05-13,2025-11-20,2025-11-20,19.25
1991-05-14,2025-11-20,2025-11-20,18.95
1991-05-15,2025-11-20,2025-11-20,18.8
1991-05-16,2025-11-20,2025-11-20,18.75
1991-05-17,2025-11-20,2025-11-20,18.75
1991-05-20,2025-11-20,2025-11-20,18.9
1991-05-21,2025-11-20,2025-11-20,19.03
1991-05-22,2025-11-20,2025-11-20,18.58
1991-05-23,2025-11-20,2025-11-20,18.78
1991-05-24,2025-11-20,2025-11-20,18.83
1991-05-27,2025-11-20,2025-11-20,
1991-05-28,2025-11-20,2025-11-20,19.0
1991-05-29,2025-11-20,2025-11-20,18.75
1991-05-30,2025-11-20,2025-11-20,18.73
1991-05-31,2025-11-20,2025-11-20,19.0
1991-06-03,2025-11-20,2025-11-20,19.0
1991-06-04,2025-11-20,2025-11-20,18.83
1991-06-05,2025-11-20,2025-11-20,18.63
1991-06-06,2025-11-20,2025-11-20,18.03
1991-06-07,2025-11-20,2025-11-20,18.28
1991-06-10,2025-11-20,2025-11-20,18.0
1991-06-11,2025-11-20,2025-11-20,17.85
1991-06-12,2025-11-20,2025-11-20,17.73
1991-06-13,2025-11-20,2025-11-20,18.0
1991-06-14,2025-11-20,2025-11-20,17.7
1991-06-17,2025-11-20,2025-11-20,17.85
1991-06-18,2025-11-20,2025-11-20,18.0
1991-06-19,2025-11-20,2025-11-20,17.88
1991-06-20,2025-11-20,2025-11-20,18.15
1991-06-21,2025-11-20,2025-11-20,18.43
1991-06-24,2025-11-20,2025-11-20,18.18
1991-06-25,2025-11-20,2025-11-20,18.15
1991-06-26,2025-11-20,2025-11-20,18.1
1991-06-27,2025-11-20,2025-11-20,18.08
1991-06-28,2025-11-20,2025-11-20,18.48
1991-07-01,2025-11-20,2025-11-20,18.53
1991-07-02,2025-11-20,2025-11-20,18.55
1991-07-03,2025-11-20,2025-11-20,18.5
1991-07-04,2025-11-20,2025-11-20,18.48
1991-07-05,2025-11-20,2025-11-20,18.7
1991-07-08,2025-11-20,2025-11-20,18.98
1991-07-09,2025-11-20,2025-11-20,19.03
1991-07-10,2025-11-20,2025-11-20,19.23
1991-07-11,2025-11-20,2025-11-20,19.2
1991-07-12,2025-11-20,2025-11-20,19.78
1991-07-15,2025-11-20,2025-11-20,19.6
1991-07-16,2025-11-20,2025-11-20,19.83
1991-07-17,2025-11-20,2025-11-20,20.13
1991-07-18,2025-11-20,2025-11-20,20.28
1991-07-19,2025-11-20,2025-11-20,20.28
1991-07-22,2025-11-20,2025-11-20,20.08
1991-07-23,2025-11-20,2025-11-20,19.58
1991-07-24,2025-11-20,2025-11-20,19.33
1991-07-25,2025-11-20,2025-11-20,19.6
1991-07-26,2025-11-20,2025-11-20,19.73
1991-07-29,2025-11-20,2025-11-20,19.58
1991-07-30,2025-11-20,2025-11-20,19.48
1991-07-31,2025-11-20,2025-11-20,19.65
1991-08-01,2025-11-20,2025-11-20,19.73
1991-08-02,2025-11-20,2025-11-20,19.4
1991-08-05,2025-11-20,2025-11-20,19.5
1991-08-06,2025-11-20,2025-11-20,19.45
1991-08-07,2025-11-20,2025-11-20,19.35
1991-08-08,2025-11-20,2025-11-20,19.7
1991-08-09,2025-11-20,2025-11-20,19.58
1991-08-12,2025-11-20,2025-11-20,19.63
1991-08-13,2025-11-20,2025-11-20,19.5
1991-08-14,2025-11-20,2025-11-20,19.23
1991-08-15,2025-11-20,2025-11-20,19.25
1991-08-16,2025-11-20,2025-11-20,19.35
1991-08-19,2025-11-20,2025-11-20,20.55
1991-08-20,2025-11-20,2025-11-20,20.98
1991-08-21,2025-11-20,2025-11-20,19.55
1991-08-22,2025-11-20,2025-11-20,19.53
1991-08-23,2025-11-20,2025-11-20,19.85
1991-08-26,2025-11-20,2025-11-20,20.03
1991-08-27,2025-11-20,2025-11-20,20.03
1991-08-28,2025-11-20,2025-11-20,19.98
1991-08-29,2025-11-20,2025-11-20,20.3
1991-08-30,2025-11-20,2025-11-20,20.53
1991-09-02,2025-11-20,2025-11-20,20.65
1991-09-03,2025-11-20,2025-11-20,20.55
1991-09-04,2025-11-20,2025-11-20,20.25
1991-09-05,2025-11-20,2025-11-20,20.1
1991-09-06,2025-11-20,2025-11-20,20.13
1991-09-09,2025-11-20,2025-11-20,19.85
1991-09-10,2025-11-20,2025-11-20,19.93
1991-09-11,2025-11-20,2025-11-20,20.0
1991-09-12,2025-11-20,2025-11-20,20.25
1991-09-13,2025-11-20,2025-11-20,20.35
1991-09-16,2025-11-20,2025-11-20,20.53
1991-09-17,2025-11-20,2025-11-20,20.3
1991-09-18,2025-11-20,2025-11-20,20.53
1991-09-19,2025-11-20,2025-11-20,20.43
1991-09-20,2025-11-20,2025-11-20,20.55
1991-09-23,2025-11-20,2025-11-20,20.83
1991-09-24,2025-11-20,2025-11-20,20.75
1991-09-25,2025-11-20,2025-11-20,20.65
1991-09-26,2025-11-20,2025-11-20,21.0
1991-09-27,2025-11-20,2025-11-20,21.48
1991-09-30,2025-11-20,2025-11-20,21.43
1991-10-01,2025-11-20,2025-11-20,21.15
1991-10-02,2025-11-20,2025-11-20,21.3
1991-10-03,2025-11-20,2025-11-20,21.75
1991-10-04,2025-11-20,2025-11-20,21.83
1991-10-07,2025-11-20,2025-11-20,21.98
1991-10-08,2025-11-20,2025-11-20,21.95
1991-10-09,2025-11-20,2025-11-20,22.43
1991-10-10,2025-11-20,2025-11-20,22.13
1991-10-11,2025-11-20,2025-11-20,22.08
1991-10-14,2025-11-20,2025-11-20,22.6
1991-10-15,2025-11-20,2025-11-20,22.83
1991-10-16,2025-11-20,2025-11-20,22.6
1991-10-17,2025-11-20,2025-11-20,22.73
1991-10-18,2025-11-20,2025-11-20,23.0
1991-10-21,2025-11-20,2025-11-20,22.95
1991-10-22,2025-11-20,2025-11-20,22.65
1991-10-23,2025-11-20,2025-11-20,22.48
1991-10-24,2025-11-20,2025-11-20,22.25
1991-10-25,2025-11-20,2025-11-20,22.35
1991-10-28,2025-11-20,2025-11-20,21.9
1991-10-29,2025-11-20,2025-11-20,21.85
1991-10-30,2025-11-20,2025-11-20,21.95
1991-10-31,2025-11-20,2025-11-20,22.0
1991-11-01,2025-11-20,2025-11-20,22.53
1991-11-04,2025-11-20,2025-11-20,22.73
1991-11-05,2025-11-20,2025-11-20,22.53
1991-11-06,2025-11-20,2025-11-20,22.0
1991-11-07,2025-11-20,2025-11-20,21.85
1991-11-08,2025-11-20,2025-11-20,21.8
1991-11-11,2025-11-20,2025-11-20,21.45
1991-11-12,2025-11-20,2025-11-20,21.2
1991-11-13,2025-11-20,2025-11-20,21.5
1991-11-14,2025-11-20,2025-11-20,21.0
1991-11-15,2025-11-20,2025-11-20,21.63
1991-11-18,2025-11-20,2025-11-20,21.35
1991-11-19,2025-11-20,2025-11-20,21.08
1991-11-20,2025-11-20,2025-11-20,20.48
1991-11-21,2025-11-20,2025-11-20,20.73
1991-11-22,2025-11-20,2025-11-20,20.15
1991-11-25,2025-11-20,2025-11-20,19.78
1991-11-26,2025-11-20,2025-11-20,19.78
1991-11-27,2025-11-20,2025-11-20,19.65
1991-11-28,2025-11-20,2025-11-20,19.98
1991-11-29,2025-11-20,2025-11-20,20.08
1991-12-02,2025-11-20,2025-11-20,19.6
1991-12-03,2025-11-20,2025-11-20,19.2
1991-12-04,2025-11-20,2025-11-20,19.18
1991-12-05,2025-11-20,2025-11-20,19.15
1991-12-06,2025-11-20,2025-11-20,19.05
1991-12-09,2025-11-20,2025-11-20,18.25
1991-12-10,2025-11-20,2025-11-20,18.1
1991-12-11,2025-11-20,2025-11-20,18.28
1991-12-12,2025-11-20,2025-11-20,18.58
1991-12-13,2025-11-20,2025-11-20,19.05
1991-12-16,2025-11-20,2025-11-20,18.55
1991-12-17,2025-11-20,2025-11-20,18.13
1991-12-18,2025-11-20,2025-11-20,18.15
1991-12-19,2025-11-20,2025-11-20,18.15
1991-12-20,2025-11-20,2025-11-20,18.55
1991-12-23,2025-11-20,2025-11-20,17.6
1991-12-24,2025-11-20,2025-11-20,17.78
1991-12-25,2025-11-20,2025-11-20,
1991-12-26,2025-11-20,2025-11-20,17.78
1991-12-27,2025-11-20,2025-11-20,17.75
1991-12-30,2025-11-20,2025-11-20,18.0
1991-12-31,2025-11-20,2025-11-20,17.75
1992-01-01,2025-11-20,2025-11-20,
1992-01-02,2025-11-20,2025-11-20,18.45
1992-01-03,2025-11-20,2025-11-20,18.5
1992-01-06,2025-11-20,2025-11-20,18.75
1992-01-07,2025-11-20,2025-11-20,18.4
1992-01-08,2025-11-20,2025-11-20,17.3
1992-01-09,2025-11-20,2025-11-20,17.18
1992-01-10,2025-11-20,2025-11-20,17.23
1992-01-13,2025-11-20,2025-11-20,18.08
1992-01-14,2025-11-20,2025-11-20,18.23
1992-01-15,2025-11-20,2025-11-20,18.38
1992-01-16,2025-11-20,2025-11-20,18.68
1992-01-17,2025-11-20,2025-11-20,18.48
1992-01-20,2025-11-20,2025-11-20,18.45
1992-01-21,2025-11-20,2025-11-20,17.85
1992-01-22,2025-11-20,2025-11-20,17.83
1992-01-23,2025-11-20,2025-11-20,18.1
1992-01-24,2025-11-20,2025-11-20,18.33
1992-01-27,2025-11-20,2025-11-20,18.55
1992-01-28,2025-11-20,2025-11-20,18.43
1992-01-29,2025-11-20,2025-11-20,18.15
1992-01-30,2025-11-20,2025-11-20,18.1
1992-01-31,2025-11-20,2025-11-20,18.15
1992-02-03,2025-11-20,2025-11-20,18.35
1992-02-04,2025-11-20,2025-11-20,18.4
1992-02-05,2025-11-20,2025-11-20,18.48
1992-02-06,2025-11-20,2025-11-20,18.53
1992-02-07,2025-11-20,2025-11-20,18.58
1992-02-10,2025-11-20,2025-11-20,18.95
1992-02-11,2025-11-20,2025-11-20,18.48
1992-02-12,2025-11-20,2025-11-20,18.33
1992-02-13,2025-11-20,2025-11-20,18.53
1992-02-14,2025-11-20,2025-11-20,18.63
1992-02-17,2025-11-20,2025-11-20,17.65
1992-02-18,2025-11-20,2025-11-20,17.7
1992-02-19,2025-11-20,2025-11-20,17.5
1992-02-20,2025-11-20,2025-11-20,17.85
1992-02-21,2025-11-20,2025-11-20,18.0
1992-02-24,2025-11-20,2025-11-20,17.4
1992-02-25,2025-11-20,2025-11-20,17.43
1992-02-26,2025-11-20,2025-11-20,17.28
1992-02-27,2025-11-20,2025-11-20,17.55
1992-02-28,2025-11-20,2025-11-20,17.45
1992-03-02,2025-11-20,2025-11-20,17.35
1992-03-03,2025-11-20,2025-11-20,17.05
1992-03-04,2025-11-20,2025-11-20,17.28
1992-03-05,2025-11-20,2025-11-20,17.43
1992-03-06,2025-11-20,2025-11-20,17.3
1992-03-09,2025-11-20,2025-11-20,17.35
1992-03-10,2025-11-20,2025-11-20,17.35
1992-03-11,2025-11-20,2025-11-20,17.2
1992-03-12,2025-11-20,2025-11-20,17.35
1992-03-13,2025-11-20,2025-11-20,17.73
1992-03-16,2025-11-20,2025-11-20,17.73
1992-03-17,2025-11-20,2025-11-20,17.88
1992-03-18,2025-11-20,2025-11-20,17.65
1992-03-19,2025-11-20,2025-11-20,17.65
1992-03-20,2025-11-20,2025-11-20,17.75
1992-03-23,2025-11-20,2025-11-20,17.58
1992-03-24,2025-11-20,2025-11-20,17.65
1992-03-25,2025-11-20,2025-11-20,17.7
1992-03-26,2025-11-20,2025-11-20,17.98
1992-03-27,2025-11-20,2025-11-20,17.85
1992-03-30,2025-11-20,2025-11-20,17.98
1992-03-31,2025-11-20,2025-11-20,19.09
1992-04-01,2025-11-20,2025-11-20,18.38
1992-04-02,2025-11-20,2025-11-20,18.53
1992-04-03,2025-11-20,2025-11-20,18.63
1992-04-06,2025-11-20,2025-11-20,18.93
1992-04-07,2025-11-20,2025-11-20,18.93
1992-04-08,2025-11-20,2025-11-20,19.18
1992-04-09,2025-11-20,2025-11-20,18.95
1992-04-10,2025-11-20,2025-11-20,19.05
1992-04-13,2025-11-20,2025-11-20,19.03
1992-04-14,2025-11-20,2025-11-20,18.85
1992-04-15,2025-11-20,2025-11-20,18.6
1992-04-16,2025-11-20,2025-11-20,18.95
1992-04-17,2025-11-20,2025-11-20,
1992-04-20,2025-11-20,2025-11-20,18.95
1992-04-21,2025-11-20,2025-11-20,19.0
1992-04-22,2025-11-20,2025-11-20,18.73
1992-04-23,2025-11-20,2025-11-20,18.7
1992-04-24,2025-11-20,2025-11-20,18.9
1992-04-27,2025-11-20,2025-11-20,18.9
1992-04-28,2025-11-20,2025-11-20,19.18
1992-04-29,2025-11-20,2025-11-20,19.28
1992-04-30,2025-11-20,2025-11-20,19.65
1992-05-01,2025-11-20,2025-11-20,19.83
1992-05-04,2025-11-20,2025-11-20,19.88
1992-05-05,2025-11-20,2025-11-20,19.98
1992-05-06,2025-11-20,2025-11-20,19.68
1992-05-07,2025-11-20,2025-11-20,19.65
1992-05-08,2025-11-20,2025-11-20,19.63
1992-05-11,2025-11-20,2025-11-20,19.73
1992-05-12,2025-11-20,2025-11-20,19.8
1992-05-13,2025-11-20,2025-11-20,19.95
1992-05-14,2025-11-20,2025-11-20,19.75
1992-05-15,2025-11-20,2025-11-20,19.7
1992-05-18,2025-11-20,2025-11-20,19.7
1992-05-19,2025-11-20,2025-11-20,19.3
1992-05-20,2025-11-20,2025-11-20,19.28
1992-05-21,2025-11-20,2025-11-20,19.6
1992-05-22,2025-11-20,2025-11-20,19.58
1992-05-25,2025-11-20,2025-11-20,
1992-05-26,2025-11-20,2025-11-20,20.5
1992-05-27,2025-11-20,2025-11-20,20.8
1992-05-28,2025-11-20,2025-11-20,20.73
1992-05-29,2025-11-20,2025-11-20,20.7
1992-06-01,2025-11-20,2025-11-20,20.9
1992-06-02,2025-11-20,2025-11-20,20.85
1992-06-03,2025-11-20,2025-11-20,21.23
1992-06-04,2025-11-20,2025-11-20,21.08
1992-06-05,2025-11-20,2025-11-20,21.35
1992-06-08,2025-11-20,2025-11-20,21.25
1992-06-09,2025-11-20,2025-11-20,21.13
1992-06-10,2025-11-20,2025-11-20,21.05
1992-06-11,2025-11-20,2025-11-20,21.33
1992-06-12,2025-11-20,2025-11-20,21.28
1992-06-15,2025-11-20,2025-11-20,21.3
1992-06-16,2025-11-20,2025-11-20,21.13
1992-06-17,2025-11-20,2025-11-20,21.03
1992-06-18,2025-11-20,2025-11-20,21.23
1992-06-19,2025-11-20,2025-11-20,21.13
1992-06-22,2025-11-20,2025-11-20,20.83
1992-06-23,2025-11-20,2025-11-20,21.35
1992-06-24,2025-11-20,2025-11-20,21.55
1992-06-25,2025-11-20,2025-11-20,21.5
1992-06-26,2025-11-20,2025-11-20,21.3
1992-06-29,2025-11-20,2025-11-20,21.08
1992-06-30,2025-11-20,2025-11-20,20.6
1992-07-01,2025-11-20,2025-11-20,20.25
1992-07-02,2025-11-20,2025-11-20,20.53
1992-07-03,2025-11-20,2025-11-20,20.65
1992-07-06,2025-11-20,2025-11-20,20.45
1992-07-07,2025-11-20,2025-11-20,19.8
1992-07-08,2025-11-20,2025-11-20,19.7
1992-07-09,2025-11-20,2025-11-20,19.78
1992-07-10,2025-11-20,2025-11-20,20.0
1992-07-13,2025-11-20,2025-11-20,19.83
1992-07-14,2025-11-20,2025-11-20,19.98
1992-07-15,2025-11-20,2025-11-20,19.85
1992-07-16,2025-11-20,2025-11-20,20.23
1992-07-17,2025-11-20,2025-11-20,20.2
1992-07-20,2025-11-20,2025-11-20,19.95
1992-07-21,2025-11-20,2025-11-20,20.03
1992-07-22,2025-11-20,2025-11-20,20.23
1992-07-23,2025-11-20,2025-11-20,20.48
1992-07-24,2025-11-20,2025-11-20,20.6
1992-07-27,2025-11-20,2025-11-20,20.58
1992-07-28,2025-11-20,2025-11-20,20.78
1992-07-29,2025-11-20,2025-11-20,20.68
1992-07-30,2025-11-20,2025-11-20,20.48
1992-07-31,2025-11-20,2025-11-20,20.38
1992-08-03,2025-11-20,2025-11-20,20.33
1992-08-04,2025-11-20,2025-11-20,19.85
1992-08-05,2025-11-20,2025-11-20,19.68
1992-08-06,2025-11-20,2025-11-20,19.78
1992-08-07,2025-11-20,2025-11-20,19.75
1992-08-10,2025-11-20,2025-11-20,19.55
1992-08-11,2025-11-20,2025-11-20,19.48
1992-08-12,2025-11-20,2025-11-20,19.65
1992-08-13,2025-11-20,2025-11-20,19.83
1992-08-14,2025-11-20,2025-11-20,19.88
1992-08-17,2025-11-20,2025-11-20,19.95
1992-08-18,2025-11-20,2025-11-20,19.9
1992-08-19,2025-11-20,2025-11-20,19.8
1992-08-20,2025-11-20,2025-11-20,19.63
1992-08-21,2025-11-20,2025-11-20,19.68
1992-08-24,2025-11-20,2025-11-20,19.65
1992-08-25,2025-11-20,2025-11-20,19.68
1992-08-26,2025-11-20,2025-11-20,19.63
1992-08-27,2025-11-20,2025-11-20,19.5
1992-08-28,2025-11-20,2025-11-20,19.65
1992-08-31,2025-11-20,2025-11-20,19.65
1992-09-01,2025-11-20,2025-11-20,19.88
1992-09-02,2025-11-20,2025-11-20,20.0
1992-09-03,2025-11-20,2025-11-20,19.95
1992-09-04,2025-11-20,2025-11-20,20.03
1992-09-07,2025-11-20,2025-11-20,20.13
1992-09-08,2025-11-20,2025-11-20,20.3
1992-09-09,2025-11-20,2025-11-20,20.33
1992-09-10,2025-11-20,2025-11-20,20.3
1992-09-11,2025-11-20,2025-11-20,20.35
1992-09-14,2025-11-20,2025-11-20,20.68
1992-09-15,2025-11-20,2025-11-20,20.5
1992-09-16,2025-11-20,2025-11-20,20.43
1992-09-17,2025-11-20,2025-11-20,20.35
1992-09-18,2025-11-20,2025-11-20,20.3
1992-09-21,2025-11-20,2025-11-20,20.15
1992-09-22,2025-11-20,2025-11-20,20.33
1992-09-23,2025-11-20,2025-11-20,20.53
1992-09-24,2025-11-20,2025-11-20,20.43
1992-09-25,2025-11-20,2025-11-20,20.33
1992-09-28,2025-11-20,2025-11-20,20.28
1992-09-29,2025-11-20,2025-11-20,20.18
1992-09-30,2025-11-20,2025-11-20,20.18
1992-10-01,2025-11-20,2025-11-20,20.28
1992-10-02,2025-11-20,2025-11-20,20.4
1992-10-05,2025-11-20,2025-11-20,20.2
1992-10-06,2025-11-20,2025-11-20,20.23
1992-10-07,2025-11-20,2025-11-20,20.28
1992-10-08,2025-11-20,2025-11-20,20.48
1992-10-09,2025-11-20,2025-11-20,20.48
1992-10-12,2025-11-20,2025-11-20,20.8
1992-10-13,2025-11-20,2025-11-20,20.83
1992-10-14,2025-11-20,2025-11-20,20.68
1992-10-15,2025-11-20,2025-11-20,20.73
1992-10-16,2025-11-20,2025-11-20,20.78
1992-10-19,2025-11-20,2025-11-20,20.73
1992-10-20,2025-11-20,2025-11-20,20.68
1992-10-21,2025-11-20,2025-11-20,20.28
1992-10-22,2025-11-20,2025-11-20,20.13
1992-10-23,2025-11-20,2025-11-20,20.03
1992-10-26,2025-11-20,2025-11-20,19.78
1992-10-27,2025-11-20,2025-11-20,19.78
1992-10-28,2025-11-20,2025-11-20,19.65
1992-10-29,2025-11-20,2025-11-20,19.4
1992-10-30,2025-11-20,2025-11-20,19.13
1992-11-02,2025-11-20,2025-11-20,19.25
1992-11-03,2025-11-20,2025-11-20,19.35
1992-11-04,2025-11-20,2025-11-20,19.03
1992-11-05,2025-11-20,2025-11-20,19.2
1992-11-06,2025-11-20,2025-11-20,19.13
1992-11-09,2025-11-20,2025-11-20,19.1
1992-11-10,2025-11-20,2025-11-20,19.53
1992-11-11,2025-11-20,2025-11-20,19.4
1992-11-12,2025-11-20,2025-11-20,19.18
1992-11-13,2025-11-20,2025-11-20,19.05
1992-11-16,2025-11-20,2025-11-20,19.2
1992-11-17,2025-11-20,2025-11-20,19.15
1992-11-18,2025-11-20,2025-11-20,19.1
1992-11-19,2025-11-20,2025-11-20,19.48
1992-11-20,2025-11-20,2025-11-20,19.48
1992-11-23,2025-11-20,2025-11-20,19.15
1992-11-24,2025-11-20,2025-11-20,19.18
1992-11-25,2025-11-20,2025-11-20,19.28
1992-11-26,2025-11-20,2025-11-20,18.93
1992-11-27,2025-11-20,2025-11-20,19.08
1992-11-30,2025-11-20,2025-11-20,19.25
1992-12-01,2025-11-20,2025-11-20,18.65
1992-12-02,2025-11-20,2025-11-20,18.38
1992-12-03,2025-11-20,2025-11-20,18.2
1992-12-04,2025-11-20,2025-11-20,18.35
1992-12-07,2025-11-20,2025-11-20,18.25
1992-12-08,2025-11-20,2025-11-20,18.08
1992-12-09,2025-11-20,2025-11-20,17.8
1992-12-10,2025-11-20,2025-11-20,18.28
1992-12-11,2025-11-20,2025-11-20,18.2
1992-12-14,2025-11-20,2025-11-20,18.03
1992-12-15,2025-11-20,2025-11-20,17.8
1992-12-16,2025-11-20,2025-11-20,17.9
1992-12-17,2025-11-20,2025-11-20,18.18
1992-12-18,2025-11-20,2025-11-20,18.3
1992-12-21,2025-11-20,2025-11-20,18.33
1992-12-22,2025-11-20,2025-11-20,18.08
1992-12-23,2025-11-20,2025-11-20,18.23
1992-12-24,2025-11-20,2025-11-20,18.28
1992-12-25,2025-11-20,2025-11-20,
1992-12-28,2025-11-20,2025-11-20,
1992-12-29,2025-11-20,2025-11-20,17.93
1992-12-30,2025-11-20,2025-11-20,17.83
1992-12-31,2025-11-20,2025-11-20,17.85
1993-01-01,2025-11-20,2025-11-20,
1993-01-04,2025-11-20,2025-11-20,17.73
1993-01-05,2025-11-20,2025-11-20,17.48
1993-01-06,2025-11-20,2025-11-20,17.53
1993-01-07,2025-11-20,2025-11-20,17.58
1993-01-08,2025-11-20,2025-11-20,17.23
1993-01-11,2025-11-20,2025-11-20,17.28
1993-01-12,2025-11-20,2025-11-20,16.85
1993-01-13,2025-11-20,2025-11-20,16.85
1993-01-14,2025-11-20,2025-11-20,17.0
1993-01-15,2025-11-20,2025-11-20,17.28
1993-01-18,2025-11-20,2025-11-20,17.25
1993-01-19,2025-11-20,2025-11-20,16.98
1993-01-20,2025-11-20,2025-11-20,16.7
1993-01-21,2025-11-20,2025-11-20,16.88
1993-01-22,2025-11-20,2025-11-20,17.08
1993-01-25,2025-11-20,2025-11-20,17.58
1993-01-26,2025-11-20,2025-11-20,17.93
1993-01-27,2025-11-20,2025-11-20,17.88
1993-01-28,2025-11-20,2025-11-20,18.15
1993-01-29,2025-11-20,2025-11-20,18.48
1993-02-01,2025-11-20,2025-11-20,18.55
1993-02-02,2025-11-20,2025-11-20,18.4
1993-02-03,2025-11-20,2025-11-20,
1993-02-04,2025-11-20,2025-11-20,18.65
1993-02-05,2025-11-20,2025-11-20,18.7
1993-02-08,2025-11-20,2025-11-20,18.55
1993-02-09,2025-11-20,2025-11-20,18.33
1993-02-10,2025-11-20,2025-11-20,18.48
1993-02-11,2025-11-20,2025-11-20,18.43
1993-02-12,2025-11-20,2025-11-20,18.48
1993-02-15,2025-11-20,2025-11-20,17.98
1993-02-16,2025-11-20,2025-11-20,18.2
1993-02-17,2025-11-20,2025-11-20,17.93
1993-02-18,2025-11-20,2025-11-20,17.83
1993-02-19,2025-11-20,2025-11-20,18.3
1993-02-22,2025-11-20,2025-11-20,18.63
1993-02-23,2025-11-20,2025-11-20,18.88
1993-02-24,2025-11-20,2025-11-20,18.88
1993-02-25,2025-11-20,2025-11-20,18.83
1993-02-26,2025-11-20,2025-11-20,18.83
1993-03-01,2025-11-20,2025-11-20,19.03
1993-03-02,2025-11-20,2025-11-20,18.83
1993-03-03,2025-11-20,2025-11-20,18.93
1993-03-04,2025-11-20,2025-11-20,19.35
1993-03-05,2025-11-20,2025-11-20,19.6
1993-03-08,2025-11-20,2025-11-20,19.28
1993-03-09,2025-11-20,2025-11-20,19.23
1993-03-10,2025-11-20,2025-11-20,19.08
1993-03-11,2025-11-20,2025-11-20,18.7
1993-03-12,2025-11-20,2025-11-20,18.83
1993-03-15,2025-11-20,2025-11-20,18.88
1993-03-16,2025-11-20,2025-11-20,18.55
1993-03-17,2025-11-20,2025-11-20,18.6
1993-03-18,2025-11-20,2025-11-20,18.7
1993-03-19,2025-11-20,2025-11-20,18.58
1993-03-22,2025-11-20,2025-11-20,18.18
1993-03-23,2025-11-20,2025-11-20,18.23
1993-03-24,2025-11-20,2025-11-20,18.53
1993-03-25,2025-11-20,2025-11-20,18.6
1993-03-26,2025-11-20,2025-11-20,18.55
1993-03-29,2025-11-20,2025-11-20,18.65
1993-03-30,2025-11-20,2025-11-20,18.45
1993-03-31,2025-11-20,2025-11-20,18.7
1993-04-01,2025-11-20,2025-11-20,18.98
1993-04-02,2025-11-20,2025-11-20,18.88
1993-04-05,2025-11-20,2025-11-20,18.95
1993-04-06,2025-11-20,2025-11-20,18.65
1993-04-07,2025-11-20,2025-11-20,18.7
1993-04-08,2025-11-20,2025-11-20,18.53
1993-04-09,2025-11-20,2025-11-20,
1993-04-12,2025-11-20,2025-11-20,
1993-04-13,2025-11-20,2025-11-20,18.8
1993-04-14,2025-11-20,2025-11-20,18.73
1993-04-15,2025-11-20,2025-11-20,18.63
1993-04-16,2025-11-20,2025-11-20,18.5
1993-04-19,2025-11-20,2025-11-20,18.48
1993-04-20,2025-11-20,2025-11-20,18.53
1993-04-21,2025-11-20,2025-11-20,18.68
1993-04-22,2025-11-20,2025-11-20,18.48
1993-04-23,2025-11-20,2025-11-20,18.63
1993-04-26,2025-11-20,2025-11-20,18.63
1993-04-27,2025-11-20,2025-11-20,18.58
1993-04-28,2025-11-20,2025-11-20,18.48
1993-04-29,2025-11-20,2025-11-20,18.8
1993-04-30,2025-11-20,2025-11-20,18.85
1993-05-03,2025-11-20,2025-11-20,
1993-05-04,2025-11-20,2025-11-20,18.9
1993-05-05,2025-11-20,2025-11-20,18.85
1993-05-06,2025-11-20,2025-11-20,19.13
1993-05-07,2025-11-20,2025-11-20,18.98
1993-05-10,2025-11-20,2025-11-20,18.98
1993-05-11,2025-11-20,2025-11-20,18.83
1993-05-12,2025-11-20,2025-11-20,18.9
1993-05-13,2025-11-20,2025-11-20,18.7
1993-05-14,2025-11-20,2025-11-20,18.4
1993-05-17,2025-11-20,2025-11-20,18.28
1993-05-18,2025-11-20,2025-11-20,18.18
1993-05-19,2025-11-20,2025-11-20,18.13
1993-05-20,2025-11-20,2025-11-20,18.1
1993-05-21,2025-11-20,2025-11-20,18.05
1993-05-24,2025-11-20,2025-11-20,18.15
1993-05-25,2025-11-20,2025-11-20,18.15
1993-05-26,2025-11-20,2025-11-20,18.08
1993-05-27,2025-11-20,2025-11-20,18.43
1993-05-28,2025-11-20,2025-11-20,18.43
1993-05-31,2025-11-20,2025-11-20,
1993-06-01,2025-11-20,2025-11-20,18.48
1993-06-02,2025-11-20,2025-11-20,18.48
1993-06-03,2025-11-20,2025-11-20,18.15
1993-06-04,2025-11-20,2025-11-20,18.25
1993-06-07,2025-11-20,2025-11-20,18.0
1993-06-08,2025-11-20,2025-11-20,18.23
1993-06-09,2025-11-20,2025-11-20,18.23
1993-06-10,2025-11-20,2025-11-20,18.2
1993-06-11,2025-11-20,2025-11-20,17.63
1993-06-14,2025-11-20,2025-11-20,17.58
1993-06-15,2025-11-20,2025-11-20,17.3
1993-06-16,2025-11-20,2025-11-20,17.33
1993-06-17,2025-11-20,2025-11-20,17.23
1993-06-18,2025-11-20,2025-11-20,17.13
1993-06-21,2025-11-20,2025-11-20,17.18
1993-06-22,2025-11-20,2025-11-20,17.18
1993-06-23,2025-11-20,2025-11-20,17.18
1993-06-24,2025-11-20,2025-11-20,17.23
1993-06-25,2025-11-20,2025-11-20,17.23
1993-06-28,2025-11-20,2025-11-20,17.23
1993-06-29,2025-11-20,2025-11-20,17.48
1993-06-30,2025-11-20,2025-11-20,17.43
1993-07-01,2025-11-20,2025-11-20,16.98
1993-07-02,2025-11-20,2025-11-20,16.63
1993-07-05,2025-11-20,2025-11-20,16.88
1993-07-06,2025-11-20,2025-11-20,17.13
1993-07-07,2025-11-20,2025-11-20,16.9
1993-07-08,2025-11-20,2025-11-20,16.55
1993-07-09,2025-11-20,2025-11-20,16.53
1993-07-12,2025-11-20,2025-11-20,16.78
1993-07-13,2025-11-20,2025-11-20,16.95
1993-07-14,2025-11-20,2025-11-20,16.5
1993-07-15,2025-11-20,2025-11-20,16.48
1993-07-16,2025-11-20,2025-11-20,16.6
1993-07-19,2025-11-20,2025-11-20,16.58
1993-07-20,2025-11-20,2025-11-20,16.58
1993-07-21,2025-11-20,2025-11-20,16.73
1993-07-22,2025-11-20,2025-11-20,16.65
1993-07-23,2025-11-20,2025-11-20,16.85
1993-07-26,2025-11-20,2025-11-20,16.85
1993-07-27,2025-11-20,2025-11-20,16.85
1993-07-28,2025-11-20,2025-11-20,17.13
1993-07-29,2025-11-20,2025-11-20,17.08
1993-07-30,2025-11-20,2025-11-20,16.85
1993-08-02,2025-11-20,2025-11-20,16.85
1993-08-03,2025-11-20,2025-11-20,16.53
1993-08-04,2025-11-20,2025-11-20,16.63
1993-08-05,2025-11-20,2025-11-20,16.6
1993-08-06,2025-11-20,2025-11-20,16.38
1993-08-09,2025-11-20,2025-11-20,16.45
1993-08-10,2025-11-20,2025-11-20,16.3
1993-08-11,2025-11-20,2025-11-20,16.58
1993-08-12,2025-11-20,2025-11-20,16.78
1993-08-13,2025-11-20,2025-11-20,16.93
1993-08-16,2025-11-20,2025-11-20,16.8
1993-08-17,2025-11-20,2025-11-20,16.88
1993-08-18,2025-11-20,2025-11-20,16.63
1993-08-19,2025-11-20,2025-11-20,16.63
1993-08-20,2025-11-20,2025-11-20,16.68
1993-08-23,2025-11-20,2025-11-20,16.83
1993-08-24,2025-11-20,2025-11-20,16.93
1993-08-25,2025-11-20,2025-11-20,16.68
1993-08-26,2025-11-20,2025-11-20,16.75
1993-08-27,2025-11-20,2025-11-20,17.05
1993-08-30,2025-11-20,2025-11-20,
1993-08-31,2025-11-20,2025-11-20,16.73
1993-09-01,2025-11-20,2025-11-20,16.55
1993-09-02,2025-11-20,2025-11-20,16.5
1993-09-03,2025-11-20,2025-11-20,16.33
1993-09-06,2025-11-20,2025-11-20,16.23
1993-09-07,2025-11-20,2025-11-20,15.85
1993-09-08,2025-11-20,2025-11-20,15.65
1993-09-09,2025-11-20,2025-11-20,15.73
1993-09-10,2025-11-20,2025-11-20,15.43
1993-09-13,2025-11-20,2025-11-20,15.43
1993-09-14,2025-11-20,2025-11-20,15.58
1993-09-15,2025-11-20,2025-11-20,15.35
1993-09-16,2025-11-20,2025-11-20,15.43
1993-09-17,2025-11-20,2025-11-20,15.55
1993-09-20,2025-11-20,2025-11-20,16.03
1993-09-21,2025-11-20,2025-11-20,16.25
1993-09-22,2025-11-20,2025-11-20,15.88
1993-09-23,2025-11-20,2025-11-20,15.88
1993-09-24,2025-11-20,2025-11-20,16.1
1993-09-27,2025-11-20,2025-11-20,16.1
1993-09-28,2025-11-20,2025-11-20,16.4
1993-09-29,2025-11-20,2025-11-20,16.78
1993-09-30,2025-11-20,2025-11-20,17.23
1993-10-01,2025-11-20,2025-11-20,17.08
1993-10-04,2025-11-20,2025-11-20,16.9
1993-10-05,2025-11-20,2025-11-20,16.78
1993-10-06,2025-11-20,2025-11-20,16.98
1993-10-07,2025-11-20,2025-11-20,16.88
1993-10-08,2025-11-20,2025-11-20,16.98
1993-10-11,2025-11-20,2025-11-20,17.13
1993-10-12,2025-11-20,2025-11-20,17.15
1993-10-13,2025-11-20,2025-11-20,17.0
1993-10-14,2025-11-20,2025-11-20,16.8
1993-10-15,2025-11-20,2025-11-20,16.7
1993-10-18,2025-11-20,2025-11-20,16.5
1993-10-19,2025-11-20,2025-11-20,16.53
1993-10-20,2025-11-20,2025-11-20,16.68
1993-10-21,2025-11-20,2025-11-20,16.88
1993-10-22,2025-11-20,2025-11-20,16.48
1993-10-25,2025-11-20,2025-11-20,16.13
1993-10-26,2025-11-20,2025-11-20,15.95
1993-10-27,2025-11-20,2025-11-20,15.95
1993-10-28,2025-11-20,2025-11-20,15.83
1993-10-29,2025-11-20,2025-11-20,15.43
1993-11-01,2025-11-20,2025-11-20,15.83
1993-11-02,2025-11-20,2025-11-20,15.63
1993-11-03,2025-11-20,2025-11-20,15.83
1993-11-04,2025-11-20,2025-11-20,15.78
1993-11-05,2025-11-20,2025-11-20,15.73
1993-11-08,2025-11-20,2025-11-20,15.28
1993-11-09,2025-11-20,2025-11-20,15.33
1993-11-10,2025-11-20,2025-11-20,15.23
1993-11-11,2025-11-20,2025-11-20,15.18
1993-11-12,2025-11-20,2025-11-20,15.08
1993-11-15,2025-11-20,2025-11-20,15.25
1993-11-16,2025-11-20,2025-11-20,15.33
1993-11-17,2025-11-20,2025-11-20,15.55
1993-11-18,2025-11-20,2025-11-20,15.4
1993-11-19,2025-11-20,2025-11-20,15.25
1993-11-22,2025-11-20,2025-11-20,15.35
1993-11-23,2025-11-20,2025-11-20,15.25
1993-11-24,2025-11-20,2025-11-20,15.13
1993-11-25,2025-11-20,2025-11-20,14.35
1993-11-26,2025-11-20,2025-11-20,14.28
1993-11-29,2025-11-20,2025-11-20,14.05
1993-11-30,2025-11-20,2025-11-20,14.23
1993-12-01,2025-11-20,2025-11-20,14.43
1993-12-02,2025-11-20,2025-11-20,14.15
1993-12-03,2025-11-20,2025-11-20,13.95
1993-12-06,2025-11-20,2025-11-20,13.9
1993-12-07,2025-11-20,2025-11-20,13.88
1993-12-08,2025-11-20,2025-11-20,13.45
1993-12-09,2025-11-20,2025-11-20,13.6
1993-12-10,2025-11-20,2025-11-20,13.8
1993-12-13,2025-11-20,2025-11-20,13.9
1993-12-14,2025-11-20,2025-11-20,14.78
1993-12-15,2025-11-20,2025-11-20,13.8
1993-12-16,2025-11-20,2025-11-20,13.63
1993-12-17,2025-11-20,2025-11-20,13.85
1993-12-20,2025-11-20,2025-11-20,13.63
1993-12-21,2025-11-20,2025-11-20,13.45
1993-12-22,2025-11-20,2025-11-20,13.6
1993-12-23,2025-11-20,2025-11-20,13.55
1993-12-24,2025-11-20,2025-11-20,13.38
1993-12-27,2025-11-20,2025-11-20,
1993-12-28,2025-11-20,2025-11-20,
1993-12-29,2025-11-20,2025-11-20,13.13
1993-12-30,2025-11-20,2025-11-20,13.2
1993-12-31,2025-11-20,2025-11-20,13.18
1994-01-03,2025-11-20,2025-11-20,
1994-01-04,2025-11-20,2025-11-20,13.43
1994-01-05,2025-11-20,2025-11-20,14.1
1994-01-06,2025-11-20,2025-11-20,14.55
1994-01-07,2025-11-20,2025-11-20,14.63
1994-01-10,2025-11-20,2025-11-20,14.15
1994-01-11,2025-11-20,2025-11-20,14.1
1994-01-12,2025-11-20,2025-11-20,13.9
1994-01-13,2025-11-20,2025-11-20,13.75
1994-01-14,2025-11-20,2025-11-20,14.1
1994-01-17,2025-11-20,2025-11-20,14.4
1994-01-18,2025-11-20,2025-11-20,14.1
1994-01-19,2025-11-20,2025-11-20,14.25
1994-01-20,2025-11-20,2025-11-20,14.1
1994-01-21,2025-11-20,2025-11-20,14.23
1994-01-24,2025-11-20,2025-11-20,14.35
1994-01-25,2025-11-20,2025-11-20,14.63
1994-01-26,2025-11-20,2025-11-20,14.8
1994-01-27,2025-11-20,2025-11-20,14.78
1994-01-28,2025-11-20,2025-11-20,14.65
1994-01-31,2025-11-20,2025-11-20,14.83
1994-02-01,2025-11-20,2025-11-20,15.03
1994-02-02,2025-11-20,2025-11-20,15.4
1994-02-03,2025-11-20,2025-11-20,15.48
1994-02-04,2025-11-20,2025-11-20,14.93
1994-02-07,2025-11-20,2025-11-20,14.6
1994-02-08,2025-11-20,2025-11-20,14.13
1994-02-09,2025-11-20,2025-11-20,13.53
1994-02-10,2025-11-20,2025-11-20,13.58
1994-02-11,2025-11-20,2025-11-20,13.7
1994-02-14,2025-11-20,2025-11-20,13.4
1994-02-15,2025-11-20,2025-11-20,13.13
1994-02-16,2025-11-20,2025-11-20,13.08
1994-02-17,2025-11-20,2025-11-20,13.28
1994-02-18,2025-11-20,2025-11-20,13.0
1994-02-21,2025-11-20,2025-11-20,13.05
1994-02-22,2025-11-20,2025-11-20,13.2
1994-02-23,2025-11-20,2025-11-20,13.2
1994-02-24,2025-11-20,2025-11-20,13.4
1994-02-25,2025-11-20,2025-11-20,13.33
1994-02-28,2025-11-20,2025-11-20,13.59
1994-03-01,2025-11-20,2025-11-20,13.45
1994-03-02,2025-11-20,2025-11-20,13.5
1994-03-03,2025-11-20,2025-11-20,13.55
1994-03-04,2025-11-20,2025-11-20,13.43
1994-03-07,2025-11-20,2025-11-20,13.13
1994-03-08,2025-11-20,2025-11-20,13.15
1994-03-09,2025-11-20,2025-11-20,13.3
1994-03-10,2025-11-20,2025-11-20,13.23
1994-03-11,2025-11-20,2025-11-20,13.7
1994-03-14,2025-11-20,2025-11-20,14.03
1994-03-15,2025-11-20,2025-11-20,14.28
1994-03-16,2025-11-20,2025-11-20,14.3
1994-03-17,2025-11-20,2025-11-20,14.25
1994-03-18,2025-11-20,2025-11-20,14.05
1994-03-21,2025-11-20,2025-11-20,14.55
1994-03-22,2025-11-20,2025-11-20,14.8
1994-03-23,2025-11-20,2025-11-20,14.5
1994-03-24,2025-11-20,2025-11-20,14.53
1994-03-25,2025-11-20,2025-11-20,14.58
1994-03-28,2025-11-20,2025-11-20,13.75
1994-03-29,2025-11-20,2025-11-20,13.38
1994-03-30,2025-11-20,2025-11-20,13.23
1994-03-31,2025-11-20,2025-11-20,13.25
1994-04-01,2025-11-20,2025-11-20,
1994-04-04,2025-11-20,2025-11-20,
1994-04-05,2025-11-20,2025-11-20,14.33
1994-04-06,2025-11-20,2025-11-20,14.33
1994-04-07,2025-11-20,2025-11-20,14.4
1994-04-08,2025-11-20,2025-11-20,14.3
1994-04-11,2025-11-20,2025-11-20,14.73
1994-04-12,2025-11-20,2025-11-20,14.8
1994-04-13,2025-11-20,2025-11-20,15.0
1994-04-14,2025-11-20,2025-11-20,15.28
1994-04-15,2025-11-20,2025-11-20,15.23
1994-04-18,2025-11-20,2025-11-20,15.48
1994-04-19,2025-11-20,2025-11-20,15.13
1994-04-20,2025-11-20,2025-11-20,15.3
1994-04-21,2025-11-20,2025-11-20,15.63
1994-04-22,2025-11-20,2025-11-20,16.28
1994-04-25,2025-11-20,2025-11-20,16.38
1994-04-26,2025-11-20,2025-11-20,16.05
1994-04-27,2025-11-20,2025-11-20,15.75
1994-04-28,2025-11-20,2025-11-20,15.65
1994-04-29,2025-11-20,2025-11-20,15.35
1994-05-02,2025-11-20,2025-11-20,
1994-05-03,2025-11-20,2025-11-20,15.93
1994-05-04,2025-11-20,2025-11-20,15.95
1994-05-05,2025-11-20,2025-11-20,15.85
1994-05-06,2025-11-20,2025-11-20,16.25
1994-05-09,2025-11-20,2025-11-20,16.33
1994-05-10,2025-11-20,2025-11-20,16.25
1994-05-11,2025-11-20,2025-11-20,16.1
1994-05-12,2025-11-20,2025-11-20,16.25
1994-05-13,2025-11-20,2025-11-20,16.5
1994-05-16,2025-11-20,2025-11-20,16.23
1994-05-17,2025-11-20,2025-11-20,15.83
1994-05-18,2025-11-20,2025-11-20,15.98
1994-05-19,2025-11-20,2025-11-20,16.15
1994-05-20,2025-11-20,2025-11-20,16.23
1994-05-23,2025-11-20,2025-11-20,16.63
1994-05-24,2025-11-20,2025-11-20,16.63
1994-05-25,2025-11-20,2025-11-20,16.33
1994-05-26,2025-11-20,2025-11-20,16.08
1994-05-27,2025-11-20,2025-11-20,16.08
1994-05-30,2025-11-20,2025-11-20,
1994-05-31,2025-11-20,2025-11-20,16.18
1994-06-01,2025-11-20,2025-11-20,16.4
1994-06-02,2025-11-20,2025-11-20,16.35
1994-06-03,2025-11-20,2025-11-20,16.13
1994-06-06,2025-11-20,2025-11-20,16.18
1994-06-07,2025-11-20,2025-11-20,15.95
1994-06-08,2025-11-20,2025-11-20,15.65
1994-06-09,2025-11-20,2025-11-20,16.13
1994-06-10,2025-11-20,2025-11-20,16.38
1994-06-13,2025-11-20,2025-11-20,16.23
1994-06-14,2025-11-20,2025-11-20,16.4
1994-06-15,2025-11-20,2025-11-20,16.73
1994-06-16,2025-11-20,2025-11-20,16.88
1994-06-17,2025-11-20,2025-11-20,17.13
1994-06-20,2025-11-20,2025-11-20,17.38
1994-06-21,2025-11-20,2025-11-20,17.63
1994-06-22,2025-11-20,2025-11-20,17.48
1994-06-23,2025-11-20,2025-11-20,17.3
1994-06-24,2025-11-20,2025-11-20,17.4
1994-06-27,2025-11-20,2025-11-20,17.4
1994-06-28,2025-11-20,2025-11-20,16.98
1994-06-29,2025-11-20,2025-11-20,17.23
1994-06-30,2025-11-20,2025-11-20,17.45
1994-07-01,2025-11-20,2025-11-20,17.65
1994-07-04,2025-11-20,2025-11-20,17.5
1994-07-05,2025-11-20,2025-11-20,17.13
1994-07-06,2025-11-20,2025-11-20,16.9
1994-07-07,2025-11-20,2025-11-20,16.78
1994-07-08,2025-11-20,2025-11-20,17.0
1994-07-11,2025-11-20,2025-11-20,17.48
1994-07-12,2025-11-20,2025-11-20,18.25
1994-07-13,2025-11-20,2025-11-20,18.25
1994-07-14,2025-11-20,2025-11-20,18.33
1994-07-15,2025-11-20,2025-11-20,18.15
1994-07-18,2025-11-20,2025-11-20,17.5
1994-07-19,2025-11-20,2025-11-20,17.2
1994-07-20,2025-11-20,2025-11-20,17.35
1994-07-21,2025-11-20,2025-11-20,17.45
1994-07-22,2025-11-20,2025-11-20,17.58
1994-07-25,2025-11-20,2025-11-20,17.35
1994-07-26,2025-11-20,2025-11-20,17.43
1994-07-27,2025-11-20,2025-11-20,17.83
1994-07-28,2025-11-20,2025-11-20,18.0
1994-07-29,2025-11-20,2025-11-20,18.48
1994-08-01,2025-11-20,2025-11-20,19.03
1994-08-02,2025-11-20,2025-11-20,18.48
1994-08-03,2025-11-20,2025-11-20,18.48
1994-08-04,2025-11-20,2025-11-20,18.43
1994-08-05,2025-11-20,2025-11-20,17.78
1994-08-08,2025-11-20,2025-11-20,17.93
1994-08-09,2025-11-20,2025-11-20,17.68
1994-08-10,2025-11-20,2025-11-20,17.33
1994-08-11,2025-11-20,2025-11-20,17.5
1994-08-12,2025-11-20,2025-11-20,17.1
1994-08-15,2025-11-20,2025-11-20,16.75
1994-08-16,2025-11-20,2025-11-20,16.68
1994-08-17,2025-11-20,2025-11-20,16.28
1994-08-18,2025-11-20,2025-11-20,16.3
1994-08-19,2025-11-20,2025-11-20,16.13
1994-08-22,2025-11-20,2025-11-20,15.25
1994-08-23,2025-11-20,2025-11-20,15.3
1994-08-24,2025-11-20,2025-11-20,15.8
1994-08-25,2025-11-20,2025-11-20,15.75
1994-08-26,2025-11-20,2025-11-20,15.85
1994-08-29,2025-11-20,2025-11-20,
1994-08-30,2025-11-20,2025-11-20,15.78
1994-08-31,2025-11-20,2025-11-20,16.03
1994-09-01,2025-11-20,2025-11-20,16.03
1994-09-02,2025-11-20,2025-11-20,15.88
1994-09-05,2025-11-20,2025-11-20,15.6
1994-09-06,2025-11-20,2025-11-20,15.95
1994-09-07,2025-11-20,2025-11-20,16.03
1994-09-08,2025-11-20,2025-11-20,16.05
1994-09-09,2025-11-20,2025-11-20,15.93
1994-09-12,2025-11-20,2025-11-20,15.83
1994-09-13,2025-11-20,2025-11-20,15.48
1994-09-14,2025-11-20,2025-11-20,15.4
1994-09-15,2025-11-20,2025-11-20,15.25
1994-09-16,2025-11-20,2025-11-20,15.3
1994-09-19,2025-11-20,2025-11-20,15.45
1994-09-20,2025-11-20,2025-11-20,15.78
1994-09-21,2025-11-20,2025-11-20,15.8
1994-09-22,2025-11-20,2025-11-20,15.9
1994-09-23,2025-11-20,2025-11-20,16.3
1994-09-26,2025-11-20,2025-11-20,16.1
1994-09-27,2025-11-20,2025-11-20,16.1
1994-09-28,2025-11-20,2025-11-20,16.2
1994-09-29,2025-11-20,2025-11-20,16.6
1994-09-30,2025-11-20,2025-11-20,16.73
1994-10-03,2025-11-20,2025-11-20,16.85
1994-10-04,2025-11-20,2025-11-20,16.7
1994-10-05,2025-11-20,2025-11-20,16.5
1994-10-06,2025-11-20,2025-11-20,16.63
1994-10-07,2025-11-20,2025-11-20,16.93
1994-10-10,2025-11-20,2025-11-20,16.7
1994-10-11,2025-11-20,2025-11-20,16.38
1994-10-12,2025-11-20,2025-11-20,16.08
1994-10-13,2025-11-20,2025-11-20,15.63
1994-10-14,2025-11-20,2025-11-20,15.58
1994-10-17,2025-11-20,2025-11-20,15.75
1994-10-18,2025-11-20,2025-11-20,16.13
1994-10-19,2025-11-20,2025-11-20,16.28
1994-10-20,2025-11-20,2025-11-20,16.53
1994-10-21,2025-11-20,2025-11-20,16.35
1994-10-24,2025-11-20,2025-11-20,16.48
1994-10-25,2025-11-20,2025-11-20,16.48
1994-10-26,2025-11-20,2025-11-20,16.88
1994-10-27,2025-11-20,2025-11-20,17.08
1994-10-28,2025-11-20,2025-11-20,17.18
1994-10-31,2025-11-20,2025-11-20,17.18
1994-11-01,2025-11-20,2025-11-20,17.4
1994-11-02,2025-11-20,2025-11-20,17.58
1994-11-03,2025-11-20,2025-11-20,17.75
1994-11-04,2025-11-20,2025-11-20,18.0
1994-11-07,2025-11-20,2025-11-20,17.78
1994-11-08,2025-11-20,2025-11-20,17.38
1994-11-09,2025-11-20,2025-11-20,17.55
1994-11-10,2025-11-20,2025-11-20,17.2
1994-11-11,2025-11-20,2025-11-20,17.38
1994-11-14,2025-11-20,2025-11-20,17.25
1994-11-15,2025-11-20,2025-11-20,16.98
1994-11-16,2025-11-20,2025-11-20,16.8
1994-11-17,2025-11-20,2025-11-20,16.53
1994-11-18,2025-11-20,2025-11-20,16.45
1994-11-21,2025-11-20,2025-11-20,17.25
1994-11-22,2025-11-20,2025-11-20,17.2
1994-11-23,2025-11-20,2025-11-20,16.88
1994-11-24,2025-11-20,2025-11-20,16.95
1994-11-25,2025-11-20,2025-11-20,17.0
1994-11-28,2025-11-20,2025-11-20,16.95
1994-11-29,2025-11-20,2025-11-20,17.0
1994-11-30,2025-11-20,2025-11-20,16.95
1994-12-01,2025-11-20,2025-11-20,16.98
1994-12-02,2025-11-20,2025-11-20,16.35
1994-12-05,2025-11-20,2025-11-20,15.93
1994-12-06,2025-11-20,2025-11-20,16.05
1994-12-07,2025-11-20,2025-11-20,15.83
1994-12-08,2025-11-20,2025-11-20,16.13
1994-12-09,2025-11-20,2025-11-20,16.08
1994-12-12,2025-11-20,2025-11-20,15.98
1994-12-13,2025-11-20,2025-11-20,15.73
1994-12-14,2025-11-20,2025-11-20,15.83
1994-12-15,2025-11-20,2025-11-20,15.6
1994-12-16,2025-11-20,2025-11-20,15.48
1994-12-19,2025-11-20,2025-11-20,15.58
1994-12-20,2025-11-20,2025-11-20,15.73
1994-12-21,2025-11-20,2025-11-20,15.65
1994-12-22,2025-11-20,2025-11-20,15.6
1994-12-23,2025-11-20,2025-11-20,15.55
1994-12-26,2025-11-20,2025-11-20,
1994-12-27,2025-11-20,2025-11-20,
1994-12-28,2025-11-20,2025-11-20,16.08
1994-12-29,2025-11-20,2025-11-20,16.25
1994-12-30,2025-11-20,2025-11-20,16.23
1995-01-02,2025-11-20,2025-11-20,
1995-01-03,2025-11-20,2025-11-20,15.88
1995-01-04,2025-11-20,2025-11-20,15.93
1995-01-05,2025-11-20,2025-11-20,16.13
1995-01-06,2025-11-20,2025-11-20,16.35
1995-01-09,2025-11-20,2025-11-20,16.08
1995-01-10,2025-11-20,2025-11-20,16.0
1995-01-11,2025-11-20,2025-11-20,16.4
1995-01-12,2025-11-20,2025-11-20,16.48
1995-01-13,2025-11-20,2025-11-20,16.2
1995-01-16,2025-11-20,2025-11-20,16.38
1995-01-17,2025-11-20,2025-11-20,16.78
1995-01-18,2025-11-20,2025-11-20,16.95
1995-01-19,2025-11-20,2025-11-20,17.08
1995-01-20,2025-11-20,2025-11-20,17.23
1995-01-23,2025-11-20,2025-11-20,17.0
1995-01-24,2025-11-20,2025-11-20,17.15
1995-01-25,2025-11-20,2025-11-20,16.98
1995-01-26,2025-11-20,2025-11-20,16.73
1995-01-27,2025-11-20,2025-11-20,16.38
1995-01-30,2025-11-20,2025-11-20,16.68
1995-01-31,2025-11-20,2025-11-20,16.8
1995-02-01,2025-11-20,2025-11-20,17.05
1995-02-02,2025-11-20,2025-11-20,17.0
1995-02-03,2025-11-20,2025-11-20,17.4
1995-02-06,2025-11-20,2025-11-20,17.08
1995-02-07,2025-11-20,2025-11-20,17.05
1995-02-08,2025-11-20,2025-11-20,17.03
1995-02-09,2025-11-20,2025-11-20,16.85
1995-02-10,2025-11-20,2025-11-20,16.85
1995-02-13,2025-11-20,2025-11-20,16.88
1995-02-14,2025-11-20,2025-11-20,17.0
1995-02-15,2025-11-20,2025-11-20,17.1
1995-02-16,2025-11-20,2025-11-20,17.13
1995-02-17,2025-11-20,2025-11-20,17.4
1995-02-20,2025-11-20,2025-11-20,17.43
1995-02-21,2025-11-20,2025-11-20,17.18
1995-02-22,2025-11-20,2025-11-20,17.08
1995-02-23,2025-11-20,2025-11-20,17.1
1995-02-24,2025-11-20,2025-11-20,17.1
1995-02-27,2025-11-20,2025-11-20,17.35
1995-02-28,2025-11-20,2025-11-20,17.23
1995-03-01,2025-11-20,2025-11-20,16.85
1995-03-02,2025-11-20,2025-11-20,16.55
1995-03-03,2025-11-20,2025-11-20,16.68
1995-03-06,2025-11-20,2025-11-20,16.75
1995-03-07,2025-11-20,2025-11-20,16.85
1995-03-08,2025-11-20,2025-11-20,16.73
1995-03-09,2025-11-20,2025-11-20,16.65
1995-03-10,2025-11-20,2025-11-20,16.5
1995-03-13,2025-11-20,2025-11-20,16.3
1995-03-14,2025-11-20,2025-11-20,16.33
1995-03-15,2025-11-20,2025-11-20,16.38
1995-03-16,2025-11-20,2025-11-20,16.5
1995-03-17,2025-11-20,2025-11-20,16.55
1995-03-20,2025-11-20,2025-11-20,16.83
1995-03-21,2025-11-20,2025-11-20,16.8
1995-03-22,2025-11-20,2025-11-20,17.08
1995-03-23,2025-11-20,2025-11-20,17.48
1995-03-24,2025-11-20,2025-11-20,17.65
1995-03-27,2025-11-20,2025-11-20,17.83
1995-03-28,2025-11-20,2025-11-20,17.85
1995-03-29,2025-11-20,2025-11-20,18.05
1995-03-30,2025-11-20,2025-11-20,17.98
1995-03-31,2025-11-20,2025-11-20,17.98
1995-04-03,2025-11-20,2025-11-20,17.88
1995-04-04,2025-11-20,2025-11-20,18.03
1995-04-05,2025-11-20,2025-11-20,18.35
1995-04-06,2025-11-20,2025-11-20,18.5
1995-04-07,2025-11-20,2025-11-20,18.45
1995-04-10,2025-11-20,2025-11-20,18.15
1995-04-11,2025-11-20,2025-11-20,18.63
1995-04-12,2025-11-20,2025-11-20,18.73
1995-04-13,2025-11-20,2025-11-20,17.98
1995-04-14,2025-11-20,2025-11-20,
1995-04-17,2025-11-20,2025-11-20,
1995-04-18,2025-11-20,2025-11-20,18.55
1995-04-19,2025-11-20,2025-11-20,18.73
1995-04-20,2025-11-20,2025-11-20,19.15
1995-04-21,2025-11-20,2025-11-20,19.18
1995-04-24,2025-11-20,2025-11-20,19.05
1995-04-25,2025-11-20,2025-11-20,19.35
1995-04-26,2025-11-20,2025-11-20,18.9
1995-04-27,2025-11-20,2025-11-20,19.08
1995-04-28,2025-11-20,2025-11-20,18.98
1995-05-01,2025-11-20,2025-11-20,19.38
1995-05-02,2025-11-20,2025-11-20,18.83
1995-05-03,2025-11-20,2025-11-20,18.33
1995-05-04,2025-11-20,2025-11-20,18.68
1995-05-05,2025-11-20,2025-11-20,18.85
1995-05-08,2025-11-20,2025-11-20,18.78
1995-05-09,2025-11-20,2025-11-20,18.12
1995-05-10,2025-11-20,2025-11-20,18.1
1995-05-11,2025-11-20,2025-11-20,18.08
1995-05-12,2025-11-20,2025-11-20,18.23
1995-05-15,2025-11-20,2025-11-20,18.43
1995-05-16,2025-11-20,2025-11-20,18.53
1995-05-17,2025-11-20,2025-11-20,18.5
1995-05-18,2025-11-20,2025-11-20,18.23
1995-05-19,2025-11-20,2025-11-20,18.43
1995-05-22,2025-11-20,2025-11-20,18.38
1995-05-23,2025-11-20,2025-11-20,18.48
1995-05-24,2025-11-20,2025-11-20,18.55
1995-05-25,2025-11-20,2025-11-20,18.0
1995-05-26,2025-11-20,2025-11-20,17.8
1995-05-29,2025-11-20,2025-11-20,
1995-05-30,2025-11-20,2025-11-20,17.43
1995-05-31,2025-11-20,2025-11-20,17.58
1995-06-01,2025-11-20,2025-11-20,17.7
1995-06-02,2025-11-20,2025-11-20,17.9
1995-06-05,2025-11-20,2025-11-20,18.23
1995-06-06,2025-11-20,2025-11-20,17.95
1995-06-07,2025-11-20,2025-11-20,18.13
1995-06-08,2025-11-20,2025-11-20,17.93
1995-06-09,2025-11-20,2025-11-20,17.68
1995-06-12,2025-11-20,2025-11-20,17.63
1995-06-13,2025-11-20,2025-11-20,17.83
1995-06-14,2025-11-20,2025-11-20,17.63
1995-06-15,2025-11-20,2025-11-20,17.95
1995-06-16,2025-11-20,2025-11-20,17.75
1995-06-19,2025-11-20,2025-11-20,16.93
1995-06-20,2025-11-20,2025-11-20,16.98
1995-06-21,2025-11-20,2025-11-20,16.5
1995-06-22,2025-11-20,2025-11-20,16.55
1995-06-23,2025-11-20,2025-11-20,16.4
1995-06-26,2025-11-20,2025-11-20,16.55
1995-06-27,2025-11-20,2025-11-20,16.63
1995-06-28,2025-11-20,2025-11-20,16.95
1995-06-29,2025-11-20,2025-11-20,16.5
1995-06-30,2025-11-20,2025-11-20,16.58
1995-07-03,2025-11-20,2025-11-20,16.35
1995-07-04,2025-11-20,2025-11-20,15.93
1995-07-05,2025-11-20,2025-11-20,16.0
1995-07-06,2025-11-20,2025-11-20,16.15
1995-07-07,2025-11-20,2025-11-20,16.1
1995-07-10,2025-11-20,2025-11-20,15.88
1995-07-11,2025-11-20,2025-11-20,15.93
1995-07-12,2025-11-20,2025-11-20,16.03
1995-07-13,2025-11-20,2025-11-20,15.98
1995-07-14,2025-11-20,2025-11-20,15.8
1995-07-17,2025-11-20,2025-11-20,15.73
1995-07-18,2025-11-20,2025-11-20,15.68
1995-07-19,2025-11-20,2025-11-20,15.8
1995-07-20,2025-11-20,2025-11-20,15.68
1995-07-21,2025-11-20,2025-11-20,15.35
1995-07-24,2025-11-20,2025-11-20,15.38
1995-07-25,2025-11-20,2025-11-20,15.48
1995-07-26,2025-11-20,2025-11-20,16.0
1995-07-27,2025-11-20,2025-11-20,15.98
1995-07-28,2025-11-20,2025-11-20,15.93
1995-07-31,2025-11-20,2025-11-20,15.78
1995-08-01,2025-11-20,2025-11-20,16.1
1995-08-02,2025-11-20,2025-11-20,16.13
1995-08-03,2025-11-20,2025-11-20,15.99
1995-08-04,2025-11-20,2025-11-20,16.08
1995-08-07,2025-11-20,2025-11-20,15.9
1995-08-08,2025-11-20,2025-11-20,16.0
1995-08-09,2025-11-20,2025-11-20,16.13
1995-08-10,2025-11-20,2025-11-20,16.08
1995-08-11,2025-11-20,2025-11-20,16.23
1995-08-14,2025-11-20,2025-11-20,15.93
1995-08-15,2025-11-20,2025-11-20,15.85
1995-08-16,2025-11-20,2025-11-20,15.78
1995-08-17,2025-11-20,2025-11-20,15.85
1995-08-18,2025-11-20,2025-11-20,16.03
1995-08-21,2025-11-20,2025-11-20,16.25
1995-08-22,2025-11-20,2025-11-20,16.23
1995-08-23,2025-11-20,2025-11-20,16.5
1995-08-24,2025-11-20,2025-11-20,16.3
1995-08-25,2025-11-20,2025-11-20,16.15
1995-08-28,2025-11-20,2025-11-20,
1995-08-29,2025-11-20,2025-11-20,16.23
1995-08-30,2025-11-20,2025-11-20,16.18
1995-08-31,2025-11-20,2025-11-20,16.2
1995-09-01,2025-11-20,2025-11-20,16.25
1995-09-04,2025-11-20,2025-11-20,16.62
1995-09-05,2025-11-20,2025-11-20,16.68
1995-09-06,2025-11-20,2025-11-20,16.63
1995-09-07,2025-11-20,2025-11-20,16.6
1995-09-08,2025-11-20,2025-11-20,16.93
1995-09-11,2025-11-20,2025-11-20,16.75
1995-09-12,2025-11-20,2025-11-20,16.9
1995-09-13,2025-11-20,2025-11-20,16.85
1995-09-14,2025-11-20,2025-11-20,17.0
1995-09-15,2025-11-20,2025-11-20,17.18
1995-09-18,2025-11-20,2025-11-20,17.23
1995-09-19,2025-11-20,2025-11-20,17.23
1995-09-20,2025-11-20,2025-11-20,17.0
1995-09-21,2025-11-20,2025-11-20,16.6
1995-09-22,2025-11-20,2025-11-20,16.4
1995-09-25,2025-11-20,2025-11-20,16.18
1995-09-26,2025-11-20,2025-11-20,16.15
1995-09-27,2025-11-20,2025-11-20,16.28
1995-09-28,2025-11-20,2025-11-20,16.65
1995-09-29,2025-11-20,2025-11-20,16.58
1995-10-02,2025-11-20,2025-11-20,16.55
1995-10-03,2025-11-20,2025-11-20,16.58
1995-10-04,2025-11-20,2025-11-20,16.4
1995-10-05,2025-11-20,2025-11-20,15.85
1995-10-06,2025-11-20,2025-11-20,15.75
1995-10-09,2025-11-20,2025-11-20,16.0
1995-10-10,2025-11-20,2025-11-20,15.95
1995-10-11,2025-11-20,2025-11-20,16.05
1995-10-12,2025-11-20,2025-11-20,15.9
1995-10-13,2025-11-20,2025-11-20,15.98
1995-10-16,2025-11-20,2025-11-20,16.15
1995-10-17,2025-11-20,2025-11-20,16.03
1995-10-18,2025-11-20,2025-11-20,15.98
1995-10-19,2025-11-20,2025-11-20,15.85
1995-10-20,2025-11-20,2025-11-20,15.8
1995-10-23,2025-11-20,2025-11-20,15.88
1995-10-24,2025-11-20,2025-11-20,16.08
1995-10-25,2025-11-20,2025-11-20,15.98
1995-10-26,2025-11-20,2025-11-20,16.3
1995-10-27,2025-11-20,2025-11-20,16.35
1995-10-30,2025-11-20,2025-11-20,16.45
1995-10-31,2025-11-20,2025-11-20,16.58
1995-11-01,2025-11-20,2025-11-20,16.53
1995-11-02,2025-11-20,2025-11-20,16.83
1995-11-03,2025-11-20,2025-11-20,16.88
1995-11-06,2025-11-20,2025-11-20,16.78
1995-11-07,2025-11-20,2025-11-20,16.7
1995-11-08,2025-11-20,2025-11-20,16.75
1995-11-09,2025-11-20,2025-11-20,16.9
1995-11-10,2025-11-20,2025-11-20,16.83
1995-11-13,2025-11-20,2025-11-20,16.63
1995-11-14,2025-11-20,2025-11-20,16.58
1995-11-15,2025-11-20,2025-11-20,16.73
1995-11-16,2025-11-20,2025-11-20,16.78
1995-11-17,2025-11-20,2025-11-20,17.03
1995-11-20,2025-11-20,2025-11-20,16.8
1995-11-21,2025-11-20,2025-11-20,16.6
1995-11-22,2025-11-20,2025-11-20,16.9
1995-11-23,2025-11-20,2025-11-20,16.88
1995-11-24,2025-11-20,2025-11-20,16.93
1995-11-27,2025-11-20,2025-11-20,17.2
1995-11-28,2025-11-20,2025-11-20,17.25
1995-11-29,2025-11-20,2025-11-20,17.3
1995-11-30,2025-11-20,2025-11-20,17.13
1995-12-01,2025-11-20,2025-11-20,17.18
1995-12-04,2025-11-20,2025-11-20,17.35
1995-12-05,2025-11-20,2025-11-20,17.53
1995-12-06,2025-11-20,2025-11-20,17.55
1995-12-07,2025-11-20,2025-11-20,17.48
1995-12-08,2025-11-20,2025-11-20,17.73
1995-12-11,2025-11-20,2025-11-20,17.68
1995-12-12,2025-11-20,2025-11-20,17.48
1995-12-13,2025-11-20,2025-11-20,17.7
1995-12-14,2025-11-20,2025-11-20,17.9
1995-12-15,2025-11-20,2025-11-20,18.15
1995-12-18,2025-11-20,2025-11-20,18.33
1995-12-19,2025-11-20,2025-11-20,18.03
1995-12-20,2025-11-20,2025-11-20,18.05
1995-12-21,2025-11-20,2025-11-20,18.1
1995-12-22,2025-11-20,2025-11-20,18.18
1995-12-25,2025-11-20,2025-11-20,
1995-12-26,2025-11-20,2025-11-20,
1995-12-27,2025-11-20,2025-11-20,18.73
1995-12-28,2025-11-20,2025-11-20,18.78
1995-12-29,2025-11-20,2025-11-20,18.65
1996-01-01,2025-11-20,2025-11-20,
1996-01-02,2025-11-20,2025-11-20,18.95
1996-01-03,2025-11-20,2025-11-20,19.15
1996-01-04,2025-11-20,2025-11-20,19.13
1996-01-05,2025-11-20,2025-11-20,19.5
1996-01-08,2025-11-20,2025-11-20,19.68
1996-01-09,2025-11-20,2025-11-20,19.05
1996-01-10,2025-11-20,2025-11-20,18.48
1996-01-11,2025-11-20,2025-11-20,17.85
1996-01-12,2025-11-20,2025-11-20,17.58
1996-01-15,2025-11-20,2025-11-20,17.5
1996-01-16,2025-11-20,2025-11-20,17.73
1996-01-17,2025-11-20,2025-11-20,17.43
1996-01-18,2025-11-20,2025-11-20,17.88
1996-01-19,2025-11-20,2025-11-20,17.53
1996-01-22,2025-11-20,2025-11-20,17.53
1996-01-23,2025-11-20,2025-11-20,17.38
1996-01-24,2025-11-20,2025-11-20,17.33
1996-01-25,2025-11-20,2025-11-20,17.0
1996-01-26,2025-11-20,2025-11-20,16.7
1996-01-29,2025-11-20,2025-11-20,16.23
1996-01-30,2025-11-20,2025-11-20,16.53
1996-01-31,2025-11-20,2025-11-20,16.63
1996-02-01,2025-11-20,2025-11-20,16.78
1996-02-02,2025-11-20,2025-11-20,17.05
1996-02-05,2025-11-20,2025-11-20,16.93
1996-02-06,2025-11-20,2025-11-20,16.83
1996-02-07,2025-11-20,2025-11-20,16.93
1996-02-08,2025-11-20,2025-11-20,17.05
1996-02-09,2025-11-20,2025-11-20,17.23
1996-02-12,2025-11-20,2025-11-20,17.18
1996-02-13,2025-11-20,2025-11-20,18.08
1996-02-14,2025-11-20,2025-11-20,18.28
1996-02-15,2025-11-20,2025-11-20,18.18
1996-02-16,2025-11-20,2025-11-20,18.2
1996-02-19,2025-11-20,2025-11-20,18.2
1996-02-20,2025-11-20,2025-11-20,18.58
1996-02-21,2025-11-20,2025-11-20,19.05
1996-02-22,2025-11-20,2025-11-20,19.28
1996-02-23,2025-11-20,2025-11-20,18.85
1996-02-26,2025-11-20,2025-11-20,18.85
1996-02-27,2025-11-20,2025-11-20,19.0
1996-02-28,2025-11-20,2025-11-20,18.65
1996-02-29,2025-11-20,2025-11-20,18.8
1996-03-01,2025-11-20,2025-11-20,18.55
1996-03-04,2025-11-20,2025-11-20,18.4
1996-03-05,2025-11-20,2025-11-20,18.75
1996-03-06,2025-11-20,2025-11-20,19.18
1996-03-07,2025-11-20,2025-11-20,19.03
1996-03-08,2025-11-20,2025-11-20,18.85
1996-03-11,2025-11-20,2025-11-20,18.93
1996-03-12,2025-11-20,2025-11-20,19.3
1996-03-13,2025-11-20,2025-11-20,19.58
1996-03-14,2025-11-20,2025-11-20,19.4
1996-03-15,2025-11-20,2025-11-20,19.3
1996-03-18,2025-11-20,2025-11-20,20.5
1996-03-19,2025-11-20,2025-11-20,20.35
1996-03-20,2025-11-20,2025-11-20,20.38
1996-03-21,2025-11-20,2025-11-20,20.35
1996-03-22,2025-11-20,2025-11-20,21.15
1996-03-25,2025-11-20,2025-11-20,21.3
1996-03-26,2025-11-20,2025-11-20,21.68
1996-03-27,2025-11-20,2025-11-20,21.33
1996-03-28,2025-11-20,2025-11-20,20.25
1996-03-29,2025-11-20,2025-11-20,20.33
1996-04-01,2025-11-20,2025-11-20,20.8
1996-04-02,2025-11-20,2025-11-20,21.18
1996-04-03,2025-11-20,2025-11-20,20.93
1996-04-04,2025-11-20,2025-11-20,20.85
1996-04-05,2025-11-20,2025-11-20,
1996-04-08,2025-11-20,2025-11-20,
1996-04-09,2025-11-20,2025-11-20,21.43
1996-04-10,2025-11-20,2025-11-20,22.63
1996-04-11,2025-11-20,2025-11-20,23.9
1996-04-12,2025-11-20,2025-11-20,22.73
1996-04-15,2025-11-20,2025-11-20,22.68
1996-04-16,2025-11-20,2025-11-20,21.2
1996-04-17,2025-11-20,2025-11-20,19.88
1996-04-18,2025-11-20,2025-11-20,19.33
1996-04-19,2025-11-20,2025-11-20,19.53
1996-04-22,2025-11-20,2025-11-20,19.38
1996-04-23,2025-11-20,2025-11-20,20.88
1996-04-24,2025-11-20,2025-11-20,20.73
1996-04-25,2025-11-20,2025-11-20,20.35
1996-04-26,2025-11-20,2025-11-20,20.05
1996-04-29,2025-11-20,2025-11-20,20.05
1996-04-30,2025-11-20,2025-11-20,19.5
1996-05-01,2025-11-20,2025-11-20,18.95
1996-05-02,2025-11-20,2025-11-20,19.45
1996-05-03,2025-11-20,2025-11-20,19.38
1996-05-06,2025-11-20,2025-11-20,
1996-05-07,2025-11-20,2025-11-20,20.08
1996-05-08,2025-11-20,2025-11-20,19.85
1996-05-09,2025-11-20,2025-11-20,19.35
1996-05-10,2025-11-20,2025-11-20,19.23
1996-05-13,2025-11-20,2025-11-20,19.48
1996-05-14,2025-11-20,2025-11-20,19.63
1996-05-15,2025-11-20,2025-11-20,19.5
1996-05-16,2025-11-20,2025-11-20,18.63
1996-05-17,2025-11-20,2025-11-20,18.05
1996-05-20,2025-11-20,2025-11-20,18.63
1996-05-21,2025-11-20,2025-11-20,18.7
1996-05-22,2025-11-20,2025-11-20,19.4
1996-05-23,2025-11-20,2025-11-20,19.53
1996-05-24,2025-11-20,2025-11-20,19.73
1996-05-27,2025-11-20,2025-11-20,
1996-05-28,2025-11-20,2025-11-20,19.53
1996-05-29,2025-11-20,2025-11-20,18.95
1996-05-30,2025-11-20,2025-11-20,18.1
1996-05-31,2025-11-20,2025-11-20,18.1
1996-06-03,2025-11-20,2025-11-20,18.25
1996-06-04,2025-11-20,2025-11-20,18.5
1996-06-05,2025-11-20,2025-11-20,18.2
1996-06-06,2025-11-20,2025-11-20,18.18
1996-06-07,2025-11-20,2025-11-20,18.4
1996-06-10,2025-11-20,2025-11-20,18.48
1996-06-11,2025-11-20,2025-11-20,18.28
1996-06-12,2025-11-20,2025-11-20,18.23
1996-06-13,2025-11-20,2025-11-20,17.98
1996-06-14,2025-11-20,2025-11-20,17.83
1996-06-17,2025-11-20,2025-11-20,18.7
1996-06-18,2025-11-20,2025-11-20,18.8
1996-06-19,2025-11-20,2025-11-20,18.4
1996-06-20,2025-11-20,2025-11-20,18.43
1996-06-21,2025-11-20,2025-11-20,18.45
1996-06-24,2025-11-20,2025-11-20,18.38
1996-06-25,2025-11-20,2025-11-20,18.38
1996-06-26,2025-11-20,2025-11-20,18.6
1996-06-27,2025-11-20,2025-11-20,19.38
1996-06-28,2025-11-20,2025-11-20,19.28
1996-07-01,2025-11-20,2025-11-20,19.77
1996-07-02,2025-11-20,2025-11-20,19.43
1996-07-03,2025-11-20,2025-11-20,19.13
1996-07-04,2025-11-20,2025-11-20,19.77
1996-07-05,2025-11-20,2025-11-20,19.99
1996-07-08,2025-11-20,2025-11-20,19.62
1996-07-09,2025-11-20,2025-11-20,19.63
1996-07-10,2025-11-20,2025-11-20,19.8
1996-07-11,2025-11-20,2025-11-20,20.01
1996-07-12,2025-11-20,2025-11-20,19.93
1996-07-15,2025-11-20,2025-11-20,20.2
1996-07-16,2025-11-20,2025-11-20,20.3
1996-07-17,2025-11-20,2025-11-20,19.75
1996-07-18,2025-11-20,2025-11-20,19.95
1996-07-19,2025-11-20,2025-11-20,19.45
1996-07-22,2025-11-20,2025-11-20,19.23
1996-07-23,2025-11-20,2025-11-20,19.5
1996-07-24,2025-11-20,2025-11-20,19.36
1996-07-25,2025-11-20,2025-11-20,19.5
1996-07-26,2025-11-20,2025-11-20,18.92
1996-07-29,2025-11-20,2025-11-20,18.99
1996-07-30,2025-11-20,2025-11-20,18.9
1996-07-31,2025-11-20,2025-11-20,19.0
1996-08-01,2025-11-20,2025-11-20,18.84
1996-08-02,2025-11-20,2025-11-20,19.63
1996-08-05,2025-11-20,2025-11-20,19.65
1996-08-06,2025-11-20,2025-11-20,19.45
1996-08-07,2025-11-20,2025-11-20,19.48
1996-08-08,2025-11-20,2025-11-20,20.03
1996-08-09,2025-11-20,2025-11-20,20.05
1996-08-12,2025-11-20,2025-11-20,20.65
1996-08-13,2025-11-20,2025-11-20,21.03
1996-08-14,2025-11-20,2025-11-20,20.9
1996-08-15,2025-11-20,2025-11-20,20.88
1996-08-16,2025-11-20,2025-11-20,21.3
1996-08-19,2025-11-20,2025-11-20,21.58
1996-08-20,2025-11-20,2025-11-20,21.35
1996-08-21,2025-11-20,2025-11-20,20.8
1996-08-22,2025-11-20,2025-11-20,21.25
1996-08-23,2025-11-20,2025-11-20,20.78
1996-08-26,2025-11-20,2025-11-20,
1996-08-27,2025-11-20,2025-11-20,20.45
1996-08-28,2025-11-20,2025-11-20,20.68
1996-08-29,2025-11-20,2025-11-20,21.0
1996-08-30,2025-11-20,2025-11-20,20.98
1996-09-02,2025-11-20,2025-11-20,22.23
1996-09-03,2025-11-20,2025-11-20,21.9
1996-09-04,2025-11-20,2025-11-20,22.2
1996-09-05,2025-11-20,2025-11-20,22.15
1996-09-06,2025-11-20,2025-11-20,22.43
1996-09-09,2025-11-20,2025-11-20,22.25
1996-09-10,2025-11-20,2025-11-20,22.68
1996-09-11,2025-11-20,2025-11-20,23.3
1996-09-12,2025-11-20,2025-11-20,23.35
1996-09-13,2025-11-20,2025-11-20,23.83
1996-09-16,2025-11-20,2025-11-20,22.6
1996-09-17,2025-11-20,2025-11-20,21.7
1996-09-18,2025-11-20,2025-11-20,22.38
1996-09-19,2025-11-20,2025-11-20,22.08
1996-09-20,2025-11-20,2025-11-20,21.78
1996-09-23,2025-11-20,2025-11-20,22.15
1996-09-24,2025-11-20,2025-11-20,22.78
1996-09-25,2025-11-20,2025-11-20,23.05
1996-09-26,2025-11-20,2025-11-20,23.35
1996-09-27,2025-11-20,2025-11-20,22.9
1996-09-30,2025-11-20,2025-11-20,24.15
1996-10-01,2025-11-20,2025-11-20,23.18
1996-10-02,2025-11-20,2025-11-20,23.13
1996-10-03,2025-11-20,2025-11-20,23.63
1996-10-04,2025-11-20,2025-11-20,23.88
1996-10-07,2025-11-20,2025-11-20,24.28
1996-10-08,2025-11-20,2025-11-20,24.55
1996-10-09,2025-11-20,2025-11-20,24.58
1996-10-10,2025-11-20,2025-11-20,23.63
1996-10-11,2025-11-20,2025-11-20,23.85
1996-10-14,2025-11-20,2025-11-20,24.75
1996-10-15,2025-11-20,2025-11-20,24.58
1996-10-16,2025-11-20,2025-11-20,24.5
1996-10-17,2025-11-20,2025-11-20,24.83
1996-10-18,2025-11-20,2025-11-20,25.18
1996-10-21,2025-11-20,2025-11-20,25.08
1996-10-22,2025-11-20,2025-11-20,25.4
1996-10-23,2025-11-20,2025-11-20,24.6
1996-10-24,2025-11-20,2025-11-20,24.28
1996-10-25,2025-11-20,2025-11-20,24.13
1996-10-28,2025-11-20,2025-11-20,24.45
1996-10-29,2025-11-20,2025-11-20,23.3
1996-10-30,2025-11-20,2025-11-20,23.15
1996-10-31,2025-11-20,2025-11-20,22.8
1996-11-01,2025-11-20,2025-11-20,22.3
1996-11-04,2025-11-20,2025-11-20,22.1
1996-11-05,2025-11-20,2025-11-20,21.85
1996-11-06,2025-11-20,2025-11-20,21.85
1996-11-07,2025-11-20,2025-11-20,21.75
1996-11-08,2025-11-20,2025-11-20,22.4
1996-11-11,2025-11-20,2025-11-20,22.7
1996-11-12,2025-11-20,2025-11-20,22.38
1996-11-13,2025-11-20,2025-11-20,22.88
1996-11-14,2025-11-20,2025-11-20,23.18
1996-11-15,2025-11-20,2025-11-20,23.28
1996-11-18,2025-11-20,2025-11-20,22.75
1996-11-19,2025-11-20,2025-11-20,23.13
1996-11-20,2025-11-20,2025-11-20,23.4
1996-11-21,2025-11-20,2025-11-20,22.9
1996-11-22,2025-11-20,2025-11-20,23.86
1996-11-25,2025-11-20,2025-11-20,23.22
1996-11-26,2025-11-20,2025-11-20,22.78
1996-11-27,2025-11-20,2025-11-20,23.07
1996-11-28,2025-11-20,2025-11-20,23.0
1996-11-29,2025-11-20,2025-11-20,23.17
1996-12-02,2025-11-20,2025-11-20,23.5
1996-12-03,2025-11-20,2025-11-20,24.12
1996-12-04,2025-11-20,2025-11-20,24.21
1996-12-05,2025-11-20,2025-11-20,24.49
1996-12-06,2025-11-20,2025-11-20,24.56
1996-12-09,2025-11-20,2025-11-20,24.18
1996-12-10,2025-11-20,2025-11-20,23.74
1996-12-11,2025-11-20,2025-11-20,22.95
1996-12-12,2025-11-20,2025-11-20,22.65
1996-12-13,2025-11-20,2025-11-20,22.83
1996-12-16,2025-11-20,2025-11-20,23.98
1996-12-17,2025-11-20,2025-11-20,24.05
1996-12-18,2025-11-20,2025-11-20,23.69
1996-12-19,2025-11-20,2025-11-20,24.18
1996-12-20,2025-11-20,2025-11-20,23.96
1996-12-23,2025-11-20,2025-11-20,23.51
1996-12-24,2025-11-20,2025-11-20,23.66
1996-12-25,2025-11-20,2025-11-20,
1996-12-26,2025-11-20,2025-11-20,
1996-12-27,2025-11-20,2025-11-20,23.55
1996-12-30,2025-11-20,2025-11-20,23.95
1996-12-31,2025-11-20,2025-11-20,23.9
1997-01-01,2025-11-20,2025-11-20,
1997-01-02,2025-11-20,2025-11-20,24.45
1997-01-03,2025-11-20,2025-11-20,24.19
1997-01-06,2025-11-20,2025-11-20,24.76
1997-01-07,2025-11-20,2025-11-20,24.76
1997-01-08,2025-11-20,2025-11-20,24.78
1997-01-09,2025-11-20,2025-11-20,24.83
1997-01-10,2025-11-20,2025-11-20,24.22
1997-01-13,2025-11-20,2025-11-20,23.41
1997-01-14,2025-11-20,2025-11-20,
1997-01-15,2025-11-20,2025-11-20,23.31
1997-01-16,2025-11-20,2025-11-20,23.31
1997-01-17,2025-11-20,2025-11-20,22.87
1997-01-20,2025-11-20,2025-11-20,22.86
1997-01-21,2025-11-20,2025-11-20,22.98
1997-01-22,2025-11-20,2025-11-20,22.93
1997-01-23,2025-11-20,2025-11-20,22.93
1997-01-24,2025-11-20,2025-11-20,22.8
1997-01-27,2025-11-20,2025-11-20,22.56
1997-01-28,2025-11-20,2025-11-20,22.62
1997-01-29,2025-11-20,2025-11-20,23.01
1997-01-30,2025-11-20,2025-11-20,23.43
1997-01-31,2025-11-20,2025-11-20,23.28
1997-02-03,2025-11-20,2025-11-20,22.91
1997-02-04,2025-11-20,2025-11-20,22.65
1997-02-05,2025-11-20,2025-11-20,22.69
1997-02-06,2025-11-20,2025-11-20,21.86
1997-02-07,2025-11-20,2025-11-20,
1997-02-10,2025-11-20,2025-11-20,20.73
1997-02-11,2025-11-20,2025-11-20,21.25
1997-02-12,2025-11-20,2025-11-20,21.15
1997-02-13,2025-11-20,2025-11-20,20.47
1997-02-14,2025-11-20,2025-11-20,20.56
1997-02-17,2025-11-20,2025-11-20,20.48
1997-02-18,2025-11-20,2025-11-20,20.56
1997-02-19,2025-11-20,2025-11-20,20.98
1997-02-20,2025-11-20,2025-11-20,20.57
1997-02-21,2025-11-20,2025-11-20,20.13
1997-02-24,2025-11-20,2025-11-20,19.87
1997-02-25,2025-11-20,2025-11-20,20.08
1997-02-26,2025-11-20,2025-11-20,19.82
1997-02-27,2025-11-20,2025-11-20,19.96
1997-02-28,2025-11-20,2025-11-20,19.44
1997-03-03,2025-11-20,2025-11-20,19.1
1997-03-04,2025-11-20,2025-11-20,19.4
1997-03-05,2025-11-20,2025-11-20,19.38
1997-03-06,2025-11-20,2025-11-20,19.55
1997-03-07,2025-11-20,2025-11-20,
1997-03-10,2025-11-20,2025-11-20,19.21
1997-03-11,2025-11-20,2025-11-20,18.57
1997-03-12,2025-11-20,2025-11-20,18.98
1997-03-13,2025-11-20,2025-11-20,19.3
1997-03-14,2025-11-20,2025-11-20,19.44
1997-03-17,2025-11-20,2025-11-20,18.98
1997-03-18,2025-11-20,2025-11-20,19.54
1997-03-19,2025-11-20,2025-11-20,20.0
1997-03-20,2025-11-20,2025-11-20,19.62
1997-03-21,2025-11-20,2025-11-20,19.39
1997-03-24,2025-11-20,2025-11-20,18.93
1997-03-25,2025-11-20,2025-11-20,18.77
1997-03-26,2025-11-20,2025-11-20,18.91
1997-03-27,2025-11-20,2025-11-20,18.53
1997-03-28,2025-11-20,2025-11-20,18.53
1997-03-31,2025-11-20,2025-11-20,18.53
1997-04-01,2025-11-20,2025-11-20,18.15
1997-04-02,2025-11-20,2025-11-20,17.97
1997-04-03,2025-11-20,2025-11-20,17.28
1997-04-04,2025-11-20,2025-11-20,17.25
1997-04-07,2025-11-20,2025-11-20,16.92
1997-04-08,2025-11-20,2025-11-20,16.98
1997-04-09,2025-11-20,2025-11-20,17.02
1997-04-10,2025-11-20,2025-11-20,17.25
1997-04-11,2025-11-20,2025-11-20,17.54
1997-04-14,2025-11-20,2025-11-20,17.61
1997-04-15,2025-11-20,2025-11-20,17.53
1997-04-16,2025-11-20,2025-11-20,17.24
1997-04-17,2025-11-20,2025-11-20,17.0
1997-04-18,2025-11-20,2025-11-20,17.26
1997-04-21,2025-11-20,2025-11-20,17.74
1997-04-22,2025-11-20,2025-11-20,17.72
1997-04-23,2025-11-20,2025-11-20,17.46
1997-04-24,2025-11-20,2025-11-20,17.8
1997-04-25,2025-11-20,2025-11-20,18.07
1997-04-28,2025-11-20,2025-11-20,17.92
1997-04-29,2025-11-20,2025-11-20,18.27
1997-04-30,2025-11-20,2025-11-20,18.25
1997-05-01,2025-11-20,2025-11-20,18.24
1997-05-02,2025-11-20,2025-11-20,17.7
1997-05-05,2025-11-20,2025-11-20,17.72
1997-05-06,2025-11-20,2025-11-20,17.82
1997-05-07,2025-11-20,2025-11-20,17.84
1997-05-08,2025-11-20,2025-11-20,18.32
1997-05-09,2025-11-20,2025-11-20,18.62
1997-05-12,2025-11-20,2025-11-20,19.42
1997-05-13,2025-11-20,2025-11-20,19.4
1997-05-14,2025-11-20,2025-11-20,19.1
1997-05-15,2025-11-20,2025-11-20,19.4
1997-05-16,2025-11-20,2025-11-20,19.77
1997-05-19,2025-11-20,2025-11-20,19.92
1997-05-20,2025-11-20,2025-11-20,19.75
1997-05-21,2025-11-20,2025-11-20,19.7
1997-05-22,2025-11-20,2025-11-20,20.03
1997-05-23,2025-11-20,2025-11-20,20.15
1997-05-26,2025-11-20,2025-11-20,
1997-05-27,2025-11-20,2025-11-20,19.33
1997-05-28,2025-11-20,2025-11-20,18.88
1997-05-29,2025-11-20,2025-11-20,19.38
1997-05-30,2025-11-20,2025-11-20,18.99
1997-06-02,2025-11-20,2025-11-20,19.17
1997-06-03,2025-11-20,2025-11-20,18.59
1997-06-04,2025-11-20,2025-11-20,18.36
1997-06-05,2025-11-20,2025-11-20,17.96
1997-06-06,2025-11-20,2025-11-20,17.43
1997-06-09,2025-11-20,2025-11-20,17.08
1997-06-10,2025-11-20,2025-11-20,17.01
1997-06-11,2025-11-20,2025-11-20,16.69
1997-06-12,2025-11-20,2025-11-20,16.79
1997-06-13,2025-11-20,2025-11-20,16.83
1997-06-16,2025-11-20,2025-11-20,17.15
1997-06-17,2025-11-20,2025-11-20,17.55
1997-06-18,2025-11-20,2025-11-20,17.22
1997-06-19,2025-11-20,2025-11-20,17.34
1997-06-20,2025-11-20,2025-11-20,17.09
1997-06-23,2025-11-20,2025-11-20,17.8
1997-06-24,2025-11-20,2025-11-20,17.65
1997-06-25,2025-11-20,2025-11-20,17.65
1997-06-26,2025-11-20,2025-11-20,17.6
1997-06-27,2025-11-20,2025-11-20,18.0
1997-06-30,2025-11-20,2025-11-20,18.22
1997-07-01,2025-11-20,2025-11-20,
1997-07-02,2025-11-20,2025-11-20,18.83
1997-07-03,2025-11-20,2025-11-20,18.18
1997-07-04,2025-11-20,2025-11-20,
1997-07-07,2025-11-20,2025-11-20,18.28
1997-07-08,2025-11-20,2025-11-20,
1997-07-09,2025-11-20,2025-11-20,18.25
1997-07-10,2025-11-20,2025-11-20,18.16
1997-07-11,2025-11-20,2025-11-20,18.0
1997-07-14,2025-11-20,2025-11-20,17.79
1997-07-15,2025-11-20,2025-11-20,18.19
1997-07-16,2025-11-20,2025-11-20,18.27
1997-07-17,2025-11-20,2025-11-20,18.83
1997-07-18,2025-11-20,2025-11-20,18.21
1997-07-21,2025-11-20,2025-11-20,18.23
1997-07-22,2025-11-20,2025-11-20,18.47
1997-07-23,2025-11-20,2025-11-20,18.71
1997-07-24,2025-11-20,2025-11-20,18.66
1997-07-25,2025-11-20,2025-11-20,18.77
1997-07-28,2025-11-20,2025-11-20,18.76
1997-07-29,2025-11-20,2025-11-20,18.74
1997-07-30,2025-11-20,2025-11-20,19.02
1997-07-31,2025-11-20,2025-11-20,18.94
1997-08-01,2025-11-20,2025-11-20,19.33
1997-08-04,2025-11-20,2025-11-20,19.64
1997-08-05,2025-11-20,2025-11-20,19.51
1997-08-06,2025-11-20,2025-11-20,19.21
1997-08-07,2025-11-20,2025-11-20,18.94
1997-08-08,2025-11-20,2025-11-20,18.56
1997-08-11,2025-11-20,2025-11-20,18.21
1997-08-12,2025-11-20,2025-11-20,18.56
1997-08-13,2025-11-20,2025-11-20,18.63
1997-08-14,2025-11-20,2025-11-20,19.0
1997-08-15,2025-11-20,2025-11-20,18.77
1997-08-18,2025-11-20,2025-11-20,18.41
1997-08-19,2025-11-20,2025-11-20,18.88
1997-08-20,2025-11-20,2025-11-20,18.83
1997-08-21,2025-11-20,2025-11-20,18.26
1997-08-22,2025-11-20,2025-11-20,
1997-08-25,2025-11-20,2025-11-20,17.87
1997-08-26,2025-11-20,2025-11-20,17.58
1997-08-27,2025-11-20,2025-11-20,17.83
1997-08-28,2025-11-20,2025-11-20,17.91
1997-08-29,2025-11-20,2025-11-20,17.98
1997-09-01,2025-11-20,2025-11-20,
1997-09-02,2025-11-20,2025-11-20,18.22
1997-09-03,2025-11-20,2025-11-20,18.12
1997-09-04,2025-11-20,2025-11-20,17.92
1997-09-05,2025-11-20,2025-11-20,18.15
1997-09-08,2025-11-20,2025-11-20,18.03
1997-09-09,2025-11-20,2025-11-20,18.18
1997-09-10,2025-11-20,2025-11-20,18.08
1997-09-11,2025-11-20,2025-11-20,18.21
1997-09-12,2025-11-20,2025-11-20,18.06
1997-09-15,2025-11-20,2025-11-20,18.05
1997-09-16,2025-11-20,2025-11-20,18.4
1997-09-17,2025-11-20,2025-11-20,18.21
1997-09-18,2025-11-20,2025-11-20,18.14
1997-09-19,2025-11-20,2025-11-20,18.32
1997-09-22,2025-11-20,2025-11-20,18.65
1997-09-23,2025-11-20,2025-11-20,18.57
1997-09-24,2025-11-20,2025-11-20,18.52
1997-09-25,2025-11-20,2025-11-20,19.05
1997-09-26,2025-11-20,2025-11-20,19.36
1997-09-29,2025-11-20,2025-11-20,19.48
1997-09-30,2025-11-20,2025-11-20,19.96
1997-10-01,2025-11-20,2025-11-20,19.87
1997-10-02,2025-11-20,2025-11-20,20.08
1997-10-03,2025-11-20,2025-11-20,21.29
1997-10-06,2025-11-20,2025-11-20,20.94
1997-10-07,2025-11-20,2025-11-20,20.71
1997-10-08,2025-11-20,2025-11-20,20.79
1997-10-09,2025-11-20,2025-11-20,20.6
1997-10-10,2025-11-20,2025-11-20,20.73
1997-10-13,2025-11-20,2025-11-20,20.08
1997-10-14,2025-11-20,2025-11-20,19.4
1997-10-15,2025-11-20,2025-11-20,19.27
1997-10-16,2025-11-20,2025-11-20,19.56
1997-10-17,2025-11-20,2025-11-20,19.43
1997-10-20,2025-11-20,2025-11-20,19.29
1997-10-21,2025-11-20,2025-11-20,19.3
1997-10-22,2025-11-20,2025-11-20,19.86
1997-10-23,2025-11-20,2025-11-20,19.89
1997-10-24,2025-11-20,2025-11-20,19.45
1997-10-27,2025-11-20,2025-11-20,19.63
1997-10-28,2025-11-20,2025-11-20,18.86
1997-10-29,2025-11-20,2025-11-20,19.0
1997-10-30,2025-11-20,2025-11-20,19.45
1997-10-31,2025-11-20,2025-11-20,19.42
1997-11-03,2025-11-20,2025-11-20,19.48
1997-11-04,2025-11-20,2025-11-20,19.1
1997-11-05,2025-11-20,2025-11-20,18.93
1997-11-06,2025-11-20,2025-11-20,18.97
1997-11-07,2025-11-20,2025-11-20,19.24
1997-11-10,2025-11-20,2025-11-20,19.14
1997-11-11,2025-11-20,2025-11-20,
1997-11-12,2025-11-20,2025-11-20,19.26
1997-11-13,2025-11-20,2025-11-20,19.71
1997-11-14,2025-11-20,2025-11-20,20.24
1997-11-17,2025-11-20,2025-11-20,19.54
1997-11-18,2025-11-20,2025-11-20,19.39
1997-11-19,2025-11-20,2025-11-20,19.41
1997-11-20,2025-11-20,2025-11-20,18.82
1997-11-21,2025-11-20,2025-11-20,18.83
1997-11-24,2025-11-20,2025-11-20,19.01
1997-11-25,2025-11-20,2025-11-20,19.14
1997-11-26,2025-11-20,2025-11-20,18.5
1997-11-27,2025-11-20,2025-11-20,18.64
1997-11-28,2025-11-20,2025-11-20,18.96
1997-12-01,2025-11-20,2025-11-20,18.01
1997-12-02,2025-11-20,2025-11-20,18.04
1997-12-03,2025-11-20,2025-11-20,17.94
1997-12-04,2025-11-20,2025-11-20,17.7
1997-12-05,2025-11-20,2025-11-20,17.91
1997-12-08,2025-11-20,2025-11-20,17.87
1997-12-09,2025-11-20,2025-11-20,17.57
1997-12-10,2025-11-20,2025-11-20,17.08
1997-12-11,2025-11-20,2025-11-20,16.98
1997-12-12,2025-11-20,2025-11-20,17.12
1997-12-15,2025-11-20,2025-11-20,16.89
1997-12-16,2025-11-20,2025-11-20,16.8
1997-12-17,2025-11-20,2025-11-20,16.98
1997-12-18,2025-11-20,2025-11-20,17.34
1997-12-19,2025-11-20,2025-11-20,17.2
1997-12-22,2025-11-20,2025-11-20,17.04
1997-12-23,2025-11-20,2025-11-20,17.09
1997-12-24,2025-11-20,2025-11-20,17.04
1997-12-25,2025-11-20,2025-11-20,
1997-12-26,2025-11-20,2025-11-20,
1997-12-29,2025-11-20,2025-11-20,16.35
1997-12-30,2025-11-20,2025-11-20,16.01
1997-12-31,2025-11-20,2025-11-20,15.86
1998-01-01,2025-11-20,2025-11-20,
1998-01-02,2025-11-20,2025-11-20,15.77
1998-01-05,2025-11-20,2025-11-20,15.29
1998-01-06,2025-11-20,2025-11-20,15.48
1998-01-07,2025-11-20,2025-11-20,15.33
1998-01-08,2025-11-20,2025-11-20,15.47
1998-01-09,2025-11-20,2025-11-20,15.33
1998-01-12,2025-11-20,2025-11-20,15.07
1998-01-13,2025-11-20,2025-11-20,15.08
1998-01-14,2025-11-20,2025-11-20,14.81
1998-01-15,2025-11-20,2025-11-20,14.75
1998-01-16,2025-11-20,2025-11-20,14.89
1998-01-19,2025-11-20,2025-11-20,15.38
1998-01-20,2025-11-20,2025-11-20,14.95
1998-01-21,2025-11-20,2025-11-20,14.67
1998-01-22,2025-11-20,2025-11-20,14.35
1998-01-23,2025-11-20,2025-11-20,14.26
1998-01-26,2025-11-20,2025-11-20,14.79
1998-01-27,2025-11-20,2025-11-20,15.74
1998-01-28,2025-11-20,2025-11-20,15.64
1998-01-29,2025-11-20,2025-11-20,16.28
1998-01-30,2025-11-20,2025-11-20,15.59
1998-02-02,2025-11-20,2025-11-20,15.28
1998-02-03,2025-11-20,2025-11-20,14.87
1998-02-04,2025-11-20,2025-11-20,14.56
1998-02-05,2025-11-20,2025-11-20,14.83
1998-02-06,2025-11-20,2025-11-20,15.05
1998-02-09,2025-11-20,2025-11-20,14.77
1998-02-10,2025-11-20,2025-11-20,14.6
1998-02-11,2025-11-20,2025-11-20,14.35
1998-02-12,2025-11-20,2025-11-20,14.04
1998-02-13,2025-11-20,2025-11-20,14.05
1998-02-16,2025-11-20,2025-11-20,13.5
1998-02-17,2025-11-20,2025-11-20,13.5
1998-02-18,2025-11-20,2025-11-20,13.46
1998-02-19,2025-11-20,2025-11-20,14.02
1998-02-20,2025-11-20,2025-11-20,13.91
1998-02-23,2025-11-20,2025-11-20,13.26
1998-02-24,2025-11-20,2025-11-20,13.08
1998-02-25,2025-11-20,2025-11-20,13.35
1998-02-26,2025-11-20,2025-11-20,13.38
1998-02-27,2025-11-20,2025-11-20,13.53
1998-03-02,2025-11-20,2025-11-20,13.37
1998-03-03,2025-11-20,2025-11-20,13.18
1998-03-04,2025-11-20,2025-11-20,13.09
1998-03-05,2025-11-20,2025-11-20,13.18
1998-03-06,2025-11-20,2025-11-20,12.85
1998-03-09,2025-11-20,2025-11-20,12.24
1998-03-10,2025-11-20,2025-11-20,12.36
1998-03-11,2025-11-20,2025-11-20,12.41
1998-03-12,2025-11-20,2025-11-20,12.3
1998-03-13,2025-11-20,2025-11-20,12.25
1998-03-16,2025-11-20,2025-11-20,11.74
1998-03-17,2025-11-20,2025-11-20,11.05
1998-03-18,2025-11-20,2025-11-20,12.21
1998-03-19,2025-11-20,2025-11-20,12.41
1998-03-20,2025-11-20,2025-11-20,12.35
1998-03-23,2025-11-20,2025-11-20,14.53
1998-03-24,2025-11-20,2025-11-20,14.02
1998-03-25,2025-11-20,2025-11-20,14.41
1998-03-26,2025-11-20,2025-11-20,15.18
1998-03-27,2025-11-20,2025-11-20,14.92
1998-03-30,2025-11-20,2025-11-20,14.35
1998-03-31,2025-11-20,2025-11-20,13.87
1998-04-01,2025-11-20,2025-11-20,13.72
1998-04-02,2025-11-20,2025-11-20,13.38
1998-04-03,2025-11-20,2025-11-20,13.63
1998-04-06,2025-11-20,2025-11-20,13.13
1998-04-07,2025-11-20,2025-11-20,12.82
1998-04-08,2025-11-20,2025-11-20,12.79
1998-04-09,2025-11-20,2025-11-20,13.23
1998-04-10,2025-11-20,2025-11-20,
1998-04-13,2025-11-20,2025-11-20,
1998-04-14,2025-11-20,2025-11-20,13.15
1998-04-15,2025-11-20,2025-11-20,13.31
1998-04-16,2025-11-20,2025-11-20,13.68
1998-04-17,2025-11-20,2025-11-20,14.06
1998-04-20,2025-11-20,2025-11-20,13.82
1998-04-21,2025-11-20,2025-11-20,13.95
1998-04-22,2025-11-20,2025-11-20,13.71
1998-04-23,2025-11-20,2025-11-20,13.42
1998-04-24,2025-11-20,2025-11-20,13.32
1998-04-27,2025-11-20,2025-11-20,13.65
1998-04-28,2025-11-20,2025-11-20,13.88
1998-04-29,2025-11-20,2025-11-20,14.09
1998-04-30,2025-11-20,2025-11-20,13.79
1998-05-01,2025-11-20,2025-11-20,14.6
1998-05-04,2025-11-20,2025-11-20,
1998-05-05,2025-11-20,2025-11-20,14.13
1998-05-06,2025-11-20,2025-11-20,13.91
1998-05-07,2025-11-20,2025-11-20,13.81
1998-05-08,2025-11-20,2025-11-20,13.94
1998-05-11,2025-11-20,2025-11-20,14.41
1998-05-12,2025-11-20,2025-11-20,14.75
1998-05-13,2025-11-20,2025-11-20,14.15
1998-05-14,2025-11-20,2025-11-20,14.29
1998-05-15,2025-11-20,2025-11-20,14.33
1998-05-18,2025-11-20,2025-11-20,14.72
1998-05-19,2025-11-20,2025-11-20,14.87
1998-05-20,2025-11-20,2025-11-20,14.58
1998-05-21,2025-11-20,2025-11-20,14.29
1998-05-22,2025-11-20,2025-11-20,14.33
1998-05-25,2025-11-20,2025-11-20,
1998-05-26,2025-11-20,2025-11-20,14.27
1998-05-27,2025-11-20,2025-11-20,14.78
1998-05-28,2025-11-20,2025-11-20,14.71
1998-05-29,2025-11-20,2025-11-20,14.03
1998-06-01,2025-11-20,2025-11-20,13.66
1998-06-02,2025-11-20,2025-11-20,13.62
1998-06-03,2025-11-20,2025-11-20,13.23
1998-06-04,2025-11-20,2025-11-20,13.71
1998-06-05,2025-11-20,2025-11-20,13.95
1998-06-08,2025-11-20,2025-11-20,13.56
1998-06-09,2025-11-20,2025-11-20,12.76
1998-06-10,2025-11-20,2025-11-20,12.23
1998-06-11,2025-11-20,2025-11-20,12.12
1998-06-12,2025-11-20,2025-11-20,11.62
1998-06-15,2025-11-20,2025-11-20,10.77
1998-06-16,2025-11-20,2025-11-20,10.77
1998-06-17,2025-11-20,2025-11-20,11.3
1998-06-18,2025-11-20,2025-11-20,10.88
1998-06-19,2025-11-20,2025-11-20,10.89
1998-06-22,2025-11-20,2025-11-20,11.23
1998-06-23,2025-11-20,2025-11-20,12.09
1998-06-24,2025-11-20,2025-11-20,12.5
1998-06-25,2025-11-20,2025-11-20,11.94
1998-06-26,2025-11-20,2025-11-20,12.04
1998-06-29,2025-11-20,2025-11-20,11.83
1998-06-30,2025-11-20,2025-11-20,11.84
1998-07-01,2025-11-20,2025-11-20,11.93
1998-07-02,2025-11-20,2025-11-20,11.95
1998-07-03,2025-11-20,2025-11-20,11.79
1998-07-06,2025-11-20,2025-11-20,11.7
1998-07-07,2025-11-20,2025-11-20,11.66
1998-07-08,2025-11-20,2025-11-20,11.71
1998-07-09,2025-11-20,2025-11-20,11.61
1998-07-10,2025-11-20,2025-11-20,11.61
1998-07-13,2025-11-20,2025-11-20,11.56
1998-07-14,2025-11-20,2025-11-20,11.83
1998-07-15,2025-11-20,2025-11-20,11.79
1998-07-16,2025-11-20,2025-11-20,12.65
1998-07-17,2025-11-20,2025-11-20,12.38
1998-07-20,2025-11-20,2025-11-20,12.11
1998-07-21,2025-11-20,2025-11-20,12.01
1998-07-22,2025-11-20,2025-11-20,12.21
1998-07-23,2025-11-20,2025-11-20,12.23
1998-07-24,2025-11-20,2025-11-20,12.05
1998-07-27,2025-11-20,2025-11-20,12.53
1998-07-28,2025-11-20,2025-11-20,12.74
1998-07-29,2025-11-20,2025-11-20,12.6
1998-07-30,2025-11-20,2025-11-20,12.55
1998-07-31,2025-11-20,2025-11-20,12.63
1998-08-03,2025-11-20,2025-11-20,12.04
1998-08-04,2025-11-20,2025-11-20,12.03
1998-08-05,2025-11-20,2025-11-20,12.32
1998-08-06,2025-11-20,2025-11-20,12.08
1998-08-07,2025-11-20,2025-11-20,12.05
1998-08-10,2025-11-20,2025-11-20,11.62
1998-08-11,2025-11-20,2025-11-20,11.16
1998-08-12,2025-11-20,2025-11-20,11.24
1998-08-13,2025-11-20,2025-11-20,11.48
1998-08-14,2025-11-20,2025-11-20,11.46
1998-08-17,2025-11-20,2025-11-20,11.93
1998-08-18,2025-11-20,2025-11-20,11.87
1998-08-19,2025-11-20,2025-11-20,11.99
1998-08-20,2025-11-20,2025-11-20,12.21
1998-08-21,2025-11-20,2025-11-20,12.02
1998-08-24,2025-11-20,2025-11-20,12.15
1998-08-25,2025-11-20,2025-11-20,12.43
1998-08-26,2025-11-20,2025-11-20,12.24
1998-08-27,2025-11-20,2025-11-20,11.9
1998-08-28,2025-11-20,2025-11-20,12.06
1998-08-31,2025-11-20,2025-11-20,
1998-09-01,2025-11-20,2025-11-20,12.11
1998-09-02,2025-11-20,2025-11-20,12.05
1998-09-03,2025-11-20,2025-11-20,12.54
1998-09-04,2025-11-20,2025-11-20,12.96
1998-09-07,2025-11-20,2025-11-20,12.51
1998-09-08,2025-11-20,2025-11-20,12.53
1998-09-09,2025-11-20,2025-11-20,12.53
1998-09-10,2025-11-20,2025-11-20,12.82
1998-09-11,2025-11-20,2025-11-20,12.66
1998-09-14,2025-11-20,2025-11-20,12.47
1998-09-15,2025-11-20,2025-11-20,12.61
1998-09-16,2025-11-20,2025-11-20,12.65
1998-09-17,2025-11-20,2025-11-20,12.97
1998-09-18,2025-11-20,2025-11-20,13.92
1998-09-21,2025-11-20,2025-11-20,14.31
1998-09-22,2025-11-20,2025-11-20,14.36
1998-09-23,2025-11-20,2025-11-20,14.67
1998-09-24,2025-11-20,2025-11-20,14.84
1998-09-25,2025-11-20,2025-11-20,14.55
1998-09-28,2025-11-20,2025-11-20,14.41
1998-09-29,2025-11-20,2025-11-20,14.38
1998-09-30,2025-11-20,2025-11-20,14.71
1998-10-01,2025-11-20,2025-11-20,14.46
1998-10-02,2025-11-20,2025-11-20,14.21
1998-10-05,2025-11-20,2025-11-20,14.1
1998-10-06,2025-11-20,2025-11-20,13.98
1998-10-07,2025-11-20,2025-11-20,13.88
1998-10-08,2025-11-20,2025-11-20,13.23
1998-10-09,2025-11-20,2025-11-20,12.87
1998-10-12,2025-11-20,2025-11-20,13.18
1998-10-13,2025-11-20,2025-11-20,12.73
1998-10-14,2025-11-20,2025-11-20,12.26
1998-10-15,2025-11-20,2025-11-20,11.98
1998-10-16,2025-11-20,2025-11-20,12.11
1998-10-19,2025-11-20,2025-11-20,11.6
1998-10-20,2025-11-20,2025-11-20,11.29
1998-10-21,2025-11-20,2025-11-20,11.94
1998-10-22,2025-11-20,2025-11-20,11.68
1998-10-23,2025-11-20,2025-11-20,12.18
1998-10-26,2025-11-20,2025-11-20,12.74
1998-10-27,2025-11-20,2025-11-20,12.46
1998-10-28,2025-11-20,2025-11-20,12.26
1998-10-29,2025-11-20,2025-11-20,12.31
1998-10-30,2025-11-20,2025-11-20,12.0
1998-11-02,2025-11-20,2025-11-20,12.43
1998-11-03,2025-11-20,2025-11-20,11.93
1998-11-04,2025-11-20,2025-11-20,11.88
1998-11-05,2025-11-20,2025-11-20,11.73
1998-11-06,2025-11-20,2025-11-20,11.51
1998-11-09,2025-11-20,2025-11-20,11.15
1998-11-10,2025-11-20,2025-11-20,11.18
1998-11-11,2025-11-20,2025-11-20,11.45
1998-11-12,2025-11-20,2025-11-20,11.56
1998-11-13,2025-11-20,2025-11-20,11.46
1998-11-16,2025-11-20,2025-11-20,11.1
1998-11-17,2025-11-20,2025-11-20,10.62
1998-11-18,2025-11-20,2025-11-20,10.25
1998-11-19,2025-11-20,2025-11-20,10.45
1998-11-20,2025-11-20,2025-11-20,10.4
1998-11-23,2025-11-20,2025-11-20,10.54
1998-11-24,2025-11-20,2025-11-20,10.58
1998-11-25,2025-11-20,2025-11-20,10.51
1998-11-26,2025-11-20,2025-11-20,10.41
1998-11-27,2025-11-20,2025-11-20,10.77
1998-11-30,2025-11-20,2025-11-20,9.91
1998-12-01,2025-11-20,2025-11-20,9.87
1998-12-02,2025-11-20,2025-11-20,9.71
1998-12-03,2025-11-20,2025-11-20,10.05
1998-12-04,2025-11-20,2025-11-20,9.73
1998-12-07,2025-11-20,2025-11-20,9.7
1998-12-08,2025-11-20,2025-11-20,9.68
1998-12-09,2025-11-20,2025-11-20,9.46
1998-12-10,2025-11-20,2025-11-20,9.1
1998-12-11,2025-11-20,2025-11-20,9.26
1998-12-14,2025-11-20,2025-11-20,9.45
1998-12-15,2025-11-20,2025-11-20,9.57
1998-12-16,2025-11-20,2025-11-20,10.87
1998-12-17,2025-11-20,2025-11-20,9.92
1998-12-18,2025-11-20,2025-11-20,9.62
1998-12-21,2025-11-20,2025-11-20,9.45
1998-12-22,2025-11-20,2025-11-20,9.83
1998-12-23,2025-11-20,2025-11-20,9.91
1998-12-24,2025-11-20,2025-11-20,9.91
1998-12-25,2025-11-20,2025-11-20,
1998-12-28,2025-11-20,2025-11-20,
1998-12-29,2025-11-20,2025-11-20,10.23
1998-12-30,2025-11-20,2025-11-20,10.45
1998-12-31,2025-11-20,2025-11-20,10.54
1999-01-01,2025-11-20,2025-11-20,
1999-01-04,2025-11-20,2025-11-20,10.94
1999-01-05,2025-11-20,2025-11-20,10.3
1999-01-06,2025-11-20,2025-11-20,10.67
1999-01-07,2025-11-20,2025-11-20,11.08
1999-01-08,2025-11-20,2025-11-20,11.7
1999-01-11,2025-11-20,2025-11-20,12.07
1999-01-12,2025-11-20,2025-11-20,11.78
1999-01-13,2025-11-20,2025-11-20,10.9
1999-01-14,2025-11-20,2025-11-20,11.1
1999-01-15,2025-11-20,2025-11-20,10.97
1999-01-18,2025-11-20,2025-11-20,10.81
1999-01-19,2025-11-20,2025-11-20,11.19
1999-01-20,2025-11-20,2025-11-20,10.85
1999-01-21,2025-11-20,2025-11-20,11.14
1999-01-22,2025-11-20,2025-11-20,11.23
1999-01-25,2025-11-20,2025-11-20,11.21
1999-01-26,2025-11-20,2025-11-20,10.84
1999-01-27,2025-11-20,2025-11-20,11.03
1999-01-28,2025-11-20,2025-11-20,11.14
1999-01-29,2025-11-20,2025-11-20,11.34
1999-02-01,2025-11-20,2025-11-20,10.81
1999-02-02,2025-11-20,2025-11-20,10.39
1999-02-03,2025-11-20,2025-11-20,10.78
1999-02-04,2025-11-20,2025-11-20,10.42
1999-02-05,2025-11-20,2025-11-20,10.18
1999-02-08,2025-11-20,2025-11-20,9.97
1999-02-09,2025-11-20,2025-11-20,9.77
1999-02-10,2025-11-20,2025-11-20,9.88
1999-02-11,2025-11-20,2025-11-20,9.82
1999-02-12,2025-11-20,2025-11-20,9.97
1999-02-15,2025-11-20,2025-11-20,
1999-02-16,2025-11-20,2025-11-20,9.98
1999-02-17,2025-11-20,2025-11-20,10.09
1999-02-18,2025-11-20,2025-11-20,9.93
1999-02-19,2025-11-20,2025-11-20,10.29
1999-02-22,2025-11-20,2025-11-20,10.24
1999-02-23,2025-11-20,2025-11-20,10.58
1999-02-24,2025-11-20,2025-11-20,10.64
1999-02-25,2025-11-20,2025-11-20,10.84
1999-02-26,2025-11-20,2025-11-20,10.58
1999-03-01,2025-11-20,2025-11-20,10.52
1999-03-02,2025-11-20,2025-11-20,10.41
1999-03-03,2025-11-20,2025-11-20,10.81
1999-03-04,2025-11-20,2025-11-20,11.2
1999-03-05,2025-11-20,2025-11-20,11.02
1999-03-08,2025-11-20,2025-11-20,11.49
1999-03-09,2025-11-20,2025-11-20,11.25
1999-03-10,2025-11-20,2025-11-20,11.46
1999-03-11,2025-11-20,2025-11-20,11.86
1999-03-12,2025-11-20,2025-11-20,12.3
1999-03-15,2025-11-20,2025-11-20,12.17
1999-03-16,2025-11-20,2025-11-20,12.11
1999-03-17,2025-11-20,2025-11-20,12.95
1999-03-18,2025-11-20,2025-11-20,13.35
1999-03-19,2025-11-20,2025-11-20,13.15
1999-03-22,2025-11-20,2025-11-20,13.37
1999-03-23,2025-11-20,2025-11-20,13.64
1999-03-24,2025-11-20,2025-11-20,13.37
1999-03-25,2025-11-20,2025-11-20,13.5
1999-03-26,2025-11-20,2025-11-20,13.97
1999-03-29,2025-11-20,2025-11-20,14.34
1999-03-30,2025-11-20,2025-11-20,14.5
1999-03-31,2025-11-20,2025-11-20,15.02
1999-04-01,2025-11-20,2025-11-20,14.6
1999-04-02,2025-11-20,2025-11-20,
1999-04-05,2025-11-20,2025-11-20,
1999-04-06,2025-11-20,2025-11-20,14.53
1999-04-07,2025-11-20,2025-11-20,14.14
1999-04-08,2025-11-20,2025-11-20,13.72
1999-04-09,2025-11-20,2025-11-20,14.11
1999-04-12,2025-11-20,2025-11-20,14.23
1999-04-13,2025-11-20,2025-11-20,14.68
1999-04-14,2025-11-20,2025-11-20,14.45
1999-04-15,2025-11-20,2025-11-20,14.82
1999-04-16,2025-11-20,2025-11-20,15.34
1999-04-19,2025-11-20,2025-11-20,16.01
1999-04-20,2025-11-20,2025-11-20,16.04
1999-04-21,2025-11-20,2025-11-20,15.96
1999-04-22,2025-11-20,2025-11-20,16.29
1999-04-23,2025-11-20,2025-11-20,16.07
1999-04-26,2025-11-20,2025-11-20,15.63
1999-04-27,2025-11-20,2025-11-20,15.91
1999-04-28,2025-11-20,2025-11-20,16.38
1999-04-29,2025-11-20,2025-11-20,16.53
1999-04-30,2025-11-20,2025-11-20,16.45
1999-05-03,2025-11-20,2025-11-20,
1999-05-04,2025-11-20,2025-11-20,16.98
1999-05-05,2025-11-20,2025-11-20,16.85
1999-05-06,2025-11-20,2025-11-20,16.44
1999-05-07,2025-11-20,2025-11-20,15.66
1999-05-10,2025-11-20,2025-11-20,15.72
1999-05-11,2025-11-20,2025-11-20,15.23
1999-05-12,2025-11-20,2025-11-20,14.74
1999-05-13,2025-11-20,2025-11-20,15.21
1999-05-14,2025-11-20,2025-11-20,15.18
1999-05-17,2025-11-20,2025-11-20,14.98
1999-05-18,2025-11-20,2025-11-20,14.43
1999-05-19,2025-11-20,2025-11-20,14.42
1999-05-20,2025-11-20,2025-11-20,14.44
1999-05-21,2025-11-20,2025-11-20,14.49
1999-05-24,2025-11-20,2025-11-20,14.83
1999-05-25,2025-11-20,2025-11-20,14.71
1999-05-26,2025-11-20,2025-11-20,15.18
1999-05-27,2025-11-20,2025-11-20,15.04
1999-05-28,2025-11-20,2025-11-20,14.75
1999-05-31,2025-11-20,2025-11-20,
1999-06-01,2025-11-20,2025-11-20,14.22
1999-06-02,2025-11-20,2025-11-20,14.28
1999-06-03,2025-11-20,2025-11-20,14.26
1999-06-04,2025-11-20,2025-11-20,15.21
1999-06-07,2025-11-20,2025-11-20,15.98
1999-06-08,2025-11-20,2025-11-20,16.25
1999-06-09,2025-11-20,2025-11-20,16.19
1999-06-10,2025-11-20,2025-11-20,15.99
1999-06-11,2025-11-20,2025-11-20,16.25
1999-06-14,2025-11-20,2025-11-20,16.05
1999-06-15,2025-11-20,2025-11-20,16.33
1999-06-16,2025-11-20,2025-11-20,16.29
1999-06-17,2025-11-20,2025-11-20,16.0
1999-06-18,2025-11-20,2025-11-20,15.93
1999-06-21,2025-11-20,2025-11-20,15.64
1999-06-22,2025-11-20,2025-11-20,15.91
1999-06-23,2025-11-20,2025-11-20,16.04
1999-06-24,2025-11-20,2025-11-20,16.28
1999-06-25,2025-11-20,2025-11-20,16.27
1999-06-28,2025-11-20,2025-11-20,16.27
1999-06-29,2025-11-20,2025-11-20,16.38
1999-06-30,2025-11-20,2025-11-20,16.97
1999-07-01,2025-11-20,2025-11-20,17.25
1999-07-02,2025-11-20,2025-11-20,17.55
1999-07-05,2025-11-20,2025-11-20,
1999-07-06,2025-11-20,2025-11-20,18.47
1999-07-07,2025-11-20,2025-11-20,18.36
1999-07-08,2025-11-20,2025-11-20,18.74
1999-07-09,2025-11-20,2025-11-20,18.9
1999-07-12,2025-11-20,2025-11-20,18.94
1999-07-13,2025-11-20,2025-11-20,19.49
1999-07-14,2025-11-20,2025-11-20,19.48
1999-07-15,2025-11-20,2025-11-20,18.9
1999-07-16,2025-11-20,2025-11-20,19.42
1999-07-19,2025-11-20,2025-11-20,19.75
1999-07-20,2025-11-20,2025-11-20,19.33
1999-07-21,2025-11-20,2025-11-20,18.62
1999-07-22,2025-11-20,2025-11-20,19.01
1999-07-23,2025-11-20,2025-11-20,19.69
1999-07-26,2025-11-20,2025-11-20,19.73
1999-07-27,2025-11-20,2025-11-20,19.46
1999-07-28,2025-11-20,2025-11-20,19.65
1999-07-29,2025-11-20,2025-11-20,19.97
1999-07-30,2025-11-20,2025-11-20,19.97
1999-08-02,2025-11-20,2025-11-20,19.21
1999-08-03,2025-11-20,2025-11-20,19.32
1999-08-04,2025-11-20,2025-11-20,19.38
1999-08-05,2025-11-20,2025-11-20,19.64
1999-08-06,2025-11-20,2025-11-20,19.66
1999-08-09,2025-11-20,2025-11-20,19.34
1999-08-10,2025-11-20,2025-11-20,20.18
1999-08-11,2025-11-20,2025-11-20,20.58
1999-08-12,2025-11-20,2025-11-20,20.32
1999-08-13,2025-11-20,2025-11-20,20.61
1999-08-16,2025-11-20,2025-11-20,20.68
1999-08-17,2025-11-20,2025-11-20,20.61
1999-08-18,2025-11-20,2025-11-20,20.69
1999-08-19,2025-11-20,2025-11-20,20.92
1999-08-20,2025-11-20,2025-11-20,21.11
1999-08-23,2025-11-20,2025-11-20,20.96
1999-08-24,2025-11-20,2025-11-20,20.48
1999-08-25,2025-11-20,2025-11-20,19.71
1999-08-26,2025-11-20,2025-11-20,19.8
1999-08-27,2025-11-20,2025-11-20,20.32
1999-08-30,2025-11-20,2025-11-20,
1999-08-31,2025-11-20,2025-11-20,21.08
1999-09-01,2025-11-20,2025-11-20,21.1
1999-09-02,2025-11-20,2025-11-20,20.66
1999-09-03,2025-11-20,2025-11-20,20.74
1999-09-06,2025-11-20,2025-11-20,21.14
1999-09-07,2025-11-20,2025-11-20,21.71
1999-09-08,2025-11-20,2025-11-20,21.96
1999-09-09,2025-11-20,2025-11-20,22.51
1999-09-10,2025-11-20,2025-11-20,22.36
1999-09-13,2025-11-20,2025-11-20,22.98
1999-09-14,2025-11-20,2025-11-20,23.18
1999-09-15,2025-11-20,2025-11-20,23.25
1999-09-16,2025-11-20,2025-11-20,23.06
1999-09-17,2025-11-20,2025-11-20,22.93
1999-09-20,2025-11-20,2025-11-20,22.85
1999-09-21,2025-11-20,2025-11-20,22.68
1999-09-22,2025-11-20,2025-11-20,22.49
1999-09-23,2025-11-20,2025-11-20,23.41
1999-09-24,2025-11-20,2025-11-20,23.66
1999-09-27,2025-11-20,2025-11-20,23.6
1999-09-28,2025-11-20,2025-11-20,23.24
1999-09-29,2025-11-20,2025-11-20,23.46
1999-09-30,2025-11-20,2025-11-20,22.98
1999-10-01,2025-11-20,2025-11-20,22.98
1999-10-04,2025-11-20,2025-11-20,23.3
1999-10-05,2025-11-20,2025-11-20,22.64
1999-10-06,2025-11-20,2025-11-20,23.07
1999-10-07,2025-11-20,2025-11-20,22.33
1999-10-08,2025-11-20,2025-11-20,20.78
1999-10-11,2025-11-20,2025-11-20,20.84
1999-10-12,2025-11-20,2025-11-20,21.89
1999-10-13,2025-11-20,2025-11-20,22.26
1999-10-14,2025-11-20,2025-11-20,22.28
1999-10-15,2025-11-20,2025-11-20,21.65
1999-10-18,2025-11-20,2025-11-20,22.26
1999-10-19,2025-11-20,2025-11-20,21.59
1999-10-20,2025-11-20,2025-11-20,21.02
1999-10-21,2025-11-20,2025-11-20,21.68
1999-10-22,2025-11-20,2025-11-20,22.38
1999-10-25,2025-11-20,2025-11-20,22.45
1999-10-26,2025-11-20,2025-11-20,22.14
1999-10-27,2025-11-20,2025-11-20,22.18
1999-10-28,2025-11-20,2025-11-20,21.22
1999-10-29,2025-11-20,2025-11-20,21.11
1999-11-01,2025-11-20,2025-11-20,21.32
1999-11-02,2025-11-20,2025-11-20,21.98
1999-11-03,2025-11-20,2025-11-20,22.38
1999-11-04,2025-11-20,2025-11-20,22.64
1999-11-05,2025-11-20,2025-11-20,22.8
1999-11-08,2025-11-20,2025-11-20,23.62
1999-11-09,2025-11-20,2025-11-20,24.44
1999-11-10,2025-11-20,2025-11-20,25.42
1999-11-11,2025-11-20,2025-11-20,24.96
1999-11-12,2025-11-20,2025-11-20,25.39
1999-11-15,2025-11-20,2025-11-20,25.93
1999-11-16,2025-11-20,2025-11-20,24.88
1999-11-17,2025-11-20,2025-11-20,24.98
1999-11-18,2025-11-20,2025-11-20,25.02
1999-11-19,2025-11-20,2025-11-20,25.14
1999-11-22,2025-11-20,2025-11-20,25.86
1999-11-23,2025-11-20,2025-11-20,25.66
1999-11-24,2025-11-20,2025-11-20,25.77
1999-11-25,2025-11-20,2025-11-20,25.94
1999-11-26,2025-11-20,2025-11-20,25.85
1999-11-29,2025-11-20,2025-11-20,25.67
1999-11-30,2025-11-20,2025-11-20,25.2
1999-12-01,2025-11-20,2025-11-20,24.2
1999-12-02,2025-11-20,2025-11-20,25.52
1999-12-03,2025-11-20,2025-11-20,26.17
1999-12-06,2025-11-20,2025-11-20,26.46
1999-12-07,2025-11-20,2025-11-20,26.1
1999-12-08,2025-11-20,2025-11-20,25.45
1999-12-09,2025-11-20,2025-11-20,25.85
1999-12-10,2025-11-20,2025-11-20,24.86
1999-12-13,2025-11-20,2025-11-20,24.31
1999-12-14,2025-11-20,2025-11-20,24.88
1999-12-15,2025-11-20,2025-11-20,25.68
1999-12-16,2025-11-20,2025-11-20,26.09
1999-12-17,2025-11-20,2025-11-20,26.22
1999-12-20,2025-11-20,2025-11-20,25.98
1999-12-21,2025-11-20,2025-11-20,25.51
1999-12-22,2025-11-20,2025-11-20,25.04
1999-12-23,2025-11-20,2025-11-20,25.11
1999-12-24,2025-11-20,2025-11-20,
1999-12-27,2025-11-20,2025-11-20,
1999-12-28,2025-11-20,2025-11-20,
1999-12-29,2025-11-20,2025-11-20,25.63
1999-12-30,2025-11-20,2025-11-20,24.93
1999-12-31,2025-11-20,2025-11-20,
2000-01-03,2025-11-20,2025-11-20,
2000-01-04,2025-11-20,2025-11-20,23.95
2000-01-05,2025-11-20,2025-11-20,23.72
2000-01-06,2025-11-20,2025-11-20,23.55
2000-01-07,2025-11-20,2025-11-20,23.35
2000-01-10,2025-11-20,2025-11-20,22.77
2000-01-11,2025-11-20,2025-11-20,23.93
2000-01-12,2025-11-20,2025-11-20,24.62
2000-01-13,2025-11-20,2025-11-20,24.9
2000-01-14,2025-11-20,2025-11-20,25.5
2000-01-17,2025-11-20,2025-11-20,25.99
2000-01-18,2025-11-20,2025-11-20,26.31
2000-01-19,2025-11-20,2025-11-20,26.17
2000-01-20,2025-11-20,2025-11-20,26.26
2000-01-21,2025-11-20,2025-11-20,27.18
2000-01-24,2025-11-20,2025-11-20,27.02
2000-01-25,2025-11-20,2025-11-20,27.24
2000-01-26,2025-11-20,2025-11-20,27.18
2000-01-27,2025-11-20,2025-11-20,26.91
2000-01-28,2025-11-20,2025-11-20,26.59
2000-01-31,2025-11-20,2025-11-20,27.08
2000-02-01,2025-11-20,2025-11-20,27.35
2000-02-02,2025-11-20,2025-11-20,27.15
2000-02-03,2025-11-20,2025-11-20,27.6
2000-02-04,2025-11-20,2025-11-20,27.48
2000-02-07,2025-11-20,2025-11-20,27.94
2000-02-08,2025-11-20,2025-11-20,27.61
2000-02-09,2025-11-20,2025-11-20,27.44
2000-02-10,2025-11-20,2025-11-20,27.32
2000-02-11,2025-11-20,2025-11-20,27.82
2000-02-14,2025-11-20,2025-11-20,28.03
2000-02-15,2025-11-20,2025-11-20,28.12
2000-02-16,2025-11-20,2025-11-20,28.11
2000-02-17,2025-11-20,2025-11-20,27.54
2000-02-18,2025-11-20,2025-11-20,27.26
2000-02-21,2025-11-20,2025-11-20,26.93
2000-02-22,2025-11-20,2025-11-20,27.22
2000-02-23,2025-11-20,2025-11-20,27.92
2000-02-24,2025-11-20,2025-11-20,28.21
2000-02-25,2025-11-20,2025-11-20,28.53
2000-02-28,2025-11-20,2025-11-20,28.7
2000-02-29,2025-11-20,2025-11-20,29.01
2000-03-01,2025-11-20,2025-11-20,29.78
2000-03-02,2025-11-20,2025-11-20,30.12
2000-03-03,2025-11-20,2025-11-20,29.83
2000-03-06,2025-11-20,2025-11-20,30.08
2000-03-07,2025-11-20,2025-11-20,31.93
2000-03-08,2025-11-20,2025-11-20,31.41
2000-03-09,2025-11-20,2025-11-20,29.11
2000-03-10,2025-11-20,2025-11-20,28.97
2000-03-13,2025-11-20,2025-11-20,29.25
2000-03-14,2025-11-20,2025-11-20,28.83
2000-03-15,2025-11-20,2025-11-20,28.03
2000-03-16,2025-11-20,2025-11-20,27.97
2000-03-17,2025-11-20,2025-11-20,27.87
2000-03-20,2025-11-20,2025-11-20,25.59
2000-03-21,2025-11-20,2025-11-20,24.93
2000-03-22,2025-11-20,2025-11-20,25.77
2000-03-23,2025-11-20,2025-11-20,25.32
2000-03-24,2025-11-20,2025-11-20,25.74
2000-03-27,2025-11-20,2025-11-20,25.16
2000-03-28,2025-11-20,2025-11-20,24.8
2000-03-29,2025-11-20,2025-11-20,23.77
2000-03-30,2025-11-20,2025-11-20,23.94
2000-03-31,2025-11-20,2025-11-20,23.98
2000-04-03,2025-11-20,2025-11-20,24.62
2000-04-04,2025-11-20,2025-11-20,23.26
2000-04-05,2025-11-20,2025-11-20,22.98
2000-04-06,2025-11-20,2025-11-20,22.9
2000-04-07,2025-11-20,2025-11-20,22.63
2000-04-10,2025-11-20,2025-11-20,21.08
2000-04-11,2025-11-20,2025-11-20,21.05
2000-04-12,2025-11-20,2025-11-20,21.4
2000-04-13,2025-11-20,2025-11-20,22.65
2000-04-14,2025-11-20,2025-11-20,22.13
2000-04-17,2025-11-20,2025-11-20,22.2
2000-04-18,2025-11-20,2025-11-20,22.67
2000-04-19,2025-11-20,2025-11-20,23.5
2000-04-20,2025-11-20,2025-11-20,23.57
2000-04-21,2025-11-20,2025-11-20,
2000-04-24,2025-11-20,2025-11-20,
2000-04-25,2025-11-20,2025-11-20,23.36
2000-04-26,2025-11-20,2025-11-20,22.9
2000-04-27,2025-11-20,2025-11-20,23.07
2000-04-28,2025-11-20,2025-11-20,23.79
2000-05-01,2025-11-20,2025-11-20,
2000-05-02,2025-11-20,2025-11-20,24.73
2000-05-03,2025-11-20,2025-11-20,25.13
2000-05-04,2025-11-20,2025-11-20,25.06
2000-05-05,2025-11-20,2025-11-20,24.93
2000-05-08,2025-11-20,2025-11-20,26.03
2000-05-09,2025-11-20,2025-11-20,26.69
2000-05-10,2025-11-20,2025-11-20,26.59
2000-05-11,2025-11-20,2025-11-20,27.22
2000-05-12,2025-11-20,2025-11-20,27.98
2000-05-15,2025-11-20,2025-11-20,28.26
2000-05-16,2025-11-20,2025-11-20,28.78
2000-05-17,2025-11-20,2025-11-20,28.4
2000-05-18,2025-11-20,2025-11-20,28.9
2000-05-19,2025-11-20,2025-11-20,29.01
2000-05-22,2025-11-20,2025-11-20,28.45
2000-05-23,2025-11-20,2025-11-20,28.12
2000-05-24,2025-11-20,2025-11-20,28.97
2000-05-25,2025-11-20,2025-11-20,29.62
2000-05-26,2025-11-20,2025-11-20,30.09
2000-05-29,2025-11-20,2025-11-20,
2000-05-30,2025-11-20,2025-11-20,29.89
2000-05-31,2025-11-20,2025-11-20,29.64
2000-06-01,2025-11-20,2025-11-20,29.69
2000-06-02,2025-11-20,2025-11-20,29.35
2000-06-05,2025-11-20,2025-11-20,28.27
2000-06-06,2025-11-20,2025-11-20,28.42
2000-06-07,2025-11-20,2025-11-20,28.32
2000-06-08,2025-11-20,2025-11-20,29.34
2000-06-09,2025-11-20,2025-11-20,29.0
2000-06-12,2025-11-20,2025-11-20,30.1
2000-06-13,2025-11-20,2025-11-20,30.4
2000-06-14,2025-11-20,2025-11-20,30.12
2000-06-15,2025-11-20,2025-11-20,29.77
2000-06-16,2025-11-20,2025-11-20,28.68
2000-06-19,2025-11-20,2025-11-20,27.69
2000-06-20,2025-11-20,2025-11-20,28.86
2000-06-21,2025-11-20,2025-11-20,30.71
2000-06-22,2025-11-20,2025-11-20,30.61
2000-06-23,2025-11-20,2025-11-20,31.02
2000-06-26,2025-11-20,2025-11-20,30.9
2000-06-27,2025-11-20,2025-11-20,30.47
2000-06-28,2025-11-20,2025-11-20,31.15
2000-06-29,2025-11-20,2025-11-20,31.05
2000-06-30,2025-11-20,2025-11-20,31.58
2000-07-03,2025-11-20,2025-11-20,32.15
2000-07-04,2025-11-20,2025-11-20,30.73
2000-07-05,2025-11-20,2025-11-20,30.35
2000-07-06,2025-11-20,2025-11-20,30.67
2000-07-07,2025-11-20,2025-11-20,30.62
2000-07-10,2025-11-20,2025-11-20,30.58
2000-07-11,2025-11-20,2025-11-20,29.83
2000-07-12,2025-11-20,2025-11-20,30.27
2000-07-13,2025-11-20,2025-11-20,31.15
2000-07-14,2025-11-20,2025-11-20,30.82
2000-07-17,2025-11-20,2025-11-20,28.44
2000-07-18,2025-11-20,2025-11-20,28.46
2000-07-19,2025-11-20,2025-11-20,28.33
2000-07-20,2025-11-20,2025-11-20,27.85
2000-07-21,2025-11-20,2025-11-20,26.68
2000-07-24,2025-11-20,2025-11-20,26.84
2000-07-25,2025-11-20,2025-11-20,25.78
2000-07-26,2025-11-20,2025-11-20,25.92
2000-07-27,2025-11-20,2025-11-20,25.6
2000-07-28,2025-11-20,2025-11-20,25.96
2000-07-31,2025-11-20,2025-11-20,25.3
2000-08-01,2025-11-20,2025-11-20,25.24
2000-08-02,2025-11-20,2025-11-20,26.8
2000-08-03,2025-11-20,2025-11-20,27.04
2000-08-04,2025-11-20,2025-11-20,28.01
2000-08-07,2025-11-20,2025-11-20,27.56
2000-08-08,2025-11-20,2025-11-20,27.58
2000-08-09,2025-11-20,2025-11-20,28.13
2000-08-10,2025-11-20,2025-11-20,28.98
2000-08-11,2025-11-20,2025-11-20,29.44
2000-08-14,2025-11-20,2025-11-20,29.24
2000-08-15,2025-11-20,2025-11-20,30.0
2000-08-16,2025-11-20,2025-11-20,29.66
2000-08-17,2025-11-20,2025-11-20,30.71
2000-08-18,2025-11-20,2025-11-20,30.76
2000-08-21,2025-11-20,2025-11-20,31.34
2000-08-22,2025-11-20,2025-11-20,30.18
2000-08-23,2025-11-20,2025-11-20,32.38
2000-08-24,2025-11-20,2025-11-20,31.67
2000-08-25,2025-11-20,2025-11-20,33.26
2000-08-28,2025-11-20,2025-11-20,33.29
2000-08-29,2025-11-20,2025-11-20,34.03
2000-08-30,2025-11-20,2025-11-20,34.13
2000-08-31,2025-11-20,2025-11-20,35.08
2000-09-01,2025-11-20,2025-11-20,35.09
2000-09-04,2025-11-20,2025-11-20,36.02
2000-09-05,2025-11-20,2025-11-20,35.72
2000-09-06,2025-11-20,2025-11-20,36.7
2000-09-07,2025-11-20,2025-11-20,37.43
2000-09-08,2025-11-20,2025-11-20,36.27
2000-09-11,2025-11-20,2025-11-20,36.87
2000-09-12,2025-11-20,2025-11-20,33.3
2000-09-13,2025-11-20,2025-11-20,31.08
2000-09-14,2025-11-20,2025-11-20,31.35
2000-09-15,2025-11-20,2025-11-20,33.68
2000-09-18,2025-11-20,2025-11-20,34.55
2000-09-19,2025-11-20,2025-11-20,33.48
2000-09-20,2025-11-20,2025-11-20,33.67
2000-09-21,2025-11-20,2025-11-20,32.18
2000-09-22,2025-11-20,2025-11-20,31.59
2000-09-25,2025-11-20,2025-11-20,30.01
2000-09-26,2025-11-20,2025-11-20,29.94
2000-09-27,2025-11-20,2025-11-20,29.78
2000-09-28,2025-11-20,2025-11-20,28.91
2000-09-29,2025-11-20,2025-11-20,28.42
2000-10-02,2025-11-20,2025-11-20,29.65
2000-10-03,2025-11-20,2025-11-20,30.64
2000-10-04,2025-11-20,2025-11-20,30.07
2000-10-05,2025-11-20,2025-11-20,29.19
2000-10-06,2025-11-20,2025-11-20,29.62
2000-10-09,2025-11-20,2025-11-20,29.99
2000-10-10,2025-11-20,2025-11-20,30.95
2000-10-11,2025-11-20,2025-11-20,31.25
2000-10-12,2025-11-20,2025-11-20,33.45
2000-10-13,2025-11-20,2025-11-20,33.5
2000-10-16,2025-11-20,2025-11-20,32.03
2000-10-17,2025-11-20,2025-11-20,30.38
2000-10-18,2025-11-20,2025-11-20,30.98
2000-10-19,2025-11-20,2025-11-20,31.29
2000-10-20,2025-11-20,2025-11-20,30.16
2000-10-23,2025-11-20,2025-11-20,30.98
2000-10-24,2025-11-20,2025-11-20,31.81
2000-10-25,2025-11-20,2025-11-20,31.17
2000-10-26,2025-11-20,2025-11-20,31.48
2000-10-27,2025-11-20,2025-11-20,31.31
2000-10-30,2025-11-20,2025-11-20,31.09
2000-10-31,2025-11-20,2025-11-20,30.15
2000-11-01,2025-11-20,2025-11-20,31.62
2000-11-02,2025-11-20,2025-11-20,30.81
2000-11-03,2025-11-20,2025-11-20,30.81
2000-11-06,2025-11-20,2025-11-20,31.0
2000-11-07,2025-11-20,2025-11-20,31.59
2000-11-08,2025-11-20,2025-11-20,31.3
2000-11-09,2025-11-20,2025-11-20,31.79
2000-11-10,2025-11-20,2025-11-20,32.26
2000-11-13,2025-11-20,2025-11-20,32.5
2000-11-14,2025-11-20,2025-11-20,33.05
2000-11-15,2025-11-20,2025-11-20,33.82
2000-11-16,2025-11-20,2025-11-20,34.16
2000-11-17,2025-11-20,2025-11-20,33.09
2000-11-20,2025-11-20,2025-11-20,34.23
2000-11-21,2025-11-20,2025-11-20,33.33
2000-11-22,2025-11-20,2025-11-20,33.11
2000-11-23,2025-11-20,2025-11-20,33.29
2000-11-24,2025-11-20,2025-11-20,33.35
2000-11-27,2025-11-20,2025-11-20,33.47
2000-11-28,2025-11-20,2025-11-20,32.59
2000-11-29,2025-11-20,2025-11-20,32.45
2000-11-30,2025-11-20,2025-11-20,32.53
2000-12-01,2025-11-20,2025-11-20,31.59
2000-12-04,2025-11-20,2025-11-20,30.37
2000-12-05,2025-11-20,2025-11-20,28.88
2000-12-06,2025-11-20,2025-11-20,27.47
2000-12-07,2025-11-20,2025-11-20,27.85
2000-12-08,2025-11-20,2025-11-20,26.85
2000-12-11,2025-11-20,2025-11-20,27.28
2000-12-12,2025-11-20,2025-11-20,26.81
2000-12-13,2025-11-20,2025-11-20,26.84
2000-12-14,2025-11-20,2025-11-20,24.32
2000-12-15,2025-11-20,2025-11-20,24.44
2000-12-18,2025-11-20,2025-11-20,25.11
2000-12-19,2025-11-20,2025-11-20,24.36
2000-12-20,2025-11-20,2025-11-20,23.29
2000-12-21,2025-11-20,2025-11-20,22.4
2000-12-22,2025-11-20,2025-11-20,22.23
2000-12-25,2025-11-20,2025-11-20,
2000-12-26,2025-11-20,2025-11-20,
2000-12-27,2025-11-20,2025-11-20,22.58
2000-12-28,2025-11-20,2025-11-20,22.29
2000-12-29,2025-11-20,2025-11-20,22.58
2001-01-01,2025-11-20,2025-11-20,
2001-01-02,2025-11-20,2025-11-20,23.43
2001-01-03,2025-11-20,2025-11-20,23.44
2001-01-04,2025-11-20,2025-11-20,24.57
2001-01-05,2025-11-20,2025-11-20,24.77
2001-01-08,2025-11-20,2025-11-20,24.75
2001-01-09,2025-11-20,2025-11-20,24.13
2001-01-10,2025-11-20,2025-11-20,24.98
2001-01-11,2025-11-20,2025-11-20,25.6
2001-01-12,2025-11-20,2025-11-20,25.63
2001-01-15,2025-11-20,2025-11-20,26.03
2001-01-16,2025-11-20,2025-11-20,25.52
2001-01-17,2025-11-20,2025-11-20,24.27
2001-01-18,2025-11-20,2025-11-20,24.74
2001-01-19,2025-11-20,2025-11-20,26.29
2001-01-22,2025-11-20,2025-11-20,27.69
2001-01-23,2025-11-20,2025-11-20,27.02
2001-01-24,2025-11-20,2025-11-20,27.04
2001-01-25,2025-11-20,2025-11-20,26.94
2001-01-26,2025-11-20,2025-11-20,27.04
2001-01-29,2025-11-20,2025-11-20,26.95
2001-01-30,2025-11-20,2025-11-20,26.32
2001-01-31,2025-11-20,2025-11-20,26.59
2001-02-01,2025-11-20,2025-11-20,27.17
2001-02-02,2025-11-20,2025-11-20,28.9
2001-02-05,2025-11-20,2025-11-20,29.25
2001-02-06,2025-11-20,2025-11-20,29.1
2001-02-07,2025-11-20,2025-11-20,29.54
2001-02-08,2025-11-20,2025-11-20,30.68
2001-02-09,2025-11-20,2025-11-20,29.53
2001-02-12,2025-11-20,2025-11-20,29.32
2001-02-13,2025-11-20,2025-11-20,28.0
2001-02-14,2025-11-20,2025-11-20,27.89
2001-02-15,2025-11-20,2025-11-20,26.33
2001-02-16,2025-11-20,2025-11-20,26.61
2001-02-19,2025-11-20,2025-11-20,27.05
2001-02-20,2025-11-20,2025-11-20,26.45
2001-02-21,2025-11-20,2025-11-20,26.1
2001-02-22,2025-11-20,2025-11-20,25.75
2001-02-23,2025-11-20,2025-11-20,26.12
2001-02-26,2025-11-20,2025-11-20,25.84
2001-02-27,2025-11-20,2025-11-20,25.28
2001-02-28,2025-11-20,2025-11-20,25.16
2001-03-01,2025-11-20,2025-11-20,24.76
2001-03-02,2025-11-20,2025-11-20,25.28
2001-03-05,2025-11-20,2025-11-20,25.98
2001-03-06,2025-11-20,2025-11-20,25.59
2001-03-07,2025-11-20,2025-11-20,25.91
2001-03-08,2025-11-20,2025-11-20,26.37
2001-03-09,2025-11-20,2025-11-20,25.78
2001-03-12,2025-11-20,2025-11-20,25.34
2001-03-13,2025-11-20,2025-11-20,24.8
2001-03-14,2025-11-20,2025-11-20,24.31
2001-03-15,2025-11-20,2025-11-20,23.37
2001-03-16,2025-11-20,2025-11-20,23.84
2001-03-19,2025-11-20,2025-11-20,23.19
2001-03-20,2025-11-20,2025-11-20,23.63
2001-03-21,2025-11-20,2025-11-20,23.21
2001-03-22,2025-11-20,2025-11-20,23.45
2001-03-23,2025-11-20,2025-11-20,23.94
2001-03-26,2025-11-20,2025-11-20,24.01
2001-03-27,2025-11-20,2025-11-20,24.41
2001-03-28,2025-11-20,2025-11-20,24.5
2001-03-29,2025-11-20,2025-11-20,23.77
2001-03-30,2025-11-20,2025-11-20,23.5
2001-04-02,2025-11-20,2025-11-20,23.31
2001-04-03,2025-11-20,2025-11-20,23.47
2001-04-04,2025-11-20,2025-11-20,24.35
2001-04-05,2025-11-20,2025-11-20,24.87
2001-04-06,2025-11-20,2025-11-20,24.02
2001-04-09,2025-11-20,2025-11-20,24.37
2001-04-10,2025-11-20,2025-11-20,25.64
2001-04-11,2025-11-20,2025-11-20,26.08
2001-04-12,2025-11-20,2025-11-20,27.12
2001-04-13,2025-11-20,2025-11-20,26.8
2001-04-16,2025-11-20,2025-11-20,26.8
2001-04-17,2025-11-20,2025-11-20,26.99
2001-04-18,2025-11-20,2025-11-20,26.11
2001-04-19,2025-11-20,2025-11-20,25.86
2001-04-20,2025-11-20,2025-11-20,25.57
2001-04-23,2025-11-20,2025-11-20,25.42
2001-04-24,2025-11-20,2025-11-20,25.76
2001-04-25,2025-11-20,2025-11-20,25.49
2001-04-26,2025-11-20,2025-11-20,26.71
2001-04-27,2025-11-20,2025-11-20,26.85
2001-04-30,2025-11-20,2025-11-20,27.21
2001-05-01,2025-11-20,2025-11-20,27.31
2001-05-02,2025-11-20,2025-11-20,26.82
2001-05-03,2025-11-20,2025-11-20,27.46
2001-05-04,2025-11-20,2025-11-20,27.59
2001-05-07,2025-11-20,2025-11-20,27.71
2001-05-08,2025-11-20,2025-11-20,27.45
2001-05-09,2025-11-20,2025-11-20,27.46
2001-05-10,2025-11-20,2025-11-20,28.27
2001-05-11,2025-11-20,2025-11-20,27.97
2001-05-14,2025-11-20,2025-11-20,27.77
2001-05-15,2025-11-20,2025-11-20,27.88
2001-05-16,2025-11-20,2025-11-20,28.19
2001-05-17,2025-11-20,2025-11-20,28.57
2001-05-18,2025-11-20,2025-11-20,29.3
2001-05-21,2025-11-20,2025-11-20,29.8
2001-05-22,2025-11-20,2025-11-20,29.72
2001-05-23,2025-11-20,2025-11-20,29.51
2001-05-24,2025-11-20,2025-11-20,28.85
2001-05-25,2025-11-20,2025-11-20,28.69
2001-05-28,2025-11-20,2025-11-20,
2001-05-29,2025-11-20,2025-11-20,29.11
2001-05-30,2025-11-20,2025-11-20,28.92
2001-05-31,2025-11-20,2025-11-20,28.55
2001-06-01,2025-11-20,2025-11-20,28.86
2001-06-04,2025-11-20,2025-11-20,28.95
2001-06-05,2025-11-20,2025-11-20,29.25
2001-06-06,2025-11-20,2025-11-20,28.73
2001-06-07,2025-11-20,2025-11-20,28.55
2001-06-08,2025-11-20,2025-11-20,28.88
2001-06-11,2025-11-20,2025-11-20,29.57
2001-06-12,2025-11-20,2025-11-20,29.03
2001-06-13,2025-11-20,2025-11-20,29.13
2001-06-14,2025-11-20,2025-11-20,28.5
2001-06-15,2025-11-20,2025-11-20,28.13
2001-06-18,2025-11-20,2025-11-20,27.61
2001-06-19,2025-11-20,2025-11-20,26.68
2001-06-20,2025-11-20,2025-11-20,26.24
2001-06-21,2025-11-20,2025-11-20,26.7
2001-06-22,2025-11-20,2025-11-20,26.86
2001-06-25,2025-11-20,2025-11-20,27.36
2001-06-26,2025-11-20,2025-11-20,27.66
2001-06-27,2025-11-20,2025-11-20,26.25
2001-06-28,2025-11-20,2025-11-20,25.68
2001-06-29,2025-11-20,2025-11-20,26.21
2001-07-02,2025-11-20,2025-11-20,25.73
2001-07-03,2025-11-20,2025-11-20,25.56
2001-07-04,2025-11-20,2025-11-20,25.97
2001-07-05,2025-11-20,2025-11-20,25.69
2001-07-06,2025-11-20,2025-11-20,26.55
2001-07-09,2025-11-20,2025-11-20,25.59
2001-07-10,2025-11-20,2025-11-20,24.69
2001-07-11,2025-11-20,2025-11-20,24.44
2001-07-12,2025-11-20,2025-11-20,23.62
2001-07-13,2025-11-20,2025-11-20,24.02
2001-07-16,2025-11-20,2025-11-20,23.58
2001-07-17,2025-11-20,2025-11-20,23.9
2001-07-18,2025-11-20,2025-11-20,23.1
2001-07-19,2025-11-20,2025-11-20,23.35
2001-07-20,2025-11-20,2025-11-20,23.43
2001-07-23,2025-11-20,2025-11-20,24.44
2001-07-24,2025-11-20,2025-11-20,24.37
2001-07-25,2025-11-20,2025-11-20,24.9
2001-07-26,2025-11-20,2025-11-20,24.94
2001-07-27,2025-11-20,2025-11-20,24.82
2001-07-30,2025-11-20,2025-11-20,24.46
2001-07-31,2025-11-20,2025-11-20,24.35
2001-08-01,2025-11-20,2025-11-20,24.23
2001-08-02,2025-11-20,2025-11-20,25.49
2001-08-03,2025-11-20,2025-11-20,25.6
2001-08-06,2025-11-20,2025-11-20,25.39
2001-08-07,2025-11-20,2025-11-20,25.94
2001-08-08,2025-11-20,2025-11-20,25.61
2001-08-09,2025-11-20,2025-11-20,25.28
2001-08-10,2025-11-20,2025-11-20,25.78
2001-08-13,2025-11-20,2025-11-20,25.88
2001-08-14,2025-11-20,2025-11-20,25.71
2001-08-15,2025-11-20,2025-11-20,25.61
2001-08-16,2025-11-20,2025-11-20,25.18
2001-08-17,2025-11-20,2025-11-20,24.68
2001-08-20,2025-11-20,2025-11-20,24.35
2001-08-21,2025-11-20,2025-11-20,25.36
2001-08-22,2025-11-20,2025-11-20,25.71
2001-08-23,2025-11-20,2025-11-20,25.66
2001-08-24,2025-11-20,2025-11-20,26.33
2001-08-27,2025-11-20,2025-11-20,26.22
2001-08-28,2025-11-20,2025-11-20,26.46
2001-08-29,2025-11-20,2025-11-20,26.67
2001-08-30,2025-11-20,2025-11-20,26.7
2001-08-31,2025-11-20,2025-11-20,26.8
2001-09-03,2025-11-20,2025-11-20,26.52
2001-09-04,2025-11-20,2025-11-20,26.27
2001-09-05,2025-11-20,2025-11-20,26.27
2001-09-06,2025-11-20,2025-11-20,26.61
2001-09-07,2025-11-20,2025-11-20,27.54
2001-09-10,2025-11-20,2025-11-20,27.59
2001-09-11,2025-11-20,2025-11-20,29.12
2001-09-12,2025-11-20,2025-11-20,28.24
2001-09-13,2025-11-20,2025-11-20,28.2
2001-09-14,2025-11-20,2025-11-20,29.22
2001-09-17,2025-11-20,2025-11-20,28.32
2001-09-18,2025-11-20,2025-11-20,27.54
2001-09-19,2025-11-20,2025-11-20,25.44
2001-09-20,2025-11-20,2025-11-20,25.57
2001-09-21,2025-11-20,2025-11-20,25.17
2001-09-24,2025-11-20,2025-11-20,20.63
2001-09-25,2025-11-20,2025-11-20,20.13
2001-09-26,2025-11-20,2025-11-20,20.67
2001-09-27,2025-11-20,2025-11-20,21.47
2001-09-28,2025-11-20,2025-11-20,21.87
2001-10-01,2025-11-20,2025-11-20,21.22
2001-10-02,2025-11-20,2025-11-20,21.29
2001-10-03,2025-11-20,2025-11-20,20.63
2001-10-04,2025-11-20,2025-11-20,20.94
2001-10-05,2025-11-20,2025-11-20,21.46
2001-10-08,2025-11-20,2025-11-20,20.91
2001-10-09,2025-11-20,2025-11-20,20.65
2001-10-10,2025-11-20,2025-11-20,21.02
2001-10-11,2025-11-20,2025-11-20,21.38
2001-10-12,2025-11-20,2025-11-20,20.57
2001-10-15,2025-11-20,2025-11-20,20.36
2001-10-16,2025-11-20,2025-11-20,20.47
2001-10-17,2025-11-20,2025-11-20,19.47
2001-10-18,2025-11-20,2025-11-20,19.21
2001-10-19,2025-11-20,2025-11-20,19.91
2001-10-22,2025-11-20,2025-11-20,20.38
2001-10-23,2025-11-20,2025-11-20,20.56
2001-10-24,2025-11-20,2025-11-20,20.37
2001-10-25,2025-11-20,2025-11-20,20.67
2001-10-26,2025-11-20,2025-11-20,20.31
2001-10-29,2025-11-20,2025-11-20,20.55
2001-10-30,2025-11-20,2025-11-20,20.41
2001-10-31,2025-11-20,2025-11-20,19.63
2001-11-01,2025-11-20,2025-11-20,19.39
2001-11-02,2025-11-20,2025-11-20,18.63
2001-11-05,2025-11-20,2025-11-20,18.78
2001-11-06,2025-11-20,2025-11-20,18.64
2001-11-07,2025-11-20,2025-11-20,18.86
2001-11-08,2025-11-20,2025-11-20,19.54
2001-11-09,2025-11-20,2025-11-20,20.72
2001-11-12,2025-11-20,2025-11-20,19.48
2001-11-13,2025-11-20,2025-11-20,20.47
2001-11-14,2025-11-20,2025-11-20,18.78
2001-11-15,2025-11-20,2025-11-20,16.51
2001-11-16,2025-11-20,2025-11-20,16.86
2001-11-19,2025-11-20,2025-11-20,16.55
2001-11-20,2025-11-20,2025-11-20,18.82
2001-11-21,2025-11-20,2025-11-20,18.44
2001-11-22,2025-11-20,2025-11-20,19.65
2001-11-23,2025-11-20,2025-11-20,19.4
2001-11-26,2025-11-20,2025-11-20,18.66
2001-11-27,2025-11-20,2025-11-20,19.09
2001-11-28,2025-11-20,2025-11-20,18.81
2001-11-29,2025-11-20,2025-11-20,18.54
2001-11-30,2025-11-20,2025-11-20,18.92
2001-12-03,2025-11-20,2025-11-20,20.0
2001-12-04,2025-11-20,2025-11-20,19.28
2001-12-05,2025-11-20,2025-11-20,19.27
2001-12-06,2025-11-20,2025-11-20,18.57
2001-12-07,2025-11-20,2025-11-20,17.81
2001-12-10,2025-11-20,2025-11-20,18.03
2001-12-11,2025-11-20,2025-11-20,17.61
2001-12-12,2025-11-20,2025-11-20,18.13
2001-12-13,2025-11-20,2025-11-20,17.8
2001-12-14,2025-11-20,2025-11-20,18.54
2001-12-17,2025-11-20,2025-11-20,18.58
2001-12-18,2025-11-20,2025-11-20,18.51
2001-12-19,2025-11-20,2025-11-20,19.03
2001-12-20,2025-11-20,2025-11-20,18.87
2001-12-21,2025-11-20,2025-11-20,18.73
2001-12-24,2025-11-20,2025-11-20,18.65
2001-12-25,2025-11-20,2025-11-20,
2001-12-26,2025-11-20,2025-11-20,
2001-12-27,2025-11-20,2025-11-20,18.87
2001-12-28,2025-11-20,2025-11-20,19.77
2001-12-31,2025-11-20,2025-11-20,19.35
2002-01-01,2025-11-20,2025-11-20,
2002-01-02,2025-11-20,2025-11-20,20.13
2002-01-03,2025-11-20,2025-11-20,20.47
2002-01-04,2025-11-20,2025-11-20,21.2
2002-01-07,2025-11-20,2025-11-20,21.08
2002-01-08,2025-11-20,2025-11-20,21.03
2002-01-09,2025-11-20,2025-11-20,20.21
2002-01-10,2025-11-20,2025-11-20,19.71
2002-01-11,2025-11-20,2025-11-20,20.08
2002-01-14,2025-11-20,2025-11-20,18.89
2002-01-15,2025-11-20,2025-11-20,18.86
2002-01-16,2025-11-20,2025-11-20,18.5
2002-01-17,2025-11-20,2025-11-20,18.2
2002-01-18,2025-11-20,2025-11-20,18.17
2002-01-21,2025-11-20,2025-11-20,18.32
2002-01-22,2025-11-20,2025-11-20,18.7
2002-01-23,2025-11-20,2025-11-20,18.89
2002-01-24,2025-11-20,2025-11-20,18.91
2002-01-25,2025-11-20,2025-11-20,19.04
2002-01-28,2025-11-20,2025-11-20,19.74
2002-01-29,2025-11-20,2025-11-20,19.26
2002-01-30,2025-11-20,2025-11-20,18.71
2002-01-31,2025-11-20,2025-11-20,19.07
2002-02-01,2025-11-20,2025-11-20,19.7
2002-02-04,2025-11-20,2025-11-20,20.26
2002-02-05,2025-11-20,2025-11-20,19.9
2002-02-06,2025-11-20,2025-11-20,19.97
2002-02-07,2025-11-20,2025-11-20,19.42
2002-02-08,2025-11-20,2025-11-20,20.01
2002-02-11,2025-11-20,2025-11-20,20.08
2002-02-12,2025-11-20,2025-11-20,21.75
2002-02-13,2025-11-20,2025-11-20,21.41
2002-02-14,2025-11-20,2025-11-20,20.97
2002-02-15,2025-11-20,2025-11-20,20.76
2002-02-18,2025-11-20,2025-11-20,20.12
2002-02-19,2025-11-20,2025-11-20,20.18
2002-02-20,2025-11-20,2025-11-20,19.44
2002-02-21,2025-11-20,2025-11-20,20.21
2002-02-22,2025-11-20,2025-11-20,20.14
2002-02-25,2025-11-20,2025-11-20,19.78
2002-02-26,2025-11-20,2025-11-20,19.95
2002-02-27,2025-11-20,2025-11-20,20.73
2002-02-28,2025-11-20,2025-11-20,20.73
2002-03-01,2025-11-20,2025-11-20,21.83
2002-03-04,2025-11-20,2025-11-20,21.59
2002-03-05,2025-11-20,2025-11-20,22.25
2002-03-06,2025-11-20,2025-11-20,22.11
2002-03-07,2025-11-20,2025-11-20,23.1
2002-03-08,2025-11-20,2025-11-20,22.32
2002-03-11,2025-11-20,2025-11-20,23.14
2002-03-12,2025-11-20,2025-11-20,22.7
2002-03-13,2025-11-20,2025-11-20,23.6
2002-03-14,2025-11-20,2025-11-20,23.76
2002-03-15,2025-11-20,2025-11-20,23.9
2002-03-18,2025-11-20,2025-11-20,23.8
2002-03-19,2025-11-20,2025-11-20,24.51
2002-03-20,2025-11-20,2025-11-20,24.78
2002-03-21,2025-11-20,2025-11-20,24.25
2002-03-22,2025-11-20,2025-11-20,24.83
2002-03-25,2025-11-20,2025-11-20,24.75
2002-03-26,2025-11-20,2025-11-20,24.6
2002-03-27,2025-11-20,2025-11-20,25.13
2002-03-28,2025-11-20,2025-11-20,25.34
2002-03-29,2025-11-20,2025-11-20,25.34
2002-04-01,2025-11-20,2025-11-20,26.06
2002-04-02,2025-11-20,2025-11-20,26.97
2002-04-03,2025-11-20,2025-11-20,26.72
2002-04-04,2025-11-20,2025-11-20,26.97
2002-04-05,2025-11-20,2025-11-20,25.39
2002-04-08,2025-11-20,2025-11-20,26.36
2002-04-09,2025-11-20,2025-11-20,25.48
2002-04-10,2025-11-20,2025-11-20,25.13
2002-04-11,2025-11-20,2025-11-20,24.22
2002-04-12,2025-11-20,2025-11-20,23.25
2002-04-15,2025-11-20,2025-11-20,23.39
2002-04-16,2025-11-20,2025-11-20,24.03
2002-04-17,2025-11-20,2025-11-20,25.26
2002-04-18,2025-11-20,2025-11-20,25.9
2002-04-19,2025-11-20,2025-11-20,25.86
2002-04-22,2025-11-20,2025-11-20,25.96
2002-04-23,2025-11-20,2025-11-20,26.26
2002-04-24,2025-11-20,2025-11-20,26.2
2002-04-25,2025-11-20,2025-11-20,26.47
2002-04-26,2025-11-20,2025-11-20,26.32
2002-04-29,2025-11-20,2025-11-20,26.85
2002-04-30,2025-11-20,2025-11-20,26.98
2002-05-01,2025-11-20,2025-11-20,26.67
2002-05-02,2025-11-20,2025-11-20,25.73
2002-05-03,2025-11-20,2025-11-20,25.8
2002-05-06,2025-11-20,2025-11-20,
2002-05-07,2025-11-20,2025-11-20,25.53
2002-05-08,2025-11-20,2025-11-20,26.09
2002-05-09,2025-11-20,2025-11-20,26.09
2002-05-10,2025-11-20,2025-11-20,26.89
2002-05-13,2025-11-20,2025-11-20,26.3
2002-05-14,2025-11-20,2025-11-20,27.12
2002-05-15,2025-11-20,2025-11-20,27.17
2002-05-16,2025-11-20,2025-11-20,25.71
2002-05-17,2025-11-20,2025-11-20,25.45
2002-05-20,2025-11-20,2025-11-20,25.97
2002-05-21,2025-11-20,2025-11-20,24.99
2002-05-22,2025-11-20,2025-11-20,24.32
2002-05-23,2025-11-20,2025-11-20,24.01
2002-05-24,2025-11-20,2025-11-20,23.76
2002-05-27,2025-11-20,2025-11-20,23.52
2002-05-28,2025-11-20,2025-11-20,24.71
2002-05-29,2025-11-20,2025-11-20,24.18
2002-05-30,2025-11-20,2025-11-20,23.72
2002-05-31,2025-11-20,2025-11-20,23.87
2002-06-03,2025-11-20,2025-11-20,
2002-06-04,2025-11-20,2025-11-20,
2002-06-05,2025-11-20,2025-11-20,23.19
2002-06-06,2025-11-20,2025-11-20,22.79
2002-06-07,2025-11-20,2025-11-20,22.99
2002-06-10,2025-11-20,2025-11-20,22.83
2002-06-11,2025-11-20,2025-11-20,22.37
2002-06-12,2025-11-20,2025-11-20,23.09
2002-06-13,2025-11-20,2025-11-20,23.72
2002-06-14,2025-11-20,2025-11-20,23.97
2002-06-17,2025-11-20,2025-11-20,24.69
2002-06-18,2025-11-20,2025-11-20,24.64
2002-06-19,2025-11-20,2025-11-20,24.85
2002-06-20,2025-11-20,2025-11-20,24.42
2002-06-21,2025-11-20,2025-11-20,24.14
2002-06-24,2025-11-20,2025-11-20,24.99
2002-06-25,2025-11-20,2025-11-20,25.32
2002-06-26,2025-11-20,2025-11-20,24.75
2002-06-27,2025-11-20,2025-11-20,25.39
2002-06-28,2025-11-20,2025-11-20,25.33
2002-07-01,2025-11-20,2025-11-20,25.65
2002-07-02,2025-11-20,2025-11-20,25.64
2002-07-03,2025-11-20,2025-11-20,25.59
2002-07-04,2025-11-20,2025-11-20,25.51
2002-07-05,2025-11-20,2025-11-20,25.75
2002-07-08,2025-11-20,2025-11-20,25.08
2002-07-09,2025-11-20,2025-11-20,24.9
2002-07-10,2025-11-20,2025-11-20,25.82
2002-07-11,2025-11-20,2025-11-20,25.83
2002-07-12,2025-11-20,2025-11-20,26.11
2002-07-15,2025-11-20,2025-11-20,26.16
2002-07-16,2025-11-20,2025-11-20,25.94
2002-07-17,2025-11-20,2025-11-20,26.19
2002-07-18,2025-11-20,2025-11-20,26.72
2002-07-19,2025-11-20,2025-11-20,26.37
2002-07-22,2025-11-20,2025-11-20,25.7
2002-07-23,2025-11-20,2025-11-20,25.65
2002-07-24,2025-11-20,2025-11-20,25.43
2002-07-25,2025-11-20,2025-11-20,25.36
2002-07-26,2025-11-20,2025-11-20,25.1
2002-07-29,2025-11-20,2025-11-20,25.2
2002-07-30,2025-11-20,2025-11-20,25.95
2002-07-31,2025-11-20,2025-11-20,26.28
2002-08-01,2025-11-20,2025-11-20,25.79
2002-08-02,2025-11-20,2025-11-20,25.17
2002-08-05,2025-11-20,2025-11-20,25.2
2002-08-06,2025-11-20,2025-11-20,25.69
2002-08-07,2025-11-20,2025-11-20,25.7
2002-08-08,2025-11-20,2025-11-20,25.51
2002-08-09,2025-11-20,2025-11-20,25.49
2002-08-12,2025-11-20,2025-11-20,25.63
2002-08-13,2025-11-20,2025-11-20,26.11
2002-08-14,2025-11-20,2025-11-20,26.47
2002-08-15,2025-11-20,2025-11-20,26.66
2002-08-16,2025-11-20,2025-11-20,27.33
2002-08-19,2025-11-20,2025-11-20,27.44
2002-08-20,2025-11-20,2025-11-20,27.63
2002-08-21,2025-11-20,2025-11-20,27.53
2002-08-22,2025-11-20,2025-11-20,27.81
2002-08-23,2025-11-20,2025-11-20,27.51
2002-08-26,2025-11-20,2025-11-20,27.56
2002-08-27,2025-11-20,2025-11-20,27.89
2002-08-28,2025-11-20,2025-11-20,27.54
2002-08-29,2025-11-20,2025-11-20,27.11
2002-08-30,2025-11-20,2025-11-20,27.56
2002-09-02,2025-11-20,2025-11-20,27.45
2002-09-03,2025-11-20,2025-11-20,26.58
2002-09-04,2025-11-20,2025-11-20,27.31
2002-09-05,2025-11-20,2025-11-20,27.54
2002-09-06,2025-11-20,2025-11-20,28.36
2002-09-09,2025-11-20,2025-11-20,28.67
2002-09-10,2025-11-20,2025-11-20,28.92
2002-09-11,2025-11-20,2025-11-20,28.68
2002-09-12,2025-11-20,2025-11-20,27.76
2002-09-13,2025-11-20,2025-11-20,28.53
2002-09-16,2025-11-20,2025-11-20,28.38
2002-09-17,2025-11-20,2025-11-20,27.76
2002-09-18,2025-11-20,2025-11-20,28.41
2002-09-19,2025-11-20,2025-11-20,28.45
2002-09-20,2025-11-20,2025-11-20,28.61
2002-09-23,2025-11-20,2025-11-20,29.36
2002-09-24,2025-11-20,2025-11-20,29.47
2002-09-25,2025-11-20,2025-11-20,29.11
2002-09-26,2025-11-20,2025-11-20,28.93
2002-09-27,2025-11-20,2025-11-20,29.0
2002-09-30,2025-11-20,2025-11-20,29.11
2002-10-01,2025-11-20,2025-11-20,29.42
2002-10-02,2025-11-20,2025-11-20,29.14
2002-10-03,2025-11-20,2025-11-20,28.46
2002-10-04,2025-11-20,2025-11-20,28.32
2002-10-07,2025-11-20,2025-11-20,28.38
2002-10-08,2025-11-20,2025-11-20,28.28
2002-10-09,2025-11-20,2025-11-20,28.29
2002-10-10,2025-11-20,2025-11-20,27.7
2002-10-11,2025-11-20,2025-11-20,28.18
2002-10-14,2025-11-20,2025-11-20,28.56
2002-10-15,2025-11-20,2025-11-20,28.66
2002-10-16,2025-11-20,2025-11-20,28.61
2002-10-17,2025-11-20,2025-11-20,28.22
2002-10-18,2025-11-20,2025-11-20,28.2
2002-10-21,2025-11-20,2025-11-20,27.01
2002-10-22,2025-11-20,2025-11-20,26.69
2002-10-23,2025-11-20,2025-11-20,26.68
2002-10-24,2025-11-20,2025-11-20,26.78
2002-10-25,2025-11-20,2025-11-20,25.96
2002-10-28,2025-11-20,2025-11-20,25.44
2002-10-29,2025-11-20,2025-11-20,25.71
2002-10-30,2025-11-20,2025-11-20,25.29
2002-10-31,2025-11-20,2025-11-20,25.51
2002-11-01,2025-11-20,2025-11-20,25.78
2002-11-04,2025-11-20,2025-11-20,25.21
2002-11-05,2025-11-20,2025-11-20,24.66
2002-11-06,2025-11-20,2025-11-20,23.73
2002-11-07,2025-11-20,2025-11-20,24.36
2002-11-08,2025-11-20,2025-11-20,23.54
2002-11-11,2025-11-20,2025-11-20,23.86
2002-11-12,2025-11-20,2025-11-20,24.01
2002-11-13,2025-11-20,2025-11-20,22.96
2002-11-14,2025-11-20,2025-11-20,22.82
2002-11-15,2025-11-20,2025-11-20,23.33
2002-11-18,2025-11-20,2025-11-20,23.41
2002-11-19,2025-11-20,2025-11-20,24.05
2002-11-20,2025-11-20,2025-11-20,24.05
2002-11-21,2025-11-20,2025-11-20,24.52
2002-11-22,2025-11-20,2025-11-20,24.79
2002-11-25,2025-11-20,2025-11-20,24.85
2002-11-26,2025-11-20,2025-11-20,24.56
2002-11-27,2025-11-20,2025-11-20,25.11
2002-11-28,2025-11-20,2025-11-20,25.7
2002-11-29,2025-11-20,2025-11-20,25.74
2002-12-02,2025-11-20,2025-11-20,25.73
2002-12-03,2025-11-20,2025-11-20,26.09
2002-12-04,2025-11-20,2025-11-20,25.99
2002-12-05,2025-11-20,2025-11-20,26.07
2002-12-06,2025-11-20,2025-11-20,25.67
2002-12-09,2025-11-20,2025-11-20,26.06
2002-12-10,2025-11-20,2025-11-20,26.35
2002-12-11,2025-11-20,2025-11-20,26.85
2002-12-12,2025-11-20,2025-11-20,27.29
2002-12-13,2025-11-20,2025-11-20,27.64
2002-12-16,2025-11-20,2025-11-20,28.73
2002-12-17,2025-11-20,2025-11-20,29.25
2002-12-18,2025-11-20,2025-11-20,29.95
2002-12-19,2025-11-20,2025-11-20,30.26
2002-12-20,2025-11-20,2025-11-20,29.59
2002-12-23,2025-11-20,2025-11-20,30.61
2002-12-24,2025-11-20,2025-11-20,30.93
2002-12-25,2025-11-20,2025-11-20,
2002-12-26,2025-11-20,2025-11-20,
2002-12-27,2025-11-20,2025-11-20,31.49
2002-12-30,2025-11-20,2025-11-20,32.02
2002-12-31,2025-11-20,2025-11-20,30.12
2003-01-01,2025-11-20,2025-11-20,
2003-01-02,2025-11-20,2025-11-20,30.32
2003-01-03,2025-11-20,2025-11-20,31.43
2003-01-06,2025-11-20,2025-11-20,31.43
2003-01-07,2025-11-20,2025-11-20,30.78
2003-01-08,2025-11-20,2025-11-20,29.3
2003-01-09,2025-11-20,2025-11-20,30.26
2003-01-10,2025-11-20,2025-11-20,30.07
2003-01-13,2025-11-20,2025-11-20,30.46
2003-01-14,2025-11-20,2025-11-20,31.36
2003-01-15,2025-11-20,2025-11-20,31.73
2003-01-16,2025-11-20,2025-11-20,32.29
2003-01-17,2025-11-20,2025-11-20,31.57
2003-01-20,2025-11-20,2025-11-20,32.23
2003-01-21,2025-11-20,2025-11-20,31.72
2003-01-22,2025-11-20,2025-11-20,32.07
2003-01-23,2025-11-20,2025-11-20,31.4
2003-01-24,2025-11-20,2025-11-20,31.62
2003-01-27,2025-11-20,2025-11-20,31.02
2003-01-28,2025-11-20,2025-11-20,30.73
2003-01-29,2025-11-20,2025-11-20,31.26
2003-01-30,2025-11-20,2025-11-20,31.42
2003-01-31,2025-11-20,2025-11-20,31.57
2003-02-03,2025-11-20,2025-11-20,30.95
2003-02-04,2025-11-20,2025-11-20,31.13
2003-02-05,2025-11-20,2025-11-20,31.77
2003-02-06,2025-11-20,2025-11-20,31.81
2003-02-07,2025-11-20,2025-11-20,32.23
2003-02-10,2025-11-20,2025-11-20,32.47
2003-02-11,2025-11-20,2025-11-20,32.51
2003-02-12,2025-11-20,2025-11-20,32.46
2003-02-13,2025-11-20,2025-11-20,33.23
2003-02-14,2025-11-20,2025-11-20,33.26
2003-02-17,2025-11-20,2025-11-20,33.06
2003-02-18,2025-11-20,2025-11-20,33.26
2003-02-19,2025-11-20,2025-11-20,33.16
2003-02-20,2025-11-20,2025-11-20,32.76
2003-02-21,2025-11-20,2025-11-20,32.76
2003-02-24,2025-11-20,2025-11-20,33.41
2003-02-25,2025-11-20,2025-11-20,33.64
2003-02-26,2025-11-20,2025-11-20,33.46
2003-02-27,2025-11-20,2025-11-20,34.09
2003-02-28,2025-11-20,2025-11-20,34.0
2003-03-03,2025-11-20,2025-11-20,33.4
2003-03-04,2025-11-20,2025-11-20,34.37
2003-03-05,2025-11-20,2025-11-20,33.92
2003-03-06,2025-11-20,2025-11-20,34.39
2003-03-07,2025-11-20,2025-11-20,34.47
2003-03-10,2025-11-20,2025-11-20,34.94
2003-03-11,2025-11-20,2025-11-20,34.06
2003-03-12,2025-11-20,2025-11-20,34.16
2003-03-13,2025-11-20,2025-11-20,33.98
2003-03-14,2025-11-20,2025-11-20,31.48
2003-03-17,2025-11-20,2025-11-20,30.35
2003-03-18,2025-11-20,2025-11-20,28.55
2003-03-19,2025-11-20,2025-11-20,28.4
2003-03-20,2025-11-20,2025-11-20,28.0
2003-03-21,2025-11-20,2025-11-20,25.59
2003-03-24,2025-11-20,2025-11-20,26.54
2003-03-25,2025-11-20,2025-11-20,27.28
2003-03-26,2025-11-20,2025-11-20,25.98
2003-03-27,2025-11-20,2025-11-20,27.29
2003-03-28,2025-11-20,2025-11-20,27.66
2003-03-31,2025-11-20,2025-11-20,28.05
2003-04-01,2025-11-20,2025-11-20,27.94
2003-04-02,2025-11-20,2025-11-20,26.29
2003-04-03,2025-11-20,2025-11-20,26.75
2003-04-04,2025-11-20,2025-11-20,25.62
2003-04-07,2025-11-20,2025-11-20,25.27
2003-04-08,2025-11-20,2025-11-20,24.88
2003-04-09,2025-11-20,2025-11-20,25.11
2003-04-10,2025-11-20,2025-11-20,25.16
2003-04-11,2025-11-20,2025-11-20,24.39
2003-04-14,2025-11-20,2025-11-20,24.72
2003-04-15,2025-11-20,2025-11-20,24.74
2003-04-16,2025-11-20,2025-11-20,24.86
2003-04-17,2025-11-20,2025-11-20,25.36
2003-04-18,2025-11-20,2025-11-20,25.76
2003-04-21,2025-11-20,2025-11-20,25.76
2003-04-22,2025-11-20,2025-11-20,25.72
2003-04-23,2025-11-20,2025-11-20,24.56
2003-04-24,2025-11-20,2025-11-20,24.06
2003-04-25,2025-11-20,2025-11-20,24.29
2003-04-28,2025-11-20,2025-11-20,23.42
2003-04-29,2025-11-20,2025-11-20,23.23
2003-04-30,2025-11-20,2025-11-20,23.6
2003-05-01,2025-11-20,2025-11-20,23.79
2003-05-02,2025-11-20,2025-11-20,23.73
2003-05-05,2025-11-20,2025-11-20,23.59
2003-05-06,2025-11-20,2025-11-20,23.91
2003-05-07,2025-11-20,2025-11-20,24.01
2003-05-08,2025-11-20,2025-11-20,24.48
2003-05-09,2025-11-20,2025-11-20,25.55
2003-05-12,2025-11-20,2025-11-20,25.69
2003-05-13,2025-11-20,2025-11-20,25.45
2003-05-14,2025-11-20,2025-11-20,25.98
2003-05-15,2025-11-20,2025-11-20,26.77
2003-05-16,2025-11-20,2025-11-20,27.18
2003-05-19,2025-11-20,2025-11-20,27.23
2003-05-20,2025-11-20,2025-11-20,26.69
2003-05-21,2025-11-20,2025-11-20,27.58
2003-05-22,2025-11-20,2025-11-20,27.32
2003-05-23,2025-11-20,2025-11-20,27.14
2003-05-26,2025-11-20,2025-11-20,26.78
2003-05-27,2025-11-20,2025-11-20,26.55
2003-05-28,2025-11-20,2025-11-20,26.48
2003-05-29,2025-11-20,2025-11-20,26.39
2003-05-30,2025-11-20,2025-11-20,26.58
2003-06-02,2025-11-20,2025-11-20,27.56
2003-06-03,2025-11-20,2025-11-20,27.99
2003-06-04,2025-11-20,2025-11-20,27.49
2003-06-05,2025-11-20,2025-11-20,28.16
2003-06-06,2025-11-20,2025-11-20,28.38
2003-06-09,2025-11-20,2025-11-20,28.62
2003-06-10,2025-11-20,2025-11-20,28.44
2003-06-11,2025-11-20,2025-11-20,28.97
2003-06-12,2025-11-20,2025-11-20,28.48
2003-06-13,2025-11-20,2025-11-20,27.39
2003-06-16,2025-11-20,2025-11-20,27.5
2003-06-17,2025-11-20,2025-11-20,27.14
2003-06-18,2025-11-20,2025-11-20,26.43
2003-06-19,2025-11-20,2025-11-20,26.21
2003-06-20,2025-11-20,2025-11-20,27.13
2003-06-23,2025-11-20,2025-11-20,27.13
2003-06-24,2025-11-20,2025-11-20,26.96
2003-06-25,2025-11-20,2025-11-20,27.34
2003-06-26,2025-11-20,2025-11-20,27.06
2003-06-27,2025-11-20,2025-11-20,27.45
2003-06-30,2025-11-20,2025-11-20,28.88
2003-07-01,2025-11-20,2025-11-20,28.33
2003-07-02,2025-11-20,2025-11-20,28.2
2003-07-03,2025-11-20,2025-11-20,28.63
2003-07-04,2025-11-20,2025-11-20,27.97
2003-07-07,2025-11-20,2025-11-20,27.23
2003-07-08,2025-11-20,2025-11-20,27.95
2003-07-09,2025-11-20,2025-11-20,28.21
2003-07-10,2025-11-20,2025-11-20,29.37
2003-07-11,2025-11-20,2025-11-20,29.36
2003-07-14,2025-11-20,2025-11-20,28.52
2003-07-15,2025-11-20,2025-11-20,28.87
2003-07-16,2025-11-20,2025-11-20,28.51
2003-07-17,2025-11-20,2025-11-20,28.59
2003-07-18,2025-11-20,2025-11-20,29.2
2003-07-21,2025-11-20,2025-11-20,28.01
2003-07-22,2025-11-20,2025-11-20,28.4
2003-07-23,2025-11-20,2025-11-20,27.67
2003-07-24,2025-11-20,2025-11-20,27.73
2003-07-25,2025-11-20,2025-11-20,28.3
2003-07-28,2025-11-20,2025-11-20,27.71
2003-07-29,2025-11-20,2025-11-20,28.27
2003-07-30,2025-11-20,2025-11-20,28.31
2003-07-31,2025-11-20,2025-11-20,28.68
2003-08-01,2025-11-20,2025-11-20,29.63
2003-08-04,2025-11-20,2025-11-20,29.91
2003-08-05,2025-11-20,2025-11-20,30.37
2003-08-06,2025-11-20,2025-11-20,30.01
2003-08-07,2025-11-20,2025-11-20,30.06
2003-08-08,2025-11-20,2025-11-20,30.59
2003-08-11,2025-11-20,2025-11-20,30.05
2003-08-12,2025-11-20,2025-11-20,30.13
2003-08-13,2025-11-20,2025-11-20,29.66
2003-08-14,2025-11-20,2025-11-20,28.96
2003-08-15,2025-11-20,2025-11-20,29.18
2003-08-18,2025-11-20,2025-11-20,29.88
2003-08-19,2025-11-20,2025-11-20,29.18
2003-08-20,2025-11-20,2025-11-20,29.28
2003-08-21,2025-11-20,2025-11-20,29.95
2003-08-22,2025-11-20,2025-11-20,30.22
2003-08-25,2025-11-20,2025-11-20,29.98
2003-08-26,2025-11-20,2025-11-20,30.08
2003-08-27,2025-11-20,2025-11-20,30.05
2003-08-28,2025-11-20,2025-11-20,30.1
2003-08-29,2025-11-20,2025-11-20,30.38
2003-09-01,2025-11-20,2025-11-20,29.64
2003-09-02,2025-11-20,2025-11-20,28.08
2003-09-03,2025-11-20,2025-11-20,27.89
2003-09-04,2025-11-20,2025-11-20,27.49
2003-09-05,2025-11-20,2025-11-20,27.72
2003-09-08,2025-11-20,2025-11-20,28.47
2003-09-09,2025-11-20,2025-11-20,27.64
2003-09-10,2025-11-20,2025-11-20,27.76
2003-09-11,2025-11-20,2025-11-20,27.48
2003-09-12,2025-11-20,2025-11-20,26.52
2003-09-15,2025-11-20,2025-11-20,26.38
2003-09-16,2025-11-20,2025-11-20,26.28
2003-09-17,2025-11-20,2025-11-20,25.76
2003-09-18,2025-11-20,2025-11-20,25.56
2003-09-19,2025-11-20,2025-11-20,25.51
2003-09-22,2025-11-20,2025-11-20,25.82
2003-09-23,2025-11-20,2025-11-20,25.74
2003-09-24,2025-11-20,2025-11-20,26.81
2003-09-25,2025-11-20,2025-11-20,27.04
2003-09-26,2025-11-20,2025-11-20,27.02
2003-09-29,2025-11-20,2025-11-20,27.77
2003-09-30,2025-11-20,2025-11-20,28.09
2003-10-01,2025-11-20,2025-11-20,27.98
2003-10-02,2025-11-20,2025-11-20,28.9
2003-10-03,2025-11-20,2025-11-20,29.14
2003-10-06,2025-11-20,2025-11-20,29.75
2003-10-07,2025-11-20,2025-11-20,29.35
2003-10-08,2025-11-20,2025-11-20,28.96
2003-10-09,2025-11-20,2025-11-20,30.21
2003-10-10,2025-11-20,2025-11-20,31.13
2003-10-13,2025-11-20,2025-11-20,31.0
2003-10-14,2025-11-20,2025-11-20,31.45
2003-10-15,2025-11-20,2025-11-20,31.23
2003-10-16,2025-11-20,2025-11-20,31.05
2003-10-17,2025-11-20,2025-11-20,30.27
2003-10-20,2025-11-20,2025-11-20,29.78
2003-10-21,2025-11-20,2025-11-20,29.61
2003-10-22,2025-11-20,2025-11-20,29.25
2003-10-23,2025-11-20,2025-11-20,29.63
2003-10-24,2025-11-20,2025-11-20,30.01
2003-10-27,2025-11-20,2025-11-20,29.38
2003-10-28,2025-11-20,2025-11-20,28.99
2003-10-29,2025-11-20,2025-11-20,28.56
2003-10-30,2025-11-20,2025-11-20,27.47
2003-10-31,2025-11-20,2025-11-20,27.88
2003-11-03,2025-11-20,2025-11-20,27.78
2003-11-04,2025-11-20,2025-11-20,27.32
2003-11-05,2025-11-20,2025-11-20,27.9
2003-11-06,2025-11-20,2025-11-20,28.52
2003-11-07,2025-11-20,2025-11-20,28.73
2003-11-10,2025-11-20,2025-11-20,28.82
2003-11-11,2025-11-20,2025-11-20,28.88
2003-11-12,2025-11-20,2025-11-20,28.58
2003-11-13,2025-11-20,2025-11-20,29.01
2003-11-14,2025-11-20,2025-11-20,29.78
2003-11-17,2025-11-20,2025-11-20,28.98
2003-11-18,2025-11-20,2025-11-20,29.26
2003-11-19,2025-11-20,2025-11-20,30.13
2003-11-20,2025-11-20,2025-11-20,29.88
2003-11-21,2025-11-20,2025-11-20,29.79
2003-11-24,2025-11-20,2025-11-20,27.99
2003-11-25,2025-11-20,2025-11-20,27.62
2003-11-26,2025-11-20,2025-11-20,28.23
2003-11-27,2025-11-20,2025-11-20,28.9
2003-11-28,2025-11-20,2025-11-20,28.95
2003-12-01,2025-11-20,2025-11-20,28.17
2003-12-02,2025-11-20,2025-11-20,29.1
2003-12-03,2025-11-20,2025-11-20,29.26
2003-12-04,2025-11-20,2025-11-20,29.25
2003-12-05,2025-11-20,2025-11-20,28.87
2003-12-08,2025-11-20,2025-11-20,30.52
2003-12-09,2025-11-20,2025-11-20,30.27
2003-12-10,2025-11-20,2025-11-20,30.02
2003-12-11,2025-11-20,2025-11-20,29.79
2003-12-12,2025-11-20,2025-11-20,30.24
2003-12-15,2025-11-20,2025-11-20,30.89
2003-12-16,2025-11-20,2025-11-20,30.64
2003-12-17,2025-11-20,2025-11-20,31.01
2003-12-18,2025-11-20,2025-11-20,30.79
2003-12-19,2025-11-20,2025-11-20,31.03
2003-12-22,2025-11-20,2025-11-20,28.78
2003-12-23,2025-11-20,2025-11-20,28.3
2003-12-24,2025-11-20,2025-11-20,29.45
2003-12-25,2025-11-20,2025-11-20,
2003-12-26,2025-11-20,2025-11-20,
2003-12-29,2025-11-20,2025-11-20,29.17
2003-12-30,2025-11-20,2025-11-20,30.1
2003-12-31,2025-11-20,2025-11-20,30.3
2004-01-01,2025-11-20,2025-11-20,
2004-01-02,2025-11-20,2025-11-20,29.55
2004-01-05,2025-11-20,2025-11-20,32.3
2004-01-06,2025-11-20,2025-11-20,31.2
2004-01-07,2025-11-20,2025-11-20,30.99
2004-01-08,2025-11-20,2025-11-20,31.11
2004-01-09,2025-11-20,2025-11-20,31.91
2004-01-12,2025-11-20,2025-11-20,31.41
2004-01-13,2025-11-20,2025-11-20,32.55
2004-01-14,2025-11-20,2025-11-20,31.84
2004-01-15,2025-11-20,2025-11-20,31.43
2004-01-16,2025-11-20,2025-11-20,31.26
2004-01-19,2025-11-20,2025-11-20,31.67
2004-01-20,2025-11-20,2025-11-20,32.26
2004-01-21,2025-11-20,2025-11-20,31.95
2004-01-22,2025-11-20,2025-11-20,31.42
2004-01-23,2025-11-20,2025-11-20,32.08
2004-01-26,2025-11-20,2025-11-20,31.15
2004-01-27,2025-11-20,2025-11-20,31.05
2004-01-28,2025-11-20,2025-11-20,30.77
2004-01-29,2025-11-20,2025-11-20,29.47
2004-01-30,2025-11-20,2025-11-20,29.53
2004-02-02,2025-11-20,2025-11-20,30.3
2004-02-03,2025-11-20,2025-11-20,30.07
2004-02-04,2025-11-20,2025-11-20,29.63
2004-02-05,2025-11-20,2025-11-20,29.02
2004-02-06,2025-11-20,2025-11-20,29.26
2004-02-09,2025-11-20,2025-11-20,29.1
2004-02-10,2025-11-20,2025-11-20,30.06
2004-02-11,2025-11-20,2025-11-20,30.33
2004-02-12,2025-11-20,2025-11-20,30.17
2004-02-13,2025-11-20,2025-11-20,30.96
2004-02-16,2025-11-20,2025-11-20,31.08
2004-02-17,2025-11-20,2025-11-20,31.43
2004-02-18,2025-11-20,2025-11-20,31.57
2004-02-19,2025-11-20,2025-11-20,31.63
2004-02-20,2025-11-20,2025-11-20,31.22
2004-02-23,2025-11-20,2025-11-20,31.89
2004-02-24,2025-11-20,2025-11-20,31.6
2004-02-25,2025-11-20,2025-11-20,32.46
2004-02-26,2025-11-20,2025-11-20,32.45
2004-02-27,2025-11-20,2025-11-20,32.94
2004-03-01,2025-11-20,2025-11-20,33.34
2004-03-02,2025-11-20,2025-11-20,34.15
2004-03-03,2025-11-20,2025-11-20,33.32
2004-03-04,2025-11-20,2025-11-20,33.45
2004-03-05,2025-11-20,2025-11-20,34.4
2004-03-08,2025-11-20,2025-11-20,34.27
2004-03-09,2025-11-20,2025-11-20,33.72
2004-03-10,2025-11-20,2025-11-20,32.83
2004-03-11,2025-11-20,2025-11-20,33.22
2004-03-12,2025-11-20,2025-11-20,32.76
2004-03-15,2025-11-20,2025-11-20,34.39
2004-03-16,2025-11-20,2025-11-20,34.72
2004-03-17,2025-11-20,2025-11-20,34.95
2004-03-18,2025-11-20,2025-11-20,34.43
2004-03-19,2025-11-20,2025-11-20,34.33
2004-03-22,2025-11-20,2025-11-20,33.57
2004-03-23,2025-11-20,2025-11-20,34.4
2004-03-24,2025-11-20,2025-11-20,34.14
2004-03-25,2025-11-20,2025-11-20,33.32
2004-03-26,2025-11-20,2025-11-20,32.51
2004-03-29,2025-11-20,2025-11-20,32.04
2004-03-30,2025-11-20,2025-11-20,33.04
2004-03-31,2025-11-20,2025-11-20,32.29
2004-04-01,2025-11-20,2025-11-20,32.59
2004-04-02,2025-11-20,2025-11-20,31.19
2004-04-05,2025-11-20,2025-11-20,31.17
2004-04-06,2025-11-20,2025-11-20,31.48
2004-04-07,2025-11-20,2025-11-20,33.07
2004-04-08,2025-11-20,2025-11-20,33.98
2004-04-09,2025-11-20,2025-11-20,34.03
2004-04-12,2025-11-20,2025-11-20,34.51
2004-04-13,2025-11-20,2025-11-20,34.15
2004-04-14,2025-11-20,2025-11-20,33.54
2004-04-15,2025-11-20,2025-11-20,33.72
2004-04-16,2025-11-20,2025-11-20,33.85
2004-04-19,2025-11-20,2025-11-20,34.71
2004-04-20,2025-11-20,2025-11-20,33.56
2004-04-21,2025-11-20,2025-11-20,33.23
2004-04-22,2025-11-20,2025-11-20,33.24
2004-04-23,2025-11-20,2025-11-20,33.78
2004-04-26,2025-11-20,2025-11-20,34.18
2004-04-27,2025-11-20,2025-11-20,34.11
2004-04-28,2025-11-20,2025-11-20,35.02
2004-04-29,2025-11-20,2025-11-20,34.66
2004-04-30,2025-11-20,2025-11-20,35.23
2004-05-03,2025-11-20,2025-11-20,34.97
2004-05-04,2025-11-20,2025-11-20,36.07
2004-05-05,2025-11-20,2025-11-20,36.58
2004-05-06,2025-11-20,2025-11-20,37.05
2004-05-07,2025-11-20,2025-11-20,37.25
2004-05-10,2025-11-20,2025-11-20,35.83
2004-05-11,2025-11-20,2025-11-20,36.97
2004-05-12,2025-11-20,2025-11-20,37.95
2004-05-13,2025-11-20,2025-11-20,38.3
2004-05-14,2025-11-20,2025-11-20,39.04
2004-05-17,2025-11-20,2025-11-20,38.88
2004-05-18,2025-11-20,2025-11-20,38.43
2004-05-19,2025-11-20,2025-11-20,38.35
2004-05-20,2025-11-20,2025-11-20,38.89
2004-05-21,2025-11-20,2025-11-20,37.6
2004-05-24,2025-11-20,2025-11-20,39.22
2004-05-25,2025-11-20,2025-11-20,38.46
2004-05-26,2025-11-20,2025-11-20,38.05
2004-05-27,2025-11-20,2025-11-20,37.03
2004-05-28,2025-11-20,2025-11-20,37.0
2004-05-31,2025-11-20,2025-11-20,37.0
2004-06-01,2025-11-20,2025-11-20,39.05
2004-06-02,2025-11-20,2025-11-20,37.99
2004-06-03,2025-11-20,2025-11-20,36.26
2004-06-04,2025-11-20,2025-11-20,35.97
2004-06-07,2025-11-20,2025-11-20,35.57
2004-06-08,2025-11-20,2025-11-20,35.47
2004-06-09,2025-11-20,2025-11-20,34.69
2004-06-10,2025-11-20,2025-11-20,35.75
2004-06-11,2025-11-20,2025-11-20,35.23
2004-06-14,2025-11-20,2025-11-20,35.22
2004-06-15,2025-11-20,2025-11-20,34.66
2004-06-16,2025-11-20,2025-11-20,34.56
2004-06-17,2025-11-20,2025-11-20,35.58
2004-06-18,2025-11-20,2025-11-20,35.43
2004-06-21,2025-11-20,2025-11-20,34.82
2004-06-22,2025-11-20,2025-11-20,34.95
2004-06-23,2025-11-20,2025-11-20,34.81
2004-06-24,2025-11-20,2025-11-20,34.71
2004-06-25,2025-11-20,2025-11-20,34.25
2004-06-28,2025-11-20,2025-11-20,33.24
2004-06-29,2025-11-20,2025-11-20,32.61
2004-06-30,2025-11-20,2025-11-20,33.22
2004-07-01,2025-11-20,2025-11-20,35.58
2004-07-02,2025-11-20,2025-11-20,35.36
2004-07-05,2025-11-20,2025-11-20,35.73
2004-07-06,2025-11-20,2025-11-20,36.47
2004-07-07,2025-11-20,2025-11-20,35.62
2004-07-08,2025-11-20,2025-11-20,37.13
2004-07-09,2025-11-20,2025-11-20,37.58
2004-07-12,2025-11-20,2025-11-20,37.73
2004-07-13,2025-11-20,2025-11-20,36.68
2004-07-14,2025-11-20,2025-11-20,37.51
2004-07-15,2025-11-20,2025-11-20,38.41
2004-07-16,2025-11-20,2025-11-20,38.49
2004-07-19,2025-11-20,2025-11-20,39.07
2004-07-20,2025-11-20,2025-11-20,38.96
2004-07-21,2025-11-20,2025-11-20,38.48
2004-07-22,2025-11-20,2025-11-20,39.16
2004-07-23,2025-11-20,2025-11-20,39.59
2004-07-26,2025-11-20,2025-11-20,39.75
2004-07-27,2025-11-20,2025-11-20,40.09
2004-07-28,2025-11-20,2025-11-20,41.08
2004-07-29,2025-11-20,2025-11-20,40.93
2004-07-30,2025-11-20,2025-11-20,41.47
2004-08-02,2025-11-20,2025-11-20,41.35
2004-08-03,2025-11-20,2025-11-20,41.82
2004-08-04,2025-11-20,2025-11-20,41.75
2004-08-05,2025-11-20,2025-11-20,42.49
2004-08-06,2025-11-20,2025-11-20,42.63
2004-08-09,2025-11-20,2025-11-20,43.21
2004-08-10,2025-11-20,2025-11-20,42.5
2004-08-11,2025-11-20,2025-11-20,42.45
2004-08-12,2025-11-20,2025-11-20,43.5
2004-08-13,2025-11-20,2025-11-20,44.13
2004-08-16,2025-11-20,2025-11-20,44.35
2004-08-17,2025-11-20,2025-11-20,44.05
2004-08-18,2025-11-20,2025-11-20,44.12
2004-08-19,2025-11-20,2025-11-20,44.84
2004-08-20,2025-11-20,2025-11-20,45.46
2004-08-23,2025-11-20,2025-11-20,44.39
2004-08-24,2025-11-20,2025-11-20,42.99
2004-08-25,2025-11-20,2025-11-20,42.39
2004-08-26,2025-11-20,2025-11-20,40.65
2004-08-27,2025-11-20,2025-11-20,40.72
2004-08-30,2025-11-20,2025-11-20,40.78
2004-08-31,2025-11-20,2025-11-20,39.8
2004-09-01,2025-11-20,2025-11-20,40.96
2004-09-02,2025-11-20,2025-11-20,42.39
2004-09-03,2025-11-20,2025-11-20,41.07
2004-09-06,2025-11-20,2025-11-20,40.4
2004-09-07,2025-11-20,2025-11-20,40.19
2004-09-08,2025-11-20,2025-11-20,39.91
2004-09-09,2025-11-20,2025-11-20,41.45
2004-09-10,2025-11-20,2025-11-20,41.03
2004-09-13,2025-11-20,2025-11-20,40.63
2004-09-14,2025-11-20,2025-11-20,41.34
2004-09-15,2025-11-20,2025-11-20,42.03
2004-09-16,2025-11-20,2025-11-20,40.68
2004-09-17,2025-11-20,2025-11-20,43.08
2004-09-20,2025-11-20,2025-11-20,43.6
2004-09-21,2025-11-20,2025-11-20,44.56
2004-09-22,2025-11-20,2025-11-20,45.66
2004-09-23,2025-11-20,2025-11-20,46.53
2004-09-24,2025-11-20,2025-11-20,46.13
2004-09-27,2025-11-20,2025-11-20,46.87
2004-09-28,2025-11-20,2025-11-20,47.52
2004-09-29,2025-11-20,2025-11-20,46.54
2004-09-30,2025-11-20,2025-11-20,47.76
2004-10-01,2025-11-20,2025-11-20,46.86
2004-10-04,2025-11-20,2025-11-20,46.99
2004-10-05,2025-11-20,2025-11-20,47.1
2004-10-06,2025-11-20,2025-11-20,47.95
2004-10-07,2025-11-20,2025-11-20,48.98
2004-10-08,2025-11-20,2025-11-20,49.41
2004-10-11,2025-11-20,2025-11-20,50.75
2004-10-12,2025-11-20,2025-11-20,51.28
2004-10-13,2025-11-20,2025-11-20,50.42
2004-10-14,2025-11-20,2025-11-20,51.31
2004-10-15,2025-11-20,2025-11-20,51.02
2004-10-18,2025-11-20,2025-11-20,49.16
2004-10-19,2025-11-20,2025-11-20,49.21
2004-10-20,2025-11-20,2025-11-20,50.78
2004-10-21,2025-11-20,2025-11-20,51.06
2004-10-22,2025-11-20,2025-11-20,52.28
2004-10-25,2025-11-20,2025-11-20,51.68
2004-10-26,2025-11-20,2025-11-20,52.04
2004-10-27,2025-11-20,2025-11-20,49.99
2004-10-28,2025-11-20,2025-11-20,48.88
2004-10-29,2025-11-20,2025-11-20,48.16
2004-11-01,2025-11-20,2025-11-20,46.84
2004-11-02,2025-11-20,2025-11-20,46.25
2004-11-03,2025-11-20,2025-11-20,46.14
2004-11-04,2025-11-20,2025-11-20,45.32
2004-11-05,2025-11-20,2025-11-20,44.37
2004-11-08,2025-11-20,2025-11-20,44.78
2004-11-09,2025-11-20,2025-11-20,43.27
2004-11-10,2025-11-20,2025-11-20,42.57
2004-11-11,2025-11-20,2025-11-20,42.22
2004-11-12,2025-11-20,2025-11-20,41.33
2004-11-15,2025-11-20,2025-11-20,39.32
2004-11-16,2025-11-20,2025-11-20,40.48
2004-11-17,2025-11-20,2025-11-20,40.27
2004-11-18,2025-11-20,2025-11-20,40.8
2004-11-19,2025-11-20,2025-11-20,42.29
2004-11-22,2025-11-20,2025-11-20,42.26
2004-11-23,2025-11-20,2025-11-20,43.03
2004-11-24,2025-11-20,2025-11-20,42.62
2004-11-25,2025-11-20,2025-11-20,43.12
2004-11-26,2025-11-20,2025-11-20,42.87
2004-11-29,2025-11-20,2025-11-20,44.05
2004-11-30,2025-11-20,2025-11-20,44.23
2004-12-01,2025-11-20,2025-11-20,41.19
2004-12-02,2025-11-20,2025-11-20,38.49
2004-12-03,2025-11-20,2025-11-20,38.57
2004-12-06,2025-11-20,2025-11-20,38.43
2004-12-07,2025-11-20,2025-11-20,37.11
2004-12-08,2025-11-20,2025-11-20,36.9
2004-12-09,2025-11-20,2025-11-20,38.33
2004-12-10,2025-11-20,2025-11-20,37.24
2004-12-13,2025-11-20,2025-11-20,36.77
2004-12-14,2025-11-20,2025-11-20,37.03
2004-12-15,2025-11-20,2025-11-20,41.53
2004-12-16,2025-11-20,2025-11-20,41.49
2004-12-17,2025-11-20,2025-11-20,43.06
2004-12-20,2025-11-20,2025-11-20,42.67
2004-12-21,2025-11-20,2025-11-20,42.76
2004-12-22,2025-11-20,2025-11-20,40.44
2004-12-23,2025-11-20,2025-11-20,40.29
2004-12-24,2025-11-20,2025-11-20,39.6
2004-12-27,2025-11-20,2025-11-20,39.6
2004-12-28,2025-11-20,2025-11-20,40.24
2004-12-29,2025-11-20,2025-11-20,38.93
2004-12-30,2025-11-20,2025-11-20,39.8
2004-12-31,2025-11-20,2025-11-20,40.38
2005-01-03,2025-11-20,2025-11-20,
2005-01-04,2025-11-20,2025-11-20,40.75
2005-01-05,2025-11-20,2025-11-20,41.0
2005-01-06,2025-11-20,2025-11-20,43.25
2005-01-07,2025-11-20,2025-11-20,43.28
2005-01-10,2025-11-20,2025-11-20,44.71
2005-01-11,2025-11-20,2025-11-20,43.45
2005-01-12,2025-11-20,2025-11-20,43.75
2005-01-13,2025-11-20,2025-11-20,45.76
2005-01-14,2025-11-20,2025-11-20,45.26
2005-01-17,2025-11-20,2025-11-20,45.1
2005-01-18,2025-11-20,2025-11-20,45.18
2005-01-19,2025-11-20,2025-11-20,45.16
2005-01-20,2025-11-20,2025-11-20,44.06
2005-01-21,2025-11-20,2025-11-20,45.88
2005-01-24,2025-11-20,2025-11-20,45.74
2005-01-25,2025-11-20,2025-11-20,46.14
2005-01-26,2025-11-20,2025-11-20,45.94
2005-01-27,2025-11-20,2025-11-20,46.51
2005-01-28,2025-11-20,2025-11-20,44.75
2005-01-31,2025-11-20,2025-11-20,44.51
2005-02-01,2025-11-20,2025-11-20,45.12
2005-02-02,2025-11-20,2025-11-20,44.17
2005-02-03,2025-11-20,2025-11-20,43.13
2005-02-04,2025-11-20,2025-11-20,43.26
2005-02-07,2025-11-20,2025-11-20,42.7
2005-02-08,2025-11-20,2025-11-20,42.79
2005-02-09,2025-11-20,2025-11-20,42.49
2005-02-10,2025-11-20,2025-11-20,44.04
2005-02-11,2025-11-20,2025-11-20,44.41
2005-02-14,2025-11-20,2025-11-20,44.51
2005-02-15,2025-11-20,2025-11-20,44.91
2005-02-16,2025-11-20,2025-11-20,45.42
2005-02-17,2025-11-20,2025-11-20,45.42
2005-02-18,2025-11-20,2025-11-20,45.86
2005-02-21,2025-11-20,2025-11-20,46.09
2005-02-22,2025-11-20,2025-11-20,47.6
2005-02-23,2025-11-20,2025-11-20,48.16
2005-02-24,2025-11-20,2025-11-20,49.24
2005-02-25,2025-11-20,2025-11-20,50.05
2005-02-28,2025-11-20,2025-11-20,50.13
2005-03-01,2025-11-20,2025-11-20,50.47
2005-03-02,2025-11-20,2025-11-20,51.05
2005-03-03,2025-11-20,2025-11-20,52.89
2005-03-04,2025-11-20,2025-11-20,52.1
2005-03-07,2025-11-20,2025-11-20,51.87
2005-03-08,2025-11-20,2025-11-20,53.29
2005-03-09,2025-11-20,2025-11-20,54.11
2005-03-10,2025-11-20,2025-11-20,53.04
2005-03-11,2025-11-20,2025-11-20,53.15
2005-03-14,2025-11-20,2025-11-20,53.68
2005-03-15,2025-11-20,2025-11-20,53.97
2005-03-16,2025-11-20,2025-11-20,54.61
2005-03-17,2025-11-20,2025-11-20,56.03
2005-03-18,2025-11-20,2025-11-20,55.97
2005-03-21,2025-11-20,2025-11-20,55.79
2005-03-22,2025-11-20,2025-11-20,55.39
2005-03-23,2025-11-20,2025-11-20,51.52
2005-03-24,2025-11-20,2025-11-20,52.35
2005-03-25,2025-11-20,2025-11-20,
2005-03-28,2025-11-20,2025-11-20,51.75
2005-03-29,2025-11-20,2025-11-20,51.42
2005-03-30,2025-11-20,2025-11-20,50.63
2005-03-31,2025-11-20,2025-11-20,53.22
2005-04-01,2025-11-20,2025-11-20,54.14
2005-04-04,2025-11-20,2025-11-20,55.92
2005-04-05,2025-11-20,2025-11-20,54.53
2005-04-06,2025-11-20,2025-11-20,54.08
2005-04-07,2025-11-20,2025-11-20,52.57
2005-04-08,2025-11-20,2025-11-20,51.83
2005-04-11,2025-11-20,2025-11-20,51.21
2005-04-12,2025-11-20,2025-11-20,51.53
2005-04-13,2025-11-20,2025-11-20,49.67
2005-04-14,2025-11-20,2025-11-20,50.21
2005-04-15,2025-11-20,2025-11-20,49.52
2005-04-18,2025-11-20,2025-11-20,48.58
2005-04-19,2025-11-20,2025-11-20,50.79
2005-04-20,2025-11-20,2025-11-20,51.53
2005-04-21,2025-11-20,2025-11-20,51.73
2005-04-22,2025-11-20,2025-11-20,53.51
2005-04-25,2025-11-20,2025-11-20,53.1
2005-04-26,2025-11-20,2025-11-20,52.47
2005-04-27,2025-11-20,2025-11-20,51.29
2005-04-28,2025-11-20,2025-11-20,50.74
2005-04-29,2025-11-20,2025-11-20,50.61
2005-05-02,2025-11-20,2025-11-20,50.89
2005-05-03,2025-11-20,2025-11-20,49.48
2005-05-04,2025-11-20,2025-11-20,50.36
2005-05-05,2025-11-20,2025-11-20,49.81
2005-05-06,2025-11-20,2025-11-20,49.7
2005-05-09,2025-11-20,2025-11-20,49.71
2005-05-10,2025-11-20,2025-11-20,50.61
2005-05-11,2025-11-20,2025-11-20,48.91
2005-05-12,2025-11-20,2025-11-20,47.4
2005-05-13,2025-11-20,2025-11-20,46.85
2005-05-16,2025-11-20,2025-11-20,46.42
2005-05-17,2025-11-20,2025-11-20,47.31
2005-05-18,2025-11-20,2025-11-20,47.35
2005-05-19,2025-11-20,2025-11-20,46.92
2005-05-20,2025-11-20,2025-11-20,46.91
2005-05-23,2025-11-20,2025-11-20,47.28
2005-05-24,2025-11-20,2025-11-20,47.29
2005-05-25,2025-11-20,2025-11-20,49.24
2005-05-26,2025-11-20,2025-11-20,49.71
2005-05-27,2025-11-20,2025-11-20,49.42
2005-05-30,2025-11-20,2025-11-20,49.33
2005-05-31,2025-11-20,2025-11-20,49.3
2005-06-01,2025-11-20,2025-11-20,50.46
2005-06-02,2025-11-20,2025-11-20,51.3
2005-06-03,2025-11-20,2025-11-20,51.9
2005-06-06,2025-11-20,2025-11-20,52.61
2005-06-07,2025-11-20,2025-11-20,51.62
2005-06-08,2025-11-20,2025-11-20,51.92
2005-06-09,2025-11-20,2025-11-20,51.36
2005-06-10,2025-11-20,2025-11-20,51.98
2005-06-13,2025-11-20,2025-11-20,52.0
2005-06-14,2025-11-20,2025-11-20,53.52
2005-06-15,2025-11-20,2025-11-20,54.12
2005-06-16,2025-11-20,2025-11-20,54.3
2005-06-17,2025-11-20,2025-11-20,56.92
2005-06-20,2025-11-20,2025-11-20,57.1
2005-06-21,2025-11-20,2025-11-20,57.36
2005-06-22,2025-11-20,2025-11-20,56.06
2005-06-23,2025-11-20,2025-11-20,57.03
2005-06-24,2025-11-20,2025-11-20,57.21
2005-06-27,2025-11-20,2025-11-20,58.5
2005-06-28,2025-11-20,2025-11-20,57.75
2005-06-29,2025-11-20,2025-11-20,55.42
2005-06-30,2025-11-20,2025-11-20,55.36
2005-07-01,2025-11-20,2025-11-20,56.41
2005-07-04,2025-11-20,2025-11-20,57.13
2005-07-05,2025-11-20,2025-11-20,57.86
2005-07-06,2025-11-20,2025-11-20,58.38
2005-07-07,2025-11-20,2025-11-20,57.55
2005-07-08,2025-11-20,2025-11-20,59.0
2005-07-11,2025-11-20,2025-11-20,56.1
2005-07-12,2025-11-20,2025-11-20,58.95
2005-07-13,2025-11-20,2025-11-20,58.33
2005-07-14,2025-11-20,2025-11-20,56.79
2005-07-15,2025-11-20,2025-11-20,56.98
2005-07-18,2025-11-20,2025-11-20,56.25
2005-07-19,2025-11-20,2025-11-20,56.75
2005-07-20,2025-11-20,2025-11-20,56.39
2005-07-21,2025-11-20,2025-11-20,55.59
2005-07-22,2025-11-20,2025-11-20,56.98
2005-07-25,2025-11-20,2025-11-20,57.51
2005-07-26,2025-11-20,2025-11-20,58.58
2005-07-27,2025-11-20,2025-11-20,58.34
2005-07-28,2025-11-20,2025-11-20,58.28
2005-07-29,2025-11-20,2025-11-20,59.77
2005-08-01,2025-11-20,2025-11-20,60.56
2005-08-02,2025-11-20,2025-11-20,60.13
2005-08-03,2025-11-20,2025-11-20,60.04
2005-08-04,2025-11-20,2025-11-20,60.62
2005-08-05,2025-11-20,2025-11-20,60.73
2005-08-08,2025-11-20,2025-11-20,62.56
2005-08-09,2025-11-20,2025-11-20,62.79
2005-08-10,2025-11-20,2025-11-20,63.77
2005-08-11,2025-11-20,2025-11-20,65.9
2005-08-12,2025-11-20,2025-11-20,67.26
2005-08-15,2025-11-20,2025-11-20,66.68
2005-08-16,2025-11-20,2025-11-20,65.1
2005-08-17,2025-11-20,2025-11-20,63.41
2005-08-18,2025-11-20,2025-11-20,61.75
2005-08-19,2025-11-20,2025-11-20,64.21
2005-08-22,2025-11-20,2025-11-20,65.87
2005-08-23,2025-11-20,2025-11-20,65.16
2005-08-24,2025-11-20,2025-11-20,65.25
2005-08-25,2025-11-20,2025-11-20,65.88
2005-08-26,2025-11-20,2025-11-20,66.23
2005-08-29,2025-11-20,2025-11-20,64.77
2005-08-30,2025-11-20,2025-11-20,66.15
2005-08-31,2025-11-20,2025-11-20,66.8
2005-09-01,2025-11-20,2025-11-20,66.79
2005-09-02,2025-11-20,2025-11-20,65.95
2005-09-05,2025-11-20,2025-11-20,64.16
2005-09-06,2025-11-20,2025-11-20,64.16
2005-09-07,2025-11-20,2025-11-20,63.6
2005-09-08,2025-11-20,2025-11-20,61.66
2005-09-09,2025-11-20,2025-11-20,62.62
2005-09-12,2025-11-20,2025-11-20,60.69
2005-09-13,2025-11-20,2025-11-20,61.31
2005-09-14,2025-11-20,2025-11-20,61.7
2005-09-15,2025-11-20,2025-11-20,61.9
2005-09-16,2025-11-20,2025-11-20,60.48
2005-09-19,2025-11-20,2025-11-20,64.04
2005-09-20,2025-11-20,2025-11-20,62.98
2005-09-21,2025-11-20,2025-11-20,64.31
2005-09-22,2025-11-20,2025-11-20,64.64
2005-09-23,2025-11-20,2025-11-20,62.17
2005-09-26,2025-11-20,2025-11-20,61.73
2005-09-27,2025-11-20,2025-11-20,62.56
2005-09-28,2025-11-20,2025-11-20,62.81
2005-09-29,2025-11-20,2025-11-20,62.02
2005-09-30,2025-11-20,2025-11-20,61.7
2005-10-03,2025-11-20,2025-11-20,61.64
2005-10-04,2025-11-20,2025-11-20,59.17
2005-10-05,2025-11-20,2025-11-20,59.33
2005-10-06,2025-11-20,2025-11-20,57.2
2005-10-07,2025-11-20,2025-11-20,57.29
2005-10-10,2025-11-20,2025-11-20,57.01
2005-10-11,2025-11-20,2025-11-20,58.1
2005-10-12,2025-11-20,2025-11-20,59.91
2005-10-13,2025-11-20,2025-11-20,59.48
2005-10-14,2025-11-20,2025-11-20,58.45
2005-10-17,2025-11-20,2025-11-20,59.81
2005-10-18,2025-11-20,2025-11-20,58.85
2005-10-19,2025-11-20,2025-11-20,58.13
2005-10-20,2025-11-20,2025-11-20,57.04
2005-10-21,2025-11-20,2025-11-20,56.94
2005-10-24,2025-11-20,2025-11-20,57.64
2005-10-25,2025-11-20,2025-11-20,58.72
2005-10-26,2025-11-20,2025-11-20,58.56
2005-10-27,2025-11-20,2025-11-20,58.1
2005-10-28,2025-11-20,2025-11-20,59.47
2005-10-31,2025-11-20,2025-11-20,58.47
2005-11-01,2025-11-20,2025-11-20,56.69
2005-11-02,2025-11-20,2025-11-20,58.53
2005-11-03,2025-11-20,2025-11-20,59.55
2005-11-04,2025-11-20,2025-11-20,60.48
2005-11-07,2025-11-20,2025-11-20,58.19
2005-11-08,2025-11-20,2025-11-20,57.89
2005-11-09,2025-11-20,2025-11-20,57.71
2005-11-10,2025-11-20,2025-11-20,55.85
2005-11-11,2025-11-20,2025-11-20,54.3
2005-11-14,2025-11-20,2025-11-20,54.1
2005-11-15,2025-11-20,2025-11-20,54.45
2005-11-16,2025-11-20,2025-11-20,53.68
2005-11-17,2025-11-20,2025-11-20,53.8
2005-11-18,2025-11-20,2025-11-20,52.84
2005-11-21,2025-11-20,2025-11-20,53.36
2005-11-22,2025-11-20,2025-11-20,54.21
2005-11-23,2025-11-20,2025-11-20,53.73
2005-11-24,2025-11-20,2025-11-20,53.41
2005-11-25,2025-11-20,2025-11-20,53.15
2005-11-28,2025-11-20,2025-11-20,52.91
2005-11-29,2025-11-20,2025-11-20,53.24
2005-11-30,2025-11-20,2025-11-20,53.25
2005-12-01,2025-11-20,2025-11-20,53.65
2005-12-02,2025-11-20,2025-11-20,54.91
2005-12-05,2025-11-20,2025-11-20,56.05
2005-12-06,2025-11-20,2025-11-20,55.68
2005-12-07,2025-11-20,2025-11-20,55.17
2005-12-08,2025-11-20,2025-11-20,56.26
2005-12-09,2025-11-20,2025-11-20,57.18
2005-12-12,2025-11-20,2025-11-20,57.23
2005-12-13,2025-11-20,2025-11-20,59.16
2005-12-14,2025-11-20,2025-11-20,59.59
2005-12-15,2025-11-20,2025-11-20,59.67
2005-12-16,2025-11-20,2025-11-20,58.11
2005-12-19,2025-11-20,2025-11-20,56.09
2005-12-20,2025-11-20,2025-11-20,56.08
2005-12-21,2025-11-20,2025-11-20,56.05
2005-12-22,2025-11-20,2025-11-20,57.3
2005-12-23,2025-11-20,2025-11-20,56.28
2005-12-26,2025-11-20,2025-11-20,56.54
2005-12-27,2025-11-20,2025-11-20,
2005-12-28,2025-11-20,2025-11-20,56.91
2005-12-29,2025-11-20,2025-11-20,57.72
2005-12-30,2025-11-20,2025-11-20,58.34
2006-01-02,2025-11-20,2025-11-20,
2006-01-03,2025-11-20,2025-11-20,61.51
2006-01-04,2025-11-20,2025-11-20,61.25
2006-01-05,2025-11-20,2025-11-20,61.68
2006-01-06,2025-11-20,2025-11-20,62.43
2006-01-09,2025-11-20,2025-11-20,62.51
2006-01-10,2025-11-20,2025-11-20,62.32
2006-01-11,2025-11-20,2025-11-20,61.54
2006-01-12,2025-11-20,2025-11-20,62.95
2006-01-13,2025-11-20,2025-11-20,61.58
2006-01-16,2025-11-20,2025-11-20,62.34
2006-01-17,2025-11-20,2025-11-20,63.22
2006-01-18,2025-11-20,2025-11-20,63.6
2006-01-19,2025-11-20,2025-11-20,63.64
2006-01-20,2025-11-20,2025-11-20,64.92
2006-01-23,2025-11-20,2025-11-20,64.56
2006-01-24,2025-11-20,2025-11-20,63.82
2006-01-25,2025-11-20,2025-11-20,62.61
2006-01-26,2025-11-20,2025-11-20,62.93
2006-01-27,2025-11-20,2025-11-20,64.95
2006-01-30,2025-11-20,2025-11-20,65.14
2006-01-31,2025-11-20,2025-11-20,63.19
2006-02-01,2025-11-20,2025-11-20,65.64
2006-02-02,2025-11-20,2025-11-20,63.49
2006-02-03,2025-11-20,2025-11-20,62.54
2006-02-06,2025-11-20,2025-11-20,63.32
2006-02-07,2025-11-20,2025-11-20,61.64
2006-02-08,2025-11-20,2025-11-20,60.82
2006-02-09,2025-11-20,2025-11-20,60.7
2006-02-10,2025-11-20,2025-11-20,59.66
2006-02-13,2025-11-20,2025-11-20,59.16
2006-02-14,2025-11-20,2025-11-20,58.27
2006-02-15,2025-11-20,2025-11-20,57.67
2006-02-16,2025-11-20,2025-11-20,56.78
2006-02-17,2025-11-20,2025-11-20,58.34
2006-02-20,2025-11-20,2025-11-20,60.05
2006-02-21,2025-11-20,2025-11-20,59.35
2006-02-22,2025-11-20,2025-11-20,58.71
2006-02-23,2025-11-20,2025-11-20,58.71
2006-02-24,2025-11-20,2025-11-20,60.13
2006-02-27,2025-11-20,2025-11-20,59.44
2006-02-28,2025-11-20,2025-11-20,59.78
2006-03-01,2025-11-20,2025-11-20,61.12
2006-03-02,2025-11-20,2025-11-20,62.27
2006-03-03,2025-11-20,2025-11-20,62.69
2006-03-06,2025-11-20,2025-11-20,61.41
2006-03-07,2025-11-20,2025-11-20,59.79
2006-03-08,2025-11-20,2025-11-20,58.42
2006-03-09,2025-11-20,2025-11-20,58.82
2006-03-10,2025-11-20,2025-11-20,59.04
2006-03-13,2025-11-20,2025-11-20,60.99
2006-03-14,2025-11-20,2025-11-20,62.39
2006-03-15,2025-11-20,2025-11-20,63.12
2006-03-16,2025-11-20,2025-11-20,62.07
2006-03-17,2025-11-20,2025-11-20,63.54
2006-03-20,2025-11-20,2025-11-20,62.3
2006-03-21,2025-11-20,2025-11-20,59.96
2006-03-22,2025-11-20,2025-11-20,61.23
2006-03-23,2025-11-20,2025-11-20,61.76
2006-03-24,2025-11-20,2025-11-20,62.78
2006-03-27,2025-11-20,2025-11-20,62.59
2006-03-28,2025-11-20,2025-11-20,64.31
2006-03-29,2025-11-20,2025-11-20,64.88
2006-03-30,2025-11-20,2025-11-20,65.95
2006-03-31,2025-11-20,2025-11-20,66.06
2006-04-03,2025-11-20,2025-11-20,67.28
2006-04-04,2025-11-20,2025-11-20,65.93
2006-04-05,2025-11-20,2025-11-20,66.74
2006-04-06,2025-11-20,2025-11-20,67.58
2006-04-07,2025-11-20,2025-11-20,67.11
2006-04-10,2025-11-20,2025-11-20,68.2
2006-04-11,2025-11-20,2025-11-20,68.52
2006-04-12,2025-11-20,2025-11-20,69.54
2006-04-13,2025-11-20,2025-11-20,69.39
2006-04-14,2025-11-20,2025-11-20,
2006-04-17,2025-11-20,2025-11-20,
2006-04-18,2025-11-20,2025-11-20,70.97
2006-04-19,2025-11-20,2025-11-20,72.69
2006-04-20,2025-11-20,2025-11-20,72.57
2006-04-21,2025-11-20,2025-11-20,73.94
2006-04-24,2025-11-20,2025-11-20,73.96
2006-04-25,2025-11-20,2025-11-20,72.86
2006-04-26,2025-11-20,2025-11-20,73.46
2006-04-27,2025-11-20,2025-11-20,71.79
2006-04-28,2025-11-20,2025-11-20,72.15
2006-05-01,2025-11-20,2025-11-20,73.37
2006-05-02,2025-11-20,2025-11-20,74.45
2006-05-03,2025-11-20,2025-11-20,73.73
2006-05-04,2025-11-20,2025-11-20,71.84
2006-05-05,2025-11-20,2025-11-20,71.22
2006-05-08,2025-11-20,2025-11-20,68.26
2006-05-09,2025-11-20,2025-11-20,70.6
2006-05-10,2025-11-20,2025-11-20,69.83
2006-05-11,2025-11-20,2025-11-20,72.2
2006-05-12,2025-11-20,2025-11-20,71.3
2006-05-15,2025-11-20,2025-11-20,68.69
2006-05-16,2025-11-20,2025-11-20,68.66
2006-05-17,2025-11-20,2025-11-20,67.52
2006-05-18,2025-11-20,2025-11-20,67.39
2006-05-19,2025-11-20,2025-11-20,66.93
2006-05-22,2025-11-20,2025-11-20,66.52
2006-05-23,2025-11-20,2025-11-20,68.97
2006-05-24,2025-11-20,2025-11-20,68.45
2006-05-25,2025-11-20,2025-11-20,68.51
2006-05-26,2025-11-20,2025-11-20,69.88
2006-05-29,2025-11-20,2025-11-20,69.16
2006-05-30,2025-11-20,2025-11-20,69.82
2006-05-31,2025-11-20,2025-11-20,67.57
2006-06-01,2025-11-20,2025-11-20,68.77
2006-06-02,2025-11-20,2025-11-20,68.42
2006-06-05,2025-11-20,2025-11-20,69.13
2006-06-06,2025-11-20,2025-11-20,68.25
2006-06-07,2025-11-20,2025-11-20,67.17
2006-06-08,2025-11-20,2025-11-20,65.76
2006-06-09,2025-11-20,2025-11-20,69.13
2006-06-12,2025-11-20,2025-11-20,68.62
2006-06-13,2025-11-20,2025-11-20,65.67
2006-06-14,2025-11-20,2025-11-20,65.52
2006-06-15,2025-11-20,2025-11-20,66.04
2006-06-16,2025-11-20,2025-11-20,65.01
2006-06-19,2025-11-20,2025-11-20,66.4
2006-06-20,2025-11-20,2025-11-20,67.57
2006-06-21,2025-11-20,2025-11-20,68.17
2006-06-22,2025-11-20,2025-11-20,69.6
2006-06-23,2025-11-20,2025-11-20,69.91
2006-06-26,2025-11-20,2025-11-20,69.85
2006-06-27,2025-11-20,2025-11-20,71.26
2006-06-28,2025-11-20,2025-11-20,71.76
2006-06-29,2025-11-20,2025-11-20,73.02
2006-06-30,2025-11-20,2025-11-20,73.2
2006-07-03,2025-11-20,2025-11-20,73.94
2006-07-04,2025-11-20,2025-11-20,73.17
2006-07-05,2025-11-20,2025-11-20,72.88
2006-07-06,2025-11-20,2025-11-20,73.12
2006-07-07,2025-11-20,2025-11-20,74.14
2006-07-10,2025-11-20,2025-11-20,72.39
2006-07-11,2025-11-20,2025-11-20,73.14
2006-07-12,2025-11-20,2025-11-20,73.04
2006-07-13,2025-11-20,2025-11-20,75.23
2006-07-14,2025-11-20,2025-11-20,76.13
2006-07-17,2025-11-20,2025-11-20,75.12
2006-07-18,2025-11-20,2025-11-20,75.32
2006-07-19,2025-11-20,2025-11-20,71.62
2006-07-20,2025-11-20,2025-11-20,72.56
2006-07-21,2025-11-20,2025-11-20,72.96
2006-07-24,2025-11-20,2025-11-20,72.09
2006-07-25,2025-11-20,2025-11-20,72.49
2006-07-26,2025-11-20,2025-11-20,73.76
2006-07-27,2025-11-20,2025-11-20,75.36
2006-07-28,2025-11-20,2025-11-20,73.95
2006-07-31,2025-11-20,2025-11-20,74.75
2006-08-01,2025-11-20,2025-11-20,76.39
2006-08-02,2025-11-20,2025-11-20,77.63
2006-08-03,2025-11-20,2025-11-20,76.28
2006-08-04,2025-11-20,2025-11-20,76.53
2006-08-07,2025-11-20,2025-11-20,77.82
2006-08-08,2025-11-20,2025-11-20,77.93
2006-08-09,2025-11-20,2025-11-20,78.26
2006-08-10,2025-11-20,2025-11-20,75.69
2006-08-11,2025-11-20,2025-11-20,75.19
2006-08-14,2025-11-20,2025-11-20,73.78
2006-08-15,2025-11-20,2025-11-20,73.57
2006-08-16,2025-11-20,2025-11-20,72.67
2006-08-17,2025-11-20,2025-11-20,70.42
2006-08-18,2025-11-20,2025-11-20,71.3
2006-08-21,2025-11-20,2025-11-20,72.42
2006-08-22,2025-11-20,2025-11-20,72.06
2006-08-23,2025-11-20,2025-11-20,71.12
2006-08-24,2025-11-20,2025-11-20,71.4
2006-08-25,2025-11-20,2025-11-20,72.58
2006-08-28,2025-11-20,2025-11-20,69.44
2006-08-29,2025-11-20,2025-11-20,67.01
2006-08-30,2025-11-20,2025-11-20,67.15
2006-08-31,2025-11-20,2025-11-20,67.66
2006-09-01,2025-11-20,2025-11-20,70.49
2006-09-04,2025-11-20,2025-11-20,68.62
2006-09-05,2025-11-20,2025-11-20,65.94
2006-09-06,2025-11-20,2025-11-20,65.41
2006-09-07,2025-11-20,2025-11-20,64.52
2006-09-08,2025-11-20,2025-11-20,64.3
2006-09-11,2025-11-20,2025-11-20,62.41
2006-09-12,2025-11-20,2025-11-20,62.23
2006-09-13,2025-11-20,2025-11-20,61.28
2006-09-14,2025-11-20,2025-11-20,60.75
2006-09-15,2025-11-20,2025-11-20,60.23
2006-09-18,2025-11-20,2025-11-20,61.47
2006-09-19,2025-11-20,2025-11-20,62.52
2006-09-20,2025-11-20,2025-11-20,59.09
2006-09-21,2025-11-20,2025-11-20,59.27
2006-09-22,2025-11-20,2025-11-20,58.81
2006-09-25,2025-11-20,2025-11-20,57.89
2006-09-26,2025-11-20,2025-11-20,58.53
2006-09-27,2025-11-20,2025-11-20,57.6
2006-09-28,2025-11-20,2025-11-20,60.68
2006-09-29,2025-11-20,2025-11-20,59.09
2006-10-02,2025-11-20,2025-11-20,58.8
2006-10-03,2025-11-20,2025-11-20,56.28
2006-10-04,2025-11-20,2025-11-20,55.82
2006-10-05,2025-11-20,2025-11-20,57.93
2006-10-06,2025-11-20,2025-11-20,56.9
2006-10-09,2025-11-20,2025-11-20,59.25
2006-10-10,2025-11-20,2025-11-20,57.8
2006-10-11,2025-11-20,2025-11-20,57.75
2006-10-12,2025-11-20,2025-11-20,57.87
2006-10-13,2025-11-20,2025-11-20,58.97
2006-10-16,2025-11-20,2025-11-20,58.22
2006-10-17,2025-11-20,2025-11-20,60.13
2006-10-18,2025-11-20,2025-11-20,58.51
2006-10-19,2025-11-20,2025-11-20,57.74
2006-10-20,2025-11-20,2025-11-20,57.94
2006-10-23,2025-11-20,2025-11-20,56.56
2006-10-24,2025-11-20,2025-11-20,56.56
2006-10-25,2025-11-20,2025-11-20,58.79
2006-10-26,2025-11-20,2025-11-20,58.76
2006-10-27,2025-11-20,2025-11-20,57.99
2006-10-30,2025-11-20,2025-11-20,57.08
2006-10-31,2025-11-20,2025-11-20,56.13
2006-11-01,2025-11-20,2025-11-20,56.37
2006-11-02,2025-11-20,2025-11-20,56.26
2006-11-03,2025-11-20,2025-11-20,56.55
2006-11-06,2025-11-20,2025-11-20,57.02
2006-11-07,2025-11-20,2025-11-20,56.99
2006-11-08,2025-11-20,2025-11-20,57.18
2006-11-09,2025-11-20,2025-11-20,59.72
2006-11-10,2025-11-20,2025-11-20,59.18
2006-11-13,2025-11-20,2025-11-20,56.88
2006-11-14,2025-11-20,2025-11-20,57.9
2006-11-15,2025-11-20,2025-11-20,57.97
2006-11-16,2025-11-20,2025-11-20,59.5
2006-11-17,2025-11-20,2025-11-20,57.01
2006-11-20,2025-11-20,2025-11-20,57.38
2006-11-21,2025-11-20,2025-11-20,59.53
2006-11-22,2025-11-20,2025-11-20,58.66
2006-11-23,2025-11-20,2025-11-20,59.7
2006-11-24,2025-11-20,2025-11-20,60.72
2006-11-27,2025-11-20,2025-11-20,60.52
2006-11-28,2025-11-20,2025-11-20,61.22
2006-11-29,2025-11-20,2025-11-20,62.13
2006-11-30,2025-11-20,2025-11-20,64.36
2006-12-01,2025-11-20,2025-11-20,64.74
2006-12-04,2025-11-20,2025-11-20,63.97
2006-12-05,2025-11-20,2025-11-20,63.65
2006-12-06,2025-11-20,2025-11-20,63.7
2006-12-07,2025-11-20,2025-11-20,63.17
2006-12-08,2025-11-20,2025-11-20,63.67
2006-12-11,2025-11-20,2025-11-20,62.59
2006-12-12,2025-11-20,2025-11-20,62.58
2006-12-13,2025-11-20,2025-11-20,61.89
2006-12-14,2025-11-20,2025-11-20,62.85
2006-12-15,2025-11-20,2025-11-20,62.91
2006-12-18,2025-11-20,2025-11-20,62.81
2006-12-19,2025-11-20,2025-11-20,62.19
2006-12-20,2025-11-20,2025-11-20,63.13
2006-12-21,2025-11-20,2025-11-20,62.13
2006-12-22,2025-11-20,2025-11-20,61.92
2006-12-25,2025-11-20,2025-11-20,
2006-12-26,2025-11-20,2025-11-20,
2006-12-27,2025-11-20,2025-11-20,60.7
2006-12-28,2025-11-20,2025-11-20,59.41
2006-12-29,2025-11-20,2025-11-20,58.96
2007-01-01,2025-11-20,2025-11-20,
2007-01-02,2025-11-20,2025-11-20,58.49
2007-01-03,2025-11-20,2025-11-20,56.63
2007-01-04,2025-11-20,2025-11-20,54.58
2007-01-05,2025-11-20,2025-11-20,52.82
2007-01-08,2025-11-20,2025-11-20,52.82
2007-01-09,2025-11-20,2025-11-20,52.38
2007-01-10,2025-11-20,2025-11-20,52.11
2007-01-11,2025-11-20,2025-11-20,51.68
2007-01-12,2025-11-20,2025-11-20,49.95
2007-01-15,2025-11-20,2025-11-20,
2007-01-16,2025-11-20,2025-11-20,51.28
2007-01-17,2025-11-20,2025-11-20,51.19
2007-01-18,2025-11-20,2025-11-20,50.83
2007-01-19,2025-11-20,2025-11-20,52.29
2007-01-22,2025-11-20,2025-11-20,54.34
2007-01-23,2025-11-20,2025-11-20,53.93
2007-01-24,2025-11-20,2025-11-20,55.11
2007-01-25,2025-11-20,2025-11-20,55.67
2007-01-26,2025-11-20,2025-11-20,55.29
2007-01-29,2025-11-20,2025-11-20,54.71
2007-01-30,2025-11-20,2025-11-20,54.69
2007-01-31,2025-11-20,2025-11-20,56.52
2007-02-01,2025-11-20,2025-11-20,56.74
2007-02-02,2025-11-20,2025-11-20,56.93
2007-02-05,2025-11-20,2025-11-20,58.67
2007-02-06,2025-11-20,2025-11-20,58.04
2007-02-07,2025-11-20,2025-11-20,58.35
2007-02-08,2025-11-20,2025-11-20,57.24
2007-02-09,2025-11-20,2025-11-20,57.21
2007-02-12,2025-11-20,2025-11-20,55.52
2007-02-13,2025-11-20,2025-11-20,56.12
2007-02-14,2025-11-20,2025-11-20,55.05
2007-02-15,2025-11-20,2025-11-20,54.25
2007-02-16,2025-11-20,2025-11-20,56.78
2007-02-19,2025-11-20,2025-11-20,
2007-02-20,2025-11-20,2025-11-20,55.91
2007-02-21,2025-11-20,2025-11-20,57.74
2007-02-22,2025-11-20,2025-11-20,58.62
2007-02-23,2025-11-20,2025-11-20,60.38
2007-02-26,2025-11-20,2025-11-20,60.34
2007-02-27,2025-11-20,2025-11-20,60.28
2007-02-28,2025-11-20,2025-11-20,59.39
2007-03-01,2025-11-20,2025-11-20,61.18
2007-03-02,2025-11-20,2025-11-20,61.92
2007-03-05,2025-11-20,2025-11-20,59.78
2007-03-06,2025-11-20,2025-11-20,59.68
2007-03-07,2025-11-20,2025-11-20,61.13
2007-03-08,2025-11-20,2025-11-20,60.9
2007-03-09,2025-11-20,2025-11-20,60.25
2007-03-12,2025-11-20,2025-11-20,60.59
2007-03-13,2025-11-20,2025-11-20,61.52
2007-03-14,2025-11-20,2025-11-20,60.89
2007-03-15,2025-11-20,2025-11-20,60.4
2007-03-16,2025-11-20,2025-11-20,60.93
2007-03-19,2025-11-20,2025-11-20,60.49
2007-03-20,2025-11-20,2025-11-20,60.11
2007-03-21,2025-11-20,2025-11-20,60.18
2007-03-22,2025-11-20,2025-11-20,61.57
2007-03-23,2025-11-20,2025-11-20,63.1
2007-03-26,2025-11-20,2025-11-20,64.43
2007-03-27,2025-11-20,2025-11-20,64.25
2007-03-28,2025-11-20,2025-11-20,66.15
2007-03-29,2025-11-20,2025-11-20,67.19
2007-03-30,2025-11-20,2025-11-20,68.47
2007-04-02,2025-11-20,2025-11-20,68.94
2007-04-03,2025-11-20,2025-11-20,68.0
2007-04-04,2025-11-20,2025-11-20,68.09
2007-04-05,2025-11-20,2025-11-20,69.15
2007-04-06,2025-11-20,2025-11-20,
2007-04-09,2025-11-20,2025-11-20,
2007-04-10,2025-11-20,2025-11-20,67.64
2007-04-11,2025-11-20,2025-11-20,68.6
2007-04-12,2025-11-20,2025-11-20,67.79
2007-04-13,2025-11-20,2025-11-20,68.78
2007-04-16,2025-11-20,2025-11-20,67.1
2007-04-17,2025-11-20,2025-11-20,66.34
2007-04-18,2025-11-20,2025-11-20,65.09
2007-04-19,2025-11-20,2025-11-20,66.17
2007-04-20,2025-11-20,2025-11-20,66.34
2007-04-23,2025-11-20,2025-11-20,66.8
2007-04-24,2025-11-20,2025-11-20,67.94
2007-04-25,2025-11-20,2025-11-20,67.44
2007-04-26,2025-11-20,2025-11-20,67.51
2007-04-27,2025-11-20,2025-11-20,67.28
2007-04-30,2025-11-20,2025-11-20,67.23
2007-05-01,2025-11-20,2025-11-20,67.4
2007-05-02,2025-11-20,2025-11-20,65.57
2007-05-03,2025-11-20,2025-11-20,64.85
2007-05-04,2025-11-20,2025-11-20,65.14
2007-05-07,2025-11-20,2025-11-20,62.7
2007-05-08,2025-11-20,2025-11-20,63.55
2007-05-09,2025-11-20,2025-11-20,63.5
2007-05-10,2025-11-20,2025-11-20,64.63
2007-05-11,2025-11-20,2025-11-20,65.18
2007-05-14,2025-11-20,2025-11-20,65.86
2007-05-15,2025-11-20,2025-11-20,66.74
2007-05-16,2025-11-20,2025-11-20,66.83
2007-05-17,2025-11-20,2025-11-20,69.08
2007-05-18,2025-11-20,2025-11-20,69.26
2007-05-21,2025-11-20,2025-11-20,69.51
2007-05-22,2025-11-20,2025-11-20,70.05
2007-05-23,2025-11-20,2025-11-20,71.01
2007-05-24,2025-11-20,2025-11-20,71.96
2007-05-25,2025-11-20,2025-11-20,70.72
2007-05-28,2025-11-20,2025-11-20,
2007-05-29,2025-11-20,2025-11-20,69.31
2007-05-30,2025-11-20,2025-11-20,67.64
2007-05-31,2025-11-20,2025-11-20,68.18
2007-06-01,2025-11-20,2025-11-20,68.65
2007-06-04,2025-11-20,2025-11-20,70.9
2007-06-05,2025-11-20,2025-11-20,71.36
2007-06-06,2025-11-20,2025-11-20,71.5
2007-06-07,2025-11-20,2025-11-20,72.36
2007-06-08,2025-11-20,2025-11-20,70.04
2007-06-11,2025-11-20,2025-11-20,68.85
2007-06-12,2025-11-20,2025-11-20,68.56
2007-06-13,2025-11-20,2025-11-20,69.24
2007-06-14,2025-11-20,2025-11-20,71.18
2007-06-15,2025-11-20,2025-11-20,71.63
2007-06-18,2025-11-20,2025-11-20,72.33
2007-06-19,2025-11-20,2025-11-20,72.17
2007-06-20,2025-11-20,2025-11-20,70.55
2007-06-21,2025-11-20,2025-11-20,71.81
2007-06-22,2025-11-20,2025-11-20,72.04
2007-06-25,2025-11-20,2025-11-20,71.36
2007-06-26,2025-11-20,2025-11-20,71.41
2007-06-27,2025-11-20,2025-11-20,71.84
2007-06-28,2025-11-20,2025-11-20,71.96
2007-06-29,2025-11-20,2025-11-20,72.22
2007-07-02,2025-11-20,2025-11-20,72.9
2007-07-03,2025-11-20,2025-11-20,74.26
2007-07-04,2025-11-20,2025-11-20,
2007-07-05,2025-11-20,2025-11-20,75.4
2007-07-06,2025-11-20,2025-11-20,76.58
2007-07-09,2025-11-20,2025-11-20,77.1
2007-07-10,2025-11-20,2025-11-20,77.88
2007-07-11,2025-11-20,2025-11-20,77.44
2007-07-12,2025-11-20,2025-11-20,78.24
2007-07-13,2025-11-20,2025-11-20,78.12
2007-07-16,2025-11-20,2025-11-20,78.17
2007-07-17,2025-11-20,2025-11-20,77.59
2007-07-18,2025-11-20,2025-11-20,78.0
2007-07-19,2025-11-20,2025-11-20,78.37
2007-07-20,2025-11-20,2025-11-20,79.09
2007-07-23,2025-11-20,2025-11-20,78.36
2007-07-24,2025-11-20,2025-11-20,75.88
2007-07-25,2025-11-20,2025-11-20,75.21
2007-07-26,2025-11-20,2025-11-20,77.28
2007-07-27,2025-11-20,2025-11-20,76.58
2007-07-30,2025-11-20,2025-11-20,76.07
2007-07-31,2025-11-20,2025-11-20,77.01
2007-08-01,2025-11-20,2025-11-20,77.11
2007-08-02,2025-11-20,2025-11-20,76.14
2007-08-03,2025-11-20,2025-11-20,75.36
2007-08-06,2025-11-20,2025-11-20,72.69
2007-08-07,2025-11-20,2025-11-20,70.42
2007-08-08,2025-11-20,2025-11-20,70.73
2007-08-09,2025-11-20,2025-11-20,70.08
2007-08-10,2025-11-20,2025-11-20,69.57
2007-08-13,2025-11-20,2025-11-20,71.3
2007-08-14,2025-11-20,2025-11-20,69.29
2007-08-15,2025-11-20,2025-11-20,71.3
2007-08-16,2025-11-20,2025-11-20,68.77
2007-08-17,2025-11-20,2025-11-20,69.8
2007-08-20,2025-11-20,2025-11-20,68.37
2007-08-21,2025-11-20,2025-11-20,67.88
2007-08-22,2025-11-20,2025-11-20,67.73
2007-08-23,2025-11-20,2025-11-20,68.73
2007-08-24,2025-11-20,2025-11-20,69.49
2007-08-27,2025-11-20,2025-11-20,68.85
2007-08-28,2025-11-20,2025-11-20,69.66
2007-08-29,2025-11-20,2025-11-20,70.48
2007-08-30,2025-11-20,2025-11-20,71.46
2007-08-31,2025-11-20,2025-11-20,72.29
2007-09-03,2025-11-20,2025-11-20,
2007-09-04,2025-11-20,2025-11-20,74.22
2007-09-05,2025-11-20,2025-11-20,74.72
2007-09-06,2025-11-20,2025-11-20,76.21
2007-09-07,2025-11-20,2025-11-20,75.08
2007-09-10,2025-11-20,2025-11-20,74.97
2007-09-11,2025-11-20,2025-11-20,76.23
2007-09-12,2025-11-20,2025-11-20,77.15
2007-09-13,2025-11-20,2025-11-20,77.84
2007-09-14,2025-11-20,2025-11-20,78.27
2007-09-17,2025-11-20,2025-11-20,77.99
2007-09-18,2025-11-20,2025-11-20,77.0
2007-09-19,2025-11-20,2025-11-20,78.47
2007-09-20,2025-11-20,2025-11-20,78.48
2007-09-21,2025-11-20,2025-11-20,78.91
2007-09-24,2025-11-20,2025-11-20,77.87
2007-09-25,2025-11-20,2025-11-20,76.82
2007-09-26,2025-11-20,2025-11-20,76.21
2007-09-27,2025-11-20,2025-11-20,78.88
2007-09-28,2025-11-20,2025-11-20,80.97
2007-10-01,2025-11-20,2025-11-20,78.33
2007-10-02,2025-11-20,2025-11-20,76.87
2007-10-03,2025-11-20,2025-11-20,77.8
2007-10-04,2025-11-20,2025-11-20,77.84
2007-10-05,2025-11-20,2025-11-20,79.05
2007-10-08,2025-11-20,2025-11-20,76.94
2007-10-09,2025-11-20,2025-11-20,77.82
2007-10-10,2025-11-20,2025-11-20,77.85
2007-10-11,2025-11-20,2025-11-20,80.83
2007-10-12,2025-11-20,2025-11-20,80.82
2007-10-15,2025-11-20,2025-11-20,82.5
2007-10-16,2025-11-20,2025-11-20,84.43
2007-10-17,2025-11-20,2025-11-20,85.24
2007-10-18,2025-11-20,2025-11-20,85.03
2007-10-19,2025-11-20,2025-11-20,84.25
2007-10-22,2025-11-20,2025-11-20,82.72
2007-10-23,2025-11-20,2025-11-20,82.31
2007-10-24,2025-11-20,2025-11-20,83.47
2007-10-25,2025-11-20,2025-11-20,85.4
2007-10-26,2025-11-20,2025-11-20,84.71
2007-10-29,2025-11-20,2025-11-20,89.87
2007-10-30,2025-11-20,2025-11-20,89.87
2007-10-31,2025-11-20,2025-11-20,89.87
2007-11-01,2025-11-20,2025-11-20,90.36
2007-11-02,2025-11-20,2025-11-20,92.11
2007-11-05,2025-11-20,2025-11-20,92.16
2007-11-06,2025-11-20,2025-11-20,93.99
2007-11-07,2025-11-20,2025-11-20,94.85
2007-11-08,2025-11-20,2025-11-20,94.4
2007-11-09,2025-11-20,2025-11-20,92.32
2007-11-12,2025-11-20,2025-11-20,91.56
2007-11-13,2025-11-20,2025-11-20,89.09
2007-11-14,2025-11-20,2025-11-20,90.73
2007-11-15,2025-11-20,2025-11-20,90.32
2007-11-16,2025-11-20,2025-11-20,91.99
2007-11-19,2025-11-20,2025-11-20,91.59
2007-11-20,2025-11-20,2025-11-20,94.13
2007-11-21,2025-11-20,2025-11-20,94.97
2007-11-22,2025-11-20,2025-11-20,
2007-11-23,2025-11-20,2025-11-20,95.33
2007-11-26,2025-11-20,2025-11-20,94.88
2007-11-27,2025-11-20,2025-11-20,93.23
2007-11-28,2025-11-20,2025-11-20,91.64
2007-11-29,2025-11-20,2025-11-20,92.34
2007-11-30,2025-11-20,2025-11-20,88.71
2007-12-03,2025-11-20,2025-11-20,87.85
2007-12-04,2025-11-20,2025-11-20,89.97
2007-12-05,2025-11-20,2025-11-20,90.7
2007-12-06,2025-11-20,2025-11-20,88.46
2007-12-07,2025-11-20,2025-11-20,88.46
2007-12-10,2025-11-20,2025-11-20,87.33
2007-12-11,2025-11-20,2025-11-20,87.77
2007-12-12,2025-11-20,2025-11-20,91.69
2007-12-13,2025-11-20,2025-11-20,92.57
2007-12-14,2025-11-20,2025-11-20,91.86
2007-12-17,2025-11-20,2025-11-20,90.32
2007-12-18,2025-11-20,2025-11-20,90.71
2007-12-19,2025-11-20,2025-11-20,90.98
2007-12-20,2025-11-20,2025-11-20,91.06
2007-12-21,2025-11-20,2025-11-20,91.03
2007-12-24,2025-11-20,2025-11-20,91.59
2007-12-25,2025-11-20,2025-11-20,
2007-12-26,2025-11-20,2025-11-20,
2007-12-27,2025-11-20,2025-11-20,95.66
2007-12-28,2025-11-20,2025-11-20,95.92
2007-12-31,2025-11-20,2025-11-20,93.68
2008-01-01,2025-11-20,2025-11-20,
2008-01-02,2025-11-20,2025-11-20,97.01
2008-01-03,2025-11-20,2025-11-20,98.45
2008-01-04,2025-11-20,2025-11-20,96.87
2008-01-07,2025-11-20,2025-11-20,94.19
2008-01-08,2025-11-20,2025-11-20,96.37
2008-01-09,2025-11-20,2025-11-20,96.76
2008-01-10,2025-11-20,2025-11-20,92.8
2008-01-11,2025-11-20,2025-11-20,91.86
2008-01-14,2025-11-20,2025-11-20,92.58
2008-01-15,2025-11-20,2025-11-20,90.87
2008-01-16,2025-11-20,2025-11-20,88.1
2008-01-17,2025-11-20,2025-11-20,88.96
2008-01-18,2025-11-20,2025-11-20,89.66
2008-01-21,2025-11-20,2025-11-20,
2008-01-22,2025-11-20,2025-11-20,88.11
2008-01-23,2025-11-20,2025-11-20,87.06
2008-01-24,2025-11-20,2025-11-20,87.69
2008-01-25,2025-11-20,2025-11-20,90.96
2008-01-28,2025-11-20,2025-11-20,90.91
2008-01-29,2025-11-20,2025-11-20,92.49
2008-01-30,2025-11-20,2025-11-20,92.46
2008-01-31,2025-11-20,2025-11-20,91.58
2008-02-01,2025-11-20,2025-11-20,91.41
2008-02-04,2025-11-20,2025-11-20,91.09
2008-02-05,2025-11-20,2025-11-20,89.6
2008-02-06,2025-11-20,2025-11-20,88.73
2008-02-07,2025-11-20,2025-11-20,88.55
2008-02-08,2025-11-20,2025-11-20,91.45
2008-02-11,2025-11-20,2025-11-20,93.93
2008-02-12,2025-11-20,2025-11-20,94.28
2008-02-13,2025-11-20,2025-11-20,93.82
2008-02-14,2025-11-20,2025-11-20,95.92
2008-02-15,2025-11-20,2025-11-20,96.96
2008-02-18,2025-11-20,2025-11-20,
2008-02-19,2025-11-20,2025-11-20,97.03
2008-02-20,2025-11-20,2025-11-20,97.88
2008-02-21,2025-11-20,2025-11-20,97.52
2008-02-22,2025-11-20,2025-11-20,96.07
2008-02-25,2025-11-20,2025-11-20,97.43
2008-02-26,2025-11-20,2025-11-20,99.05
2008-02-27,2025-11-20,2025-11-20,98.28
2008-02-28,2025-11-20,2025-11-20,99.83
2008-02-29,2025-11-20,2025-11-20,100.9
2008-03-03,2025-11-20,2025-11-20,101.83
2008-03-04,2025-11-20,2025-11-20,98.6
2008-03-05,2025-11-20,2025-11-20,100.95
2008-03-06,2025-11-20,2025-11-20,103.47
2008-03-07,2025-11-20,2025-11-20,104.66
2008-03-10,2025-11-20,2025-11-20,105.33
2008-03-11,2025-11-20,2025-11-20,106.78
2008-03-12,2025-11-20,2025-11-20,107.99
2008-03-13,2025-11-20,2025-11-20,109.18
2008-03-14,2025-11-20,2025-11-20,109.16
2008-03-17,2025-11-20,2025-11-20,104.41
2008-03-18,2025-11-20,2025-11-20,105.35
2008-03-19,2025-11-20,2025-11-20,102.65
2008-03-20,2025-11-20,2025-11-20,99.78
2008-03-21,2025-11-20,2025-11-20,
2008-03-24,2025-11-20,2025-11-20,100.93
2008-03-25,2025-11-20,2025-11-20,99.91
2008-03-26,2025-11-20,2025-11-20,102.83
2008-03-27,2025-11-20,2025-11-20,103.89
2008-03-28,2025-11-20,2025-11-20,102.68
2008-03-31,2025-11-20,2025-11-20,102.33
2008-04-01,2025-11-20,2025-11-20,98.69
2008-04-02,2025-11-20,2025-11-20,98.85
2008-04-03,2025-11-20,2025-11-20,102.31
2008-04-04,2025-11-20,2025-11-20,102.21
2008-04-07,2025-11-20,2025-11-20,105.98
2008-04-08,2025-11-20,2025-11-20,105.05
2008-04-09,2025-11-20,2025-11-20,107.46
2008-04-10,2025-11-20,2025-11-20,107.37
2008-04-11,2025-11-20,2025-11-20,107.15
2008-04-14,2025-11-20,2025-11-20,108.32
2008-04-15,2025-11-20,2025-11-20,110.84
2008-04-16,2025-11-20,2025-11-20,110.95
2008-04-17,2025-11-20,2025-11-20,111.34
2008-04-18,2025-11-20,2025-11-20,110.67
2008-04-21,2025-11-20,2025-11-20,111.35
2008-04-22,2025-11-20,2025-11-20,113.54
2008-04-23,2025-11-20,2025-11-20,115.34
2008-04-24,2025-11-20,2025-11-20,114.85
2008-04-25,2025-11-20,2025-11-20,116.62
2008-04-28,2025-11-20,2025-11-20,115.7
2008-04-29,2025-11-20,2025-11-20,113.86
2008-04-30,2025-11-20,2025-11-20,111.12
2008-05-01,2025-11-20,2025-11-20,107.3
2008-05-02,2025-11-20,2025-11-20,111.92
2008-05-05,2025-11-20,2025-11-20,115.68
2008-05-06,2025-11-20,2025-11-20,119.88
2008-05-07,2025-11-20,2025-11-20,120.27
2008-05-08,2025-11-20,2025-11-20,119.85
2008-05-09,2025-11-20,2025-11-20,123.54
2008-05-12,2025-11-20,2025-11-20,122.89
2008-05-13,2025-11-20,2025-11-20,123.11
2008-05-14,2025-11-20,2025-11-20,121.18
2008-05-15,2025-11-20,2025-11-20,122.76
2008-05-16,2025-11-20,2025-11-20,122.98
2008-05-19,2025-11-20,2025-11-20,122.19
2008-05-20,2025-11-20,2025-11-20,124.12
2008-05-21,2025-11-20,2025-11-20,127.28
2008-05-22,2025-11-20,2025-11-20,129.04
2008-05-23,2025-11-20,2025-11-20,129.72
2008-05-26,2025-11-20,2025-11-20,
2008-05-27,2025-11-20,2025-11-20,128.92
2008-05-28,2025-11-20,2025-11-20,128.93
2008-05-29,2025-11-20,2025-11-20,129.33
2008-05-30,2025-11-20,2025-11-20,127.85
2008-06-02,2025-11-20,2025-11-20,128.5
2008-06-03,2025-11-20,2025-11-20,126.28
2008-06-04,2025-11-20,2025-11-20,121.72
2008-06-05,2025-11-20,2025-11-20,122.36
2008-06-06,2025-11-20,2025-11-20,132.81
2008-06-09,2025-11-20,2025-11-20,134.43
2008-06-10,2025-11-20,2025-11-20,135.24
2008-06-11,2025-11-20,2025-11-20,134.52
2008-06-12,2025-11-20,2025-11-20,132.11
2008-06-13,2025-11-20,2025-11-20,134.29
2008-06-16,2025-11-20,2025-11-20,133.9
2008-06-17,2025-11-20,2025-11-20,131.27
2008-06-18,2025-11-20,2025-11-20,129.12
2008-06-19,2025-11-20,2025-11-20,131.84
2008-06-20,2025-11-20,2025-11-20,134.28
2008-06-23,2025-11-20,2025-11-20,134.54
2008-06-24,2025-11-20,2025-11-20,135.37
2008-06-25,2025-11-20,2025-11-20,131.59
2008-06-26,2025-11-20,2025-11-20,136.82
2008-06-27,2025-11-20,2025-11-20,139.38
2008-06-30,2025-11-20,2025-11-20,138.4
2008-07-01,2025-11-20,2025-11-20,140.67
2008-07-02,2025-11-20,2025-11-20,141.24
2008-07-03,2025-11-20,2025-11-20,143.95
2008-07-04,2025-11-20,2025-11-20,
2008-07-07,2025-11-20,2025-11-20,139.62
2008-07-08,2025-11-20,2025-11-20,134.15
2008-07-09,2025-11-20,2025-11-20,133.91
2008-07-10,2025-11-20,2025-11-20,135.81
2008-07-11,2025-11-20,2025-11-20,143.68
2008-07-14,2025-11-20,2025-11-20,142.43
2008-07-15,2025-11-20,2025-11-20,136.02
2008-07-16,2025-11-20,2025-11-20,133.31
2008-07-17,2025-11-20,2025-11-20,134.16
2008-07-18,2025-11-20,2025-11-20,129.34
2008-07-21,2025-11-20,2025-11-20,129.34
2008-07-22,2025-11-20,2025-11-20,127.18
2008-07-23,2025-11-20,2025-11-20,126.86
2008-07-24,2025-11-20,2025-11-20,125.43
2008-07-25,2025-11-20,2025-11-20,124.7
2008-07-28,2025-11-20,2025-11-20,125.67
2008-07-29,2025-11-20,2025-11-20,125.77
2008-07-30,2025-11-20,2025-11-20,122.46
2008-07-31,2025-11-20,2025-11-20,124.1
2008-08-01,2025-11-20,2025-11-20,124.16
2008-08-04,2025-11-20,2025-11-20,121.87
2008-08-05,2025-11-20,2025-11-20,116.5
2008-08-06,2025-11-20,2025-11-20,114.47
2008-08-07,2025-11-20,2025-11-20,116.94
2008-08-08,2025-11-20,2025-11-20,113.03
2008-08-11,2025-11-20,2025-11-20,110.54
2008-08-12,2025-11-20,2025-11-20,108.98
2008-08-13,2025-11-20,2025-11-20,110.68
2008-08-14,2025-11-20,2025-11-20,111.82
2008-08-15,2025-11-20,2025-11-20,108.8
2008-08-18,2025-11-20,2025-11-20,109.33
2008-08-19,2025-11-20,2025-11-20,109.02
2008-08-20,2025-11-20,2025-11-20,108.72
2008-08-21,2025-11-20,2025-11-20,117.24
2008-08-22,2025-11-20,2025-11-20,113.99
2008-08-25,2025-11-20,2025-11-20,109.74
2008-08-26,2025-11-20,2025-11-20,112.2
2008-08-27,2025-11-20,2025-11-20,113.05
2008-08-28,2025-11-20,2025-11-20,113.54
2008-08-29,2025-11-20,2025-11-20,113.49
2008-09-01,2025-11-20,2025-11-20,
2008-09-02,2025-11-20,2025-11-20,104.94
2008-09-03,2025-11-20,2025-11-20,103.88
2008-09-04,2025-11-20,2025-11-20,103.41
2008-09-05,2025-11-20,2025-11-20,102.51
2008-09-08,2025-11-20,2025-11-20,101.08
2008-09-09,2025-11-20,2025-11-20,98.94
2008-09-10,2025-11-20,2025-11-20,96.0
2008-09-11,2025-11-20,2025-11-20,96.01
2008-09-12,2025-11-20,2025-11-20,94.37
2008-09-15,2025-11-20,2025-11-20,90.45
2008-09-16,2025-11-20,2025-11-20,85.85
2008-09-17,2025-11-20,2025-11-20,86.09
2008-09-18,2025-11-20,2025-11-20,90.89
2008-09-19,2025-11-20,2025-11-20,93.46
2008-09-22,2025-11-20,2025-11-20,100.43
2008-09-23,2025-11-20,2025-11-20,100.72
2008-09-24,2025-11-20,2025-11-20,102.09
2008-09-25,2025-11-20,2025-11-20,100.45
2008-09-26,2025-11-20,2025-11-20,100.88
2008-09-29,2025-11-20,2025-11-20,95.96
2008-09-30,2025-11-20,2025-11-20,93.52
2008-10-01,2025-11-20,2025-11-20,92.19
2008-10-02,2025-11-20,2025-11-20,88.88
2008-10-03,2025-11-20,2025-11-20,88.95
2008-10-06,2025-11-20,2025-11-20,84.71
2008-10-07,2025-11-20,2025-11-20,83.17
2008-10-08,2025-11-20,2025-11-20,80.77
2008-10-09,2025-11-20,2025-11-20,81.65
2008-10-10,2025-11-20,2025-11-20,74.58
2008-10-13,2025-11-20,2025-11-20,74.37
2008-10-14,2025-11-20,2025-11-20,74.98
2008-10-15,2025-11-20,2025-11-20,66.86
2008-10-16,2025-11-20,2025-11-20,64.14
2008-10-17,2025-11-20,2025-11-20,66.05
2008-10-20,2025-11-20,2025-11-20,67.45
2008-10-21,2025-11-20,2025-11-20,65.99
2008-10-22,2025-11-20,2025-11-20,62.95
2008-10-23,2025-11-20,2025-11-20,65.06
2008-10-24,2025-11-20,2025-11-20,60.57
2008-10-27,2025-11-20,2025-11-20,59.34
2008-10-28,2025-11-20,2025-11-20,58.87
2008-10-29,2025-11-20,2025-11-20,64.0
2008-10-30,2025-11-20,2025-11-20,60.86
2008-10-31,2025-11-20,2025-11-20,60.0
2008-11-03,2025-11-20,2025-11-20,60.32
2008-11-04,2025-11-20,2025-11-20,62.78
2008-11-05,2025-11-20,2025-11-20,61.09
2008-11-06,2025-11-20,2025-11-20,56.14
2008-11-07,2025-11-20,2025-11-20,56.84
2008-11-10,2025-11-20,2025-11-20,57.08
2008-11-11,2025-11-20,2025-11-20,54.76
2008-11-12,2025-11-20,2025-11-20,52.47
2008-11-13,2025-11-20,2025-11-20,51.32
2008-11-14,2025-11-20,2025-11-20,50.7
2008-11-17,2025-11-20,2025-11-20,50.82
2008-11-18,2025-11-20,2025-11-20,49.1
2008-11-19,2025-11-20,2025-11-20,48.35
2008-11-20,2025-11-20,2025-11-20,45.79
2008-11-21,2025-11-20,2025-11-20,44.91
2008-11-24,2025-11-20,2025-11-20,49.51
2008-11-25,2025-11-20,2025-11-20,47.51
2008-11-26,2025-11-20,2025-11-20,49.39
2008-11-27,2025-11-20,2025-11-20,
2008-11-28,2025-11-20,2025-11-20,47.72
2008-12-01,2025-11-20,2025-11-20,47.58
2008-12-02,2025-11-20,2025-11-20,45.64
2008-12-03,2025-11-20,2025-11-20,44.39
2008-12-04,2025-11-20,2025-11-20,43.83
2008-12-05,2025-11-20,2025-11-20,37.04
2008-12-08,2025-11-20,2025-11-20,40.02
2008-12-09,2025-11-20,2025-11-20,39.77
2008-12-10,2025-11-20,2025-11-20,39.34
2008-12-11,2025-11-20,2025-11-20,43.54
2008-12-12,2025-11-20,2025-11-20,42.38
2008-12-15,2025-11-20,2025-11-20,45.02
2008-12-16,2025-11-20,2025-11-20,42.0
2008-12-17,2025-11-20,2025-11-20,41.84
2008-12-18,2025-11-20,2025-11-20,40.19
2008-12-19,2025-11-20,2025-11-20,39.52
2008-12-22,2025-11-20,2025-11-20,38.08
2008-12-23,2025-11-20,2025-11-20,35.27
2008-12-24,2025-11-20,2025-11-20,34.45
2008-12-25,2025-11-20,2025-11-20,
2008-12-26,2025-11-20,2025-11-20,33.73
2008-12-29,2025-11-20,2025-11-20,34.16
2008-12-30,2025-11-20,2025-11-20,35.22
2008-12-31,2025-11-20,2025-11-20,35.82
2009-01-01,2025-11-20,2025-11-20,
2009-01-02,2025-11-20,2025-11-20,42.94
2009-01-05,2025-11-20,2025-11-20,45.84
2009-01-06,2025-11-20,2025-11-20,48.89
2009-01-07,2025-11-20,2025-11-20,46.23
2009-01-08,2025-11-20,2025-11-20,42.94
2009-01-09,2025-11-20,2025-11-20,42.34
2009-01-12,2025-11-20,2025-11-20,40.86
2009-01-13,2025-11-20,2025-11-20,43.05
2009-01-14,2025-11-20,2025-11-20,42.27
2009-01-15,2025-11-20,2025-11-20,42.32
2009-01-16,2025-11-20,2025-11-20,43.42
2009-01-19,2025-11-20,2025-11-20,
2009-01-20,2025-11-20,2025-11-20,41.22
2009-01-21,2025-11-20,2025-11-20,39.9
2009-01-22,2025-11-20,2025-11-20,42.42
2009-01-23,2025-11-20,2025-11-20,43.13
2009-01-26,2025-11-20,2025-11-20,48.0
2009-01-27,2025-11-20,2025-11-20,42.86
2009-01-28,2025-11-20,2025-11-20,42.86
2009-01-29,2025-11-20,2025-11-20,43.13
2009-01-30,2025-11-20,2025-11-20,44.17
2009-02-02,2025-11-20,2025-11-20,42.96
2009-02-03,2025-11-20,2025-11-20,43.15
2009-02-04,2025-11-20,2025-11-20,43.68
2009-02-05,2025-11-20,2025-11-20,43.92
2009-02-06,2025-11-20,2025-11-20,44.49
2009-02-09,2025-11-20,2025-11-20,47.23
2009-02-10,2025-11-20,2025-11-20,45.88
2009-02-11,2025-11-20,2025-11-20,44.24
2009-02-12,2025-11-20,2025-11-20,47.23
2009-02-13,2025-11-20,2025-11-20,43.36
2009-02-16,2025-11-20,2025-11-20,
2009-02-17,2025-11-20,2025-11-20,39.69
2009-02-18,2025-11-20,2025-11-20,39.41
2009-02-19,2025-11-20,2025-11-20,42.36
2009-02-20,2025-11-20,2025-11-20,42.19
2009-02-23,2025-11-20,2025-11-20,41.27
2009-02-24,2025-11-20,2025-11-20,40.18
2009-02-25,2025-11-20,2025-11-20,42.37
2009-02-26,2025-11-20,2025-11-20,45.15
2009-02-27,2025-11-20,2025-11-20,44.41
2009-03-02,2025-11-20,2025-11-20,42.6
2009-03-03,2025-11-20,2025-11-20,42.72
2009-03-04,2025-11-20,2025-11-20,46.07
2009-03-05,2025-11-20,2025-11-20,44.45
2009-03-06,2025-11-20,2025-11-20,43.48
2009-03-09,2025-11-20,2025-11-20,44.55
2009-03-10,2025-11-20,2025-11-20,44.99
2009-03-11,2025-11-20,2025-11-20,43.2
2009-03-12,2025-11-20,2025-11-20,42.19
2009-03-13,2025-11-20,2025-11-20,44.97
2009-03-16,2025-11-20,2025-11-20,44.12
2009-03-17,2025-11-20,2025-11-20,45.53
2009-03-18,2025-11-20,2025-11-20,45.22
2009-03-19,2025-11-20,2025-11-20,48.03
2009-03-20,2025-11-20,2025-11-20,49.27
2009-03-23,2025-11-20,2025-11-20,51.84
2009-03-24,2025-11-20,2025-11-20,51.32
2009-03-25,2025-11-20,2025-11-20,51.46
2009-03-26,2025-11-20,2025-11-20,51.89
2009-03-27,2025-11-20,2025-11-20,50.81
2009-03-30,2025-11-20,2025-11-20,49.05
2009-03-31,2025-11-20,2025-11-20,46.13
2009-04-01,2025-11-20,2025-11-20,45.92
2009-04-02,2025-11-20,2025-11-20,50.89
2009-04-03,2025-11-20,2025-11-20,50.48
2009-04-06,2025-11-20,2025-11-20,50.91
2009-04-07,2025-11-20,2025-11-20,50.62
2009-04-08,2025-11-20,2025-11-20,52.06
2009-04-09,2025-11-20,2025-11-20,52.33
2009-04-10,2025-11-20,2025-11-20,
2009-04-13,2025-11-20,2025-11-20,50.73
2009-04-14,2025-11-20,2025-11-20,52.06
2009-04-15,2025-11-20,2025-11-20,51.31
2009-04-16,2025-11-20,2025-11-20,51.83
2009-04-17,2025-11-20,2025-11-20,52.02
2009-04-20,2025-11-20,2025-11-20,49.06
2009-04-21,2025-11-20,2025-11-20,48.69
2009-04-22,2025-11-20,2025-11-20,48.5
2009-04-23,2025-11-20,2025-11-20,48.29
2009-04-24,2025-11-20,2025-11-20,50.29
2009-04-27,2025-11-20,2025-11-20,48.67
2009-04-28,2025-11-20,2025-11-20,48.64
2009-04-29,2025-11-20,2025-11-20,50.22
2009-04-30,2025-11-20,2025-11-20,50.3
2009-05-01,2025-11-20,2025-11-20,51.75
2009-05-04,2025-11-20,2025-11-20,53.26
2009-05-05,2025-11-20,2025-11-20,53.16
2009-05-06,2025-11-20,2025-11-20,55.07
2009-05-07,2025-11-20,2025-11-20,56.63
2009-05-08,2025-11-20,2025-11-20,56.02
2009-05-11,2025-11-20,2025-11-20,55.99
2009-05-12,2025-11-20,2025-11-20,56.52
2009-05-13,2025-11-20,2025-11-20,56.84
2009-05-14,2025-11-20,2025-11-20,56.25
2009-05-15,2025-11-20,2025-11-20,56.33
2009-05-18,2025-11-20,2025-11-20,56.51
2009-05-19,2025-11-20,2025-11-20,57.12
2009-05-20,2025-11-20,2025-11-20,59.1
2009-05-21,2025-11-20,2025-11-20,58.02
2009-05-22,2025-11-20,2025-11-20,58.7
2009-05-25,2025-11-20,2025-11-20,
2009-05-26,2025-11-20,2025-11-20,59.05
2009-05-27,2025-11-20,2025-11-20,61.28
2009-05-28,2025-11-20,2025-11-20,63.47
2009-05-29,2025-11-20,2025-11-20,64.98
2009-06-01,2025-11-20,2025-11-20,66.6
2009-06-02,2025-11-20,2025-11-20,67.67
2009-06-03,2025-11-20,2025-11-20,66.15
2009-06-04,2025-11-20,2025-11-20,67.68
2009-06-05,2025-11-20,2025-11-20,67.77
2009-06-08,2025-11-20,2025-11-20,67.61
2009-06-09,2025-11-20,2025-11-20,68.94
2009-06-10,2025-11-20,2025-11-20,70.52
2009-06-11,2025-11-20,2025-11-20,71.71
2009-06-12,2025-11-20,2025-11-20,70.62
2009-06-15,2025-11-20,2025-11-20,68.49
2009-06-16,2025-11-20,2025-11-20,70.52
2009-06-17,2025-11-20,2025-11-20,68.95
2009-06-18,2025-11-20,2025-11-20,69.96
2009-06-19,2025-11-20,2025-11-20,70.48
2009-06-22,2025-11-20,2025-11-20,66.13
2009-06-23,2025-11-20,2025-11-20,66.36
2009-06-24,2025-11-20,2025-11-20,68.47
2009-06-25,2025-11-20,2025-11-20,68.82
2009-06-26,2025-11-20,2025-11-20,68.1
2009-06-29,2025-11-20,2025-11-20,69.75
2009-06-30,2025-11-20,2025-11-20,68.11
2009-07-01,2025-11-20,2025-11-20,68.52
2009-07-02,2025-11-20,2025-11-20,65.74
2009-07-03,2025-11-20,2025-11-20,
2009-07-06,2025-11-20,2025-11-20,63.12
2009-07-07,2025-11-20,2025-11-20,61.54
2009-07-08,2025-11-20,2025-11-20,59.71
2009-07-09,2025-11-20,2025-11-20,59.17
2009-07-10,2025-11-20,2025-11-20,58.43
2009-07-13,2025-11-20,2025-11-20,58.25
2009-07-14,2025-11-20,2025-11-20,60.48
2009-07-15,2025-11-20,2025-11-20,61.25
2009-07-16,2025-11-20,2025-11-20,62.02
2009-07-17,2025-11-20,2025-11-20,63.54
2009-07-20,2025-11-20,2025-11-20,64.64
2009-07-21,2025-11-20,2025-11-20,65.93
2009-07-22,2025-11-20,2025-11-20,65.36
2009-07-23,2025-11-20,2025-11-20,68.06
2009-07-24,2025-11-20,2025-11-20,68.82
2009-07-27,2025-11-20,2025-11-20,69.78
2009-07-28,2025-11-20,2025-11-20,68.53
2009-07-29,2025-11-20,2025-11-20,65.79
2009-07-30,2025-11-20,2025-11-20,68.82
2009-07-31,2025-11-20,2025-11-20,70.08
2009-08-03,2025-11-20,2025-11-20,72.9
2009-08-04,2025-11-20,2025-11-20,73.82
2009-08-05,2025-11-20,2025-11-20,74.39
2009-08-06,2025-11-20,2025-11-20,74.61
2009-08-07,2025-11-20,2025-11-20,74.21
2009-08-10,2025-11-20,2025-11-20,73.79
2009-08-11,2025-11-20,2025-11-20,71.58
2009-08-12,2025-11-20,2025-11-20,74.03
2009-08-13,2025-11-20,2025-11-20,73.76
2009-08-14,2025-11-20,2025-11-20,71.33
2009-08-17,2025-11-20,2025-11-20,68.65
2009-08-18,2025-11-20,2025-11-20,68.66
2009-08-19,2025-11-20,2025-11-20,72.81
2009-08-20,2025-11-20,2025-11-20,73.75
2009-08-21,2025-11-20,2025-11-20,73.71
2009-08-24,2025-11-20,2025-11-20,74.34
2009-08-25,2025-11-20,2025-11-20,73.1
2009-08-26,2025-11-20,2025-11-20,70.74
2009-08-27,2025-11-20,2025-11-20,70.68
2009-08-28,2025-11-20,2025-11-20,72.8
2009-08-31,2025-11-20,2025-11-20,69.02
2009-09-01,2025-11-20,2025-11-20,68.78
2009-09-02,2025-11-20,2025-11-20,67.6
2009-09-03,2025-11-20,2025-11-20,66.78
2009-09-04,2025-11-20,2025-11-20,65.84
2009-09-07,2025-11-20,2025-11-20,
2009-09-08,2025-11-20,2025-11-20,69.2
2009-09-09,2025-11-20,2025-11-20,69.76
2009-09-10,2025-11-20,2025-11-20,68.96
2009-09-11,2025-11-20,2025-11-20,68.76
2009-09-14,2025-11-20,2025-11-20,66.91
2009-09-15,2025-11-20,2025-11-20,66.53
2009-09-16,2025-11-20,2025-11-20,68.51
2009-09-17,2025-11-20,2025-11-20,71.56
2009-09-18,2025-11-20,2025-11-20,70.72
2009-09-21,2025-11-20,2025-11-20,68.11
2009-09-22,2025-11-20,2025-11-20,69.65
2009-09-23,2025-11-20,2025-11-20,67.43
2009-09-24,2025-11-20,2025-11-20,64.99
2009-09-25,2025-11-20,2025-11-20,64.6
2009-09-28,2025-11-20,2025-11-20,65.43
2009-09-29,2025-11-20,2025-11-20,64.63
2009-09-30,2025-11-20,2025-11-20,65.82
2009-10-01,2025-11-20,2025-11-20,67.12
2009-10-02,2025-11-20,2025-11-20,66.5
2009-10-05,2025-11-20,2025-11-20,65.26
2009-10-06,2025-11-20,2025-11-20,68.51
2009-10-07,2025-11-20,2025-11-20,67.65
2009-10-08,2025-11-20,2025-11-20,68.47
2009-10-09,2025-11-20,2025-11-20,69.45
2009-10-12,2025-11-20,2025-11-20,70.75
2009-10-13,2025-11-20,2025-11-20,70.81
2009-10-14,2025-11-20,2025-11-20,72.16
2009-10-15,2025-11-20,2025-11-20,73.14
2009-10-16,2025-11-20,2025-11-20,74.58
2009-10-19,2025-11-20,2025-11-20,75.86
2009-10-20,2025-11-20,2025-11-20,76.51
2009-10-21,2025-11-20,2025-11-20,77.74
2009-10-22,2025-11-20,2025-11-20,78.36
2009-10-23,2025-11-20,2025-11-20,77.72
2009-10-26,2025-11-20,2025-11-20,76.45
2009-10-27,2025-11-20,2025-11-20,76.69
2009-10-28,2025-11-20,2025-11-20,75.11
2009-10-29,2025-11-20,2025-11-20,77.18
2009-10-30,2025-11-20,2025-11-20,74.91
2009-11-02,2025-11-20,2025-11-20,75.56
2009-11-03,2025-11-20,2025-11-20,75.68
2009-11-04,2025-11-20,2025-11-20,78.21
2009-11-05,2025-11-20,2025-11-20,78.02
2009-11-06,2025-11-20,2025-11-20,75.51
2009-11-09,2025-11-20,2025-11-20,77.18
2009-11-10,2025-11-20,2025-11-20,77.07
2009-11-11,2025-11-20,2025-11-20,76.99
2009-11-12,2025-11-20,2025-11-20,75.18
2009-11-13,2025-11-20,2025-11-20,74.81
2009-11-16,2025-11-20,2025-11-20,77.14
2009-11-17,2025-11-20,2025-11-20,77.36
2009-11-18,2025-11-20,2025-11-20,78.64
2009-11-19,2025-11-20,2025-11-20,76.45
2009-11-20,2025-11-20,2025-11-20,75.61
2009-11-23,2025-11-20,2025-11-20,78.14
2009-11-24,2025-11-20,2025-11-20,75.35
2009-11-25,2025-11-20,2025-11-20,76.57
2009-11-26,2025-11-20,2025-11-20,
2009-11-27,2025-11-20,2025-11-20,76.0
2009-11-30,2025-11-20,2025-11-20,77.77
2009-12-01,2025-11-20,2025-11-20,78.68
2009-12-02,2025-11-20,2025-11-20,76.96
2009-12-03,2025-11-20,2025-11-20,77.76
2009-12-04,2025-11-20,2025-11-20,77.74
2009-12-07,2025-11-20,2025-11-20,76.18
2009-12-08,2025-11-20,2025-11-20,74.93
2009-12-09,2025-11-20,2025-11-20,73.63
2009-12-10,2025-11-20,2025-11-20,70.91
2009-12-11,2025-11-20,2025-11-20,70.07
2009-12-14,2025-11-20,2025-11-20,71.19
2009-12-15,2025-11-20,2025-11-20,71.33
2009-12-16,2025-11-20,2025-11-20,73.34
2009-12-17,2025-11-20,2025-11-20,71.28
2009-12-18,2025-11-20,2025-11-20,71.87
2009-12-21,2025-11-20,2025-11-20,72.74
2009-12-22,2025-11-20,2025-11-20,71.64
2009-12-23,2025-11-20,2025-11-20,73.87
2009-12-24,2025-11-20,2025-11-20,75.15
2009-12-25,2025-11-20,2025-11-20,
2009-12-28,2025-11-20,2025-11-20,76.59
2009-12-29,2025-11-20,2025-11-20,76.65
2009-12-30,2025-11-20,2025-11-20,77.62
2009-12-31,2025-11-20,2025-11-20,77.91
2010-01-01,2025-11-20,2025-11-20,
2010-01-04,2025-11-20,2025-11-20,79.05
2010-01-05,2025-11-20,2025-11-20,79.27
2010-01-06,2025-11-20,2025-11-20,80.14
2010-01-07,2025-11-20,2025-11-20,80.57
2010-01-08,2025-11-20,2025-11-20,80.06
2010-01-11,2025-11-20,2025-11-20,80.14
2010-01-12,2025-11-20,2025-11-20,79.38
2010-01-13,2025-11-20,2025-11-20,77.57
2010-01-14,2025-11-20,2025-11-20,77.61
2010-01-15,2025-11-20,2025-11-20,76.85
2010-01-18,2025-11-20,2025-11-20,
2010-01-19,2025-11-20,2025-11-20,75.18
2010-01-20,2025-11-20,2025-11-20,75.09
2010-01-21,2025-11-20,2025-11-20,74.13
2010-01-22,2025-11-20,2025-11-20,72.73
2010-01-25,2025-11-20,2025-11-20,72.18
2010-01-26,2025-11-20,2025-11-20,72.63
2010-01-27,2025-11-20,2025-11-20,72.75
2010-01-28,2025-11-20,2025-11-20,70.65
2010-01-29,2025-11-20,2025-11-20,71.2
2010-02-01,2025-11-20,2025-11-20,71.58
2010-02-02,2025-11-20,2025-11-20,73.94
2010-02-03,2025-11-20,2025-11-20,75.77
2010-02-04,2025-11-20,2025-11-20,71.3
2010-02-05,2025-11-20,2025-11-20,70.11
2010-02-08,2025-11-20,2025-11-20,69.62
2010-02-09,2025-11-20,2025-11-20,70.4
2010-02-10,2025-11-20,2025-11-20,70.4
2010-02-11,2025-11-20,2025-11-20,72.35
2010-02-12,2025-11-20,2025-11-20,71.49
2010-02-15,2025-11-20,2025-11-20,
2010-02-16,2025-11-20,2025-11-20,74.82
2010-02-17,2025-11-20,2025-11-20,74.89
2010-02-18,2025-11-20,2025-11-20,76.61
2010-02-19,2025-11-20,2025-11-20,76.88
2010-02-22,2025-11-20,2025-11-20,76.95
2010-02-23,2025-11-20,2025-11-20,76.44
2010-02-24,2025-11-20,2025-11-20,77.0
2010-02-25,2025-11-20,2025-11-20,74.38
2010-02-26,2025-11-20,2025-11-20,76.36
2010-03-01,2025-11-20,2025-11-20,76.07
2010-03-02,2025-11-20,2025-11-20,77.5
2010-03-03,2025-11-20,2025-11-20,78.66
2010-03-04,2025-11-20,2025-11-20,77.88
2010-03-05,2025-11-20,2025-11-20,79.2
2010-03-08,2025-11-20,2025-11-20,78.94
2010-03-09,2025-11-20,2025-11-20,78.77
2010-03-10,2025-11-20,2025-11-20,80.29
2010-03-11,2025-11-20,2025-11-20,79.44
2010-03-12,2025-11-20,2025-11-20,79.38
2010-03-15,2025-11-20,2025-11-20,77.08
2010-03-16,2025-11-20,2025-11-20,79.45
2010-03-17,2025-11-20,2025-11-20,80.28
2010-03-18,2025-11-20,2025-11-20,80.09
2010-03-19,2025-11-20,2025-11-20,78.37
2010-03-22,2025-11-20,2025-11-20,78.09
2010-03-23,2025-11-20,2025-11-20,79.17
2010-03-24,2025-11-20,2025-11-20,78.03
2010-03-25,2025-11-20,2025-11-20,78.64
2010-03-26,2025-11-20,2025-11-20,77.98
2010-03-29,2025-11-20,2025-11-20,79.89
2010-03-30,2025-11-20,2025-11-20,79.46
2010-03-31,2025-11-20,2025-11-20,80.37
2010-04-01,2025-11-20,2025-11-20,82.63
2010-04-02,2025-11-20,2025-11-20,
2010-04-05,2025-11-20,2025-11-20,84.48
2010-04-06,2025-11-20,2025-11-20,85.05
2010-04-07,2025-11-20,2025-11-20,84.49
2010-04-08,2025-11-20,2025-11-20,82.63
2010-04-09,2025-11-20,2025-11-20,82.77
2010-04-12,2025-11-20,2025-11-20,85.21
2010-04-13,2025-11-20,2025-11-20,83.44
2010-04-14,2025-11-20,2025-11-20,85.81
2010-04-15,2025-11-20,2025-11-20,86.9
2010-04-16,2025-11-20,2025-11-20,84.81
2010-04-19,2025-11-20,2025-11-20,83.09
2010-04-20,2025-11-20,2025-11-20,84.73
2010-04-21,2025-11-20,2025-11-20,84.55
2010-04-22,2025-11-20,2025-11-20,84.58
2010-04-23,2025-11-20,2025-11-20,86.09
2010-04-26,2025-11-20,2025-11-20,86.72
2010-04-27,2025-11-20,2025-11-20,85.59
2010-04-28,2025-11-20,2025-11-20,84.59
2010-04-29,2025-11-20,2025-11-20,86.82
2010-04-30,2025-11-20,2025-11-20,86.19
2010-05-03,2025-11-20,2025-11-20,88.09
2010-05-04,2025-11-20,2025-11-20,85.39
2010-05-05,2025-11-20,2025-11-20,82.31
2010-05-06,2025-11-20,2025-11-20,80.21
2010-05-07,2025-11-20,2025-11-20,76.48
2010-05-10,2025-11-20,2025-11-20,78.08
2010-05-11,2025-11-20,2025-11-20,79.0
2010-05-12,2025-11-20,2025-11-20,78.7
2010-05-13,2025-11-20,2025-11-20,79.41
2010-05-14,2025-11-20,2025-11-20,76.43
2010-05-17,2025-11-20,2025-11-20,73.87
2010-05-18,2025-11-20,2025-11-20,75.12
2010-05-19,2025-11-20,2025-11-20,71.86
2010-05-20,2025-11-20,2025-11-20,69.56
2010-05-21,2025-11-20,2025-11-20,70.45
2010-05-24,2025-11-20,2025-11-20,69.62
2010-05-25,2025-11-20,2025-11-20,67.18
2010-05-26,2025-11-20,2025-11-20,70.59
2010-05-27,2025-11-20,2025-11-20,73.56
2010-05-28,2025-11-20,2025-11-20,73.0
2010-05-31,2025-11-20,2025-11-20,
2010-06-01,2025-11-20,2025-11-20,73.08
2010-06-02,2025-11-20,2025-11-20,72.78
2010-06-03,2025-11-20,2025-11-20,73.12
2010-06-04,2025-11-20,2025-11-20,71.84
2010-06-07,2025-11-20,2025-11-20,71.09
2010-06-08,2025-11-20,2025-11-20,71.43
2010-06-09,2025-11-20,2025-11-20,73.68
2010-06-10,2025-11-20,2025-11-20,74.33
2010-06-11,2025-11-20,2025-11-20,73.28
2010-06-14,2025-11-20,2025-11-20,75.11
2010-06-15,2025-11-20,2025-11-20,75.29
2010-06-16,2025-11-20,2025-11-20,76.12
2010-06-17,2025-11-20,2025-11-20,77.52
2010-06-18,2025-11-20,2025-11-20,77.05
2010-06-21,2025-11-20,2025-11-20,78.53
2010-06-22,2025-11-20,2025-11-20,78.08
2010-06-23,2025-11-20,2025-11-20,75.22
2010-06-24,2025-11-20,2025-11-20,75.17
2010-06-25,2025-11-20,2025-11-20,76.21
2010-06-28,2025-11-20,2025-11-20,76.66
2010-06-29,2025-11-20,2025-11-20,74.21
2010-06-30,2025-11-20,2025-11-20,74.94
2010-07-01,2025-11-20,2025-11-20,71.73
2010-07-02,2025-11-20,2025-11-20,71.75
2010-07-05,2025-11-20,2025-11-20,
2010-07-06,2025-11-20,2025-11-20,73.08
2010-07-07,2025-11-20,2025-11-20,72.97
2010-07-08,2025-11-20,2025-11-20,74.56
2010-07-09,2025-11-20,2025-11-20,75.2
2010-07-12,2025-11-20,2025-11-20,74.35
2010-07-13,2025-11-20,2025-11-20,76.45
2010-07-14,2025-11-20,2025-11-20,76.63
2010-07-15,2025-11-20,2025-11-20,75.52
2010-07-16,2025-11-20,2025-11-20,75.55
2010-07-19,2025-11-20,2025-11-20,76.29
2010-07-20,2025-11-20,2025-11-20,76.31
2010-07-21,2025-11-20,2025-11-20,75.75
2010-07-22,2025-11-20,2025-11-20,77.59
2010-07-23,2025-11-20,2025-11-20,77.27
2010-07-26,2025-11-20,2025-11-20,77.9
2010-07-27,2025-11-20,2025-11-20,75.52
2010-07-28,2025-11-20,2025-11-20,76.66
2010-07-29,2025-11-20,2025-11-20,78.6
2010-07-30,2025-11-20,2025-11-20,77.5
2010-08-02,2025-11-20,2025-11-20,81.93
2010-08-03,2025-11-20,2025-11-20,83.6
2010-08-04,2025-11-20,2025-11-20,83.76
2010-08-05,2025-11-20,2025-11-20,82.9
2010-08-06,2025-11-20,2025-11-20,81.28
2010-08-09,2025-11-20,2025-11-20,81.54
2010-08-10,2025-11-20,2025-11-20,79.89
2010-08-11,2025-11-20,2025-11-20,77.83
2010-08-12,2025-11-20,2025-11-20,76.63
2010-08-13,2025-11-20,2025-11-20,75.14
2010-08-16,2025-11-20,2025-11-20,74.56
2010-08-17,2025-11-20,2025-11-20,76.74
2010-08-18,2025-11-20,2025-11-20,75.1
2010-08-19,2025-11-20,2025-11-20,74.84
2010-08-20,2025-11-20,2025-11-20,73.48
2010-08-23,2025-11-20,2025-11-20,73.08
2010-08-24,2025-11-20,2025-11-20,70.61
2010-08-25,2025-11-20,2025-11-20,70.74
2010-08-26,2025-11-20,2025-11-20,74.5
2010-08-27,2025-11-20,2025-11-20,75.16
2010-08-30,2025-11-20,2025-11-20,76.05
2010-08-31,2025-11-20,2025-11-20,75.51
2010-09-01,2025-11-20,2025-11-20,75.53
2010-09-02,2025-11-20,2025-11-20,74.93
2010-09-03,2025-11-20,2025-11-20,75.03
2010-09-06,2025-11-20,2025-11-20,
2010-09-07,2025-11-20,2025-11-20,75.78
2010-09-08,2025-11-20,2025-11-20,77.48
2010-09-09,2025-11-20,2025-11-20,77.87
2010-09-10,2025-11-20,2025-11-20,77.54
2010-09-13,2025-11-20,2025-11-20,78.52
2010-09-14,2025-11-20,2025-11-20,78.89
2010-09-15,2025-11-20,2025-11-20,78.46
2010-09-16,2025-11-20,2025-11-20,78.89
2010-09-17,2025-11-20,2025-11-20,77.43
2010-09-20,2025-11-20,2025-11-20,79.42
2010-09-21,2025-11-20,2025-11-20,78.76
2010-09-22,2025-11-20,2025-11-20,77.29
2010-09-23,2025-11-20,2025-11-20,77.69
2010-09-24,2025-11-20,2025-11-20,78.73
2010-09-27,2025-11-20,2025-11-20,77.71
2010-09-28,2025-11-20,2025-11-20,79.14
2010-09-29,2025-11-20,2025-11-20,78.79
2010-09-30,2025-11-20,2025-11-20,80.77
2010-10-01,2025-11-20,2025-11-20,82.69
2010-10-04,2025-11-20,2025-11-20,83.42
2010-10-05,2025-11-20,2025-11-20,83.35
2010-10-06,2025-11-20,2025-11-20,85.01
2010-10-07,2025-11-20,2025-11-20,83.67
2010-10-08,2025-11-20,2025-11-20,83.88
2010-10-11,2025-11-20,2025-11-20,83.08
2010-10-12,2025-11-20,2025-11-20,82.99
2010-10-13,2025-11-20,2025-11-20,84.01
2010-10-14,2025-11-20,2025-11-20,83.55
2010-10-15,2025-11-20,2025-11-20,81.94
2010-10-18,2025-11-20,2025-11-20,82.3
2010-10-19,2025-11-20,2025-11-20,81.12
2010-10-20,2025-11-20,2025-11-20,81.68
2010-10-21,2025-11-20,2025-11-20,81.28
2010-10-22,2025-11-20,2025-11-20,80.75
2010-10-25,2025-11-20,2025-11-20,81.91
2010-10-26,2025-11-20,2025-11-20,82.62
2010-10-27,2025-11-20,2025-11-20,81.27
2010-10-28,2025-11-20,2025-11-20,82.97
2010-10-29,2025-11-20,2025-11-20,82.47
2010-11-01,2025-11-20,2025-11-20,84.06
2010-11-02,2025-11-20,2025-11-20,84.71
2010-11-03,2025-11-20,2025-11-20,85.33
2010-11-04,2025-11-20,2025-11-20,86.83
2010-11-05,2025-11-20,2025-11-20,87.05
2010-11-08,2025-11-20,2025-11-20,87.15
2010-11-09,2025-11-20,2025-11-20,87.93
2010-11-10,2025-11-20,2025-11-20,87.92
2010-11-11,2025-11-20,2025-11-20,88.08
2010-11-12,2025-11-20,2025-11-20,86.07
2010-11-15,2025-11-20,2025-11-20,85.49
2010-11-16,2025-11-20,2025-11-20,83.98
2010-11-17,2025-11-20,2025-11-20,83.36
2010-11-18,2025-11-20,2025-11-20,83.7
2010-11-19,2025-11-20,2025-11-20,83.17
2010-11-22,2025-11-20,2025-11-20,82.34
2010-11-23,2025-11-20,2025-11-20,82.37
2010-11-24,2025-11-20,2025-11-20,84.53
2010-11-25,2025-11-20,2025-11-20,
2010-11-26,2025-11-20,2025-11-20,84.78
2010-11-29,2025-11-20,2025-11-20,85.9
2010-11-30,2025-11-20,2025-11-20,86.02
2010-12-01,2025-11-20,2025-11-20,88.56
2010-12-02,2025-11-20,2025-11-20,89.37
2010-12-03,2025-11-20,2025-11-20,90.65
2010-12-06,2025-11-20,2025-11-20,91.25
2010-12-07,2025-11-20,2025-11-20,90.78
2010-12-08,2025-11-20,2025-11-20,89.74
2010-12-09,2025-11-20,2025-11-20,89.93
2010-12-10,2025-11-20,2025-11-20,89.54
2010-12-13,2025-11-20,2025-11-20,90.4
2010-12-14,2025-11-20,2025-11-20,90.63
2010-12-15,2025-11-20,2025-11-20,91.33
2010-12-16,2025-11-20,2025-11-20,91.09
2010-12-17,2025-11-20,2025-11-20,91.11
2010-12-20,2025-11-20,2025-11-20,91.31
2010-12-21,2025-11-20,2025-11-20,93.11
2010-12-22,2025-11-20,2025-11-20,93.55
2010-12-23,2025-11-20,2025-11-20,93.63
2010-12-24,2025-11-20,2025-11-20,
2010-12-27,2025-11-20,2025-11-20,93.08
2010-12-28,2025-11-20,2025-11-20,93.52
2010-12-29,2025-11-20,2025-11-20,93.52
2010-12-30,2025-11-20,2025-11-20,92.5
2010-12-31,2025-11-20,2025-11-20,93.23
2011-01-03,2025-11-20,2025-11-20,95.82
2011-01-04,2025-11-20,2025-11-20,93.52
2011-01-05,2025-11-20,2025-11-20,95.07
2011-01-06,2025-11-20,2025-11-20,94.95
2011-01-07,2025-11-20,2025-11-20,94.25
2011-01-10,2025-11-20,2025-11-20,95.05
2011-01-11,2025-11-20,2025-11-20,96.8
2011-01-12,2025-11-20,2025-11-20,97.86
2011-01-13,2025-11-20,2025-11-20,97.86
2011-01-14,2025-11-20,2025-11-20,97.86
2011-01-17,2025-11-20,2025-11-20,
2011-01-18,2025-11-20,2025-11-20,97.83
2011-01-19,2025-11-20,2025-11-20,98.42
2011-01-20,2025-11-20,2025-11-20,96.27
2011-01-21,2025-11-20,2025-11-20,96.84
2011-01-24,2025-11-20,2025-11-20,96.76
2011-01-25,2025-11-20,2025-11-20,96.76
2011-01-26,2025-11-20,2025-11-20,96.04
2011-01-27,2025-11-20,2025-11-20,96.48
2011-01-28,2025-11-20,2025-11-20,97.06
2011-01-31,2025-11-20,2025-11-20,98.97
2011-02-01,2025-11-20,2025-11-20,100.4
2011-02-02,2025-11-20,2025-11-20,101.3
2011-02-03,2025-11-20,2025-11-20,101.69
2011-02-04,2025-11-20,2025-11-20,99.43
2011-02-07,2025-11-20,2025-11-20,99.44
2011-02-08,2025-11-20,2025-11-20,99.25
2011-02-09,2025-11-20,2025-11-20,100.16
2011-02-10,2025-11-20,2025-11-20,100.74
2011-02-11,2025-11-20,2025-11-20,99.93
2011-02-14,2025-11-20,2025-11-20,103.12
2011-02-15,2025-11-20,2025-11-20,102.48
2011-02-16,2025-11-20,2025-11-20,102.78
2011-02-17,2025-11-20,2025-11-20,103.45
2011-02-18,2025-11-20,2025-11-20,102.2
2011-02-21,2025-11-20,2025-11-20,
2011-02-22,2025-11-20,2025-11-20,106.82
2011-02-23,2025-11-20,2025-11-20,109.77
2011-02-24,2025-11-20,2025-11-20,113.91
2011-02-25,2025-11-20,2025-11-20,111.47
2011-02-28,2025-11-20,2025-11-20,112.27
2011-03-01,2025-11-20,2025-11-20,113.34
2011-03-02,2025-11-20,2025-11-20,116.89
2011-03-03,2025-11-20,2025-11-20,114.42
2011-03-04,2025-11-20,2025-11-20,115.71
2011-03-07,2025-11-20,2025-11-20,116.58
2011-03-08,2025-11-20,2025-11-20,112.32
2011-03-09,2025-11-20,2025-11-20,115.19
2011-03-10,2025-11-20,2025-11-20,114.07
2011-03-11,2025-11-20,2025-11-20,114.07
2011-03-14,2025-11-20,2025-11-20,112.95
2011-03-15,2025-11-20,2025-11-20,111.11
2011-03-16,2025-11-20,2025-11-20,110.96
2011-03-17,2025-11-20,2025-11-20,114.18
2011-03-18,2025-11-20,2025-11-20,114.13
2011-03-21,2025-11-20,2025-11-20,114.92
2011-03-22,2025-11-20,2025-11-20,115.63
2011-03-23,2025-11-20,2025-11-20,115.65
2011-03-24,2025-11-20,2025-11-20,115.41
2011-03-25,2025-11-20,2025-11-20,115.45
2011-03-28,2025-11-20,2025-11-20,115.95
2011-03-29,2025-11-20,2025-11-20,115.58
2011-03-30,2025-11-20,2025-11-20,115.35
2011-03-31,2025-11-20,2025-11-20,116.94
2011-04-01,2025-11-20,2025-11-20,118.63
2011-04-04,2025-11-20,2025-11-20,120.07
2011-04-05,2025-11-20,2025-11-20,122.87
2011-04-06,2025-11-20,2025-11-20,123.01
2011-04-07,2025-11-20,2025-11-20,122.9
2011-04-08,2025-11-20,2025-11-20,126.3
2011-04-11,2025-11-20,2025-11-20,126.46
2011-04-12,2025-11-20,2025-11-20,121.33
2011-04-13,2025-11-20,2025-11-20,122.7
2011-04-14,2025-11-20,2025-11-20,122.74
2011-04-15,2025-11-20,2025-11-20,124.63
2011-04-18,2025-11-20,2025-11-20,121.69
2011-04-19,2025-11-20,2025-11-20,121.35
2011-04-20,2025-11-20,2025-11-20,124.26
2011-04-21,2025-11-20,2025-11-20,123.64
2011-04-22,2025-11-20,2025-11-20,
2011-04-25,2025-11-20,2025-11-20,
2011-04-26,2025-11-20,2025-11-20,124.55
2011-04-27,2025-11-20,2025-11-20,124.94
2011-04-28,2025-11-20,2025-11-20,126.59
2011-04-29,2025-11-20,2025-11-20,
2011-05-02,2025-11-20,2025-11-20,126.64
2011-05-03,2025-11-20,2025-11-20,124.01
2011-05-04,2025-11-20,2025-11-20,121.55
2011-05-05,2025-11-20,2025-11-20,111.93
2011-05-06,2025-11-20,2025-11-20,113.69
2011-05-09,2025-11-20,2025-11-20,113.21
2011-05-10,2025-11-20,2025-11-20,117.82
2011-05-11,2025-11-20,2025-11-20,115.66
2011-05-12,2025-11-20,2025-11-20,112.87
2011-05-13,2025-11-20,2025-11-20,113.08
2011-05-16,2025-11-20,2025-11-20,113.72
2011-05-17,2025-11-20,2025-11-20,109.39
2011-05-18,2025-11-20,2025-11-20,112.54
2011-05-19,2025-11-20,2025-11-20,113.2
2011-05-20,2025-11-20,2025-11-20,111.25
2011-05-23,2025-11-20,2025-11-20,110.13
2011-05-24,2025-11-20,2025-11-20,112.52
2011-05-25,2025-11-20,2025-11-20,114.47
2011-05-26,2025-11-20,2025-11-20,115.06
2011-05-27,2025-11-20,2025-11-20,114.85
2011-05-30,2025-11-20,2025-11-20,
2011-05-31,2025-11-20,2025-11-20,117.18
2011-06-01,2025-11-20,2025-11-20,116.15
2011-06-02,2025-11-20,2025-11-20,114.3
2011-06-03,2025-11-20,2025-11-20,115.09
2011-06-06,2025-11-20,2025-11-20,115.4
2011-06-07,2025-11-20,2025-11-20,116.14
2011-06-08,2025-11-20,2025-11-20,118.43
2011-06-09,2025-11-20,2025-11-20,119.95
2011-06-10,2025-11-20,2025-11-20,118.71
2011-06-13,2025-11-20,2025-11-20,120.49
2011-06-14,2025-11-20,2025-11-20,120.35
2011-06-15,2025-11-20,2025-11-20,114.67
2011-06-16,2025-11-20,2025-11-20,114.69
2011-06-17,2025-11-20,2025-11-20,113.74
2011-06-20,2025-11-20,2025-11-20,112.21
2011-06-21,2025-11-20,2025-11-20,112.02
2011-06-22,2025-11-20,2025-11-20,113.59
2011-06-23,2025-11-20,2025-11-20,108.27
2011-06-24,2025-11-20,2025-11-20,104.79
2011-06-27,2025-11-20,2025-11-20,104.57
2011-06-28,2025-11-20,2025-11-20,107.57
2011-06-29,2025-11-20,2025-11-20,111.49
2011-06-30,2025-11-20,2025-11-20,111.71
2011-07-01,2025-11-20,2025-11-20,109.82
2011-07-04,2025-11-20,2025-11-20,
2011-07-05,2025-11-20,2025-11-20,113.21
2011-07-06,2025-11-20,2025-11-20,113.55
2011-07-07,2025-11-20,2025-11-20,117.4
2011-07-08,2025-11-20,2025-11-20,117.4
2011-07-11,2025-11-20,2025-11-20,117.35
2011-07-12,2025-11-20,2025-11-20,117.36
2011-07-13,2025-11-20,2025-11-20,118.46
2011-07-14,2025-11-20,2025-11-20,117.38
2011-07-15,2025-11-20,2025-11-20,118.06
2011-07-18,2025-11-20,2025-11-20,117.05
2011-07-19,2025-11-20,2025-11-20,118.18
2011-07-20,2025-11-20,2025-11-20,118.52
2011-07-21,2025-11-20,2025-11-20,118.25
2011-07-22,2025-11-20,2025-11-20,118.99
2011-07-25,2025-11-20,2025-11-20,118.27
2011-07-26,2025-11-20,2025-11-20,118.14
2011-07-27,2025-11-20,2025-11-20,117.99
2011-07-28,2025-11-20,2025-11-20,118.16
2011-07-29,2025-11-20,2025-11-20,115.93
2011-08-01,2025-11-20,2025-11-20,116.37
2011-08-02,2025-11-20,2025-11-20,116.02
2011-08-03,2025-11-20,2025-11-20,113.74
2011-08-04,2025-11-20,2025-11-20,110.22
2011-08-05,2025-11-20,2025-11-20,106.92
2011-08-08,2025-11-20,2025-11-20,103.06
2011-08-09,2025-11-20,2025-11-20,103.63
2011-08-10,2025-11-20,2025-11-20,103.84
2011-08-11,2025-11-20,2025-11-20,107.82
2011-08-12,2025-11-20,2025-11-20,108.17
2011-08-15,2025-11-20,2025-11-20,108.89
2011-08-16,2025-11-20,2025-11-20,109.69
2011-08-17,2025-11-20,2025-11-20,111.37
2011-08-18,2025-11-20,2025-11-20,108.36
2011-08-19,2025-11-20,2025-11-20,109.37
2011-08-22,2025-11-20,2025-11-20,108.83
2011-08-23,2025-11-20,2025-11-20,110.35
2011-08-24,2025-11-20,2025-11-20,111.91
2011-08-25,2025-11-20,2025-11-20,111.91
2011-08-26,2025-11-20,2025-11-20,112.29
2011-08-29,2025-11-20,2025-11-20,
2011-08-30,2025-11-20,2025-11-20,115.59
2011-08-31,2025-11-20,2025-11-20,116.48
2011-09-01,2025-11-20,2025-11-20,116.43
2011-09-02,2025-11-20,2025-11-20,115.92
2011-09-05,2025-11-20,2025-11-20,
2011-09-06,2025-11-20,2025-11-20,113.29
2011-09-07,2025-11-20,2025-11-20,117.5
2011-09-08,2025-11-20,2025-11-20,117.99
2011-09-09,2025-11-20,2025-11-20,115.1
2011-09-12,2025-11-20,2025-11-20,114.75
2011-09-13,2025-11-20,2025-11-20,114.08
2011-09-14,2025-11-20,2025-11-20,113.1
2011-09-15,2025-11-20,2025-11-20,116.71
2011-09-16,2025-11-20,2025-11-20,116.26
2011-09-19,2025-11-20,2025-11-20,112.89
2011-09-20,2025-11-20,2025-11-20,114.39
2011-09-21,2025-11-20,2025-11-20,114.26
2011-09-22,2025-11-20,2025-11-20,109.21
2011-09-23,2025-11-20,2025-11-20,109.17
2011-09-26,2025-11-20,2025-11-20,107.9
2011-09-27,2025-11-20,2025-11-20,109.54
2011-09-28,2025-11-20,2025-11-20,108.52
2011-09-29,2025-11-20,2025-11-20,107.08
2011-09-30,2025-11-20,2025-11-20,105.42
2011-10-03,2025-11-20,2025-11-20,103.61
2011-10-04,2025-11-20,2025-11-20,101.84
2011-10-05,2025-11-20,2025-11-20,103.77
2011-10-06,2025-11-20,2025-11-20,104.38
2011-10-07,2025-11-20,2025-11-20,106.56
2011-10-10,2025-11-20,2025-11-20,109.49
2011-10-11,2025-11-20,2025-11-20,109.22
2011-10-12,2025-11-20,2025-11-20,112.44
2011-10-13,2025-11-20,2025-11-20,112.45
2011-10-14,2025-11-20,2025-11-20,114.33
2011-10-17,2025-11-20,2025-11-20,112.92
2011-10-18,2025-11-20,2025-11-20,112.08
2011-10-19,2025-11-20,2025-11-20,111.76
2011-10-20,2025-11-20,2025-11-20,109.0
2011-10-21,2025-11-20,2025-11-20,111.6
2011-10-24,2025-11-20,2025-11-20,111.67
2011-10-25,2025-11-20,2025-11-20,112.11
2011-10-26,2025-11-20,2025-11-20,110.43
2011-10-27,2025-11-20,2025-11-20,112.45
2011-10-28,2025-11-20,2025-11-20,110.01
2011-10-31,2025-11-20,2025-11-20,108.43
2011-11-01,2025-11-20,2025-11-20,106.97
2011-11-02,2025-11-20,2025-11-20,110.82
2011-11-03,2025-11-20,2025-11-20,110.76
2011-11-04,2025-11-20,2025-11-20,112.22
2011-11-07,2025-11-20,2025-11-20,114.75
2011-11-08,2025-11-20,2025-11-20,115.61
2011-11-09,2025-11-20,2025-11-20,115.29
2011-11-10,2025-11-20,2025-11-20,113.32
2011-11-11,2025-11-20,2025-11-20,114.43
2011-11-14,2025-11-20,2025-11-20,112.57
2011-11-15,2025-11-20,2025-11-20,111.9
2011-11-16,2025-11-20,2025-11-20,111.91
2011-11-17,2025-11-20,2025-11-20,109.25
2011-11-18,2025-11-20,2025-11-20,107.82
2011-11-21,2025-11-20,2025-11-20,105.98
2011-11-22,2025-11-20,2025-11-20,107.77
2011-11-23,2025-11-20,2025-11-20,106.83
2011-11-24,2025-11-20,2025-11-20,
2011-11-25,2025-11-20,2025-11-20,106.08
2011-11-28,2025-11-20,2025-11-20,109.38
2011-11-29,2025-11-20,2025-11-20,111.25
2011-11-30,2025-11-20,2025-11-20,111.22
2011-12-01,2025-11-20,2025-11-20,108.83
2011-12-02,2025-11-20,2025-11-20,109.59
2011-12-05,2025-11-20,2025-11-20,110.18
2011-12-06,2025-11-20,2025-11-20,110.16
2011-12-07,2025-11-20,2025-11-20,110.07
2011-12-08,2025-11-20,2025-11-20,108.23
2011-12-09,2025-11-20,2025-11-20,107.91
2011-12-12,2025-11-20,2025-11-20,107.82
2011-12-13,2025-11-20,2025-11-20,109.25
2011-12-14,2025-11-20,2025-11-20,105.72
2011-12-15,2025-11-20,2025-11-20,104.52
2011-12-16,2025-11-20,2025-11-20,104.0
2011-12-19,2025-11-20,2025-11-20,104.55
2011-12-20,2025-11-20,2025-11-20,107.8
2011-12-21,2025-11-20,2025-11-20,108.0
2011-12-22,2025-11-20,2025-11-20,108.98
2011-12-23,2025-11-20,2025-11-20,109.28
2011-12-26,2025-11-20,2025-11-20,
2011-12-27,2025-11-20,2025-11-20,
2011-12-28,2025-11-20,2025-11-20,107.54
2011-12-29,2025-11-20,2025-11-20,106.89
2011-12-30,2025-11-20,2025-11-20,108.09
2012-01-02,2025-11-20,2025-11-20,
2012-01-03,2025-11-20,2025-11-20,111.12
2012-01-04,2025-11-20,2025-11-20,113.37
2012-01-05,2025-11-20,2025-11-20,113.59
2012-01-06,2025-11-20,2025-11-20,111.96
2012-01-09,2025-11-20,2025-11-20,111.07
2012-01-10,2025-11-20,2025-11-20,113.3
2012-01-11,2025-11-20,2025-11-20,111.66
2012-01-12,2025-11-20,2025-11-20,112.97
2012-01-13,2025-11-20,2025-11-20,109.88
2012-01-16,2025-11-20,2025-11-20,
2012-01-17,2025-11-20,2025-11-20,110.55
2012-01-18,2025-11-20,2025-11-20,109.81
2012-01-19,2025-11-20,2025-11-20,109.54
2012-01-20,2025-11-20,2025-11-20,108.5
2012-01-23,2025-11-20,2025-11-20,109.46
2012-01-24,2025-11-20,2025-11-20,108.38
2012-01-25,2025-11-20,2025-11-20,108.48
2012-01-26,2025-11-20,2025-11-20,109.08
2012-01-27,2025-11-20,2025-11-20,110.5
2012-01-30,2025-11-20,2025-11-20,110.24
2012-01-31,2025-11-20,2025-11-20,110.26
2012-02-01,2025-11-20,2025-11-20,111.96
2012-02-02,2025-11-20,2025-11-20,110.96
2012-02-03,2025-11-20,2025-11-20,112.56
2012-02-06,2025-11-20,2025-11-20,115.47
2012-02-07,2025-11-20,2025-11-20,116.86
2012-02-08,2025-11-20,2025-11-20,117.18
2012-02-09,2025-11-20,2025-11-20,118.4
2012-02-10,2025-11-20,2025-11-20,118.13
2012-02-13,2025-11-20,2025-11-20,118.73
2012-02-14,2025-11-20,2025-11-20,118.3
2012-02-15,2025-11-20,2025-11-20,120.25
2012-02-16,2025-11-20,2025-11-20,121.0
2012-02-17,2025-11-20,2025-11-20,120.69
2012-02-20,2025-11-20,2025-11-20,
2012-02-21,2025-11-20,2025-11-20,120.85
2012-02-22,2025-11-20,2025-11-20,123.07
2012-02-23,2025-11-20,2025-11-20,124.53
2012-02-24,2025-11-20,2025-11-20,124.89
2012-02-27,2025-11-20,2025-11-20,126.46
2012-02-28,2025-11-20,2025-11-20,124.02
2012-02-29,2025-11-20,2025-11-20,122.23
2012-03-01,2025-11-20,2025-11-20,125.76
2012-03-02,2025-11-20,2025-11-20,125.93
2012-03-05,2025-11-20,2025-11-20,126.68
2012-03-06,2025-11-20,2025-11-20,125.03
2012-03-07,2025-11-20,2025-11-20,125.37
2012-03-08,2025-11-20,2025-11-20,127.96
2012-03-09,2025-11-20,2025-11-20,128.08
2012-03-12,2025-11-20,2025-11-20,127.27
2012-03-13,2025-11-20,2025-11-20,128.14
2012-03-14,2025-11-20,2025-11-20,126.98
2012-03-15,2025-11-20,2025-11-20,123.63
2012-03-16,2025-11-20,2025-11-20,125.09
2012-03-19,2025-11-20,2025-11-20,125.76
2012-03-20,2025-11-20,2025-11-20,124.38
2012-03-21,2025-11-20,2025-11-20,123.89
2012-03-22,2025-11-20,2025-11-20,122.49
2012-03-23,2025-11-20,2025-11-20,125.21
2012-03-26,2025-11-20,2025-11-20,125.85
2012-03-27,2025-11-20,2025-11-20,125.25
2012-03-28,2025-11-20,2025-11-20,124.41
2012-03-29,2025-11-20,2025-11-20,123.23
2012-03-30,2025-11-20,2025-11-20,123.41
2012-04-02,2025-11-20,2025-11-20,124.44
2012-04-03,2025-11-20,2025-11-20,
2012-04-04,2025-11-20,2025-11-20,123.04
2012-04-05,2025-11-20,2025-11-20,123.58
2012-04-06,2025-11-20,2025-11-20,
2012-04-09,2025-11-20,2025-11-20,
2012-04-10,2025-11-20,2025-11-20,121.89
2012-04-11,2025-11-20,2025-11-20,120.41
2012-04-12,2025-11-20,2025-11-20,120.57
2012-04-13,2025-11-20,2025-11-20,120.62
2012-04-16,2025-11-20,2025-11-20,118.23
2012-04-17,2025-11-20,2025-11-20,117.41
2012-04-18,2025-11-20,2025-11-20,115.18
2012-04-19,2025-11-20,2025-11-20,117.0
2012-04-20,2025-11-20,2025-11-20,118.08
2012-04-23,2025-11-20,2025-11-20,116.66
2012-04-24,2025-11-20,2025-11-20,117.74
2012-04-25,2025-11-20,2025-11-20,117.45
2012-04-26,2025-11-20,2025-11-20,119.33
2012-04-27,2025-11-20,2025-11-20,119.3
2012-04-30,2025-11-20,2025-11-20,118.66
2012-05-01,2025-11-20,2025-11-20,119.57
2012-05-02,2025-11-20,2025-11-20,117.57
2012-05-03,2025-11-20,2025-11-20,115.91
2012-05-04,2025-11-20,2025-11-20,111.66
2012-05-07,2025-11-20,2025-11-20,
2012-05-08,2025-11-20,2025-11-20,110.48
2012-05-09,2025-11-20,2025-11-20,111.89
2012-05-10,2025-11-20,2025-11-20,112.24
2012-05-11,2025-11-20,2025-11-20,112.5
2012-05-14,2025-11-20,2025-11-20,110.79
2012-05-15,2025-11-20,2025-11-20,111.4
2012-05-16,2025-11-20,2025-11-20,109.8
2012-05-17,2025-11-20,2025-11-20,109.31
2012-05-18,2025-11-20,2025-11-20,108.03
2012-05-21,2025-11-20,2025-11-20,109.02
2012-05-22,2025-11-20,2025-11-20,109.76
2012-05-23,2025-11-20,2025-11-20,106.88
2012-05-24,2025-11-20,2025-11-20,107.2
2012-05-25,2025-11-20,2025-11-20,107.86
2012-05-28,2025-11-20,2025-11-20,
2012-05-29,2025-11-20,2025-11-20,107.55
2012-05-30,2025-11-20,2025-11-20,103.85
2012-05-31,2025-11-20,2025-11-20,103.86
2012-06-01,2025-11-20,2025-11-20,98.63
2012-06-04,2025-11-20,2025-11-20,97.74
2012-06-05,2025-11-20,2025-11-20,98.65
2012-06-06,2025-11-20,2025-11-20,101.14
2012-06-07,2025-11-20,2025-11-20,100.05
2012-06-08,2025-11-20,2025-11-20,97.57
2012-06-11,2025-11-20,2025-11-20,98.6
2012-06-12,2025-11-20,2025-11-20,96.59
2012-06-13,2025-11-20,2025-11-20,97.29
2012-06-14,2025-11-20,2025-11-20,96.46
2012-06-15,2025-11-20,2025-11-20,97.13
2012-06-18,2025-11-20,2025-11-20,95.21
2012-06-19,2025-11-20,2025-11-20,95.14
2012-06-20,2025-11-20,2025-11-20,93.5
2012-06-21,2025-11-20,2025-11-20,89.22
2012-06-22,2025-11-20,2025-11-20,89.22
2012-06-25,2025-11-20,2025-11-20,88.69
2012-06-26,2025-11-20,2025-11-20,90.19
2012-06-27,2025-11-20,2025-11-20,92.06
2012-06-28,2025-11-20,2025-11-20,91.02
2012-06-29,2025-11-20,2025-11-20,94.17
2012-07-02,2025-11-20,2025-11-20,95.28
2012-07-03,2025-11-20,2025-11-20,99.89
2012-07-04,2025-11-20,2025-11-20,
2012-07-05,2025-11-20,2025-11-20,101.54
2012-07-06,2025-11-20,2025-11-20,98.5
2012-07-09,2025-11-20,2025-11-20,99.94
2012-07-10,2025-11-20,2025-11-20,99.15
2012-07-11,2025-11-20,2025-11-20,99.23
2012-07-12,2025-11-20,2025-11-20,99.18
2012-07-13,2025-11-20,2025-11-20,101.91
2012-07-16,2025-11-20,2025-11-20,102.1
2012-07-17,2025-11-20,2025-11-20,104.21
2012-07-18,2025-11-20,2025-11-20,105.92
2012-07-19,2025-11-20,2025-11-20,107.79
2012-07-20,2025-11-20,2025-11-20,106.98
2012-07-23,2025-11-20,2025-11-20,103.91
2012-07-24,2025-11-20,2025-11-20,103.57
2012-07-25,2025-11-20,2025-11-20,102.35
2012-07-26,2025-11-20,2025-11-20,104.77
2012-07-27,2025-11-20,2025-11-20,106.3
2012-07-30,2025-11-20,2025-11-20,106.54
2012-07-31,2025-11-20,2025-11-20,105.93
2012-08-01,2025-11-20,2025-11-20,106.78
2012-08-02,2025-11-20,2025-11-20,107.55
2012-08-03,2025-11-20,2025-11-20,109.57
2012-08-06,2025-11-20,2025-11-20,110.01
2012-08-07,2025-11-20,2025-11-20,112.39
2012-08-08,2025-11-20,2025-11-20,113.42
2012-08-09,2025-11-20,2025-11-20,113.52
2012-08-10,2025-11-20,2025-11-20,113.13
2012-08-13,2025-11-20,2025-11-20,114.48
2012-08-14,2025-11-20,2025-11-20,113.9
2012-08-15,2025-11-20,2025-11-20,115.51
2012-08-16,2025-11-20,2025-11-20,116.12
2012-08-17,2025-11-20,2025-11-20,115.2
2012-08-20,2025-11-20,2025-11-20,115.5
2012-08-21,2025-11-20,2025-11-20,116.03
2012-08-22,2025-11-20,2025-11-20,115.77
2012-08-23,2025-11-20,2025-11-20,117.45
2012-08-24,2025-11-20,2025-11-20,115.76
2012-08-27,2025-11-20,2025-11-20,113.74
2012-08-28,2025-11-20,2025-11-20,112.62
2012-08-29,2025-11-20,2025-11-20,112.53
2012-08-30,2025-11-20,2025-11-20,112.28
2012-08-31,2025-11-20,2025-11-20,113.93
2012-09-03,2025-11-20,2025-11-20,
2012-09-04,2025-11-20,2025-11-20,114.98
2012-09-05,2025-11-20,2025-11-20,113.32
2012-09-06,2025-11-20,2025-11-20,114.5
2012-09-07,2025-11-20,2025-11-20,113.64
2012-09-10,2025-11-20,2025-11-20,113.84
2012-09-11,2025-11-20,2025-11-20,114.86
2012-09-12,2025-11-20,2025-11-20,114.86
2012-09-13,2025-11-20,2025-11-20,116.0
2012-09-14,2025-11-20,2025-11-20,117.48
2012-09-17,2025-11-20,2025-11-20,116.7
2012-09-18,2025-11-20,2025-11-20,113.29
2012-09-19,2025-11-20,2025-11-20,108.49
2012-09-20,2025-11-20,2025-11-20,109.41
2012-09-21,2025-11-20,2025-11-20,111.27
2012-09-24,2025-11-20,2025-11-20,109.2
2012-09-25,2025-11-20,2025-11-20,110.77
2012-09-26,2025-11-20,2025-11-20,108.99
2012-09-27,2025-11-20,2025-11-20,111.45
2012-09-28,2025-11-20,2025-11-20,111.36
2012-10-01,2025-11-20,2025-11-20,112.58
2012-10-02,2025-11-20,2025-11-20,112.49
2012-10-03,2025-11-20,2025-11-20,109.32
2012-10-04,2025-11-20,2025-11-20,110.48
2012-10-05,2025-11-20,2025-11-20,112.17
2012-10-08,2025-11-20,2025-11-20,112.6
2012-10-09,2025-11-20,2025-11-20,114.32
2012-10-10,2025-11-20,2025-11-20,116.11
2012-10-11,2025-11-20,2025-11-20,116.18
2012-10-12,2025-11-20,2025-11-20,115.17
2012-10-15,2025-11-20,2025-11-20,115.0
2012-10-16,2025-11-20,2025-11-20,115.0
2012-10-17,2025-11-20,2025-11-20,113.49
2012-10-18,2025-11-20,2025-11-20,112.58
2012-10-19,2025-11-20,2025-11-20,111.89
2012-10-22,2025-11-20,2025-11-20,109.62
2012-10-23,2025-11-20,2025-11-20,107.53
2012-10-24,2025-11-20,2025-11-20,107.66
2012-10-25,2025-11-20,2025-11-20,107.64
2012-10-26,2025-11-20,2025-11-20,108.9
2012-10-29,2025-11-20,2025-11-20,109.33
2012-10-30,2025-11-20,2025-11-20,109.4
2012-10-31,2025-11-20,2025-11-20,109.89
2012-11-01,2025-11-20,2025-11-20,108.84
2012-11-02,2025-11-20,2025-11-20,106.79
2012-11-05,2025-11-20,2025-11-20,105.59
2012-11-06,2025-11-20,2025-11-20,109.27
2012-11-07,2025-11-20,2025-11-20,108.21
2012-11-08,2025-11-20,2025-11-20,107.23
2012-11-09,2025-11-20,2025-11-20,108.61
2012-11-12,2025-11-20,2025-11-20,110.23
2012-11-13,2025-11-20,2025-11-20,108.82
2012-11-14,2025-11-20,2025-11-20,109.66
2012-11-15,2025-11-20,2025-11-20,110.07
2012-11-16,2025-11-20,2025-11-20,106.81
2012-11-19,2025-11-20,2025-11-20,110.06
2012-11-20,2025-11-20,2025-11-20,110.01
2012-11-21,2025-11-20,2025-11-20,110.81
2012-11-22,2025-11-20,2025-11-20,
2012-11-23,2025-11-20,2025-11-20,110.14
2012-11-26,2025-11-20,2025-11-20,110.18
2012-11-27,2025-11-20,2025-11-20,109.33
2012-11-28,2025-11-20,2025-11-20,108.26
2012-11-29,2025-11-20,2025-11-20,110.47
2012-11-30,2025-11-20,2025-11-20,110.84
2012-12-03,2025-11-20,2025-11-20,111.27
2012-12-04,2025-11-20,2025-11-20,109.99
2012-12-05,2025-11-20,2025-11-20,108.96
2012-12-06,2025-11-20,2025-11-20,108.01
2012-12-07,2025-11-20,2025-11-20,107.16
2012-12-10,2025-11-20,2025-11-20,108.25
2012-12-11,2025-11-20,2025-11-20,107.6
2012-12-12,2025-11-20,2025-11-20,110.17
2012-12-13,2025-11-20,2025-11-20,110.18
2012-12-14,2025-11-20,2025-11-20,109.28
2012-12-17,2025-11-20,2025-11-20,109.35
2012-12-18,2025-11-20,2025-11-20,109.96
2012-12-19,2025-11-20,2025-11-20,109.95
2012-12-20,2025-11-20,2025-11-20,110.57
2012-12-21,2025-11-20,2025-11-20,109.13
2012-12-24,2025-11-20,2025-11-20,108.44
2012-12-25,2025-11-20,2025-11-20,
2012-12-26,2025-11-20,2025-11-20,110.72
2012-12-27,2025-11-20,2025-11-20,110.04
2012-12-28,2025-11-20,2025-11-20,110.05
2012-12-31,2025-11-20,2025-11-20,110.8
2013-01-01,2025-11-20,2025-11-20,
2013-01-02,2025-11-20,2025-11-20,112.98
2013-01-03,2025-11-20,2025-11-20,113.03
2013-01-04,2025-11-20,2025-11-20,112.58
2013-01-07,2025-11-20,2025-11-20,112.49
2013-01-08,2025-11-20,2025-11-20,113.03
2013-01-09,2025-11-20,2025-11-20,113.07
2013-01-10,2025-11-20,2025-11-20,112.97
2013-01-11,2025-11-20,2025-11-20,110.3
2013-01-14,2025-11-20,2025-11-20,111.32
2013-01-15,2025-11-20,2025-11-20,111.72
2013-01-16,2025-11-20,2025-11-20,110.97
2013-01-17,2025-11-20,2025-11-20,111.01
2013-01-18,2025-11-20,2025-11-20,111.71
2013-01-21,2025-11-20,2025-11-20,
2013-01-22,2025-11-20,2025-11-20,112.72
2013-01-23,2025-11-20,2025-11-20,113.68
2013-01-24,2025-11-20,2025-11-20,114.59
2013-01-25,2025-11-20,2025-11-20,113.88
2013-01-28,2025-11-20,2025-11-20,113.92
2013-01-29,2025-11-20,2025-11-20,115.22
2013-01-30,2025-11-20,2025-11-20,115.42
2013-01-31,2025-11-20,2025-11-20,115.55
2013-02-01,2025-11-20,2025-11-20,115.55
2013-02-04,2025-11-20,2025-11-20,116.06
2013-02-05,2025-11-20,2025-11-20,117.03
2013-02-06,2025-11-20,2025-11-20,116.61
2013-02-07,2025-11-20,2025-11-20,117.17
2013-02-08,2025-11-20,2025-11-20,118.9
2013-02-11,2025-11-20,2025-11-20,118.29
2013-02-12,2025-11-20,2025-11-20,117.89
2013-02-13,2025-11-20,2025-11-20,118.43
2013-02-14,2025-11-20,2025-11-20,118.48
2013-02-15,2025-11-20,2025-11-20,117.4
2013-02-18,2025-11-20,2025-11-20,
2013-02-19,2025-11-20,2025-11-20,117.04
2013-02-20,2025-11-20,2025-11-20,116.23
2013-02-21,2025-11-20,2025-11-20,114.19
2013-02-22,2025-11-20,2025-11-20,113.74
2013-02-25,2025-11-20,2025-11-20,114.55
2013-02-26,2025-11-20,2025-11-20,112.96
2013-02-27,2025-11-20,2025-11-20,112.24
2013-02-28,2025-11-20,2025-11-20,112.2
2013-03-01,2025-11-20,2025-11-20,110.14
2013-03-04,2025-11-20,2025-11-20,109.9
2013-03-05,2025-11-20,2025-11-20,110.42
2013-03-06,2025-11-20,2025-11-20,110.27
2013-03-07,2025-11-20,2025-11-20,110.42
2013-03-08,2025-11-20,2025-11-20,108.91
2013-03-11,2025-11-20,2025-11-20,108.64
2013-03-12,2025-11-20,2025-11-20,108.48
2013-03-13,2025-11-20,2025-11-20,107.51
2013-03-14,2025-11-20,2025-11-20,108.1
2013-03-15,2025-11-20,2025-11-20,109.32
2013-03-18,2025-11-20,2025-11-20,108.54
2013-03-19,2025-11-20,2025-11-20,106.91
2013-03-20,2025-11-20,2025-11-20,108.27
2013-03-21,2025-11-20,2025-11-20,106.41
2013-03-22,2025-11-20,2025-11-20,106.51
2013-03-25,2025-11-20,2025-11-20,106.66
2013-03-26,2025-11-20,2025-11-20,107.1
2013-03-27,2025-11-20,2025-11-20,108.51
2013-03-28,2025-11-20,2025-11-20,108.46
2013-03-29,2025-11-20,2025-11-20,
2013-04-01,2025-11-20,2025-11-20,108.76
2013-04-02,2025-11-20,2025-11-20,109.66
2013-04-03,2025-11-20,2025-11-20,107.82
2013-04-04,2025-11-20,2025-11-20,105.09
2013-04-05,2025-11-20,2025-11-20,103.98
2013-04-08,2025-11-20,2025-11-20,103.16
2013-04-09,2025-11-20,2025-11-20,104.08
2013-04-10,2025-11-20,2025-11-20,104.8
2013-04-11,2025-11-20,2025-11-20,103.62
2013-04-12,2025-11-20,2025-11-20,100.58
2013-04-15,2025-11-20,2025-11-20,99.32
2013-04-16,2025-11-20,2025-11-20,97.88
2013-04-17,2025-11-20,2025-11-20,96.84
2013-04-18,2025-11-20,2025-11-20,97.48
2013-04-19,2025-11-20,2025-11-20,98.94
2013-04-22,2025-11-20,2025-11-20,99.07
2013-04-23,2025-11-20,2025-11-20,99.25
2013-04-24,2025-11-20,2025-11-20,100.71
2013-04-25,2025-11-20,2025-11-20,101.62
2013-04-26,2025-11-20,2025-11-20,102.39
2013-04-29,2025-11-20,2025-11-20,102.88
2013-04-30,2025-11-20,2025-11-20,101.53
2013-05-01,2025-11-20,2025-11-20,98.34
2013-05-02,2025-11-20,2025-11-20,100.32
2013-05-03,2025-11-20,2025-11-20,104.6
2013-05-06,2025-11-20,2025-11-20,105.0
2013-05-07,2025-11-20,2025-11-20,105.18
2013-05-08,2025-11-20,2025-11-20,103.79
2013-05-09,2025-11-20,2025-11-20,103.59
2013-05-10,2025-11-20,2025-11-20,101.31
2013-05-13,2025-11-20,2025-11-20,102.17
2013-05-14,2025-11-20,2025-11-20,102.7
2013-05-15,2025-11-20,2025-11-20,101.57
2013-05-16,2025-11-20,2025-11-20,104.27
2013-05-17,2025-11-20,2025-11-20,103.83
2013-05-20,2025-11-20,2025-11-20,104.55
2013-05-21,2025-11-20,2025-11-20,103.1
2013-05-22,2025-11-20,2025-11-20,102.14
2013-05-23,2025-11-20,2025-11-20,100.46
2013-05-24,2025-11-20,2025-11-20,101.24
2013-05-27,2025-11-20,2025-11-20,
2013-05-28,2025-11-20,2025-11-20,103.77
2013-05-29,2025-11-20,2025-11-20,102.14
2013-05-30,2025-11-20,2025-11-20,101.79
2013-05-31,2025-11-20,2025-11-20,100.43
2013-06-03,2025-11-20,2025-11-20,101.63
2013-06-04,2025-11-20,2025-11-20,102.04
2013-06-05,2025-11-20,2025-11-20,103.51
2013-06-06,2025-11-20,2025-11-20,103.37
2013-06-07,2025-11-20,2025-11-20,104.07
2013-06-10,2025-11-20,2025-11-20,103.87
2013-06-11,2025-11-20,2025-11-20,101.5
2013-06-12,2025-11-20,2025-11-20,103.11
2013-06-13,2025-11-20,2025-11-20,103.38
2013-06-14,2025-11-20,2025-11-20,105.1
2013-06-17,2025-11-20,2025-11-20,105.8
2013-06-18,2025-11-20,2025-11-20,105.21
2013-06-19,2025-11-20,2025-11-20,105.56
2013-06-20,2025-11-20,2025-11-20,102.72
2013-06-21,2025-11-20,2025-11-20,100.36
2013-06-24,2025-11-20,2025-11-20,99.8
2013-06-25,2025-11-20,2025-11-20,101.51
2013-06-26,2025-11-20,2025-11-20,100.62
2013-06-27,2025-11-20,2025-11-20,102.74
2013-06-28,2025-11-20,2025-11-20,102.49
2013-07-01,2025-11-20,2025-11-20,103.19
2013-07-02,2025-11-20,2025-11-20,103.96
2013-07-03,2025-11-20,2025-11-20,106.12
2013-07-04,2025-11-20,2025-11-20,
2013-07-05,2025-11-20,2025-11-20,107.46
2013-07-08,2025-11-20,2025-11-20,107.75
2013-07-09,2025-11-20,2025-11-20,107.9
2013-07-10,2025-11-20,2025-11-20,108.43
2013-07-11,2025-11-20,2025-11-20,108.18
2013-07-12,2025-11-20,2025-11-20,109.03
2013-07-15,2025-11-20,2025-11-20,109.05
2013-07-16,2025-11-20,2025-11-20,109.29
2013-07-17,2025-11-20,2025-11-20,109.67
2013-07-18,2025-11-20,2025-11-20,109.71
2013-07-19,2025-11-20,2025-11-20,109.34
2013-07-22,2025-11-20,2025-11-20,108.82
2013-07-23,2025-11-20,2025-11-20,109.27
2013-07-24,2025-11-20,2025-11-20,108.23
2013-07-25,2025-11-20,2025-11-20,108.1
2013-07-26,2025-11-20,2025-11-20,107.57
2013-07-29,2025-11-20,2025-11-20,108.1
2013-07-30,2025-11-20,2025-11-20,107.47
2013-07-31,2025-11-20,2025-11-20,107.89
2013-08-01,2025-11-20,2025-11-20,109.94
2013-08-02,2025-11-20,2025-11-20,109.63
2013-08-05,2025-11-20,2025-11-20,109.81
2013-08-06,2025-11-20,2025-11-20,108.77
2013-08-07,2025-11-20,2025-11-20,108.39
2013-08-08,2025-11-20,2025-11-20,107.32
2013-08-09,2025-11-20,2025-11-20,108.49
2013-08-12,2025-11-20,2025-11-20,109.28
2013-08-13,2025-11-20,2025-11-20,110.69
2013-08-14,2025-11-20,2025-11-20,110.26
2013-08-15,2025-11-20,2025-11-20,111.58
2013-08-16,2025-11-20,2025-11-20,111.82
2013-08-19,2025-11-20,2025-11-20,111.41
2013-08-20,2025-11-20,2025-11-20,110.74
2013-08-21,2025-11-20,2025-11-20,110.82
2013-08-22,2025-11-20,2025-11-20,110.51
2013-08-23,2025-11-20,2025-11-20,112.12
2013-08-26,2025-11-20,2025-11-20,112.23
2013-08-27,2025-11-20,2025-11-20,115.21
2013-08-28,2025-11-20,2025-11-20,116.27
2013-08-29,2025-11-20,2025-11-20,116.91
2013-08-30,2025-11-20,2025-11-20,115.97
2013-09-02,2025-11-20,2025-11-20,
2013-09-03,2025-11-20,2025-11-20,115.49
2013-09-04,2025-11-20,2025-11-20,115.65
2013-09-05,2025-11-20,2025-11-20,115.81
2013-09-06,2025-11-20,2025-11-20,117.15
2013-09-09,2025-11-20,2025-11-20,115.2
2013-09-10,2025-11-20,2025-11-20,112.1
2013-09-11,2025-11-20,2025-11-20,112.37
2013-09-12,2025-11-20,2025-11-20,113.11
2013-09-13,2025-11-20,2025-11-20,113.31
2013-09-16,2025-11-20,2025-11-20,110.86
2013-09-17,2025-11-20,2025-11-20,109.05
2013-09-18,2025-11-20,2025-11-20,109.09
2013-09-19,2025-11-20,2025-11-20,110.66
2013-09-20,2025-11-20,2025-11-20,110.22
2013-09-23,2025-11-20,2025-11-20,108.56
2013-09-24,2025-11-20,2025-11-20,107.68
2013-09-25,2025-11-20,2025-11-20,109.46
2013-09-26,2025-11-20,2025-11-20,108.86
2013-09-27,2025-11-20,2025-11-20,109.45
2013-09-30,2025-11-20,2025-11-20,107.85
2013-10-01,2025-11-20,2025-11-20,107.32
2013-10-02,2025-11-20,2025-11-20,109.09
2013-10-03,2025-11-20,2025-11-20,109.49
2013-10-04,2025-11-20,2025-11-20,109.42
2013-10-07,2025-11-20,2025-11-20,109.66
2013-10-08,2025-11-20,2025-11-20,110.56
2013-10-09,2025-11-20,2025-11-20,109.02
2013-10-10,2025-11-20,2025-11-20,111.63
2013-10-11,2025-11-20,2025-11-20,110.65
2013-10-14,2025-11-20,2025-11-20,110.13
2013-10-15,2025-11-20,2025-11-20,110.67
2013-10-16,2025-11-20,2025-11-20,110.79
2013-10-17,2025-11-20,2025-11-20,109.55
2013-10-18,2025-11-20,2025-11-20,109.4
2013-10-21,2025-11-20,2025-11-20,109.47
2013-10-22,2025-11-20,2025-11-20,109.57
2013-10-23,2025-11-20,2025-11-20,107.74
2013-10-24,2025-11-20,2025-11-20,106.63
2013-10-25,2025-11-20,2025-11-20,105.7
2013-10-28,2025-11-20,2025-11-20,108.29
2013-10-29,2025-11-20,2025-11-20,108.04
2013-10-30,2025-11-20,2025-11-20,108.41
2013-10-31,2025-11-20,2025-11-20,107.53
2013-11-01,2025-11-20,2025-11-20,105.78
2013-11-04,2025-11-20,2025-11-20,104.85
2013-11-05,2025-11-20,2025-11-20,105.01
2013-11-06,2025-11-20,2025-11-20,105.46
2013-11-07,2025-11-20,2025-11-20,103.08
2013-11-08,2025-11-20,2025-11-20,104.29
2013-11-11,2025-11-20,2025-11-20,105.76
2013-11-12,2025-11-20,2025-11-20,106.29
2013-11-13,2025-11-20,2025-11-20,106.9
2013-11-14,2025-11-20,2025-11-20,108.29
2013-11-15,2025-11-20,2025-11-20,108.25
2013-11-18,2025-11-20,2025-11-20,108.8
2013-11-19,2025-11-20,2025-11-20,108.29
2013-11-20,2025-11-20,2025-11-20,108.27
2013-11-21,2025-11-20,2025-11-20,109.9
2013-11-22,2025-11-20,2025-11-20,111.36
2013-11-25,2025-11-20,2025-11-20,110.83
2013-11-26,2025-11-20,2025-11-20,112.04
2013-11-27,2025-11-20,2025-11-20,111.32
2013-11-28,2025-11-20,2025-11-20,
2013-11-29,2025-11-20,2025-11-20,111.07
2013-12-02,2025-11-20,2025-11-20,111.49
2013-12-03,2025-11-20,2025-11-20,113.06
2013-12-04,2025-11-20,2025-11-20,113.27
2013-12-05,2025-11-20,2025-11-20,112.07
2013-12-06,2025-11-20,2025-11-20,111.5
2013-12-09,2025-11-20,2025-11-20,110.07
2013-12-10,2025-11-20,2025-11-20,108.91
2013-12-11,2025-11-20,2025-11-20,109.47
2013-12-12,2025-11-20,2025-11-20,108.99
2013-12-13,2025-11-20,2025-11-20,108.08
2013-12-16,2025-11-20,2025-11-20,110.3
2013-12-17,2025-11-20,2025-11-20,108.91
2013-12-18,2025-11-20,2025-11-20,109.56
2013-12-19,2025-11-20,2025-11-20,110.78
2013-12-20,2025-11-20,2025-11-20,112.15
2013-12-23,2025-11-20,2025-11-20,111.58
2013-12-24,2025-11-20,2025-11-20,111.57
2013-12-25,2025-11-20,2025-11-20,
2013-12-26,2025-11-20,2025-11-20,111.65
2013-12-27,2025-11-20,2025-11-20,112.06
2013-12-30,2025-11-20,2025-11-20,110.47
2013-12-31,2025-11-20,2025-11-20,109.95
2014-01-01,2025-11-20,2025-11-20,
2014-01-02,2025-11-20,2025-11-20,107.94
2014-01-03,2025-11-20,2025-11-20,106.57
2014-01-06,2025-11-20,2025-11-20,106.71
2014-01-07,2025-11-20,2025-11-20,107.01
2014-01-08,2025-11-20,2025-11-20,107.42
2014-01-09,2025-11-20,2025-11-20,107.49
2014-01-10,2025-11-20,2025-11-20,106.44
2014-01-13,2025-11-20,2025-11-20,108.02
2014-01-14,2025-11-20,2025-11-20,107.12
2014-01-15,2025-11-20,2025-11-20,108.09
2014-01-16,2025-11-20,2025-11-20,107.46
2014-01-17,2025-11-20,2025-11-20,108.45
2014-01-20,2025-11-20,2025-11-20,108.01
2014-01-21,2025-11-20,2025-11-20,109.17
2014-01-22,2025-11-20,2025-11-20,109.69
2014-01-23,2025-11-20,2025-11-20,109.69
2014-01-24,2025-11-20,2025-11-20,109.14
2014-01-27,2025-11-20,2025-11-20,108.72
2014-01-28,2025-11-20,2025-11-20,109.1
2014-01-29,2025-11-20,2025-11-20,108.83
2014-01-30,2025-11-20,2025-11-20,109.36
2014-01-31,2025-11-20,2025-11-20,108.16
2014-02-03,2025-11-20,2025-11-20,106.55
2014-02-04,2025-11-20,2025-11-20,107.04
2014-02-05,2025-11-20,2025-11-20,106.81
2014-02-06,2025-11-20,2025-11-20,108.15
2014-02-07,2025-11-20,2025-11-20,110.12
2014-02-10,2025-11-20,2025-11-20,110.18
2014-02-11,2025-11-20,2025-11-20,109.21
2014-02-12,2025-11-20,2025-11-20,108.62
2014-02-13,2025-11-20,2025-11-20,108.98
2014-02-14,2025-11-20,2025-11-20,108.63
2014-02-17,2025-11-20,2025-11-20,
2014-02-18,2025-11-20,2025-11-20,110.14
2014-02-19,2025-11-20,2025-11-20,110.37
2014-02-20,2025-11-20,2025-11-20,109.42
2014-02-21,2025-11-20,2025-11-20,109.03
2014-02-24,2025-11-20,2025-11-20,109.76
2014-02-25,2025-11-20,2025-11-20,109.19
2014-02-26,2025-11-20,2025-11-20,109.39
2014-02-27,2025-11-20,2025-11-20,108.54
2014-02-28,2025-11-20,2025-11-20,108.98
2014-03-03,2025-11-20,2025-11-20,111.26
2014-03-04,2025-11-20,2025-11-20,109.17
2014-03-05,2025-11-20,2025-11-20,108.15
2014-03-06,2025-11-20,2025-11-20,107.99
2014-03-07,2025-11-20,2025-11-20,109.14
2014-03-10,2025-11-20,2025-11-20,108.27
2014-03-11,2025-11-20,2025-11-20,108.35
2014-03-12,2025-11-20,2025-11-20,107.88
2014-03-13,2025-11-20,2025-11-20,107.48
2014-03-14,2025-11-20,2025-11-20,108.08
2014-03-17,2025-11-20,2025-11-20,106.99
2014-03-18,2025-11-20,2025-11-20,106.79
2014-03-19,2025-11-20,2025-11-20,105.95
2014-03-20,2025-11-20,2025-11-20,105.73
2014-03-21,2025-11-20,2025-11-20,107.2
2014-03-24,2025-11-20,2025-11-20,106.59
2014-03-25,2025-11-20,2025-11-20,107.01
2014-03-26,2025-11-20,2025-11-20,105.9
2014-03-27,2025-11-20,2025-11-20,106.58
2014-03-28,2025-11-20,2025-11-20,106.64
2014-03-31,2025-11-20,2025-11-20,105.95
2014-04-01,2025-11-20,2025-11-20,105.7
2014-04-02,2025-11-20,2025-11-20,103.37
2014-04-03,2025-11-20,2025-11-20,104.88
2014-04-04,2025-11-20,2025-11-20,106.41
2014-04-07,2025-11-20,2025-11-20,104.89
2014-04-08,2025-11-20,2025-11-20,105.83
2014-04-09,2025-11-20,2025-11-20,107.39
2014-04-10,2025-11-20,2025-11-20,107.1
2014-04-11,2025-11-20,2025-11-20,107.34
2014-04-14,2025-11-20,2025-11-20,107.68
2014-04-15,2025-11-20,2025-11-20,109.1
2014-04-16,2025-11-20,2025-11-20,109.71
2014-04-17,2025-11-20,2025-11-20,109.79
2014-04-18,2025-11-20,2025-11-20,
2014-04-21,2025-11-20,2025-11-20,109.69
2014-04-22,2025-11-20,2025-11-20,108.54
2014-04-23,2025-11-20,2025-11-20,108.48
2014-04-24,2025-11-20,2025-11-20,109.79
2014-04-25,2025-11-20,2025-11-20,109.53
2014-04-28,2025-11-20,2025-11-20,109.12
2014-04-29,2025-11-20,2025-11-20,109.89
2014-04-30,2025-11-20,2025-11-20,108.63
2014-05-01,2025-11-20,2025-11-20,108.63
2014-05-02,2025-11-20,2025-11-20,109.48
2014-05-05,2025-11-20,2025-11-20,109.48
2014-05-06,2025-11-20,2025-11-20,108.3
2014-05-07,2025-11-20,2025-11-20,108.17
2014-05-08,2025-11-20,2025-11-20,108.19
2014-05-09,2025-11-20,2025-11-20,108.26
2014-05-12,2025-11-20,2025-11-20,108.37
2014-05-13,2025-11-20,2025-11-20,108.78
2014-05-14,2025-11-20,2025-11-20,109.87
2014-05-15,2025-11-20,2025-11-20,109.74
2014-05-16,2025-11-20,2025-11-20,110.9
2014-05-19,2025-11-20,2025-11-20,110.84
2014-05-20,2025-11-20,2025-11-20,110.35
2014-05-21,2025-11-20,2025-11-20,111.32
2014-05-22,2025-11-20,2025-11-20,110.89
2014-05-23,2025-11-20,2025-11-20,110.19
2014-05-26,2025-11-20,2025-11-20,110.01
2014-05-27,2025-11-20,2025-11-20,109.81
2014-05-28,2025-11-20,2025-11-20,109.09
2014-05-29,2025-11-20,2025-11-20,109.98
2014-05-30,2025-11-20,2025-11-20,109.21
2014-06-02,2025-11-20,2025-11-20,109.34
2014-06-03,2025-11-20,2025-11-20,108.87
2014-06-04,2025-11-20,2025-11-20,109.07
2014-06-05,2025-11-20,2025-11-20,108.43
2014-06-06,2025-11-20,2025-11-20,109.21
2014-06-09,2025-11-20,2025-11-20,110.55
2014-06-10,2025-11-20,2025-11-20,109.18
2014-06-11,2025-11-20,2025-11-20,109.83
2014-06-12,2025-11-20,2025-11-20,112.18
2014-06-13,2025-11-20,2025-11-20,113.15
2014-06-16,2025-11-20,2025-11-20,113.42
2014-06-17,2025-11-20,2025-11-20,114.02
2014-06-18,2025-11-20,2025-11-20,114.25
2014-06-19,2025-11-20,2025-11-20,115.19
2014-06-20,2025-11-20,2025-11-20,114.55
2014-06-23,2025-11-20,2025-11-20,113.62
2014-06-24,2025-11-20,2025-11-20,113.74
2014-06-25,2025-11-20,2025-11-20,112.84
2014-06-26,2025-11-20,2025-11-20,112.61
2014-06-27,2025-11-20,2025-11-20,112.62
2014-06-30,2025-11-20,2025-11-20,111.03
2014-07-01,2025-11-20,2025-11-20,110.84
2014-07-02,2025-11-20,2025-11-20,110.18
2014-07-03,2025-11-20,2025-11-20,108.98
2014-07-04,2025-11-20,2025-11-20,
2014-07-07,2025-11-20,2025-11-20,108.7
2014-07-08,2025-11-20,2025-11-20,107.65
2014-07-09,2025-11-20,2025-11-20,106.84
2014-07-10,2025-11-20,2025-11-20,106.2
2014-07-11,2025-11-20,2025-11-20,105.77
2014-07-14,2025-11-20,2025-11-20,104.73
2014-07-15,2025-11-20,2025-11-20,104.73
2014-07-16,2025-11-20,2025-11-20,105.41
2014-07-17,2025-11-20,2025-11-20,106.04
2014-07-18,2025-11-20,2025-11-20,106.03
2014-07-21,2025-11-20,2025-11-20,105.71
2014-07-22,2025-11-20,2025-11-20,106.48
2014-07-23,2025-11-20,2025-11-20,106.85
2014-07-24,2025-11-20,2025-11-20,105.78
2014-07-25,2025-11-20,2025-11-20,106.89
2014-07-28,2025-11-20,2025-11-20,106.7
2014-07-29,2025-11-20,2025-11-20,106.98
2014-07-30,2025-11-20,2025-11-20,106.47
2014-07-31,2025-11-20,2025-11-20,104.94
2014-08-01,2025-11-20,2025-11-20,103.45
2014-08-04,2025-11-20,2025-11-20,103.63
2014-08-05,2025-11-20,2025-11-20,102.82
2014-08-06,2025-11-20,2025-11-20,104.17
2014-08-07,2025-11-20,2025-11-20,104.02
2014-08-08,2025-11-20,2025-11-20,103.36
2014-08-11,2025-11-20,2025-11-20,103.47
2014-08-12,2025-11-20,2025-11-20,101.68
2014-08-13,2025-11-20,2025-11-20,102.27
2014-08-14,2025-11-20,2025-11-20,101.15
2014-08-15,2025-11-20,2025-11-20,101.13
2014-08-18,2025-11-20,2025-11-20,99.37
2014-08-19,2025-11-20,2025-11-20,99.74
2014-08-20,2025-11-20,2025-11-20,99.92
2014-08-21,2025-11-20,2025-11-20,100.28
2014-08-22,2025-11-20,2025-11-20,100.09
2014-08-25,2025-11-20,2025-11-20,100.49
2014-08-26,2025-11-20,2025-11-20,100.5
2014-08-27,2025-11-20,2025-11-20,100.4
2014-08-28,2025-11-20,2025-11-20,100.71
2014-08-29,2025-11-20,2025-11-20,101.12
2014-09-01,2025-11-20,2025-11-20,
2014-09-02,2025-11-20,2025-11-20,100.21
2014-09-03,2025-11-20,2025-11-20,100.88
2014-09-04,2025-11-20,2025-11-20,101.21
2014-09-05,2025-11-20,2025-11-20,99.51
2014-09-08,2025-11-20,2025-11-20,99.53
2014-09-09,2025-11-20,2025-11-20,98.08
2014-09-10,2025-11-20,2025-11-20,96.26
2014-09-11,2025-11-20,2025-11-20,96.42
2014-09-12,2025-11-20,2025-11-20,96.31
2014-09-15,2025-11-20,2025-11-20,96.43
2014-09-16,2025-11-20,2025-11-20,97.39
2014-09-17,2025-11-20,2025-11-20,97.7
2014-09-18,2025-11-20,2025-11-20,96.82
2014-09-19,2025-11-20,2025-11-20,96.75
2014-09-22,2025-11-20,2025-11-20,95.37
2014-09-23,2025-11-20,2025-11-20,94.87
2014-09-24,2025-11-20,2025-11-20,94.53
2014-09-25,2025-11-20,2025-11-20,95.2
2014-09-26,2025-11-20,2025-11-20,95.08
2014-09-29,2025-11-20,2025-11-20,95.7
2014-09-30,2025-11-20,2025-11-20,94.67
2014-10-01,2025-11-20,2025-11-20,94.57
2014-10-02,2025-11-20,2025-11-20,91.29
2014-10-03,2025-11-20,2025-11-20,90.8
2014-10-06,2025-11-20,2025-11-20,90.65
2014-10-07,2025-11-20,2025-11-20,90.9
2014-10-08,2025-11-20,2025-11-20,90.25
2014-10-09,2025-11-20,2025-11-20,90.47
2014-10-10,2025-11-20,2025-11-20,88.66
2014-10-13,2025-11-20,2025-11-20,87.82
2014-10-14,2025-11-20,2025-11-20,86.36
2014-10-15,2025-11-20,2025-11-20,84.02
2014-10-16,2025-11-20,2025-11-20,84.02
2014-10-17,2025-11-20,2025-11-20,85.27
2014-10-20,2025-11-20,2025-11-20,84.42
2014-10-21,2025-11-20,2025-11-20,85.17
2014-10-22,2025-11-20,2025-11-20,86.38
2014-10-23,2025-11-20,2025-11-20,85.94
2014-10-24,2025-11-20,2025-11-20,86.0
2014-10-27,2025-11-20,2025-11-20,85.64
2014-10-28,2025-11-20,2025-11-20,85.57
2014-10-29,2025-11-20,2025-11-20,86.91
2014-10-30,2025-11-20,2025-11-20,85.5
2014-10-31,2025-11-20,2025-11-20,84.17
2014-11-03,2025-11-20,2025-11-20,84.9
2014-11-04,2025-11-20,2025-11-20,82.12
2014-11-05,2025-11-20,2025-11-20,82.88
2014-11-06,2025-11-20,2025-11-20,82.08
2014-11-07,2025-11-20,2025-11-20,83.2
2014-11-10,2025-11-20,2025-11-20,82.9
2014-11-11,2025-11-20,2025-11-20,80.94
2014-11-12,2025-11-20,2025-11-20,80.42
2014-11-13,2025-11-20,2025-11-20,77.74
2014-11-14,2025-11-20,2025-11-20,77.51
2014-11-17,2025-11-20,2025-11-20,76.86
2014-11-18,2025-11-20,2025-11-20,77.23
2014-11-19,2025-11-20,2025-11-20,77.21
2014-11-20,2025-11-20,2025-11-20,77.61
2014-11-21,2025-11-20,2025-11-20,79.2
2014-11-24,2025-11-20,2025-11-20,79.62
2014-11-25,2025-11-20,2025-11-20,77.62
2014-11-26,2025-11-20,2025-11-20,77.39
2014-11-27,2025-11-20,2025-11-20,
2014-11-28,2025-11-20,2025-11-20,71.89
2014-12-01,2025-11-20,2025-11-20,70.87
2014-12-02,2025-11-20,2025-11-20,71.13
2014-12-03,2025-11-20,2025-11-20,70.13
2014-12-04,2025-11-20,2025-11-20,68.48
2014-12-05,2025-11-20,2025-11-20,68.0
2014-12-08,2025-11-20,2025-11-20,65.64
2014-12-09,2025-11-20,2025-11-20,66.11
2014-12-10,2025-11-20,2025-11-20,63.32
2014-12-11,2025-11-20,2025-11-20,63.65
2014-12-12,2025-11-20,2025-11-20,61.67
2014-12-15,2025-11-20,2025-11-20,61.09
2014-12-16,2025-11-20,2025-11-20,60.26
2014-12-17,2025-11-20,2025-11-20,59.84
2014-12-18,2025-11-20,2025-11-20,58.81
2014-12-19,2025-11-20,2025-11-20,58.87
2014-12-22,2025-11-20,2025-11-20,58.31
2014-12-23,2025-11-20,2025-11-20,59.07
2014-12-24,2025-11-20,2025-11-20,58.67
2014-12-25,2025-11-20,2025-11-20,
2014-12-26,2025-11-20,2025-11-20,58.72
2014-12-29,2025-11-20,2025-11-20,57.86
2014-12-30,2025-11-20,2025-11-20,55.6
2014-12-31,2025-11-20,2025-11-20,55.27
2015-01-01,2025-11-20,2025-11-20,
2015-01-02,2025-11-20,2025-11-20,55.38
2015-01-05,2025-11-20,2025-11-20,51.08
2015-01-06,2025-11-20,2025-11-20,50.12
2015-01-07,2025-11-20,2025-11-20,49.06
2015-01-08,2025-11-20,2025-11-20,49.43
2015-01-09,2025-11-20,2025-11-20,47.64
2015-01-12,2025-11-20,2025-11-20,46.9
2015-01-13,2025-11-20,2025-11-20,45.13
2015-01-14,2025-11-20,2025-11-20,45.82
2015-01-15,2025-11-20,2025-11-20,47.66
2015-01-16,2025-11-20,2025-11-20,47.38
2015-01-19,2025-11-20,2025-11-20,
2015-01-20,2025-11-20,2025-11-20,46.49
2015-01-21,2025-11-20,2025-11-20,46.5
2015-01-22,2025-11-20,2025-11-20,46.09
2015-01-23,2025-11-20,2025-11-20,46.69
2015-01-26,2025-11-20,2025-11-20,46.07
2015-01-27,2025-11-20,2025-11-20,46.55
2015-01-28,2025-11-20,2025-11-20,47.07
2015-01-29,2025-11-20,2025-11-20,46.61
2015-01-30,2025-11-20,2025-11-20,47.52
2015-02-02,2025-11-20,2025-11-20,51.74
2015-02-03,2025-11-20,2025-11-20,54.41
2015-02-04,2025-11-20,2025-11-20,55.07
2015-02-05,2025-11-20,2025-11-20,55.98
2015-02-06,2025-11-20,2025-11-20,55.88
2015-02-09,2025-11-20,2025-11-20,57.0
2015-02-10,2025-11-20,2025-11-20,55.79
2015-02-11,2025-11-20,2025-11-20,53.48
2015-02-12,2025-11-20,2025-11-20,56.23
2015-02-13,2025-11-20,2025-11-20,60.33
2015-02-16,2025-11-20,2025-11-20,61.57
2015-02-17,2025-11-20,2025-11-20,60.78
2015-02-18,2025-11-20,2025-11-20,60.72
2015-02-19,2025-11-20,2025-11-20,58.78
2015-02-20,2025-11-20,2025-11-20,60.99
2015-02-23,2025-11-20,2025-11-20,59.78
2015-02-24,2025-11-20,2025-11-20,60.33
2015-02-25,2025-11-20,2025-11-20,59.77
2015-02-26,2025-11-20,2025-11-20,61.39
2015-02-27,2025-11-20,2025-11-20,61.89
2015-03-02,2025-11-20,2025-11-20,60.75
2015-03-03,2025-11-20,2025-11-20,61.18
2015-03-04,2025-11-20,2025-11-20,59.18
2015-03-05,2025-11-20,2025-11-20,60.33
2015-03-06,2025-11-20,2025-11-20,59.15
2015-03-09,2025-11-20,2025-11-20,58.67
2015-03-10,2025-11-20,2025-11-20,55.95
2015-03-11,2025-11-20,2025-11-20,56.46
2015-03-12,2025-11-20,2025-11-20,56.66
2015-03-13,2025-11-20,2025-11-20,54.8
2015-03-16,2025-11-20,2025-11-20,52.0
2015-03-17,2025-11-20,2025-11-20,52.17
2015-03-18,2025-11-20,2025-11-20,52.59
2015-03-19,2025-11-20,2025-11-20,52.96
2015-03-20,2025-11-20,2025-11-20,53.88
2015-03-23,2025-11-20,2025-11-20,53.82
2015-03-24,2025-11-20,2025-11-20,53.61
2015-03-25,2025-11-20,2025-11-20,54.18
2015-03-26,2025-11-20,2025-11-20,57.02
2015-03-27,2025-11-20,2025-11-20,56.44
2015-03-30,2025-11-20,2025-11-20,53.99
2015-03-31,2025-11-20,2025-11-20,53.69
2015-04-01,2025-11-20,2025-11-20,55.73
2015-04-02,2025-11-20,2025-11-20,55.73
2015-04-03,2025-11-20,2025-11-20,
2015-04-06,2025-11-20,2025-11-20,55.73
2015-04-07,2025-11-20,2025-11-20,57.55
2015-04-08,2025-11-20,2025-11-20,56.42
2015-04-09,2025-11-20,2025-11-20,56.04
2015-04-10,2025-11-20,2025-11-20,56.82
2015-04-13,2025-11-20,2025-11-20,57.14
2015-04-14,2025-11-20,2025-11-20,57.69
2015-04-15,2025-11-20,2025-11-20,59.32
2015-04-16,2025-11-20,2025-11-20,60.13
2015-04-17,2025-11-20,2025-11-20,61.31
2015-04-20,2025-11-20,2025-11-20,61.2
2015-04-21,2025-11-20,2025-11-20,60.12
2015-04-22,2025-11-20,2025-11-20,60.12
2015-04-23,2025-11-20,2025-11-20,62.66
2015-04-24,2025-11-20,2025-11-20,62.96
2015-04-27,2025-11-20,2025-11-20,62.86
2015-04-28,2025-11-20,2025-11-20,62.61
2015-04-29,2025-11-20,2025-11-20,63.97
2015-04-30,2025-11-20,2025-11-20,63.9
2015-05-01,2025-11-20,2025-11-20,64.13
2015-05-04,2025-11-20,2025-11-20,64.62
2015-05-05,2025-11-20,2025-11-20,65.44
2015-05-06,2025-11-20,2025-11-20,66.22
2015-05-07,2025-11-20,2025-11-20,64.93
2015-05-08,2025-11-20,2025-11-20,63.82
2015-05-11,2025-11-20,2025-11-20,62.82
2015-05-12,2025-11-20,2025-11-20,65.09
2015-05-13,2025-11-20,2025-11-20,66.33
2015-05-14,2025-11-20,2025-11-20,65.58
2015-05-15,2025-11-20,2025-11-20,64.69
2015-05-18,2025-11-20,2025-11-20,65.15
2015-05-19,2025-11-20,2025-11-20,63.48
2015-05-20,2025-11-20,2025-11-20,63.52
2015-05-21,2025-11-20,2025-11-20,64.7
2015-05-22,2025-11-20,2025-11-20,64.7
2015-05-25,2025-11-20,2025-11-20,
2015-05-26,2025-11-20,2025-11-20,61.65
2015-05-27,2025-11-20,2025-11-20,61.35
2015-05-28,2025-11-20,2025-11-20,60.12
2015-05-29,2025-11-20,2025-11-20,63.16
2015-06-01,2025-11-20,2025-11-20,62.87
2015-06-02,2025-11-20,2025-11-20,63.14
2015-06-03,2025-11-20,2025-11-20,62.78
2015-06-04,2025-11-20,2025-11-20,60.34
2015-06-05,2025-11-20,2025-11-20,60.36
2015-06-08,2025-11-20,2025-11-20,61.33
2015-06-09,2025-11-20,2025-11-20,63.23
2015-06-10,2025-11-20,2025-11-20,64.68
2015-06-11,2025-11-20,2025-11-20,63.76
2015-06-12,2025-11-20,2025-11-20,63.19
2015-06-15,2025-11-20,2025-11-20,60.99
2015-06-16,2025-11-20,2025-11-20,60.75
2015-06-17,2025-11-20,2025-11-20,60.75
2015-06-18,2025-11-20,2025-11-20,61.37
2015-06-19,2025-11-20,2025-11-20,59.41
2015-06-22,2025-11-20,2025-11-20,60.54
2015-06-23,2025-11-20,2025-11-20,61.67
2015-06-24,2025-11-20,2025-11-20,61.63
2015-06-25,2025-11-20,2025-11-20,60.24
2015-06-26,2025-11-20,2025-11-20,60.14
2015-06-29,2025-11-20,2025-11-20,59.03
2015-06-30,2025-11-20,2025-11-20,60.31
2015-07-01,2025-11-20,2025-11-20,61.65
2015-07-02,2025-11-20,2025-11-20,61.73
2015-07-03,2025-11-20,2025-11-20,59.06
2015-07-06,2025-11-20,2025-11-20,57.19
2015-07-07,2025-11-20,2025-11-20,54.72
2015-07-08,2025-11-20,2025-11-20,55.7
2015-07-09,2025-11-20,2025-11-20,57.83
2015-07-10,2025-11-20,2025-11-20,57.72
2015-07-13,2025-11-20,2025-11-20,57.63
2015-07-14,2025-11-20,2025-11-20,57.2
2015-07-15,2025-11-20,2025-11-20,57.34
2015-07-16,2025-11-20,2025-11-20,57.31
2015-07-17,2025-11-20,2025-11-20,56.38
2015-07-20,2025-11-20,2025-11-20,56.42
2015-07-21,2025-11-20,2025-11-20,55.94
2015-07-22,2025-11-20,2025-11-20,56.36
2015-07-23,2025-11-20,2025-11-20,55.76
2015-07-24,2025-11-20,2025-11-20,54.29
2015-07-27,2025-11-20,2025-11-20,54.07
2015-07-28,2025-11-20,2025-11-20,54.3
2015-07-29,2025-11-20,2025-11-20,54.73
2015-07-30,2025-11-20,2025-11-20,54.29
2015-07-31,2025-11-20,2025-11-20,53.29
2015-08-03,2025-11-20,2025-11-20,49.49
2015-08-04,2025-11-20,2025-11-20,49.08
2015-08-05,2025-11-20,2025-11-20,49.04
2015-08-06,2025-11-20,2025-11-20,47.8
2015-08-07,2025-11-20,2025-11-20,47.54
2015-08-10,2025-11-20,2025-11-20,48.3
2015-08-11,2025-11-20,2025-11-20,47.33
2015-08-12,2025-11-20,2025-11-20,48.29
2015-08-13,2025-11-20,2025-11-20,48.01
2015-08-14,2025-11-20,2025-11-20,47.79
2015-08-17,2025-11-20,2025-11-20,47.77
2015-08-18,2025-11-20,2025-11-20,47.0
2015-08-19,2025-11-20,2025-11-20,45.75
2015-08-20,2025-11-20,2025-11-20,45.63
2015-08-21,2025-11-20,2025-11-20,43.84
2015-08-24,2025-11-20,2025-11-20,41.59
2015-08-25,2025-11-20,2025-11-20,41.86
2015-08-26,2025-11-20,2025-11-20,41.76
2015-08-27,2025-11-20,2025-11-20,44.46
2015-08-28,2025-11-20,2025-11-20,47.97
2015-08-31,2025-11-20,2025-11-20,
2015-09-01,2025-11-20,2025-11-20,48.8
2015-09-02,2025-11-20,2025-11-20,47.67
2015-09-03,2025-11-20,2025-11-20,50.41
2015-09-04,2025-11-20,2025-11-20,48.59
2015-09-07,2025-11-20,2025-11-20,46.42
2015-09-08,2025-11-20,2025-11-20,48.88
2015-09-09,2025-11-20,2025-11-20,48.04
2015-09-10,2025-11-20,2025-11-20,47.77
2015-09-11,2025-11-20,2025-11-20,46.87
2015-09-14,2025-11-20,2025-11-20,45.87
2015-09-15,2025-11-20,2025-11-20,45.91
2015-09-16,2025-11-20,2025-11-20,49.35
2015-09-17,2025-11-20,2025-11-20,48.27
2015-09-18,2025-11-20,2025-11-20,47.28
2015-09-21,2025-11-20,2025-11-20,47.64
2015-09-22,2025-11-20,2025-11-20,46.69
2015-09-23,2025-11-20,2025-11-20,48.0
2015-09-24,2025-11-20,2025-11-20,47.06
2015-09-25,2025-11-20,2025-11-20,47.28
2015-09-28,2025-11-20,2025-11-20,46.04
2015-09-29,2025-11-20,2025-11-20,47.58
2015-09-30,2025-11-20,2025-11-20,47.29
2015-10-01,2025-11-20,2025-11-20,47.48
2015-10-02,2025-11-20,2025-11-20,46.55
2015-10-05,2025-11-20,2025-11-20,49.45
2015-10-06,2025-11-20,2025-11-20,51.34
2015-10-07,2025-11-20,2025-11-20,51.66
2015-10-08,2025-11-20,2025-11-20,52.13
2015-10-09,2025-11-20,2025-11-20,52.08
2015-10-12,2025-11-20,2025-11-20,50.95
2015-10-13,2025-11-20,2025-11-20,48.94
2015-10-14,2025-11-20,2025-11-20,48.25
2015-10-15,2025-11-20,2025-11-20,47.87
2015-10-16,2025-11-20,2025-11-20,48.96
2015-10-19,2025-11-20,2025-11-20,47.51
2015-10-20,2025-11-20,2025-11-20,46.93
2015-10-21,2025-11-20,2025-11-20,46.72
2015-10-22,2025-11-20,2025-11-20,46.59
2015-10-23,2025-11-20,2025-11-20,46.3
2015-10-26,2025-11-20,2025-11-20,46.57
2015-10-27,2025-11-20,2025-11-20,45.54
2015-10-28,2025-11-20,2025-11-20,47.6
2015-10-29,2025-11-20,2025-11-20,48.04
2015-10-30,2025-11-20,2025-11-20,48.0
2015-11-02,2025-11-20,2025-11-20,47.91
2015-11-03,2025-11-20,2025-11-20,48.0
2015-11-04,2025-11-20,2025-11-20,46.96
2015-11-05,2025-11-20,2025-11-20,47.19
2015-11-06,2025-11-20,2025-11-20,46.09
2015-11-09,2025-11-20,2025-11-20,45.38
2015-11-10,2025-11-20,2025-11-20,46.44
2015-11-11,2025-11-20,2025-11-20,44.98
2015-11-12,2025-11-20,2025-11-20,44.98
2015-11-13,2025-11-20,2025-11-20,41.98
2015-11-16,2025-11-20,2025-11-20,40.28
2015-11-17,2025-11-20,2025-11-20,41.28
2015-11-18,2025-11-20,2025-11-20,41.45
2015-11-19,2025-11-20,2025-11-20,42.22
2015-11-20,2025-11-20,2025-11-20,42.49
2015-11-23,2025-11-20,2025-11-20,43.7
2015-11-24,2025-11-20,2025-11-20,44.38
2015-11-25,2025-11-20,2025-11-20,43.56
2015-11-26,2025-11-20,2025-11-20,43.55
2015-11-27,2025-11-20,2025-11-20,43.07
2015-11-30,2025-11-20,2025-11-20,43.73
2015-12-01,2025-11-20,2025-11-20,42.97
2015-12-02,2025-11-20,2025-11-20,41.92
2015-12-03,2025-11-20,2025-11-20,42.0
2015-12-04,2025-11-20,2025-11-20,41.44
2015-12-07,2025-11-20,2025-11-20,39.69
2015-12-08,2025-11-20,2025-11-20,39.44
2015-12-09,2025-11-20,2025-11-20,39.04
2015-12-10,2025-11-20,2025-11-20,38.65
2015-12-11,2025-11-20,2025-11-20,36.99
2015-12-14,2025-11-20,2025-11-20,36.51
2015-12-15,2025-11-20,2025-11-20,37.66
2015-12-16,2025-11-20,2025-11-20,36.96
2015-12-17,2025-11-20,2025-11-20,36.29
2015-12-18,2025-11-20,2025-11-20,36.76
2015-12-21,2025-11-20,2025-11-20,35.34
2015-12-22,2025-11-20,2025-11-20,35.26
2015-12-23,2025-11-20,2025-11-20,35.79
2015-12-24,2025-11-20,2025-11-20,37.22
2015-12-25,2025-11-20,2025-11-20,
2015-12-28,2025-11-20,2025-11-20,37.08
2015-12-29,2025-11-20,2025-11-20,36.85
2015-12-30,2025-11-20,2025-11-20,35.65
2015-12-31,2025-11-20,2025-11-20,36.61
2016-01-01,2025-11-20,2025-11-20,
2016-01-04,2025-11-20,2025-11-20,36.28
2016-01-05,2025-11-20,2025-11-20,35.56
2016-01-06,2025-11-20,2025-11-20,33.89
2016-01-07,2025-11-20,2025-11-20,33.57
2016-01-08,2025-11-20,2025-11-20,31.67
2016-01-11,2025-11-20,2025-11-20,30.14
2016-01-12,2025-11-20,2025-11-20,29.14
2016-01-13,2025-11-20,2025-11-20,28.58
2016-01-14,2025-11-20,2025-11-20,28.84
2016-01-15,2025-11-20,2025-11-20,28.8
2016-01-18,2025-11-20,2025-11-20,27.36
2016-01-19,2025-11-20,2025-11-20,27.36
2016-01-20,2025-11-20,2025-11-20,26.01
2016-01-21,2025-11-20,2025-11-20,27.59
2016-01-22,2025-11-20,2025-11-20,30.46
2016-01-25,2025-11-20,2025-11-20,29.82
2016-01-26,2025-11-20,2025-11-20,30.94
2016-01-27,2025-11-20,2025-11-20,31.83
2016-01-28,2025-11-20,2025-11-20,33.01
2016-01-29,2025-11-20,2025-11-20,33.14
2016-02-01,2025-11-20,2025-11-20,32.45
2016-02-02,2025-11-20,2025-11-20,30.98
2016-02-03,2025-11-20,2025-11-20,32.38
2016-02-04,2025-11-20,2025-11-20,32.76
2016-02-05,2025-11-20,2025-11-20,32.35
2016-02-08,2025-11-20,2025-11-20,31.64
2016-02-09,2025-11-20,2025-11-20,30.15
2016-02-10,2025-11-20,2025-11-20,29.64
2016-02-11,2025-11-20,2025-11-20,28.82
2016-02-12,2025-11-20,2025-11-20,31.8
2016-02-15,2025-11-20,2025-11-20,
2016-02-16,2025-11-20,2025-11-20,31.09
2016-02-17,2025-11-20,2025-11-20,33.21
2016-02-18,2025-11-20,2025-11-20,33.2
2016-02-19,2025-11-20,2025-11-20,31.66
2016-02-22,2025-11-20,2025-11-20,33.59
2016-02-23,2025-11-20,2025-11-20,31.9
2016-02-24,2025-11-20,2025-11-20,31.5
2016-02-25,2025-11-20,2025-11-20,32.83
2016-02-26,2025-11-20,2025-11-20,35.76
2016-02-29,2025-11-20,2025-11-20,35.92
2016-03-01,2025-11-20,2025-11-20,35.73
2016-03-02,2025-11-20,2025-11-20,36.38
2016-03-03,2025-11-20,2025-11-20,35.75
2016-03-04,2025-11-20,2025-11-20,37.61
2016-03-07,2025-11-20,2025-11-20,39.02
2016-03-08,2025-11-20,2025-11-20,39.16
2016-03-09,2025-11-20,2025-11-20,40.26
2016-03-10,2025-11-20,2025-11-20,38.63
2016-03-11,2025-11-20,2025-11-20,39.41
2016-03-14,2025-11-20,2025-11-20,38.06
2016-03-15,2025-11-20,2025-11-20,37.49
2016-03-16,2025-11-20,2025-11-20,38.38
2016-03-17,2025-11-20,2025-11-20,39.29
2016-03-18,2025-11-20,2025-11-20,39.26
2016-03-21,2025-11-20,2025-11-20,39.91
2016-03-22,2025-11-20,2025-11-20,40.54
2016-03-23,2025-11-20,2025-11-20,38.84
2016-03-24,2025-11-20,2025-11-20,38.33
2016-03-25,2025-11-20,2025-11-20,
2016-03-28,2025-11-20,2025-11-20,38.33
2016-03-29,2025-11-20,2025-11-20,36.75
2016-03-30,2025-11-20,2025-11-20,36.75
2016-03-31,2025-11-20,2025-11-20,36.75
2016-04-01,2025-11-20,2025-11-20,36.42
2016-04-04,2025-11-20,2025-11-20,36.05
2016-04-05,2025-11-20,2025-11-20,35.88
2016-04-06,2025-11-20,2025-11-20,37.77
2016-04-07,2025-11-20,2025-11-20,37.15
2016-04-08,2025-11-20,2025-11-20,40.71
2016-04-11,2025-11-20,2025-11-20,41.58
2016-04-12,2025-11-20,2025-11-20,43.02
2016-04-13,2025-11-20,2025-11-20,42.81
2016-04-14,2025-11-20,2025-11-20,43.02
2016-04-15,2025-11-20,2025-11-20,41.32
2016-04-18,2025-11-20,2025-11-20,41.64
2016-04-19,2025-11-20,2025-11-20,43.02
2016-04-20,2025-11-20,2025-11-20,43.09
2016-04-21,2025-11-20,2025-11-20,43.48
2016-04-22,2025-11-20,2025-11-20,43.97
2016-04-25,2025-11-20,2025-11-20,42.97
2016-04-26,2025-11-20,2025-11-20,43.94
2016-04-27,2025-11-20,2025-11-20,44.17
2016-04-28,2025-11-20,2025-11-20,45.6
2016-04-29,2025-11-20,2025-11-20,45.64
2016-05-02,2025-11-20,2025-11-20,45.82
2016-05-03,2025-11-20,2025-11-20,43.09
2016-05-04,2025-11-20,2025-11-20,43.08
2016-05-05,2025-11-20,2025-11-20,44.39
2016-05-06,2025-11-20,2025-11-20,44.6
2016-05-09,2025-11-20,2025-11-20,42.43
2016-05-10,2025-11-20,2025-11-20,44.01
2016-05-11,2025-11-20,2025-11-20,46.08
2016-05-12,2025-11-20,2025-11-20,46.43
2016-05-13,2025-11-20,2025-11-20,47.05
2016-05-16,2025-11-20,2025-11-20,48.49
2016-05-17,2025-11-20,2025-11-20,48.71
2016-05-18,2025-11-20,2025-11-20,48.93
2016-05-19,2025-11-20,2025-11-20,47.01
2016-05-20,2025-11-20,2025-11-20,48.54
2016-05-23,2025-11-20,2025-11-20,47.77
2016-05-24,2025-11-20,2025-11-20,48.42
2016-05-25,2025-11-20,2025-11-20,48.87
2016-05-26,2025-11-20,2025-11-20,49.52
2016-05-27,2025-11-20,2025-11-20,49.09
2016-05-30,2025-11-20,2025-11-20,
2016-05-31,2025-11-20,2025-11-20,49.26
2016-06-01,2025-11-20,2025-11-20,48.81
2016-06-02,2025-11-20,2025-11-20,49.05
2016-06-03,2025-11-20,2025-11-20,48.5
2016-06-06,2025-11-20,2025-11-20,48.94
2016-06-07,2025-11-20,2025-11-20,49.76
2016-06-08,2025-11-20,2025-11-20,50.73
2016-06-09,2025-11-20,2025-11-20,50.59
2016-06-10,2025-11-20,2025-11-20,49.7
2016-06-13,2025-11-20,2025-11-20,49.36
2016-06-14,2025-11-20,2025-11-20,47.88
2016-06-15,2025-11-20,2025-11-20,47.47
2016-06-16,2025-11-20,2025-11-20,45.66
2016-06-17,2025-11-20,2025-11-20,46.57
2016-06-20,2025-11-20,2025-11-20,48.68
2016-06-21,2025-11-20,2025-11-20,48.18
2016-06-22,2025-11-20,2025-11-20,48.43
2016-06-23,2025-11-20,2025-11-20,48.63
2016-06-24,2025-11-20,2025-11-20,46.69
2016-06-27,2025-11-20,2025-11-20,45.07
2016-06-28,2025-11-20,2025-11-20,46.29
2016-06-29,2025-11-20,2025-11-20,48.4
2016-06-30,2025-11-20,2025-11-20,48.05
2016-07-01,2025-11-20,2025-11-20,47.65
2016-07-04,2025-11-20,2025-11-20,48.02
2016-07-05,2025-11-20,2025-11-20,45.64
2016-07-06,2025-11-20,2025-11-20,45.7
2016-07-07,2025-11-20,2025-11-20,45.93
2016-07-08,2025-11-20,2025-11-20,44.53
2016-07-11,2025-11-20,2025-11-20,44.04
2016-07-12,2025-11-20,2025-11-20,46.72
2016-07-13,2025-11-20,2025-11-20,44.67
2016-07-14,2025-11-20,2025-11-20,46.01
2016-07-15,2025-11-20,2025-11-20,46.25
2016-07-18,2025-11-20,2025-11-20,45.35
2016-07-19,2025-11-20,2025-11-20,45.7
2016-07-20,2025-11-20,2025-11-20,45.82
2016-07-21,2025-11-20,2025-11-20,44.99
2016-07-22,2025-11-20,2025-11-20,44.24
2016-07-25,2025-11-20,2025-11-20,43.76
2016-07-26,2025-11-20,2025-11-20,43.56
2016-07-27,2025-11-20,2025-11-20,42.78
2016-07-28,2025-11-20,2025-11-20,41.87
2016-07-29,2025-11-20,2025-11-20,40.76
2016-08-01,2025-11-20,2025-11-20,40.17
2016-08-02,2025-11-20,2025-11-20,40.0
2016-08-03,2025-11-20,2025-11-20,40.45
2016-08-04,2025-11-20,2025-11-20,41.33
2016-08-05,2025-11-20,2025-11-20,42.47
2016-08-08,2025-11-20,2025-11-20,43.24
2016-08-09,2025-11-20,2025-11-20,43.37
2016-08-10,2025-11-20,2025-11-20,42.19
2016-08-11,2025-11-20,2025-11-20,44.23
2016-08-12,2025-11-20,2025-11-20,45.12
2016-08-15,2025-11-20,2025-11-20,47.31
2016-08-16,2025-11-20,2025-11-20,48.27
2016-08-17,2025-11-20,2025-11-20,48.58
2016-08-18,2025-11-20,2025-11-20,49.46
2016-08-19,2025-11-20,2025-11-20,49.39
2016-08-22,2025-11-20,2025-11-20,48.1
2016-08-23,2025-11-20,2025-11-20,48.7
2016-08-24,2025-11-20,2025-11-20,47.56
2016-08-25,2025-11-20,2025-11-20,49.25
2016-08-26,2025-11-20,2025-11-20,49.66
2016-08-29,2025-11-20,2025-11-20,49.66
2016-08-30,2025-11-20,2025-11-20,47.94
2016-08-31,2025-11-20,2025-11-20,47.94
2016-09-01,2025-11-20,2025-11-20,45.05
2016-09-02,2025-11-20,2025-11-20,45.96
2016-09-05,2025-11-20,2025-11-20,46.72
2016-09-06,2025-11-20,2025-11-20,46.21
2016-09-07,2025-11-20,2025-11-20,47.0
2016-09-08,2025-11-20,2025-11-20,49.23
2016-09-09,2025-11-20,2025-11-20,48.37
2016-09-12,2025-11-20,2025-11-20,47.82
2016-09-13,2025-11-20,2025-11-20,46.48
2016-09-14,2025-11-20,2025-11-20,45.65
2016-09-15,2025-11-20,2025-11-20,45.83
2016-09-16,2025-11-20,2025-11-20,45.26
2016-09-19,2025-11-20,2025-11-20,46.04
2016-09-20,2025-11-20,2025-11-20,45.24
2016-09-21,2025-11-20,2025-11-20,45.99
2016-09-22,2025-11-20,2025-11-20,47.21
2016-09-23,2025-11-20,2025-11-20,46.71
2016-09-26,2025-11-20,2025-11-20,46.61
2016-09-27,2025-11-20,2025-11-20,44.95
2016-09-28,2025-11-20,2025-11-20,45.49
2016-09-29,2025-11-20,2025-11-20,48.43
2016-09-30,2025-11-20,2025-11-20,48.24
2016-10-03,2025-11-20,2025-11-20,48.61
2016-10-04,2025-11-20,2025-11-20,48.81
2016-10-05,2025-11-20,2025-11-20,49.57
2016-10-06,2025-11-20,2025-11-20,50.14
2016-10-07,2025-11-20,2025-11-20,50.49
2016-10-10,2025-11-20,2025-11-20,51.54
2016-10-11,2025-11-20,2025-11-20,50.48
2016-10-12,2025-11-20,2025-11-20,49.53
2016-10-13,2025-11-20,2025-11-20,49.29
2016-10-14,2025-11-20,2025-11-20,48.87
2016-10-17,2025-11-20,2025-11-20,49.31
2016-10-18,2025-11-20,2025-11-20,49.81
2016-10-19,2025-11-20,2025-11-20,51.85
2016-10-20,2025-11-20,2025-11-20,50.42
2016-10-21,2025-11-20,2025-11-20,50.28
2016-10-24,2025-11-20,2025-11-20,49.8
2016-10-25,2025-11-20,2025-11-20,49.08
2016-10-26,2025-11-20,2025-11-20,48.98
2016-10-27,2025-11-20,2025-11-20,49.13
2016-10-28,2025-11-20,2025-11-20,47.78
2016-10-31,2025-11-20,2025-11-20,46.2
2016-11-01,2025-11-20,2025-11-20,45.77
2016-11-02,2025-11-20,2025-11-20,44.26
2016-11-03,2025-11-20,2025-11-20,43.84
2016-11-04,2025-11-20,2025-11-20,43.06
2016-11-07,2025-11-20,2025-11-20,42.83
2016-11-08,2025-11-20,2025-11-20,43.47
2016-11-09,2025-11-20,2025-11-20,43.88
2016-11-10,2025-11-20,2025-11-20,43.67
2016-11-11,2025-11-20,2025-11-20,41.61
2016-11-14,2025-11-20,2025-11-20,41.83
2016-11-15,2025-11-20,2025-11-20,44.15
2016-11-16,2025-11-20,2025-11-20,45.07
2016-11-17,2025-11-20,2025-11-20,44.57
2016-11-18,2025-11-20,2025-11-20,44.41
2016-11-21,2025-11-20,2025-11-20,45.96
2016-11-22,2025-11-20,2025-11-20,46.1
2016-11-23,2025-11-20,2025-11-20,46.54
2016-11-24,2025-11-20,2025-11-20,47.54
2016-11-25,2025-11-20,2025-11-20,46.32
2016-11-28,2025-11-20,2025-11-20,46.64
2016-11-29,2025-11-20,2025-11-20,44.68
2016-11-30,2025-11-20,2025-11-20,47.95
2016-12-01,2025-11-20,2025-11-20,52.28
2016-12-02,2025-11-20,2025-11-20,52.35
2016-12-05,2025-11-20,2025-11-20,53.3
2016-12-06,2025-11-20,2025-11-20,52.31
2016-12-07,2025-11-20,2025-11-20,51.9
2016-12-08,2025-11-20,2025-11-20,51.6
2016-12-09,2025-11-20,2025-11-20,52.19
2016-12-12,2025-11-20,2025-11-20,53.99
2016-12-13,2025-11-20,2025-11-20,53.28
2016-12-14,2025-11-20,2025-11-20,53.15
2016-12-15,2025-11-20,2025-11-20,51.72
2016-12-16,2025-11-20,2025-11-20,54.15
2016-12-19,2025-11-20,2025-11-20,53.53
2016-12-20,2025-11-20,2025-11-20,54.56
2016-12-21,2025-11-20,2025-11-20,53.01
2016-12-22,2025-11-20,2025-11-20,54.04
2016-12-23,2025-11-20,2025-11-20,53.93
2016-12-26,2025-11-20,2025-11-20,
2016-12-27,2025-11-20,2025-11-20,
2016-12-28,2025-11-20,2025-11-20,54.95
2016-12-29,2025-11-20,2025-11-20,54.97
2016-12-30,2025-11-20,2025-11-20,54.96
2017-01-02,2025-11-20,2025-11-20,
2017-01-03,2025-11-20,2025-11-20,55.05
2017-01-04,2025-11-20,2025-11-20,54.57
2017-01-05,2025-11-20,2025-11-20,54.99
2017-01-06,2025-11-20,2025-11-20,55.9
2017-01-09,2025-11-20,2025-11-20,54.39
2017-01-10,2025-11-20,2025-11-20,53.2
2017-01-11,2025-11-20,2025-11-20,53.61
2017-01-12,2025-11-20,2025-11-20,54.51
2017-01-13,2025-11-20,2025-11-20,54.37
2017-01-16,2025-11-20,2025-11-20,54.3
2017-01-17,2025-11-20,2025-11-20,54.68
2017-01-18,2025-11-20,2025-11-20,53.77
2017-01-19,2025-11-20,2025-11-20,53.18
2017-01-20,2025-11-20,2025-11-20,55.04
2017-01-23,2025-11-20,2025-11-20,54.8
2017-01-24,2025-11-20,2025-11-20,54.7
2017-01-25,2025-11-20,2025-11-20,54.34
2017-01-26,2025-11-20,2025-11-20,55.89
2017-01-27,2025-11-20,2025-11-20,54.8
2017-01-30,2025-11-20,2025-11-20,54.77
2017-01-31,2025-11-20,2025-11-20,55.25
2017-02-01,2025-11-20,2025-11-20,55.79
2017-02-02,2025-11-20,2025-11-20,55.94
2017-02-03,2025-11-20,2025-11-20,55.92
2017-02-06,2025-11-20,2025-11-20,55.02
2017-02-07,2025-11-20,2025-11-20,53.79
2017-02-08,2025-11-20,2025-11-20,54.42
2017-02-09,2025-11-20,2025-11-20,53.98
2017-02-10,2025-11-20,2025-11-20,55.2
2017-02-13,2025-11-20,2025-11-20,54.15
2017-02-14,2025-11-20,2025-11-20,54.96
2017-02-15,2025-11-20,2025-11-20,54.57
2017-02-16,2025-11-20,2025-11-20,54.16
2017-02-17,2025-11-20,2025-11-20,54.48
2017-02-20,2025-11-20,2025-11-20,55.25
2017-02-21,2025-11-20,2025-11-20,56.34
2017-02-22,2025-11-20,2025-11-20,54.9
2017-02-23,2025-11-20,2025-11-20,55.82
2017-02-24,2025-11-20,2025-11-20,54.69
2017-02-27,2025-11-20,2025-11-20,54.65
2017-02-28,2025-11-20,2025-11-20,53.36
2017-03-01,2025-11-20,2025-11-20,55.72
2017-03-02,2025-11-20,2025-11-20,54.16
2017-03-03,2025-11-20,2025-11-20,54.12
2017-03-06,2025-11-20,2025-11-20,54.73
2017-03-07,2025-11-20,2025-11-20,54.61
2017-03-08,2025-11-20,2025-11-20,53.3
2017-03-09,2025-11-20,2025-11-20,50.65
2017-03-10,2025-11-20,2025-11-20,50.63
2017-03-13,2025-11-20,2025-11-20,50.1
2017-03-14,2025-11-20,2025-11-20,49.6
2017-03-15,2025-11-20,2025-11-20,50.63
2017-03-16,2025-11-20,2025-11-20,50.56
2017-03-17,2025-11-20,2025-11-20,50.58
2017-03-20,2025-11-20,2025-11-20,50.67
2017-03-21,2025-11-20,2025-11-20,50.14
2017-03-22,2025-11-20,2025-11-20,49.56
2017-03-23,2025-11-20,2025-11-20,50.17
2017-03-24,2025-11-20,2025-11-20,49.97
2017-03-27,2025-11-20,2025-11-20,50.12
2017-03-28,2025-11-20,2025-11-20,50.72
2017-03-29,2025-11-20,2025-11-20,51.36
2017-03-30,2025-11-20,2025-11-20,52.25
2017-03-31,2025-11-20,2025-11-20,52.2
2017-04-03,2025-11-20,2025-11-20,52.04
2017-04-04,2025-11-20,2025-11-20,53.08
2017-04-05,2025-11-20,2025-11-20,53.41
2017-04-06,2025-11-20,2025-11-20,53.62
2017-04-07,2025-11-20,2025-11-20,54.24
2017-04-10,2025-11-20,2025-11-20,54.79
2017-04-11,2025-11-20,2025-11-20,54.73
2017-04-12,2025-11-20,2025-11-20,54.75
2017-04-13,2025-11-20,2025-11-20,55.05
2017-04-14,2025-11-20,2025-11-20,
2017-04-17,2025-11-20,2025-11-20,54.79
2017-04-18,2025-11-20,2025-11-20,52.6
2017-04-19,2025-11-20,2025-11-20,52.43
2017-04-20,2025-11-20,2025-11-20,50.66
2017-04-21,2025-11-20,2025-11-20,49.93
2017-04-24,2025-11-20,2025-11-20,49.45
2017-04-25,2025-11-20,2025-11-20,49.37
2017-04-26,2025-11-20,2025-11-20,49.99
2017-04-27,2025-11-20,2025-11-20,49.46
2017-04-28,2025-11-20,2025-11-20,49.46
2017-05-01,2025-11-20,2025-11-20,50.41
2017-05-02,2025-11-20,2025-11-20,49.31
2017-05-03,2025-11-20,2025-11-20,48.82
2017-05-04,2025-11-20,2025-11-20,47.53
2017-05-05,2025-11-20,2025-11-20,47.45
2017-05-08,2025-11-20,2025-11-20,46.61
2017-05-09,2025-11-20,2025-11-20,47.06
2017-05-10,2025-11-20,2025-11-20,48.09
2017-05-11,2025-11-20,2025-11-20,49.18
2017-05-12,2025-11-20,2025-11-20,49.08
2017-05-15,2025-11-20,2025-11-20,51.29
2017-05-16,2025-11-20,2025-11-20,51.21
2017-05-17,2025-11-20,2025-11-20,51.76
2017-05-18,2025-11-20,2025-11-20,51.71
2017-05-19,2025-11-20,2025-11-20,52.78
2017-05-22,2025-11-20,2025-11-20,53.35
2017-05-23,2025-11-20,2025-11-20,53.19
2017-05-24,2025-11-20,2025-11-20,53.29
2017-05-25,2025-11-20,2025-11-20,52.25
2017-05-26,2025-11-20,2025-11-20,50.84
2017-05-29,2025-11-20,2025-11-20,52.25
2017-05-30,2025-11-20,2025-11-20,50.65
2017-05-31,2025-11-20,2025-11-20,49.4
2017-06-01,2025-11-20,2025-11-20,50.41
2017-06-02,2025-11-20,2025-11-20,48.46
2017-06-05,2025-11-20,2025-11-20,48.25
2017-06-06,2025-11-20,2025-11-20,48.11
2017-06-07,2025-11-20,2025-11-20,47.08
2017-06-08,2025-11-20,2025-11-20,46.3
2017-06-09,2025-11-20,2025-11-20,46.64
2017-06-12,2025-11-20,2025-11-20,47.18
2017-06-13,2025-11-20,2025-11-20,46.95
2017-06-14,2025-11-20,2025-11-20,45.47
2017-06-15,2025-11-20,2025-11-20,45.61
2017-06-16,2025-11-20,2025-11-20,45.7
2017-06-19,2025-11-20,2025-11-20,45.93
2017-06-20,2025-11-20,2025-11-20,43.98
2017-06-21,2025-11-20,2025-11-20,44.62
2017-06-22,2025-11-20,2025-11-20,44.46
2017-06-23,2025-11-20,2025-11-20,44.14
2017-06-26,2025-11-20,2025-11-20,44.09
2017-06-27,2025-11-20,2025-11-20,46.17
2017-06-28,2025-11-20,2025-11-20,46.45
2017-06-29,2025-11-20,2025-11-20,47.02
2017-06-30,2025-11-20,2025-11-20,47.08
2017-07-03,2025-11-20,2025-11-20,49.13
2017-07-04,2025-11-20,2025-11-20,49.15
2017-07-05,2025-11-20,2025-11-20,47.58
2017-07-06,2025-11-20,2025-11-20,48.53
2017-07-07,2025-11-20,2025-11-20,46.47
2017-07-10,2025-11-20,2025-11-20,46.57
2017-07-11,2025-11-20,2025-11-20,46.68
2017-07-12,2025-11-20,2025-11-20,46.73
2017-07-13,2025-11-20,2025-11-20,47.65
2017-07-14,2025-11-20,2025-11-20,47.89
2017-07-17,2025-11-20,2025-11-20,47.66
2017-07-18,2025-11-20,2025-11-20,47.92
2017-07-19,2025-11-20,2025-11-20,48.34
2017-07-20,2025-11-20,2025-11-20,48.54
2017-07-21,2025-11-20,2025-11-20,47.47
2017-07-24,2025-11-20,2025-11-20,47.81
2017-07-25,2025-11-20,2025-11-20,49.19
2017-07-26,2025-11-20,2025-11-20,50.08
2017-07-27,2025-11-20,2025-11-20,50.67
2017-07-28,2025-11-20,2025-11-20,52.0
2017-07-31,2025-11-20,2025-11-20,51.99
2017-08-01,2025-11-20,2025-11-20,50.77
2017-08-02,2025-11-20,2025-11-20,52.09
2017-08-03,2025-11-20,2025-11-20,52.88
2017-08-04,2025-11-20,2025-11-20,52.48
2017-08-07,2025-11-20,2025-11-20,51.42
2017-08-08,2025-11-20,2025-11-20,52.18
2017-08-09,2025-11-20,2025-11-20,52.16
2017-08-10,2025-11-20,2025-11-20,52.59
2017-08-11,2025-11-20,2025-11-20,51.47
2017-08-14,2025-11-20,2025-11-20,51.29
2017-08-15,2025-11-20,2025-11-20,49.9
2017-08-16,2025-11-20,2025-11-20,50.39
2017-08-17,2025-11-20,2025-11-20,50.37
2017-08-18,2025-11-20,2025-11-20,50.96
2017-08-21,2025-11-20,2025-11-20,51.94
2017-08-22,2025-11-20,2025-11-20,52.29
2017-08-23,2025-11-20,2025-11-20,52.31
2017-08-24,2025-11-20,2025-11-20,51.73
2017-08-25,2025-11-20,2025-11-20,51.87
2017-08-28,2025-11-20,2025-11-20,51.87
2017-08-29,2025-11-20,2025-11-20,51.64
2017-08-30,2025-11-20,2025-11-20,51.91
2017-08-31,2025-11-20,2025-11-20,52.69
2017-09-01,2025-11-20,2025-11-20,53.15
2017-09-04,2025-11-20,2025-11-20,52.6
2017-09-05,2025-11-20,2025-11-20,53.63
2017-09-06,2025-11-20,2025-11-20,54.48
2017-09-07,2025-11-20,2025-11-20,54.16
2017-09-08,2025-11-20,2025-11-20,54.55
2017-09-11,2025-11-20,2025-11-20,54.2
2017-09-12,2025-11-20,2025-11-20,55.06
2017-09-13,2025-11-20,2025-11-20,55.52
2017-09-14,2025-11-20,2025-11-20,56.76
2017-09-15,2025-11-20,2025-11-20,56.18
2017-09-18,2025-11-20,2025-11-20,55.5
2017-09-19,2025-11-20,2025-11-20,56.58
2017-09-20,2025-11-20,2025-11-20,57.2
2017-09-21,2025-11-20,2025-11-20,57.73
2017-09-22,2025-11-20,2025-11-20,58.16
2017-09-25,2025-11-20,2025-11-20,59.42
2017-09-26,2025-11-20,2025-11-20,59.77
2017-09-27,2025-11-20,2025-11-20,58.74
2017-09-28,2025-11-20,2025-11-20,58.8
2017-09-29,2025-11-20,2025-11-20,57.02
2017-10-02,2025-11-20,2025-11-20,55.67
2017-10-03,2025-11-20,2025-11-20,56.12
2017-10-04,2025-11-20,2025-11-20,56.0
2017-10-05,2025-11-20,2025-11-20,57.09
2017-10-06,2025-11-20,2025-11-20,55.5
2017-10-09,2025-11-20,2025-11-20,55.29
2017-10-10,2025-11-20,2025-11-20,56.62
2017-10-11,2025-11-20,2025-11-20,56.13
2017-10-12,2025-11-20,2025-11-20,56.13
2017-10-13,2025-11-20,2025-11-20,56.86
2017-10-16,2025-11-20,2025-11-20,57.49
2017-10-17,2025-11-20,2025-11-20,57.63
2017-10-18,2025-11-20,2025-11-20,58.05
2017-10-19,2025-11-20,2025-11-20,57.82
2017-10-20,2025-11-20,2025-11-20,57.89
2017-10-23,2025-11-20,2025-11-20,57.69
2017-10-24,2025-11-20,2025-11-20,57.84
2017-10-25,2025-11-20,2025-11-20,58.45
2017-10-26,2025-11-20,2025-11-20,58.75
2017-10-27,2025-11-20,2025-11-20,60.15
2017-10-30,2025-11-20,2025-11-20,60.65
2017-10-31,2025-11-20,2025-11-20,61.35
2017-11-01,2025-11-20,2025-11-20,60.98
2017-11-02,2025-11-20,2025-11-20,60.79
2017-11-03,2025-11-20,2025-11-20,61.42
2017-11-06,2025-11-20,2025-11-20,64.27
2017-11-07,2025-11-20,2025-11-20,64.36
2017-11-08,2025-11-20,2025-11-20,63.96
2017-11-09,2025-11-20,2025-11-20,64.49
2017-11-10,2025-11-20,2025-11-20,64.35
2017-11-13,2025-11-20,2025-11-20,62.94
2017-11-14,2025-11-20,2025-11-20,60.91
2017-11-15,2025-11-20,2025-11-20,61.25
2017-11-16,2025-11-20,2025-11-20,61.18
2017-11-17,2025-11-20,2025-11-20,61.34
2017-11-20,2025-11-20,2025-11-20,61.34
2017-11-21,2025-11-20,2025-11-20,62.28
2017-11-22,2025-11-20,2025-11-20,62.92
2017-11-23,2025-11-20,2025-11-20,63.27
2017-11-24,2025-11-20,2025-11-20,63.58
2017-11-27,2025-11-20,2025-11-20,63.25
2017-11-28,2025-11-20,2025-11-20,63.56
2017-11-29,2025-11-20,2025-11-20,63.74
2017-11-30,2025-11-20,2025-11-20,63.53
2017-12-01,2025-11-20,2025-11-20,64.57
2017-12-04,2025-11-20,2025-11-20,63.45
2017-12-05,2025-11-20,2025-11-20,63.45
2017-12-06,2025-11-20,2025-11-20,62.25
2017-12-07,2025-11-20,2025-11-20,62.37
2017-12-08,2025-11-20,2025-11-20,63.86
2017-12-11,2025-11-20,2025-11-20,65.62
2017-12-12,2025-11-20,2025-11-20,64.96
2017-12-13,2025-11-20,2025-11-20,63.66
2017-12-14,2025-11-20,2025-11-20,63.72
2017-12-15,2025-11-20,2025-11-20,63.81
2017-12-18,2025-11-20,2025-11-20,64.45
2017-12-19,2025-11-20,2025-11-20,63.69
2017-12-20,2025-11-20,2025-11-20,64.43
2017-12-21,2025-11-20,2025-11-20,64.64
2017-12-22,2025-11-20,2025-11-20,64.61
2017-12-25,2025-11-20,2025-11-20,
2017-12-26,2025-11-20,2025-11-20,
2017-12-27,2025-11-20,2025-11-20,66.03
2017-12-28,2025-11-20,2025-11-20,66.8
2017-12-29,2025-11-20,2025-11-20,66.73
2018-01-01,2025-11-20,2025-11-20,
2018-01-02,2025-11-20,2025-11-20,66.65
2018-01-03,2025-11-20,2025-11-20,67.85
2018-01-04,2025-11-20,2025-11-20,68.73
2018-01-05,2025-11-20,2025-11-20,68.01
2018-01-08,2025-11-20,2025-11-20,68.48
2018-01-09,2025-11-20,2025-11-20,69.08
2018-01-10,2025-11-20,2025-11-20,69.79
2018-01-11,2025-11-20,2025-11-20,70.36
2018-01-12,2025-11-20,2025-11-20,69.64
2018-01-15,2025-11-20,2025-11-20,70.31
2018-01-16,2025-11-20,2025-11-20,69.4
2018-01-17,2025-11-20,2025-11-20,69.19
2018-01-18,2025-11-20,2025-11-20,69.48
2018-01-19,2025-11-20,2025-11-20,68.56
2018-01-22,2025-11-20,2025-11-20,69.32
2018-01-23,2025-11-20,2025-11-20,69.81
2018-01-24,2025-11-20,2025-11-20,69.91
2018-01-25,2025-11-20,2025-11-20,71.08
2018-01-26,2025-11-20,2025-11-20,70.08
2018-01-29,2025-11-20,2025-11-20,68.41
2018-01-30,2025-11-20,2025-11-20,67.78
2018-01-31,2025-11-20,2025-11-20,67.78
2018-02-01,2025-11-20,2025-11-20,68.6
2018-02-02,2025-11-20,2025-11-20,67.45
2018-02-05,2025-11-20,2025-11-20,67.69
2018-02-06,2025-11-20,2025-11-20,66.75
2018-02-07,2025-11-20,2025-11-20,65.74
2018-02-08,2025-11-20,2025-11-20,64.26
2018-02-09,2025-11-20,2025-11-20,63.04
2018-02-12,2025-11-20,2025-11-20,62.2
2018-02-13,2025-11-20,2025-11-20,61.94
2018-02-14,2025-11-20,2025-11-20,62.29
2018-02-15,2025-11-20,2025-11-20,62.86
2018-02-16,2025-11-20,2025-11-20,64.3
2018-02-19,2025-11-20,2025-11-20,64.95
2018-02-20,2025-11-20,2025-11-20,64.68
2018-02-21,2025-11-20,2025-11-20,64.81
2018-02-22,2025-11-20,2025-11-20,66.12
2018-02-23,2025-11-20,2025-11-20,67.04
2018-02-26,2025-11-20,2025-11-20,67.96
2018-02-27,2025-11-20,2025-11-20,67.59
2018-02-28,2025-11-20,2025-11-20,66.08
2018-03-01,2025-11-20,2025-11-20,64.23
2018-03-02,2025-11-20,2025-11-20,64.26
2018-03-05,2025-11-20,2025-11-20,65.78
2018-03-06,2025-11-20,2025-11-20,65.67
2018-03-07,2025-11-20,2025-11-20,65.09
2018-03-08,2025-11-20,2025-11-20,63.87
2018-03-09,2025-11-20,2025-11-20,65.19
2018-03-12,2025-11-20,2025-11-20,64.53
2018-03-13,2025-11-20,2025-11-20,64.2
2018-03-14,2025-11-20,2025-11-20,63.61
2018-03-15,2025-11-20,2025-11-20,63.67
2018-03-16,2025-11-20,2025-11-20,64.68
2018-03-19,2025-11-20,2025-11-20,64.82
2018-03-20,2025-11-20,2025-11-20,66.0
2018-03-21,2025-11-20,2025-11-20,68.15
2018-03-22,2025-11-20,2025-11-20,68.98
2018-03-23,2025-11-20,2025-11-20,69.03
2018-03-26,2025-11-20,2025-11-20,68.81
2018-03-27,2025-11-20,2025-11-20,68.63
2018-03-28,2025-11-20,2025-11-20,68.13
2018-03-29,2025-11-20,2025-11-20,69.02
2018-03-30,2025-11-20,2025-11-20,
2018-04-02,2025-11-20,2025-11-20,
2018-04-03,2025-11-20,2025-11-20,69.02
2018-04-04,2025-11-20,2025-11-20,66.04
2018-04-05,2025-11-20,2025-11-20,66.54
2018-04-06,2025-11-20,2025-11-20,66.51
2018-04-09,2025-11-20,2025-11-20,68.19
2018-04-10,2025-11-20,2025-11-20,70.67
2018-04-11,2025-11-20,2025-11-20,72.74
2018-04-12,2025-11-20,2025-11-20,71.44
2018-04-13,2025-11-20,2025-11-20,73.18
2018-04-16,2025-11-20,2025-11-20,72.05
2018-04-17,2025-11-20,2025-11-20,71.71
2018-04-18,2025-11-20,2025-11-20,73.73
2018-04-19,2025-11-20,2025-11-20,74.85
2018-04-20,2025-11-20,2025-11-20,74.62
2018-04-23,2025-11-20,2025-11-20,74.54
2018-04-24,2025-11-20,2025-11-20,75.86
2018-04-25,2025-11-20,2025-11-20,73.79
2018-04-26,2025-11-20,2025-11-20,75.39
2018-04-27,2025-11-20,2025-11-20,75.33
2018-04-30,2025-11-20,2025-11-20,75.92
2018-05-01,2025-11-20,2025-11-20,74.85
2018-05-02,2025-11-20,2025-11-20,73.14
2018-05-03,2025-11-20,2025-11-20,73.45
2018-05-04,2025-11-20,2025-11-20,74.75
2018-05-07,2025-11-20,2025-11-20,
2018-05-08,2025-11-20,2025-11-20,74.16
2018-05-09,2025-11-20,2025-11-20,77.6
2018-05-10,2025-11-20,2025-11-20,77.59
2018-05-11,2025-11-20,2025-11-20,77.37
2018-05-14,2025-11-20,2025-11-20,78.17
2018-05-15,2025-11-20,2025-11-20,78.94
2018-05-16,2025-11-20,2025-11-20,78.19
2018-05-17,2025-11-20,2025-11-20,80.09
2018-05-18,2025-11-20,2025-11-20,78.38
2018-05-21,2025-11-20,2025-11-20,78.34
2018-05-22,2025-11-20,2025-11-20,80.42
2018-05-23,2025-11-20,2025-11-20,78.69
2018-05-24,2025-11-20,2025-11-20,78.9
2018-05-25,2025-11-20,2025-11-20,76.6
2018-05-28,2025-11-20,2025-11-20,
2018-05-29,2025-11-20,2025-11-20,74.51
2018-05-30,2025-11-20,2025-11-20,75.89
2018-05-31,2025-11-20,2025-11-20,76.45
2018-06-01,2025-11-20,2025-11-20,74.54
2018-06-04,2025-11-20,2025-11-20,73.41
2018-06-05,2025-11-20,2025-11-20,72.91
2018-06-06,2025-11-20,2025-11-20,73.23
2018-06-07,2025-11-20,2025-11-20,75.23
2018-06-08,2025-11-20,2025-11-20,75.11
2018-06-11,2025-11-20,2025-11-20,74.58
2018-06-12,2025-11-20,2025-11-20,74.86
2018-06-13,2025-11-20,2025-11-20,75.07
2018-06-14,2025-11-20,2025-11-20,74.77
2018-06-15,2025-11-20,2025-11-20,72.02
2018-06-18,2025-11-20,2025-11-20,74.87
2018-06-19,2025-11-20,2025-11-20,74.92
2018-06-20,2025-11-20,2025-11-20,74.25
2018-06-21,2025-11-20,2025-11-20,72.87
2018-06-22,2025-11-20,2025-11-20,73.67
2018-06-25,2025-11-20,2025-11-20,72.82
2018-06-26,2025-11-20,2025-11-20,73.58
2018-06-27,2025-11-20,2025-11-20,76.09
2018-06-28,2025-11-20,2025-11-20,76.26
2018-06-29,2025-11-20,2025-11-20,77.44
2018-07-02,2025-11-20,2025-11-20,76.71
2018-07-03,2025-11-20,2025-11-20,75.87
2018-07-04,2025-11-20,2025-11-20,76.99
2018-07-05,2025-11-20,2025-11-20,77.09
2018-07-06,2025-11-20,2025-11-20,74.98
2018-07-09,2025-11-20,2025-11-20,77.08
2018-07-10,2025-11-20,2025-11-20,77.8
2018-07-11,2025-11-20,2025-11-20,75.35
2018-07-12,2025-11-20,2025-11-20,72.11
2018-07-13,2025-11-20,2025-11-20,74.11
2018-07-16,2025-11-20,2025-11-20,71.03
2018-07-17,2025-11-20,2025-11-20,70.87
2018-07-18,2025-11-20,2025-11-20,70.52
2018-07-19,2025-11-20,2025-11-20,71.94
2018-07-20,2025-11-20,2025-11-20,71.99
2018-07-23,2025-11-20,2025-11-20,73.45
2018-07-24,2025-11-20,2025-11-20,73.53
2018-07-25,2025-11-20,2025-11-20,73.67
2018-07-26,2025-11-20,2025-11-20,74.51
2018-07-27,2025-11-20,2025-11-20,74.84
2018-07-30,2025-11-20,2025-11-20,74.99
2018-07-31,2025-11-20,2025-11-20,74.16
2018-08-01,2025-11-20,2025-11-20,72.28
2018-08-02,2025-11-20,2025-11-20,72.95
2018-08-03,2025-11-20,2025-11-20,72.48
2018-08-06,2025-11-20,2025-11-20,72.51
2018-08-07,2025-11-20,2025-11-20,72.31
2018-08-08,2025-11-20,2025-11-20,70.71
2018-08-09,2025-11-20,2025-11-20,70.55
2018-08-10,2025-11-20,2025-11-20,71.0
2018-08-13,2025-11-20,2025-11-20,70.62
2018-08-14,2025-11-20,2025-11-20,70.77
2018-08-15,2025-11-20,2025-11-20,68.38
2018-08-16,2025-11-20,2025-11-20,69.21
2018-08-17,2025-11-20,2025-11-20,70.14
2018-08-20,2025-11-20,2025-11-20,71.11
2018-08-21,2025-11-20,2025-11-20,71.65
2018-08-22,2025-11-20,2025-11-20,72.96
2018-08-23,2025-11-20,2025-11-20,73.73
2018-08-24,2025-11-20,2025-11-20,74.41
2018-08-27,2025-11-20,2025-11-20,74.41
2018-08-28,2025-11-20,2025-11-20,75.91
2018-08-29,2025-11-20,2025-11-20,76.07
2018-08-30,2025-11-20,2025-11-20,77.05
2018-08-31,2025-11-20,2025-11-20,76.94
2018-09-03,2025-11-20,2025-11-20,77.81
2018-09-04,2025-11-20,2025-11-20,77.51
2018-09-05,2025-11-20,2025-11-20,76.68
2018-09-06,2025-11-20,2025-11-20,75.67
2018-09-07,2025-11-20,2025-11-20,75.55
2018-09-10,2025-11-20,2025-11-20,76.77
2018-09-11,2025-11-20,2025-11-20,78.22
2018-09-12,2025-11-20,2025-11-20,80.02
2018-09-13,2025-11-20,2025-11-20,77.66
2018-09-14,2025-11-20,2025-11-20,77.87
2018-09-17,2025-11-20,2025-11-20,78.22
2018-09-18,2025-11-20,2025-11-20,79.25
2018-09-19,2025-11-20,2025-11-20,79.43
2018-09-20,2025-11-20,2025-11-20,79.03
2018-09-21,2025-11-20,2025-11-20,78.9
2018-09-24,2025-11-20,2025-11-20,80.89
2018-09-25,2025-11-20,2025-11-20,82.21
2018-09-26,2025-11-20,2025-11-20,81.87
2018-09-27,2025-11-20,2025-11-20,81.54
2018-09-28,2025-11-20,2025-11-20,82.72
2018-10-01,2025-11-20,2025-11-20,84.94
2018-10-02,2025-11-20,2025-11-20,85.63
2018-10-03,2025-11-20,2025-11-20,85.45
2018-10-04,2025-11-20,2025-11-20,86.07
2018-10-05,2025-11-20,2025-11-20,85.12
2018-10-08,2025-11-20,2025-11-20,84.22
2018-10-09,2025-11-20,2025-11-20,85.16
2018-10-10,2025-11-20,2025-11-20,83.82
2018-10-11,2025-11-20,2025-11-20,81.35
2018-10-12,2025-11-20,2025-11-20,80.71
2018-10-15,2025-11-20,2025-11-20,80.91
2018-10-16,2025-11-20,2025-11-20,80.53
2018-10-17,2025-11-20,2025-11-20,79.91
2018-10-18,2025-11-20,2025-11-20,80.3
2018-10-19,2025-11-20,2025-11-20,80.38
2018-10-22,2025-11-20,2025-11-20,80.45
2018-10-23,2025-11-20,2025-11-20,78.67
2018-10-24,2025-11-20,2025-11-20,77.34
2018-10-25,2025-11-20,2025-11-20,77.3
2018-10-26,2025-11-20,2025-11-20,77.4
2018-10-29,2025-11-20,2025-11-20,77.56
2018-10-30,2025-11-20,2025-11-20,75.68
2018-10-31,2025-11-20,2025-11-20,74.84
2018-11-01,2025-11-20,2025-11-20,71.25
2018-11-02,2025-11-20,2025-11-20,71.11
2018-11-05,2025-11-20,2025-11-20,72.68
2018-11-06,2025-11-20,2025-11-20,70.64
2018-11-07,2025-11-20,2025-11-20,70.1
2018-11-08,2025-11-20,2025-11-20,69.29
2018-11-09,2025-11-20,2025-11-20,69.01
2018-11-12,2025-11-20,2025-11-20,69.81
2018-11-13,2025-11-20,2025-11-20,65.45
2018-11-14,2025-11-20,2025-11-20,64.88
2018-11-15,2025-11-20,2025-11-20,65.61
2018-11-16,2025-11-20,2025-11-20,65.29
2018-11-19,2025-11-20,2025-11-20,64.14
2018-11-20,2025-11-20,2025-11-20,61.5
2018-11-21,2025-11-20,2025-11-20,61.65
2018-11-22,2025-11-20,2025-11-20,61.11
2018-11-23,2025-11-20,2025-11-20,57.69
2018-11-26,2025-11-20,2025-11-20,59.7
2018-11-27,2025-11-20,2025-11-20,59.58
2018-11-28,2025-11-20,2025-11-20,57.97
2018-11-29,2025-11-20,2025-11-20,58.29
2018-11-30,2025-11-20,2025-11-20,57.71
2018-12-03,2025-11-20,2025-11-20,60.17
2018-12-04,2025-11-20,2025-11-20,61.22
2018-12-05,2025-11-20,2025-11-20,61.4
2018-12-06,2025-11-20,2025-11-20,57.83
2018-12-07,2025-11-20,2025-11-20,61.71
2018-12-10,2025-11-20,2025-11-20,60.29
2018-12-11,2025-11-20,2025-11-20,59.73
2018-12-12,2025-11-20,2025-11-20,59.94
2018-12-13,2025-11-20,2025-11-20,59.03
2018-12-14,2025-11-20,2025-11-20,58.56
2018-12-17,2025-11-20,2025-11-20,57.59
2018-12-18,2025-11-20,2025-11-20,55.26
2018-12-19,2025-11-20,2025-11-20,55.6
2018-12-20,2025-11-20,2025-11-20,52.84
2018-12-21,2025-11-20,2025-11-20,51.93
2018-12-24,2025-11-20,2025-11-20,
2018-12-25,2025-11-20,2025-11-20,
2018-12-26,2025-11-20,2025-11-20,
2018-12-27,2025-11-20,2025-11-20,51.49
2018-12-28,2025-11-20,2025-11-20,50.57
2018-12-31,2025-11-20,2025-11-20,
2019-01-01,2025-11-20,2025-11-20,
2019-01-02,2025-11-20,2025-11-20,54.06
2019-01-03,2025-11-20,2025-11-20,53.23
2019-01-04,2025-11-20,2025-11-20,55.64
2019-01-07,2025-11-20,2025-11-20,57.1
2019-01-08,2025-11-20,2025-11-20,56.91
2019-01-09,2025-11-20,2025-11-20,59.46
2019-01-10,2025-11-20,2025-11-20,60.47
2019-01-11,2025-11-20,2025-11-20,59.24
2019-01-14,2025-11-20,2025-11-20,58.8
2019-01-15,2025-11-20,2025-11-20,58.65
2019-01-16,2025-11-20,2025-11-20,59.81
2019-01-17,2025-11-20,2025-11-20,59.85
2019-01-18,2025-11-20,2025-11-20,62.04
2019-01-21,2025-11-20,2025-11-20,62.18
2019-01-22,2025-11-20,2025-11-20,60.9
2019-01-23,2025-11-20,2025-11-20,61.05
2019-01-24,2025-11-20,2025-11-20,61.09
2019-01-25,2025-11-20,2025-11-20,61.49
2019-01-28,2025-11-20,2025-11-20,59.71
2019-01-29,2025-11-20,2025-11-20,60.98
2019-01-30,2025-11-20,2025-11-20,61.89
2019-01-31,2025-11-20,2025-11-20,62.46
2019-02-01,2025-11-20,2025-11-20,61.86
2019-02-04,2025-11-20,2025-11-20,62.26
2019-02-05,2025-11-20,2025-11-20,61.67
2019-02-06,2025-11-20,2025-11-20,62.22
2019-02-07,2025-11-20,2025-11-20,61.01
2019-02-08,2025-11-20,2025-11-20,61.37
2019-02-11,2025-11-20,2025-11-20,61.3
2019-02-12,2025-11-20,2025-11-20,62.58
2019-02-13,2025-11-20,2025-11-20,63.27
2019-02-14,2025-11-20,2025-11-20,64.0
2019-02-15,2025-11-20,2025-11-20,65.65
2019-02-18,2025-11-20,2025-11-20,66.41
2019-02-19,2025-11-20,2025-11-20,65.86
2019-02-20,2025-11-20,2025-11-20,66.82
2019-02-21,2025-11-20,2025-11-20,66.91
2019-02-22,2025-11-20,2025-11-20,66.91
2019-02-25,2025-11-20,2025-11-20,64.02
2019-02-26,2025-11-20,2025-11-20,64.51
2019-02-27,2025-11-20,2025-11-20,65.55
2019-02-28,2025-11-20,2025-11-20,65.03
2019-03-01,2025-11-20,2025-11-20,63.71
2019-03-04,2025-11-20,2025-11-20,64.44
2019-03-05,2025-11-20,2025-11-20,64.24
2019-03-06,2025-11-20,2025-11-20,64.51
2019-03-07,2025-11-20,2025-11-20,64.82
2019-03-08,2025-11-20,2025-11-20,65.66
2019-03-11,2025-11-20,2025-11-20,65.06
2019-03-12,2025-11-20,2025-11-20,65.33
2019-03-13,2025-11-20,2025-11-20,65.89
2019-03-14,2025-11-20,2025-11-20,66.18
2019-03-15,2025-11-20,2025-11-20,66.11
2019-03-18,2025-11-20,2025-11-20,66.65
2019-03-19,2025-11-20,2025-11-20,67.13
2019-03-20,2025-11-20,2025-11-20,68.35
2019-03-21,2025-11-20,2025-11-20,68.3
2019-03-22,2025-11-20,2025-11-20,66.29
2019-03-25,2025-11-20,2025-11-20,67.37
2019-03-26,2025-11-20,2025-11-20,67.51
2019-03-27,2025-11-20,2025-11-20,67.35
2019-03-28,2025-11-20,2025-11-20,66.08
2019-03-29,2025-11-20,2025-11-20,67.93
2019-04-01,2025-11-20,2025-11-20,69.08
2019-04-02,2025-11-20,2025-11-20,69.68
2019-04-03,2025-11-20,2025-11-20,69.21
2019-04-04,2025-11-20,2025-11-20,69.8
2019-04-05,2025-11-20,2025-11-20,69.93
2019-04-08,2025-11-20,2025-11-20,71.12
2019-04-09,2025-11-20,2025-11-20,71.02
2019-04-10,2025-11-20,2025-11-20,71.63
2019-04-11,2025-11-20,2025-11-20,71.3
2019-04-12,2025-11-20,2025-11-20,71.57
2019-04-15,2025-11-20,2025-11-20,70.9
2019-04-16,2025-11-20,2025-11-20,70.74
2019-04-17,2025-11-20,2025-11-20,71.14
2019-04-18,2025-11-20,2025-11-20,70.71
2019-04-19,2025-11-20,2025-11-20,
2019-04-22,2025-11-20,2025-11-20,70.71
2019-04-23,2025-11-20,2025-11-20,74.39
2019-04-24,2025-11-20,2025-11-20,73.59
2019-04-25,2025-11-20,2025-11-20,74.94
2019-04-26,2025-11-20,2025-11-20,71.03
2019-04-29,2025-11-20,2025-11-20,71.22
2019-04-30,2025-11-20,2025-11-20,72.19
2019-05-01,2025-11-20,2025-11-20,72.01
2019-05-02,2025-11-20,2025-11-20,70.56
2019-05-03,2025-11-20,2025-11-20,71.95
2019-05-06,2025-11-20,2025-11-20,71.95
2019-05-07,2025-11-20,2025-11-20,70.98
2019-05-08,2025-11-20,2025-11-20,71.09
2019-05-09,2025-11-20,2025-11-20,70.61
2019-05-10,2025-11-20,2025-11-20,71.63
2019-05-13,2025-11-20,2025-11-20,72.35
2019-05-14,2025-11-20,2025-11-20,72.53
2019-05-15,2025-11-20,2025-11-20,73.09
2019-05-16,2025-11-20,2025-11-20,74.7
2019-05-17,2025-11-20,2025-11-20,73.94
2019-05-20,2025-11-20,2025-11-20,73.21
2019-05-21,2025-11-20,2025-11-20,72.94
2019-05-22,2025-11-20,2025-11-20,71.94
2019-05-23,2025-11-20,2025-11-20,68.37
2019-05-24,2025-11-20,2025-11-20,67.98
2019-05-27,2025-11-20,2025-11-20,
2019-05-28,2025-11-20,2025-11-20,70.19
2019-05-29,2025-11-20,2025-11-20,70.64
2019-05-30,2025-11-20,2025-11-20,69.55
2019-05-31,2025-11-20,2025-11-20,66.78
2019-06-03,2025-11-20,2025-11-20,63.16
2019-06-04,2025-11-20,2025-11-20,63.56
2019-06-05,2025-11-20,2025-11-20,62.14
2019-06-06,2025-11-20,2025-11-20,62.77
2019-06-07,2025-11-20,2025-11-20,64.1
2019-06-10,2025-11-20,2025-11-20,64.31
2019-06-11,2025-11-20,2025-11-20,63.56
2019-06-12,2025-11-20,2025-11-20,61.66
2019-06-13,2025-11-20,2025-11-20,63.28
2019-06-14,2025-11-20,2025-11-20,63.13
2019-06-17,2025-11-20,2025-11-20,62.56
2019-06-18,2025-11-20,2025-11-20,63.35
2019-06-19,2025-11-20,2025-11-20,62.85
2019-06-20,2025-11-20,2025-11-20,65.44
2019-06-21,2025-11-20,2025-11-20,65.99
2019-06-24,2025-11-20,2025-11-20,65.16
2019-06-25,2025-11-20,2025-11-20,66.24
2019-06-26,2025-11-20,2025-11-20,66.85
2019-06-27,2025-11-20,2025-11-20,66.78
2019-06-28,2025-11-20,2025-11-20,67.52
2019-07-01,2025-11-20,2025-11-20,65.1
2019-07-02,2025-11-20,2025-11-20,62.72
2019-07-03,2025-11-20,2025-11-20,63.53
2019-07-04,2025-11-20,2025-11-20,63.62
2019-07-05,2025-11-20,2025-11-20,64.23
2019-07-08,2025-11-20,2025-11-20,64.89
2019-07-09,2025-11-20,2025-11-20,64.3
2019-07-10,2025-11-20,2025-11-20,66.41
2019-07-11,2025-11-20,2025-11-20,67.64
2019-07-12,2025-11-20,2025-11-20,66.65
2019-07-15,2025-11-20,2025-11-20,66.86
2019-07-16,2025-11-20,2025-11-20,65.87
2019-07-17,2025-11-20,2025-11-20,63.67
2019-07-18,2025-11-20,2025-11-20,60.7
2019-07-19,2025-11-20,2025-11-20,61.04
2019-07-22,2025-11-20,2025-11-20,61.96
2019-07-23,2025-11-20,2025-11-20,62.28
2019-07-24,2025-11-20,2025-11-20,63.83
2019-07-25,2025-11-20,2025-11-20,63.47
2019-07-26,2025-11-20,2025-11-20,62.46
2019-07-29,2025-11-20,2025-11-20,62.29
2019-07-30,2025-11-20,2025-11-20,62.55
2019-07-31,2025-11-20,2025-11-20,64.07
2019-08-01,2025-11-20,2025-11-20,62.9
2019-08-02,2025-11-20,2025-11-20,61.12
2019-08-05,2025-11-20,2025-11-20,59.32
2019-08-06,2025-11-20,2025-11-20,58.63
2019-08-07,2025-11-20,2025-11-20,55.03
2019-08-08,2025-11-20,2025-11-20,56.29
2019-08-09,2025-11-20,2025-11-20,57.37
2019-08-12,2025-11-20,2025-11-20,57.13
2019-08-13,2025-11-20,2025-11-20,59.9
2019-08-14,2025-11-20,2025-11-20,57.86
2019-08-15,2025-11-20,2025-11-20,57.37
2019-08-16,2025-11-20,2025-11-20,59.0
2019-08-19,2025-11-20,2025-11-20,59.79
2019-08-20,2025-11-20,2025-11-20,59.03
2019-08-21,2025-11-20,2025-11-20,60.6
2019-08-22,2025-11-20,2025-11-20,59.81
2019-08-23,2025-11-20,2025-11-20,58.64
2019-08-26,2025-11-20,2025-11-20,58.64
2019-08-27,2025-11-20,2025-11-20,58.44
2019-08-28,2025-11-20,2025-11-20,60.42
2019-08-29,2025-11-20,2025-11-20,60.59
2019-08-30,2025-11-20,2025-11-20,61.04
2019-09-02,2025-11-20,2025-11-20,58.55
2019-09-03,2025-11-20,2025-11-20,57.93
2019-09-04,2025-11-20,2025-11-20,60.68
2019-09-05,2025-11-20,2025-11-20,62.7
2019-09-06,2025-11-20,2025-11-20,61.28
2019-09-09,2025-11-20,2025-11-20,63.99
2019-09-10,2025-11-20,2025-11-20,64.67
2019-09-11,2025-11-20,2025-11-20,63.02
2019-09-12,2025-11-20,2025-11-20,60.76
2019-09-13,2025-11-20,2025-11-20,61.25
2019-09-16,2025-11-20,2025-11-20,68.42
2019-09-17,2025-11-20,2025-11-20,65.59
2019-09-18,2025-11-20,2025-11-20,64.29
2019-09-19,2025-11-20,2025-11-20,64.25
2019-09-20,2025-11-20,2025-11-20,65.23
2019-09-23,2025-11-20,2025-11-20,64.66
2019-09-24,2025-11-20,2025-11-20,64.13
2019-09-25,2025-11-20,2025-11-20,62.41
2019-09-26,2025-11-20,2025-11-20,62.08
2019-09-27,2025-11-20,2025-11-20,62.48
2019-09-30,2025-11-20,2025-11-20,60.99
2019-10-01,2025-11-20,2025-11-20,60.06
2019-10-02,2025-11-20,2025-11-20,57.92
2019-10-03,2025-11-20,2025-11-20,58.01
2019-10-04,2025-11-20,2025-11-20,59.13
2019-10-07,2025-11-20,2025-11-20,59.46
2019-10-08,2025-11-20,2025-11-20,58.14
2019-10-09,2025-11-20,2025-11-20,59.7
2019-10-10,2025-11-20,2025-11-20,59.08
2019-10-11,2025-11-20,2025-11-20,60.59
2019-10-14,2025-11-20,2025-11-20,58.81
2019-10-15,2025-11-20,2025-11-20,59.19
2019-10-16,2025-11-20,2025-11-20,59.3
2019-10-17,2025-11-20,2025-11-20,59.35
2019-10-18,2025-11-20,2025-11-20,59.96
2019-10-21,2025-11-20,2025-11-20,58.95
2019-10-22,2025-11-20,2025-11-20,60.5
2019-10-23,2025-11-20,2025-11-20,60.52
2019-10-24,2025-11-20,2025-11-20,61.71
2019-10-25,2025-11-20,2025-11-20,62.06
2019-10-28,2025-11-20,2025-11-20,60.39
2019-10-29,2025-11-20,2025-11-20,61.05
2019-10-30,2025-11-20,2025-11-20,60.22
2019-10-31,2025-11-20,2025-11-20,59.3
2019-11-01,2025-11-20,2025-11-20,60.17
2019-11-04,2025-11-20,2025-11-20,62.52
2019-11-05,2025-11-20,2025-11-20,62.72
2019-11-06,2025-11-20,2025-11-20,62.11
2019-11-07,2025-11-20,2025-11-20,62.6
2019-11-08,2025-11-20,2025-11-20,62.0
2019-11-11,2025-11-20,2025-11-20,62.58
2019-11-12,2025-11-20,2025-11-20,62.19
2019-11-13,2025-11-20,2025-11-20,62.27
2019-11-14,2025-11-20,2025-11-20,62.46
2019-11-15,2025-11-20,2025-11-20,63.32
2019-11-18,2025-11-20,2025-11-20,62.82
2019-11-19,2025-11-20,2025-11-20,62.37
2019-11-20,2025-11-20,2025-11-20,63.8
2019-11-21,2025-11-20,2025-11-20,64.99
2019-11-22,2025-11-20,2025-11-20,64.83
2019-11-25,2025-11-20,2025-11-20,64.67
2019-11-26,2025-11-20,2025-11-20,64.82
2019-11-27,2025-11-20,2025-11-20,65.03
2019-11-28,2025-11-20,2025-11-20,64.68
2019-11-29,2025-11-20,2025-11-20,64.5
2019-12-02,2025-11-20,2025-11-20,63.2
2019-12-03,2025-11-20,2025-11-20,62.95
2019-12-04,2025-11-20,2025-11-20,65.25
2019-12-05,2025-11-20,2025-11-20,65.67
2019-12-06,2025-11-20,2025-11-20,66.5
2019-12-09,2025-11-20,2025-11-20,66.44
2019-12-10,2025-11-20,2025-11-20,66.57
2019-12-11,2025-11-20,2025-11-20,65.37
2019-12-12,2025-11-20,2025-11-20,66.67
2019-12-13,2025-11-20,2025-11-20,67.44
2019-12-16,2025-11-20,2025-11-20,68.04
2019-12-17,2025-11-20,2025-11-20,68.99
2019-12-18,2025-11-20,2025-11-20,69.12
2019-12-19,2025-11-20,2025-11-20,69.7
2019-12-20,2025-11-20,2025-11-20,68.66
2019-12-23,2025-11-20,2025-11-20,67.49
2019-12-24,2025-11-20,2025-11-20,69.26
2019-12-25,2025-11-20,2025-11-20,
2019-12-26,2025-11-20,2025-11-20,69.26
2019-12-27,2025-11-20,2025-11-20,68.91
2019-12-30,2025-11-20,2025-11-20,68.3
2019-12-31,2025-11-20,2025-11-20,67.77
2020-01-01,2025-11-20,2025-11-20,
2020-01-02,2025-11-20,2025-11-20,67.05
2020-01-03,2025-11-20,2025-11-20,69.08
2020-01-06,2025-11-20,2025-11-20,70.25
2020-01-07,2025-11-20,2025-11-20,68.74
2020-01-08,2025-11-20,2025-11-20,67.31
2020-01-09,2025-11-20,2025-11-20,66.58
2020-01-10,2025-11-20,2025-11-20,66.77
2020-01-13,2025-11-20,2025-11-20,64.14
2020-01-14,2025-11-20,2025-11-20,64.45
2020-01-15,2025-11-20,2025-11-20,63.29
2020-01-16,2025-11-20,2025-11-20,64.63
2020-01-17,2025-11-20,2025-11-20,64.05
2020-01-20,2025-11-20,2025-11-20,64.63
2020-01-21,2025-11-20,2025-11-20,63.66
2020-01-22,2025-11-20,2025-11-20,62.11
2020-01-23,2025-11-20,2025-11-20,61.26
2020-01-24,2025-11-20,2025-11-20,59.34
2020-01-27,2025-11-20,2025-11-20,58.54
2020-01-28,2025-11-20,2025-11-20,59.37
2020-01-29,2025-11-20,2025-11-20,59.46
2020-01-30,2025-11-20,2025-11-20,57.72
2020-01-31,2025-11-20,2025-11-20,57.77
2020-02-03,2025-11-20,2025-11-20,54.0
2020-02-04,2025-11-20,2025-11-20,53.9
2020-02-05,2025-11-20,2025-11-20,55.36
2020-02-06,2025-11-20,2025-11-20,55.18
2020-02-07,2025-11-20,2025-11-20,54.53
2020-02-10,2025-11-20,2025-11-20,53.39
2020-02-11,2025-11-20,2025-11-20,54.0
2020-02-12,2025-11-20,2025-11-20,55.54
2020-02-13,2025-11-20,2025-11-20,56.34
2020-02-14,2025-11-20,2025-11-20,57.37
2020-02-17,2025-11-20,2025-11-20,57.83
2020-02-18,2025-11-20,2025-11-20,57.35
2020-02-19,2025-11-20,2025-11-20,59.72
2020-02-20,2025-11-20,2025-11-20,59.57
2020-02-21,2025-11-20,2025-11-20,58.6
2020-02-24,2025-11-20,2025-11-20,56.71
2020-02-25,2025-11-20,2025-11-20,55.29
2020-02-26,2025-11-20,2025-11-20,54.96
2020-02-27,2025-11-20,2025-11-20,52.19
2020-02-28,2025-11-20,2025-11-20,51.31
2020-03-02,2025-11-20,2025-11-20,52.52
2020-03-03,2025-11-20,2025-11-20,52.24
2020-03-04,2025-11-20,2025-11-20,51.86
2020-03-05,2025-11-20,2025-11-20,51.29
2020-03-06,2025-11-20,2025-11-20,45.6
2020-03-09,2025-11-20,2025-11-20,35.33
2020-03-10,2025-11-20,2025-11-20,35.57
2020-03-11,2025-11-20,2025-11-20,34.45
2020-03-12,2025-11-20,2025-11-20,31.02
2020-03-13,2025-11-20,2025-11-20,32.25
2020-03-16,2025-11-20,2025-11-20,27.98
2020-03-17,2025-11-20,2025-11-20,27.97
2020-03-18,2025-11-20,2025-11-20,22.79
2020-03-19,2025-11-20,2025-11-20,23.98
2020-03-20,2025-11-20,2025-11-20,25.55
2020-03-23,2025-11-20,2025-11-20,23.75
2020-03-24,2025-11-20,2025-11-20,24.5
2020-03-25,2025-11-20,2025-11-20,25.62
2020-03-26,2025-11-20,2025-11-20,23.55
2020-03-27,2025-11-20,2025-11-20,22.39
2020-03-30,2025-11-20,2025-11-20,19.19
2020-03-31,2025-11-20,2025-11-20,14.85
2020-04-01,2025-11-20,2025-11-20,14.97
2020-04-02,2025-11-20,2025-11-20,20.24
2020-04-03,2025-11-20,2025-11-20,24.33
2020-04-06,2025-11-20,2025-11-20,22.58
2020-04-07,2025-11-20,2025-11-20,22.1
2020-04-08,2025-11-20,2025-11-20,25.22
2020-04-09,2025-11-20,2025-11-20,20.23
2020-04-10,2025-11-20,2025-11-20,
2020-04-13,2025-11-20,2025-11-20,
2020-04-14,2025-11-20,2025-11-20,21.74
2020-04-15,2025-11-20,2025-11-20,19.8
2020-04-16,2025-11-20,2025-11-20,18.69
2020-04-17,2025-11-20,2025-11-20,19.75
2020-04-20,2025-11-20,2025-11-20,17.36
2020-04-21,2025-11-20,2025-11-20,9.12
2020-04-22,2025-11-20,2025-11-20,13.77
2020-04-23,2025-11-20,2025-11-20,15.06
2020-04-24,2025-11-20,2025-11-20,15.87
2020-04-27,2025-11-20,2025-11-20,15.17
2020-04-28,2025-11-20,2025-11-20,15.6
2020-04-29,2025-11-20,2025-11-20,17.86
2020-04-30,2025-11-20,2025-11-20,18.11
2020-05-01,2025-11-20,2025-11-20,18.49
2020-05-04,2025-11-20,2025-11-20,20.4
2020-05-05,2025-11-20,2025-11-20,25.46
2020-05-06,2025-11-20,2025-11-20,24.2
2020-05-07,2025-11-20,2025-11-20,24.23
2020-05-08,2025-11-20,2025-11-20,
2020-05-11,2025-11-20,2025-11-20,25.53
2020-05-12,2025-11-20,2025-11-20,26.67
2020-05-13,2025-11-20,2025-11-20,27.89
2020-05-14,2025-11-20,2025-11-20,29.87
2020-05-15,2025-11-20,2025-11-20,30.95
2020-05-18,2025-11-20,2025-11-20,33.3
2020-05-19,2025-11-20,2025-11-20,33.06
2020-05-20,2025-11-20,2025-11-20,34.76
2020-05-21,2025-11-20,2025-11-20,34.78
2020-05-22,2025-11-20,2025-11-20,33.8
2020-05-25,2025-11-20,2025-11-20,
2020-05-26,2025-11-20,2025-11-20,33.95
2020-05-27,2025-11-20,2025-11-20,32.73
2020-05-28,2025-11-20,2025-11-20,33.98
2020-05-29,2025-11-20,2025-11-20,34.15
2020-06-01,2025-11-20,2025-11-20,36.74
2020-06-02,2025-11-20,2025-11-20,37.72
2020-06-03,2025-11-20,2025-11-20,37.98
2020-06-04,2025-11-20,2025-11-20,38.41
2020-06-05,2025-11-20,2025-11-20,41.0
2020-06-08,2025-11-20,2025-11-20,39.66
2020-06-09,2025-11-20,2025-11-20,40.45
2020-06-10,2025-11-20,2025-11-20,41.18
2020-06-11,2025-11-20,2025-11-20,37.76
2020-06-12,2025-11-20,2025-11-20,38.54
2020-06-15,2025-11-20,2025-11-20,39.44
2020-06-16,2025-11-20,2025-11-20,40.75
2020-06-17,2025-11-20,2025-11-20,40.47
2020-06-18,2025-11-20,2025-11-20,41.75
2020-06-19,2025-11-20,2025-11-20,42.33
2020-06-22,2025-11-20,2025-11-20,43.2
2020-06-23,2025-11-20,2025-11-20,42.72
2020-06-24,2025-11-20,2025-11-20,40.4
2020-06-25,2025-11-20,2025-11-20,41.18
2020-06-26,2025-11-20,2025-11-20,40.97
2020-06-29,2025-11-20,2025-11-20,41.58
2020-06-30,2025-11-20,2025-11-20,41.64
2020-07-01,2025-11-20,2025-11-20,42.18
2020-07-02,2025-11-20,2025-11-20,43.19
2020-07-03,2025-11-20,2025-11-20,42.92
2020-07-06,2025-11-20,2025-11-20,42.73
2020-07-07,2025-11-20,2025-11-20,43.28
2020-07-08,2025-11-20,2025-11-20,43.67
2020-07-09,2025-11-20,2025-11-20,42.35
2020-07-10,2025-11-20,2025-11-20,43.27
2020-07-13,2025-11-20,2025-11-20,42.85
2020-07-14,2025-11-20,2025-11-20,42.97
2020-07-15,2025-11-20,2025-11-20,43.96
2020-07-16,2025-11-20,2025-11-20,43.71
2020-07-17,2025-11-20,2025-11-20,43.53
2020-07-20,2025-11-20,2025-11-20,43.3
2020-07-21,2025-11-20,2025-11-20,44.31
2020-07-22,2025-11-20,2025-11-20,43.98
2020-07-23,2025-11-20,2025-11-20,42.96
2020-07-24,2025-11-20,2025-11-20,43.29
2020-07-27,2025-11-20,2025-11-20,43.39
2020-07-28,2025-11-20,2025-11-20,43.11
2020-07-29,2025-11-20,2025-11-20,43.51
2020-07-30,2025-11-20,2025-11-20,42.98
2020-07-31,2025-11-20,2025-11-20,43.13
2020-08-03,2025-11-20,2025-11-20,43.76
2020-08-04,2025-11-20,2025-11-20,43.99
2020-08-05,2025-11-20,2025-11-20,44.92
2020-08-06,2025-11-20,2025-11-20,45.04
2020-08-07,2025-11-20,2025-11-20,44.07
2020-08-10,2025-11-20,2025-11-20,44.19
2020-08-11,2025-11-20,2025-11-20,43.68
2020-08-12,2025-11-20,2025-11-20,45.09
2020-08-13,2025-11-20,2025-11-20,44.87
2020-08-14,2025-11-20,2025-11-20,44.86
2020-08-17,2025-11-20,2025-11-20,44.91
2020-08-18,2025-11-20,2025-11-20,45.34
2020-08-19,2025-11-20,2025-11-20,45.21
2020-08-20,2025-11-20,2025-11-20,44.56
2020-08-21,2025-11-20,2025-11-20,43.94
2020-08-24,2025-11-20,2025-11-20,44.43
2020-08-25,2025-11-20,2025-11-20,46.01
2020-08-26,2025-11-20,2025-11-20,45.79
2020-08-27,2025-11-20,2025-11-20,44.84
2020-08-28,2025-11-20,2025-11-20,45.22
2020-08-31,2025-11-20,2025-11-20,
2020-09-01,2025-11-20,2025-11-20,45.72
2020-09-02,2025-11-20,2025-11-20,42.7
2020-09-03,2025-11-20,2025-11-20,42.72
2020-09-04,2025-11-20,2025-11-20,41.1
2020-09-07,2025-11-20,2025-11-20,40.67
2020-09-08,2025-11-20,2025-11-20,38.53
2020-09-09,2025-11-20,2025-11-20,39.98
2020-09-10,2025-11-20,2025-11-20,39.27
2020-09-11,2025-11-20,2025-11-20,38.8
2020-09-14,2025-11-20,2025-11-20,38.57
2020-09-15,2025-11-20,2025-11-20,39.54
2020-09-16,2025-11-20,2025-11-20,41.23
2020-09-17,2025-11-20,2025-11-20,42.35
2020-09-18,2025-11-20,2025-11-20,42.16
2020-09-21,2025-11-20,2025-11-20,40.37
2020-09-22,2025-11-20,2025-11-20,40.84
2020-09-23,2025-11-20,2025-11-20,41.09
2020-09-24,2025-11-20,2025-11-20,41.24
2020-09-25,2025-11-20,2025-11-20,40.91
2020-09-28,2025-11-20,2025-11-20,41.59
2020-09-29,2025-11-20,2025-11-20,40.33
2020-09-30,2025-11-20,2025-11-20,40.3
2020-10-01,2025-11-20,2025-11-20,39.75
2020-10-02,2025-11-20,2025-11-20,38.0
2020-10-05,2025-11-20,2025-11-20,39.78
2020-10-06,2025-11-20,2025-11-20,41.27
2020-10-07,2025-11-20,2025-11-20,40.62
2020-10-08,2025-11-20,2025-11-20,42.0
2020-10-09,2025-11-20,2025-11-20,41.63
2020-10-12,2025-11-20,2025-11-20,40.5
2020-10-13,2025-11-20,2025-11-20,41.34
2020-10-14,2025-11-20,2025-11-20,41.81
2020-10-15,2025-11-20,2025-11-20,41.61
2020-10-16,2025-11-20,2025-11-20,41.34
2020-10-19,2025-11-20,2025-11-20,41.29
2020-10-20,2025-11-20,2025-11-20,41.62
2020-10-21,2025-11-20,2025-11-20,40.09
2020-10-22,2025-11-20,2025-11-20,41.28
2020-10-23,2025-11-20,2025-11-20,40.71
2020-10-26,2025-11-20,2025-11-20,39.06
2020-10-27,2025-11-20,2025-11-20,39.72
2020-10-28,2025-11-20,2025-11-20,37.86
2020-10-29,2025-11-20,2025-11-20,36.56
2020-10-30,2025-11-20,2025-11-20,36.33
2020-11-02,2025-11-20,2025-11-20,37.78
2020-11-03,2025-11-20,2025-11-20,38.17
2020-11-04,2025-11-20,2025-11-20,39.68
2020-11-05,2025-11-20,2025-11-20,39.47
2020-11-06,2025-11-20,2025-11-20,38.08
2020-11-09,2025-11-20,2025-11-20,40.93
2020-11-10,2025-11-20,2025-11-20,42.25
2020-11-11,2025-11-20,2025-11-20,42.5
2020-11-12,2025-11-20,2025-11-20,42.16
2020-11-13,2025-11-20,2025-11-20,41.51
2020-11-16,2025-11-20,2025-11-20,42.71
2020-11-17,2025-11-20,2025-11-20,42.54
2020-11-18,2025-11-20,2025-11-20,42.91
2020-11-19,2025-11-20,2025-11-20,43.09
2020-11-20,2025-11-20,2025-11-20,43.79
2020-11-23,2025-11-20,2025-11-20,45.0
2020-11-24,2025-11-20,2025-11-20,46.63
2020-11-25,2025-11-20,2025-11-20,47.3
2020-11-26,2025-11-20,2025-11-20,46.32
2020-11-27,2025-11-20,2025-11-20,46.88
2020-11-30,2025-11-20,2025-11-20,46.84
2020-12-01,2025-11-20,2025-11-20,47.03
2020-12-02,2025-11-20,2025-11-20,47.8
2020-12-03,2025-11-20,2025-11-20,48.37
2020-12-04,2025-11-20,2025-11-20,49.1
2020-12-07,2025-11-20,2025-11-20,48.63
2020-12-08,2025-11-20,2025-11-20,48.84
2020-12-09,2025-11-20,2025-11-20,48.81
2020-12-10,2025-11-20,2025-11-20,50.33
2020-12-11,2025-11-20,2025-11-20,50.01
2020-12-14,2025-11-20,2025-11-20,50.27
2020-12-15,2025-11-20,2025-11-20,50.77
2020-12-16,2025-11-20,2025-11-20,50.83
2020-12-17,2025-11-20,2025-11-20,51.2
2020-12-18,2025-11-20,2025-11-20,52.17
2020-12-21,2025-11-20,2025-11-20,50.61
2020-12-22,2025-11-20,2025-11-20,49.88
2020-12-23,2025-11-20,2025-11-20,51.05
2020-12-24,2025-11-20,2025-11-20,50.88
2020-12-25,2025-11-20,2025-11-20,
2020-12-28,2025-11-20,2025-11-20,50.88
2020-12-29,2025-11-20,2025-11-20,50.44
2020-12-30,2025-11-20,2025-11-20,50.74
2020-12-31,2025-11-20,2025-11-20,51.22
2021-01-01,2025-11-20,2025-11-20,
2021-01-04,2025-11-20,2025-11-20,50.37
2021-01-05,2025-11-20,2025-11-20,53.16
2021-01-06,2025-11-20,2025-11-20,53.8
2021-01-07,2025-11-20,2025-11-20,53.7
2021-01-08,2025-11-20,2025-11-20,55.51
2021-01-11,2025-11-20,2025-11-20,54.84
2021-01-12,2025-11-20,2025-11-20,55.98
2021-01-13,2025-11-20,2025-11-20,55.52
2021-01-14,2025-11-20,2025-11-20,55.76
2021-01-15,2025-11-20,2025-11-20,54.8
2021-01-18,2025-11-20,2025-11-20,54.21
2021-01-19,2025-11-20,2025-11-20,55.38
2021-01-20,2025-11-20,2025-11-20,55.66
2021-01-21,2025-11-20,2025-11-20,55.68
2021-01-22,2025-11-20,2025-11-20,55.22
2021-01-25,2025-11-20,2025-11-20,55.44
2021-01-26,2025-11-20,2025-11-20,55.26
2021-01-27,2025-11-20,2025-11-20,55.07
2021-01-28,2025-11-20,2025-11-20,54.87
2021-01-29,2025-11-20,2025-11-20,55.25
2021-02-01,2025-11-20,2025-11-20,56.42
2021-02-02,2025-11-20,2025-11-20,57.62
2021-02-03,2025-11-20,2025-11-20,58.61
2021-02-04,2025-11-20,2025-11-20,58.98
2021-02-05,2025-11-20,2025-11-20,59.48
2021-02-08,2025-11-20,2025-11-20,60.17
2021-02-09,2025-11-20,2025-11-20,60.74
2021-02-10,2025-11-20,2025-11-20,61.17
2021-02-11,2025-11-20,2025-11-20,61.09
2021-02-12,2025-11-20,2025-11-20,62.47
2021-02-15,2025-11-20,2025-11-20,63.58
2021-02-16,2025-11-20,2025-11-20,63.96
2021-02-17,2025-11-20,2025-11-20,65.02
2021-02-18,2025-11-20,2025-11-20,64.09
2021-02-19,2025-11-20,2025-11-20,62.84
2021-02-22,2025-11-20,2025-11-20,64.73
2021-02-23,2025-11-20,2025-11-20,65.16
2021-02-24,2025-11-20,2025-11-20,66.85
2021-02-25,2025-11-20,2025-11-20,66.69
2021-02-26,2025-11-20,2025-11-20,65.86
2021-03-01,2025-11-20,2025-11-20,64.56
2021-03-02,2025-11-20,2025-11-20,63.17
2021-03-03,2025-11-20,2025-11-20,64.7
2021-03-04,2025-11-20,2025-11-20,67.32
2021-03-05,2025-11-20,2025-11-20,69.95
2021-03-08,2025-11-20,2025-11-20,68.0
2021-03-09,2025-11-20,2025-11-20,67.03
2021-03-10,2025-11-20,2025-11-20,67.53
2021-03-11,2025-11-20,2025-11-20,69.34
2021-03-12,2025-11-20,2025-11-20,68.87
2021-03-15,2025-11-20,2025-11-20,68.78
2021-03-16,2025-11-20,2025-11-20,67.95
2021-03-17,2025-11-20,2025-11-20,67.73
2021-03-18,2025-11-20,2025-11-20,62.11
2021-03-19,2025-11-20,2025-11-20,64.0
2021-03-22,2025-11-20,2025-11-20,63.89
2021-03-23,2025-11-20,2025-11-20,59.96
2021-03-24,2025-11-20,2025-11-20,63.7
2021-03-25,2025-11-20,2025-11-20,61.21
2021-03-26,2025-11-20,2025-11-20,63.77
2021-03-29,2025-11-20,2025-11-20,64.06
2021-03-30,2025-11-20,2025-11-20,63.28
2021-03-31,2025-11-20,2025-11-20,63.52
2021-04-01,2025-11-20,2025-11-20,63.85
2021-04-02,2025-11-20,2025-11-20,
2021-04-05,2025-11-20,2025-11-20,
2021-04-06,2025-11-20,2025-11-20,61.47
2021-04-07,2025-11-20,2025-11-20,61.86
2021-04-08,2025-11-20,2025-11-20,62.09
2021-04-09,2025-11-20,2025-11-20,61.89
2021-04-12,2025-11-20,2025-11-20,62.38
2021-04-13,2025-11-20,2025-11-20,62.83
2021-04-14,2025-11-20,2025-11-20,66.11
2021-04-15,2025-11-20,2025-11-20,66.13
2021-04-16,2025-11-20,2025-11-20,65.98
2021-04-19,2025-11-20,2025-11-20,66.54
2021-04-20,2025-11-20,2025-11-20,65.34
2021-04-21,2025-11-20,2025-11-20,64.02
2021-04-22,2025-11-20,2025-11-20,65.07
2021-04-23,2025-11-20,2025-11-20,65.75
2021-04-26,2025-11-20,2025-11-20,65.5
2021-04-27,2025-11-20,2025-11-20,66.25
2021-04-28,2025-11-20,2025-11-20,67.08
2021-04-29,2025-11-20,2025-11-20,68.26
2021-04-30,2025-11-20,2025-11-20,67.73
2021-05-03,2025-11-20,2025-11-20,
2021-05-04,2025-11-20,2025-11-20,68.91
2021-05-05,2025-11-20,2025-11-20,69.71
2021-05-06,2025-11-20,2025-11-20,68.62
2021-05-07,2025-11-20,2025-11-20,68.73
2021-05-10,2025-11-20,2025-11-20,68.61
2021-05-11,2025-11-20,2025-11-20,68.83
2021-05-12,2025-11-20,2025-11-20,69.62
2021-05-13,2025-11-20,2025-11-20,67.36
2021-05-14,2025-11-20,2025-11-20,69.24
2021-05-17,2025-11-20,2025-11-20,69.62
2021-05-18,2025-11-20,2025-11-20,69.01
2021-05-19,2025-11-20,2025-11-20,66.88
2021-05-20,2025-11-20,2025-11-20,65.18
2021-05-21,2025-11-20,2025-11-20,66.72
2021-05-24,2025-11-20,2025-11-20,68.59
2021-05-25,2025-11-20,2025-11-20,68.8
2021-05-26,2025-11-20,2025-11-20,68.93
2021-05-27,2025-11-20,2025-11-20,69.43
2021-05-28,2025-11-20,2025-11-20,69.36
2021-05-31,2025-11-20,2025-11-20,
2021-06-01,2025-11-20,2025-11-20,70.03
2021-06-02,2025-11-20,2025-11-20,70.6
2021-06-03,2025-11-20,2025-11-20,70.71
2021-06-04,2025-11-20,2025-11-20,71.3
2021-06-07,2025-11-20,2025-11-20,70.89
2021-06-08,2025-11-20,2025-11-20,71.39
2021-06-09,2025-11-20,2025-11-20,71.31
2021-06-10,2025-11-20,2025-11-20,71.65
2021-06-11,2025-11-20,2025-11-20,72.05
2021-06-14,2025-11-20,2025-11-20,72.27
2021-06-15,2025-11-20,2025-11-20,73.38
2021-06-16,2025-11-20,2025-11-20,73.88
2021-06-17,2025-11-20,2025-11-20,72.92
2021-06-18,2025-11-20,2025-11-20,73.1
2021-06-21,2025-11-20,2025-11-20,74.49
2021-06-22,2025-11-20,2025-11-20,74.92
2021-06-23,2025-11-20,2025-11-20,75.22
2021-06-24,2025-11-20,2025-11-20,75.95
2021-06-25,2025-11-20,2025-11-20,76.45
2021-06-28,2025-11-20,2025-11-20,74.78
2021-06-29,2025-11-20,2025-11-20,75.38
2021-06-30,2025-11-20,2025-11-20,76.94
2021-07-01,2025-11-20,2025-11-20,76.69
2021-07-02,2025-11-20,2025-11-20,77.51
2021-07-05,2025-11-20,2025-11-20,78.34
2021-07-06,2025-11-20,2025-11-20,75.81
2021-07-07,2025-11-20,2025-11-20,74.31
2021-07-08,2025-11-20,2025-11-20,75.07
2021-07-09,2025-11-20,2025-11-20,77.14
2021-07-12,2025-11-20,2025-11-20,76.77
2021-07-13,2025-11-20,2025-11-20,77.5
2021-07-14,2025-11-20,2025-11-20,75.74
2021-07-15,2025-11-20,2025-11-20,74.53
2021-07-16,2025-11-20,2025-11-20,74.46
2021-07-19,2025-11-20,2025-11-20,69.33
2021-07-20,2025-11-20,2025-11-20,70.03
2021-07-21,2025-11-20,2025-11-20,72.54
2021-07-22,2025-11-20,2025-11-20,74.25
2021-07-23,2025-11-20,2025-11-20,74.86
2021-07-26,2025-11-20,2025-11-20,74.79
2021-07-27,2025-11-20,2025-11-20,74.87
2021-07-28,2025-11-20,2025-11-20,75.09
2021-07-29,2025-11-20,2025-11-20,76.3
2021-07-30,2025-11-20,2025-11-20,77.72
2021-08-02,2025-11-20,2025-11-20,73.91
2021-08-03,2025-11-20,2025-11-20,73.24
2021-08-04,2025-11-20,2025-11-20,70.99
2021-08-05,2025-11-20,2025-11-20,72.14
2021-08-06,2025-11-20,2025-11-20,71.02
2021-08-09,2025-11-20,2025-11-20,69.65
2021-08-10,2025-11-20,2025-11-20,71.14
2021-08-11,2025-11-20,2025-11-20,71.99
2021-08-12,2025-11-20,2025-11-20,71.79
2021-08-13,2025-11-20,2025-11-20,70.9
2021-08-16,2025-11-20,2025-11-20,70.07
2021-08-17,2025-11-20,2025-11-20,69.4
2021-08-18,2025-11-20,2025-11-20,68.61
2021-08-19,2025-11-20,2025-11-20,66.8
2021-08-20,2025-11-20,2025-11-20,65.51
2021-08-23,2025-11-20,2025-11-20,69.07
2021-08-24,2025-11-20,2025-11-20,71.21
2021-08-25,2025-11-20,2025-11-20,72.12
2021-08-26,2025-11-20,2025-11-20,70.42
2021-08-27,2025-11-20,2025-11-20,72.26
2021-08-30,2025-11-20,2025-11-20,
2021-08-31,2025-11-20,2025-11-20,73.45
2021-09-01,2025-11-20,2025-11-20,71.99
2021-09-02,2025-11-20,2025-11-20,73.56
2021-09-03,2025-11-20,2025-11-20,73.07
2021-09-06,2025-11-20,2025-11-20,72.43
2021-09-07,2025-11-20,2025-11-20,71.52
2021-09-08,2025-11-20,2025-11-20,72.36
2021-09-09,2025-11-20,2025-11-20,71.32
2021-09-10,2025-11-20,2025-11-20,72.44
2021-09-13,2025-11-20,2025-11-20,72.97
2021-09-14,2025-11-20,2025-11-20,73.05
2021-09-15,2025-11-20,2025-11-20,74.84
2021-09-16,2025-11-20,2025-11-20,75.14
2021-09-17,2025-11-20,2025-11-20,74.64
2021-09-20,2025-11-20,2025-11-20,73.59
2021-09-21,2025-11-20,2025-11-20,73.65
2021-09-22,2025-11-20,2025-11-20,75.5
2021-09-23,2025-11-20,2025-11-20,76.44
2021-09-24,2025-11-20,2025-11-20,77.42
2021-09-27,2025-11-20,2025-11-20,78.85
2021-09-28,2025-11-20,2025-11-20,78.3
2021-09-29,2025-11-20,2025-11-20,77.86
2021-09-30,2025-11-20,2025-11-20,77.81
2021-10-01,2025-11-20,2025-11-20,79.4
2021-10-04,2025-11-20,2025-11-20,81.44
2021-10-05,2025-11-20,2025-11-20,82.72
2021-10-06,2025-11-20,2025-11-20,81.39
2021-10-07,2025-11-20,2025-11-20,82.34
2021-10-08,2025-11-20,2025-11-20,82.17
2021-10-11,2025-11-20,2025-11-20,83.75
2021-10-12,2025-11-20,2025-11-20,83.53
2021-10-13,2025-11-20,2025-11-20,83.53
2021-10-14,2025-11-20,2025-11-20,83.86
2021-10-15,2025-11-20,2025-11-20,84.67
2021-10-18,2025-11-20,2025-11-20,84.13
2021-10-19,2025-11-20,2025-11-20,85.02
2021-10-20,2025-11-20,2025-11-20,85.76
2021-10-21,2025-11-20,2025-11-20,84.58
2021-10-22,2025-11-20,2025-11-20,85.43
2021-10-25,2025-11-20,2025-11-20,84.85
2021-10-26,2025-11-20,2025-11-20,85.11
2021-10-27,2025-11-20,2025-11-20,84.12
2021-10-28,2025-11-20,2025-11-20,83.4
2021-10-29,2025-11-20,2025-11-20,83.1
2021-11-01,2025-11-20,2025-11-20,84.51
2021-11-02,2025-11-20,2025-11-20,84.42
2021-11-03,2025-11-20,2025-11-20,81.1
2021-11-04,2025-11-20,2025-11-20,80.15
2021-11-05,2025-11-20,2025-11-20,82.43
2021-11-08,2025-11-20,2025-11-20,83.22
2021-11-09,2025-11-20,2025-11-20,84.52
2021-11-10,2025-11-20,2025-11-20,82.91
2021-11-11,2025-11-20,2025-11-20,83.4
2021-11-12,2025-11-20,2025-11-20,82.9
2021-11-15,2025-11-20,2025-11-20,81.94
2021-11-16,2025-11-20,2025-11-20,82.85
2021-11-17,2025-11-20,2025-11-20,80.67
2021-11-18,2025-11-20,2025-11-20,82.45
2021-11-19,2025-11-20,2025-11-20,80.24
2021-11-22,2025-11-20,2025-11-20,80.97
2021-11-23,2025-11-20,2025-11-20,83.43
2021-11-24,2025-11-20,2025-11-20,82.37
2021-11-25,2025-11-20,2025-11-20,82.05
2021-11-26,2025-11-20,2025-11-20,72.37
2021-11-29,2025-11-20,2025-11-20,73.34
2021-11-30,2025-11-20,2025-11-20,70.86
2021-12-01,2025-11-20,2025-11-20,69.53
2021-12-02,2025-11-20,2025-11-20,70.56
2021-12-03,2025-11-20,2025-11-20,70.71
2021-12-06,2025-11-20,2025-11-20,73.38
2021-12-07,2025-11-20,2025-11-20,75.54
2021-12-08,2025-11-20,2025-11-20,75.94
2021-12-09,2025-11-20,2025-11-20,74.1
2021-12-10,2025-11-20,2025-11-20,74.98
2021-12-13,2025-11-20,2025-11-20,74.12
2021-12-14,2025-11-20,2025-11-20,73.37
2021-12-15,2025-11-20,2025-11-20,73.71
2021-12-16,2025-11-20,2025-11-20,74.64
2021-12-17,2025-11-20,2025-11-20,72.97
2021-12-20,2025-11-20,2025-11-20,70.51
2021-12-21,2025-11-20,2025-11-20,72.85
2021-12-22,2025-11-20,2025-11-20,74.69
2021-12-23,2025-11-20,2025-11-20,76.26
2021-12-24,2025-11-20,2025-11-20,75.24
2021-12-27,2025-11-20,2025-11-20,
2021-12-28,2025-11-20,2025-11-20,
2021-12-29,2025-11-20,2025-11-20,78.63
2021-12-30,2025-11-20,2025-11-20,78.61
2021-12-31,2025-11-20,2025-11-20,77.24
2022-01-03,2025-11-20,2025-11-20,78.25
2022-01-04,2025-11-20,2025-11-20,79.39
2022-01-05,2025-11-20,2025-11-20,80.6
2022-01-06,2025-11-20,2025-11-20,81.99
2022-01-07,2025-11-20,2025-11-20,82.28
2022-01-10,2025-11-20,2025-11-20,81.56
2022-01-11,2025-11-20,2025-11-20,84.98
2022-01-12,2025-11-20,2025-11-20,85.83
2022-01-13,2025-11-20,2025-11-20,85.8
2022-01-14,2025-11-20,2025-11-20,87.17
2022-01-17,2025-11-20,2025-11-20,87.82
2022-01-18,2025-11-20,2025-11-20,88.83
2022-01-19,2025-11-20,2025-11-20,89.64
2022-01-20,2025-11-20,2025-11-20,89.75
2022-01-21,2025-11-20,2025-11-20,89.75
2022-01-24,2025-11-20,2025-11-20,87.74
2022-01-25,2025-11-20,2025-11-20,89.49
2022-01-26,2025-11-20,2025-11-20,91.22
2022-01-27,2025-11-20,2025-11-20,90.7
2022-01-28,2025-11-20,2025-11-20,91.47
2022-01-31,2025-11-20,2025-11-20,92.35
2022-02-01,2025-11-20,2025-11-20,90.24
2022-02-02,2025-11-20,2025-11-20,91.43
2022-02-03,2025-11-20,2025-11-20,92.99
2022-02-04,2025-11-20,2025-11-20,96.86
2022-02-07,2025-11-20,2025-11-20,97.28
2022-02-08,2025-11-20,2025-11-20,96.07
2022-02-09,2025-11-20,2025-11-20,94.95
2022-02-10,2025-11-20,2025-11-20,96.37
2022-02-11,2025-11-20,2025-11-20,97.5
2022-02-14,2025-11-20,2025-11-20,101.66
2022-02-15,2025-11-20,2025-11-20,98.43
2022-02-16,2025-11-20,2025-11-20,97.44
2022-02-17,2025-11-20,2025-11-20,95.28
2022-02-18,2025-11-20,2025-11-20,96.18
2022-02-21,2025-11-20,2025-11-20,98.95
2022-02-22,2025-11-20,2025-11-20,98.73
2022-02-23,2025-11-20,2025-11-20,99.29
2022-02-24,2025-11-20,2025-11-20,101.29
2022-02-25,2025-11-20,2025-11-20,98.56
2022-02-28,2025-11-20,2025-11-20,103.08
2022-03-01,2025-11-20,2025-11-20,110.93
2022-03-02,2025-11-20,2025-11-20,118.94
2022-03-03,2025-11-20,2025-11-20,115.36
2022-03-04,2025-11-20,2025-11-20,123.86
2022-03-07,2025-11-20,2025-11-20,129.02
2022-03-08,2025-11-20,2025-11-20,133.18
2022-03-09,2025-11-20,2025-11-20,116.58
2022-03-10,2025-11-20,2025-11-20,114.54
2022-03-11,2025-11-20,2025-11-20,118.11
2022-03-14,2025-11-20,2025-11-20,110.39
2022-03-15,2025-11-20,2025-11-20,105.14
2022-03-16,2025-11-20,2025-11-20,104.61
2022-03-17,2025-11-20,2025-11-20,113.5
2022-03-18,2025-11-20,2025-11-20,114.32
2022-03-21,2025-11-20,2025-11-20,122.29
2022-03-22,2025-11-20,2025-11-20,121.53
2022-03-23,2025-11-20,2025-11-20,127.52
2022-03-24,2025-11-20,2025-11-20,123.98
2022-03-25,2025-11-20,2025-11-20,122.67
2022-03-28,2025-11-20,2025-11-20,114.5
2022-03-29,2025-11-20,2025-11-20,112.79
2022-03-30,2025-11-20,2025-11-20,115.59
2022-03-31,2025-11-20,2025-11-20,107.29
2022-04-01,2025-11-20,2025-11-20,106.13
2022-04-04,2025-11-20,2025-11-20,108.15
2022-04-05,2025-11-20,2025-11-20,106.6
2022-04-06,2025-11-20,2025-11-20,100.81
2022-04-07,2025-11-20,2025-11-20,99.83
2022-04-08,2025-11-20,2025-11-20,101.26
2022-04-11,2025-11-20,2025-11-20,97.92
2022-04-12,2025-11-20,2025-11-20,104.42
2022-04-13,2025-11-20,2025-11-20,108.49
2022-04-14,2025-11-20,2025-11-20,110.83
2022-04-15,2025-11-20,2025-11-20,
2022-04-18,2025-11-20,2025-11-20,
2022-04-19,2025-11-20,2025-11-20,105.49
2022-04-20,2025-11-20,2025-11-20,105.05
2022-04-21,2025-11-20,2025-11-20,107.2
2022-04-22,2025-11-20,2025-11-20,105.15
2022-04-25,2025-11-20,2025-11-20,99.27
2022-04-26,2025-11-20,2025-11-20,102.89
2022-04-27,2025-11-20,2025-11-20,103.3
2022-04-28,2025-11-20,2025-11-20,105.78
2022-04-29,2025-11-20,2025-11-20,108.36
2022-05-02,2025-11-20,2025-11-20,
2022-05-03,2025-11-20,2025-11-20,104.94
2022-05-04,2025-11-20,2025-11-20,110.53
2022-05-05,2025-11-20,2025-11-20,112.11
2022-05-06,2025-11-20,2025-11-20,113.86
2022-05-09,2025-11-20,2025-11-20,106.67
2022-05-10,2025-11-20,2025-11-20,102.61
2022-05-11,2025-11-20,2025-11-20,107.7
2022-05-12,2025-11-20,2025-11-20,108.06
2022-05-13,2025-11-20,2025-11-20,112.12
2022-05-16,2025-11-20,2025-11-20,114.86
2022-05-17,2025-11-20,2025-11-20,112.89
2022-05-18,2025-11-20,2025-11-20,110.04
2022-05-19,2025-11-20,2025-11-20,113.22
2022-05-20,2025-11-20,2025-11-20,113.63
2022-05-23,2025-11-20,2025-11-20,115.13
2022-05-24,2025-11-20,2025-11-20,115.77
2022-05-25,2025-11-20,2025-11-20,116.41
2022-05-26,2025-11-20,2025-11-20,119.81
2022-05-27,2025-11-20,2025-11-20,121.19
2022-05-30,2025-11-20,2025-11-20,123.01
2022-05-31,2025-11-20,2025-11-20,125.53
2022-06-01,2025-11-20,2025-11-20,122.2
2022-06-02,2025-11-20,2025-11-20,
2022-06-03,2025-11-20,2025-11-20,125.68
2022-06-06,2025-11-20,2025-11-20,124.99
2022-06-07,2025-11-20,2025-11-20,126.89
2022-06-08,2025-11-20,2025-11-20,129.2
2022-06-09,2025-11-20,2025-11-20,128.47
2022-06-10,2025-11-20,2025-11-20,127.44
2022-06-13,2025-11-20,2025-11-20,128.44
2022-06-14,2025-11-20,2025-11-20,127.02
2022-06-15,2025-11-20,2025-11-20,124.96
2022-06-16,2025-11-20,2025-11-20,125.78
2022-06-17,2025-11-20,2025-11-20,119.22
2022-06-20,2025-11-20,2025-11-20,118.25
2022-06-21,2025-11-20,2025-11-20,118.51
2022-06-22,2025-11-20,2025-11-20,115.54
2022-06-23,2025-11-20,2025-11-20,114.5
2022-06-24,2025-11-20,2025-11-20,117.36
2022-06-27,2025-11-20,2025-11-20,119.69
2022-06-28,2025-11-20,2025-11-20,122.21
2022-06-29,2025-11-20,2025-11-20,120.8
2022-06-30,2025-11-20,2025-11-20,119.78
2022-07-01,2025-11-20,2025-11-20,119.21
2022-07-04,2025-11-20,2025-11-20,121.8
2022-07-05,2025-11-20,2025-11-20,110.49
2022-07-06,2025-11-20,2025-11-20,108.54
2022-07-07,2025-11-20,2025-11-20,113.4
2022-07-08,2025-11-20,2025-11-20,113.95
2022-07-11,2025-11-20,2025-11-20,114.85
2022-07-12,2025-11-20,2025-11-20,106.98
2022-07-13,2025-11-20,2025-11-20,107.17
2022-07-14,2025-11-20,2025-11-20,107.74
2022-07-15,2025-11-20,2025-11-20,112.26
2022-07-18,2025-11-20,2025-11-20,117.27
2022-07-19,2025-11-20,2025-11-20,114.96
2022-07-20,2025-11-20,2025-11-20,115.86
2022-07-21,2025-11-20,2025-11-20,112.81
2022-07-22,2025-11-20,2025-11-20,106.77
2022-07-25,2025-11-20,2025-11-20,108.23
2022-07-26,2025-11-20,2025-11-20,107.32
2022-07-27,2025-11-20,2025-11-20,109.64
2022-07-28,2025-11-20,2025-11-20,109.68
2022-07-29,2025-11-20,2025-11-20,111.51
2022-08-01,2025-11-20,2025-11-20,106.09
2022-08-02,2025-11-20,2025-11-20,106.51
2022-08-03,2025-11-20,2025-11-20,101.82
2022-08-04,2025-11-20,2025-11-20,97.99
2022-08-05,2025-11-20,2025-11-20,100.31
2022-08-08,2025-11-20,2025-11-20,103.46
2022-08-09,2025-11-20,2025-11-20,103.81
2022-08-10,2025-11-20,2025-11-20,105.06
2022-08-11,2025-11-20,2025-11-20,107.19
2022-08-12,2025-11-20,2025-11-20,103.7
2022-08-15,2025-11-20,2025-11-20,98.25
2022-08-16,2025-11-20,2025-11-20,95.36
2022-08-17,2025-11-20,2025-11-20,97.22
2022-08-18,2025-11-20,2025-11-20,96.35
2022-08-19,2025-11-20,2025-11-20,96.45
2022-08-22,2025-11-20,2025-11-20,95.06
2022-08-23,2025-11-20,2025-11-20,99.49
2022-08-24,2025-11-20,2025-11-20,99.87
2022-08-25,2025-11-20,2025-11-20,98.81
2022-08-26,2025-11-20,2025-11-20,101.13
2022-08-29,2025-11-20,2025-11-20,
2022-08-30,2025-11-20,2025-11-20,99.34
2022-08-31,2025-11-20,2025-11-20,96.55
2022-09-01,2025-11-20,2025-11-20,92.24
2022-09-02,2025-11-20,2025-11-20,93.09
2022-09-05,2025-11-20,2025-11-20,94.22
2022-09-06,2025-11-20,2025-11-20,91.43
2022-09-07,2025-11-20,2025-11-20,86.83
2022-09-08,2025-11-20,2025-11-20,87.99
2022-09-09,2025-11-20,2025-11-20,91.68
2022-09-12,2025-11-20,2025-11-20,93.45
2022-09-13,2025-11-20,2025-11-20,92.04
2022-09-14,2025-11-20,2025-11-20,92.83
2022-09-15,2025-11-20,2025-11-20,89.28
2022-09-16,2025-11-20,2025-11-20,89.43
2022-09-19,2025-11-20,2025-11-20,
2022-09-20,2025-11-20,2025-11-20,89.62
2022-09-21,2025-11-20,2025-11-20,89.86
2022-09-22,2025-11-20,2025-11-20,90.4
2022-09-23,2025-11-20,2025-11-20,84.29
2022-09-26,2025-11-20,2025-11-20,82.55
2022-09-27,2025-11-20,2025-11-20,85.97
2022-09-28,2025-11-20,2025-11-20,89.55
2022-09-29,2025-11-20,2025-11-20,89.41
2022-09-30,2025-11-20,2025-11-20,88.9
2022-10-03,2025-11-20,2025-11-20,90.68
2022-10-04,2025-11-20,2025-11-20,93.74
2022-10-05,2025-11-20,2025-11-20,94.35
2022-10-06,2025-11-20,2025-11-20,95.65
2022-10-07,2025-11-20,2025-11-20,98.88
2022-10-10,2025-11-20,2025-11-20,97.13
2022-10-11,2025-11-20,2025-11-20,95.17
2022-10-12,2025-11-20,2025-11-20,93.44
2022-10-13,2025-11-20,2025-11-20,95.16
2022-10-14,2025-11-20,2025-11-20,92.22
2022-10-17,2025-11-20,2025-11-20,91.04
2022-10-18,2025-11-20,2025-11-20,89.46
2022-10-19,2025-11-20,2025-11-20,91.34
2022-10-20,2025-11-20,2025-11-20,91.52
2022-10-21,2025-11-20,2025-11-20,91.82
2022-10-24,2025-11-20,2025-11-20,91.57
2022-10-25,2025-11-20,2025-11-20,91.76
2022-10-26,2025-11-20,2025-11-20,92.93
2022-10-27,2025-11-20,2025-11-20,94.17
2022-10-28,2025-11-20,2025-11-20,94.64
2022-10-31,2025-11-20,2025-11-20,93.3
2022-11-01,2025-11-20,2025-11-20,95.12
2022-11-02,2025-11-20,2025-11-20,96.07
2022-11-03,2025-11-20,2025-11-20,95.29
2022-11-04,2025-11-20,2025-11-20,99.53
2022-11-07,2025-11-20,2025-11-20,99.87
2022-11-08,2025-11-20,2025-11-20,96.85
2022-11-09,2025-11-20,2025-11-20,93.05
2022-11-10,2025-11-20,2025-11-20,94.25
2022-11-11,2025-11-20,2025-11-20,96.37
2022-11-14,2025-11-20,2025-11-20,93.59
2022-11-15,2025-11-20,2025-11-20,94.3
2022-11-16,2025-11-20,2025-11-20,92.61
2022-11-17,2025-11-20,2025-11-20,91.0
2022-11-18,2025-11-20,2025-11-20,88.93
2022-11-21,2025-11-20,2025-11-20,88.44
2022-11-22,2025-11-20,2025-11-20,88.65
2022-11-23,2025-11-20,2025-11-20,85.9
2022-11-24,2025-11-20,2025-11-20,85.59
2022-11-25,2025-11-20,2025-11-20,83.4
2022-11-28,2025-11-20,2025-11-20,83.5
2022-11-29,2025-11-20,2025-11-20,83.22
2022-11-30,2025-11-20,2025-11-20,85.61
2022-12-01,2025-11-20,2025-11-20,86.28
2022-12-02,2025-11-20,2025-11-20,86.54
2022-12-05,2025-11-20,2025-11-20,83.36
2022-12-06,2025-11-20,2025-11-20,79.92
2022-12-07,2025-11-20,2025-11-20,77.11
2022-12-08,2025-11-20,2025-11-20,76.02
2022-12-09,2025-11-20,2025-11-20,76.37
2022-12-12,2025-11-20,2025-11-20,78.0
2022-12-13,2025-11-20,2025-11-20,80.14
2022-12-14,2025-11-20,2025-11-20,83.33
2022-12-15,2025-11-20,2025-11-20,82.34
2022-12-16,2025-11-20,2025-11-20,80.2
2022-12-19,2025-11-20,2025-11-20,81.66
2022-12-20,2025-11-20,2025-11-20,79.45
2022-12-21,2025-11-20,2025-11-20,80.25
2022-12-22,2025-11-20,2025-11-20,79.58
2022-12-23,2025-11-20,2025-11-20,82.45
2022-12-26,2025-11-20,2025-11-20,
2022-12-27,2025-11-20,2025-11-20,
2022-12-28,2025-11-20,2025-11-20,81.7
2022-12-29,2025-11-20,2025-11-20,80.96
2022-12-30,2025-11-20,2025-11-20,82.82
2023-01-02,2025-11-20,2025-11-20,
2023-01-03,2025-11-20,2025-11-20,80.36
2023-01-04,2025-11-20,2025-11-20,75.31
2023-01-05,2025-11-20,2025-11-20,76.73
2023-01-06,2025-11-20,2025-11-20,76.41
2023-01-09,2025-11-20,2025-11-20,77.5
2023-01-10,2025-11-20,2025-11-20,78.4
2023-01-11,2025-11-20,2025-11-20,81.11
2023-01-12,2025-11-20,2025-11-20,82.59
2023-01-13,2025-11-20,2025-11-20,83.43
2023-01-16,2025-11-20,2025-11-20,82.65
2023-01-17,2025-11-20,2025-11-20,84.38
2023-01-18,2025-11-20,2025-11-20,83.78
2023-01-19,2025-11-20,2025-11-20,85.08
2023-01-20,2025-11-20,2025-11-20,86.96
2023-01-23,2025-11-20,2025-11-20,87.54
2023-01-24,2025-11-20,2025-11-20,85.25
2023-01-25,2025-11-20,2025-11-20,85.08
2023-01-26,2025-11-20,2025-11-20,86.29
2023-01-27,2025-11-20,2025-11-20,85.36
2023-01-30,2025-11-20,2025-11-20,84.9
2023-01-31,2025-11-20,2025-11-20,83.42
2023-02-01,2025-11-20,2025-11-20,81.61
2023-02-02,2025-11-20,2025-11-20,80.57
2023-02-03,2025-11-20,2025-11-20,78.85
2023-02-06,2025-11-20,2025-11-20,80.48
2023-02-07,2025-11-20,2025-11-20,82.92
2023-02-08,2025-11-20,2025-11-20,84.17
2023-02-09,2025-11-20,2025-11-20,83.46
2023-02-10,2025-11-20,2025-11-20,85.46
2023-02-13,2025-11-20,2025-11-20,85.98
2023-02-14,2025-11-20,2025-11-20,84.96
2023-02-15,2025-11-20,2025-11-20,84.11
2023-02-16,2025-11-20,2025-11-20,83.84
2023-02-17,2025-11-20,2025-11-20,81.97
2023-02-20,2025-11-20,2025-11-20,82.79
2023-02-21,2025-11-20,2025-11-20,82.14
2023-02-22,2025-11-20,2025-11-20,79.55
2023-02-23,2025-11-20,2025-11-20,82.08
2023-02-24,2025-11-20,2025-11-20,82.31
2023-02-27,2025-11-20,2025-11-20,81.24
2023-02-28,2025-11-20,2025-11-20,83.21
2023-03-01,2025-11-20,2025-11-20,83.68
2023-03-02,2025-11-20,2025-11-20,84.15
2023-03-03,2025-11-20,2025-11-20,85.74
2023-03-06,2025-11-20,2025-11-20,85.86
2023-03-07,2025-11-20,2025-11-20,83.03
2023-03-08,2025-11-20,2025-11-20,82.1
2023-03-09,2025-11-20,2025-11-20,81.0
2023-03-10,2025-11-20,2025-11-20,82.3
2023-03-13,2025-11-20,2025-11-20,79.67
2023-03-14,2025-11-20,2025-11-20,76.77
2023-03-15,2025-11-20,2025-11-20,74.3
2023-03-16,2025-11-20,2025-11-20,73.12
2023-03-17,2025-11-20,2025-11-20,71.03
2023-03-20,2025-11-20,2025-11-20,72.42
2023-03-21,2025-11-20,2025-11-20,74.78
2023-03-22,2025-11-20,2025-11-20,76.08
2023-03-23,2025-11-20,2025-11-20,74.31
2023-03-24,2025-11-20,2025-11-20,73.63
2023-03-27,2025-11-20,2025-11-20,76.8
2023-03-28,2025-11-20,2025-11-20,78.07
2023-03-29,2025-11-20,2025-11-20,77.51
2023-03-30,2025-11-20,2025-11-20,78.45
2023-03-31,2025-11-20,2025-11-20,79.19
2023-04-03,2025-11-20,2025-11-20,85.81
2023-04-04,2025-11-20,2025-11-20,85.7
2023-04-05,2025-11-20,2025-11-20,85.89
2023-04-06,2025-11-20,2025-11-20,86.56
2023-04-07,2025-11-20,2025-11-20,
2023-04-10,2025-11-20,2025-11-20,
2023-04-11,2025-11-20,2025-11-20,87.32
2023-04-12,2025-11-20,2025-11-20,88.31
2023-04-13,2025-11-20,2025-11-20,86.51
2023-04-14,2025-11-20,2025-11-20,87.31
2023-04-17,2025-11-20,2025-11-20,85.63
2023-04-18,2025-11-20,2025-11-20,85.48
2023-04-19,2025-11-20,2025-11-20,85.34
2023-04-20,2025-11-20,2025-11-20,83.29
2023-04-21,2025-11-20,2025-11-20,83.36
2023-04-24,2025-11-20,2025-11-20,84.23
2023-04-25,2025-11-20,2025-11-20,82.13
2023-04-26,2025-11-20,2025-11-20,79.19
2023-04-27,2025-11-20,2025-11-20,80.11
2023-04-28,2025-11-20,2025-11-20,81.32
2023-05-01,2025-11-20,2025-11-20,
2023-05-02,2025-11-20,2025-11-20,76.71
2023-05-03,2025-11-20,2025-11-20,72.91
2023-05-04,2025-11-20,2025-11-20,73.0
2023-05-05,2025-11-20,2025-11-20,75.85
2023-05-08,2025-11-20,2025-11-20,
2023-05-09,2025-11-20,2025-11-20,77.76
2023-05-10,2025-11-20,2025-11-20,76.7
2023-05-11,2025-11-20,2025-11-20,75.32
2023-05-12,2025-11-20,2025-11-20,74.54
2023-05-15,2025-11-20,2025-11-20,75.46
2023-05-16,2025-11-20,2025-11-20,75.15
2023-05-17,2025-11-20,2025-11-20,76.98
2023-05-18,2025-11-20,2025-11-20,75.75
2023-05-19,2025-11-20,2025-11-20,75.42
2023-05-22,2025-11-20,2025-11-20,75.77
2023-05-23,2025-11-20,2025-11-20,76.66
2023-05-24,2025-11-20,2025-11-20,77.99
2023-05-25,2025-11-20,2025-11-20,75.66
2023-05-26,2025-11-20,2025-11-20,76.33
2023-05-29,2025-11-20,2025-11-20,
2023-05-30,2025-11-20,2025-11-20,73.38
2023-05-31,2025-11-20,2025-11-20,71.98
2023-06-01,2025-11-20,2025-11-20,74.18
2023-06-02,2025-11-20,2025-11-20,76.0
2023-06-05,2025-11-20,2025-11-20,76.61
2023-06-06,2025-11-20,2025-11-20,76.22
2023-06-07,2025-11-20,2025-11-20,76.85
2023-06-08,2025-11-20,2025-11-20,75.88
2023-06-09,2025-11-20,2025-11-20,74.74
2023-06-12,2025-11-20,2025-11-20,71.8
2023-06-13,2025-11-20,2025-11-20,74.24
2023-06-14,2025-11-20,2025-11-20,73.39
2023-06-15,2025-11-20,2025-11-20,75.75
2023-06-16,2025-11-20,2025-11-20,76.76
2023-06-19,2025-11-20,2025-11-20,76.09
2023-06-20,2025-11-20,2025-11-20,75.79
2023-06-21,2025-11-20,2025-11-20,76.92
2023-06-22,2025-11-20,2025-11-20,73.93
2023-06-23,2025-11-20,2025-11-20,73.56
2023-06-26,2025-11-20,2025-11-20,73.86
2023-06-27,2025-11-20,2025-11-20,71.88
2023-06-28,2025-11-20,2025-11-20,73.64
2023-06-29,2025-11-20,2025-11-20,73.86
2023-06-30,2025-11-20,2025-11-20,74.51
2023-07-03,2025-11-20,2025-11-20,74.52
2023-07-04,2025-11-20,2025-11-20,76.23
2023-07-05,2025-11-20,2025-11-20,76.74
2023-07-06,2025-11-20,2025-11-20,76.72
2023-07-07,2025-11-20,2025-11-20,78.77
2023-07-10,2025-11-20,2025-11-20,77.83
2023-07-11,2025-11-20,2025-11-20,79.54
2023-07-12,2025-11-20,2025-11-20,80.35
2023-07-13,2025-11-20,2025-11-20,81.31
2023-07-14,2025-11-20,2025-11-20,79.9
2023-07-17,2025-11-20,2025-11-20,77.8
2023-07-18,2025-11-20,2025-11-20,79.54
2023-07-19,2025-11-20,2025-11-20,79.38
2023-07-20,2025-11-20,2025-11-20,79.62
2023-07-21,2025-11-20,2025-11-20,81.06
2023-07-24,2025-11-20,2025-11-20,82.53
2023-07-25,2025-11-20,2025-11-20,83.46
2023-07-26,2025-11-20,2025-11-20,82.98
2023-07-27,2025-11-20,2025-11-20,84.28
2023-07-28,2025-11-20,2025-11-20,84.49
2023-07-31,2025-11-20,2025-11-20,85.22
2023-08-01,2025-11-20,2025-11-20,85.34
2023-08-02,2025-11-20,2025-11-20,84.01
2023-08-03,2025-11-20,2025-11-20,86.19
2023-08-04,2025-11-20,2025-11-20,87.38
2023-08-07,2025-11-20,2025-11-20,86.47
2023-08-08,2025-11-20,2025-11-20,88.0
2023-08-09,2025-11-20,2025-11-20,89.31
2023-08-10,2025-11-20,2025-11-20,87.44
2023-08-11,2025-11-20,2025-11-20,87.93
2023-08-14,2025-11-20,2025-11-20,87.4
2023-08-15,2025-11-20,2025-11-20,86.28
2023-08-16,2025-11-20,2025-11-20,84.49
2023-08-17,2025-11-20,2025-11-20,85.24
2023-08-18,2025-11-20,2025-11-20,85.92
2023-08-21,2025-11-20,2025-11-20,85.44
2023-08-22,2025-11-20,2025-11-20,84.7
2023-08-23,2025-11-20,2025-11-20,83.94
2023-08-24,2025-11-20,2025-11-20,84.07
2023-08-25,2025-11-20,2025-11-20,85.42
2023-08-28,2025-11-20,2025-11-20,
2023-08-29,2025-11-20,2025-11-20,86.37
2023-08-30,2025-11-20,2025-11-20,86.62
2023-08-31,2025-11-20,2025-11-20,87.29
2023-09-01,2025-11-20,2025-11-20,89.98
2023-09-04,2025-11-20,2025-11-20,90.42
2023-09-05,2025-11-20,2025-11-20,91.25
2023-09-06,2025-11-20,2025-11-20,91.79
2023-09-07,2025-11-20,2025-11-20,91.16
2023-09-08,2025-11-20,2025-11-20,91.85
2023-09-11,2025-11-20,2025-11-20,91.97
2023-09-12,2025-11-20,2025-11-20,93.58
2023-09-13,2025-11-20,2025-11-20,93.04
2023-09-14,2025-11-20,2025-11-20,95.2
2023-09-15,2025-11-20,2025-11-20,95.55
2023-09-18,2025-11-20,2025-11-20,95.95
2023-09-19,2025-11-20,2025-11-20,96.11
2023-09-20,2025-11-20,2025-11-20,94.56
2023-09-21,2025-11-20,2025-11-20,93.7
2023-09-22,2025-11-20,2025-11-20,93.99
2023-09-25,2025-11-20,2025-11-20,94.01
2023-09-26,2025-11-20,2025-11-20,94.46
2023-09-27,2025-11-20,2025-11-20,97.1
2023-09-28,2025-11-20,2025-11-20,96.64
2023-09-29,2025-11-20,2025-11-20,95.86
2023-10-02,2025-11-20,2025-11-20,91.21
2023-10-03,2025-11-20,2025-11-20,94.46
2023-10-04,2025-11-20,2025-11-20,89.83
2023-10-05,2025-11-20,2025-11-20,88.28
2023-10-06,2025-11-20,2025-11-20,87.86
2023-10-09,2025-11-20,2025-11-20,91.37
2023-10-10,2025-11-20,2025-11-20,90.7
2023-10-11,2025-11-20,2025-11-20,87.58
2023-10-12,2025-11-20,2025-11-20,88.4
2023-10-13,2025-11-20,2025-11-20,94.33
2023-10-16,2025-11-20,2025-11-20,90.99
2023-10-17,2025-11-20,2025-11-20,92.52
2023-10-18,2025-11-20,2025-11-20,91.99
2023-10-19,2025-11-20,2025-11-20,93.12
2023-10-20,2025-11-20,2025-11-20,93.72
2023-10-23,2025-11-20,2025-11-20,91.88
2023-10-24,2025-11-20,2025-11-20,88.0
2023-10-25,2025-11-20,2025-11-20,90.14
2023-10-26,2025-11-20,2025-11-20,88.45
2023-10-27,2025-11-20,2025-11-20,90.73
2023-10-30,2025-11-20,2025-11-20,90.73
2023-10-31,2025-11-20,2025-11-20,86.82
2023-11-01,2025-11-20,2025-11-20,86.92
2023-11-02,2025-11-20,2025-11-20,89.02
2023-11-03,2025-11-20,2025-11-20,87.55
2023-11-06,2025-11-20,2025-11-20,87.31
2023-11-07,2025-11-20,2025-11-20,83.43
2023-11-08,2025-11-20,2025-11-20,81.46
2023-11-09,2025-11-20,2025-11-20,81.74
2023-11-10,2025-11-20,2025-11-20,83.66
2023-11-13,2025-11-20,2025-11-20,84.09
2023-11-14,2025-11-20,2025-11-20,84.2
2023-11-15,2025-11-20,2025-11-20,82.4
2023-11-16,2025-11-20,2025-11-20,77.73
2023-11-17,2025-11-20,2025-11-20,81.22
2023-11-20,2025-11-20,2025-11-20,83.25
2023-11-21,2025-11-20,2025-11-20,82.42
2023-11-22,2025-11-20,2025-11-20,81.76
2023-11-23,2025-11-20,2025-11-20,80.85
2023-11-24,2025-11-20,2025-11-20,79.82
2023-11-27,2025-11-20,2025-11-20,79.49
2023-11-28,2025-11-20,2025-11-20,81.66
2023-11-29,2025-11-20,2025-11-20,82.98
2023-11-30,2025-11-20,2025-11-20,81.72
2023-12-01,2025-11-20,2025-11-20,78.72
2023-12-04,2025-11-20,2025-11-20,78.16
2023-12-05,2025-11-20,2025-11-20,77.27
2023-12-06,2025-11-20,2025-11-20,74.33
2023-12-07,2025-11-20,2025-11-20,74.21
2023-12-08,2025-11-20,2025-11-20,75.94
2023-12-11,2025-11-20,2025-11-20,75.75
2023-12-12,2025-11-20,2025-11-20,74.11
2023-12-13,2025-11-20,2025-11-20,74.14
2023-12-14,2025-11-20,2025-11-20,77.05
2023-12-15,2025-11-20,2025-11-20,76.84
2023-12-18,2025-11-20,2025-11-20,78.89
2023-12-19,2025-11-20,2025-11-20,79.82
2023-12-20,2025-11-20,2025-11-20,81.1
2023-12-21,2025-11-20,2025-11-20,80.73
2023-12-22,2025-11-20,2025-11-20,80.23
2023-12-25,2025-11-20,2025-11-20,
2023-12-26,2025-11-20,2025-11-20,
2023-12-27,2025-11-20,2025-11-20,80.97
2023-12-28,2025-11-20,2025-11-20,79.04
2023-12-29,2025-11-20,2025-11-20,77.69
2024-01-01,2025-11-20,2025-11-20,
2024-01-02,2025-11-20,2025-11-20,76.24
2024-01-03,2025-11-20,2025-11-20,77.18
2024-01-04,2025-11-20,2025-11-20,75.79
2024-01-05,2025-11-20,2025-11-20,78.31
2024-01-08,2025-11-20,2025-11-20,75.47
2024-01-09,2025-11-20,2025-11-20,77.97
2024-01-10,2025-11-20,2025-11-20,78.46
2024-01-11,2025-11-20,2025-11-20,80.21
2024-01-12,2025-11-20,2025-11-20,79.89
2024-01-15,2025-11-20,2025-11-20,79.76
2024-01-16,2025-11-20,2025-11-20,80.15
2024-01-17,2025-11-20,2025-11-20,78.88
2024-01-18,2025-11-20,2025-11-20,81.04
2024-01-19,2025-11-20,2025-11-20,80.71
2024-01-22,2025-11-20,2025-11-20,81.7
2024-01-23,2025-11-20,2025-11-20,82.04
2024-01-24,2025-11-20,2025-11-20,82.15
2024-01-25,2025-11-20,2025-11-20,82.33
2024-01-26,2025-11-20,2025-11-20,83.34
2024-01-29,2025-11-20,2025-11-20,83.99
2024-01-30,2025-11-20,2025-11-20,84.14
2024-01-31,2025-11-20,2025-11-20,82.98
2024-02-01,2025-11-20,2025-11-20,82.2
2024-02-02,2025-11-20,2025-11-20,79.54
2024-02-05,2025-11-20,2025-11-20,79.3
2024-02-06,2025-11-20,2025-11-20,80.46
2024-02-07,2025-11-20,2025-11-20,81.18
2024-02-08,2025-11-20,2025-11-20,83.01
2024-02-09,2025-11-20,2025-11-20,83.58
2024-02-12,2025-11-20,2025-11-20,83.88
2024-02-13,2025-11-20,2025-11-20,84.72
2024-02-14,2025-11-20,2025-11-20,84.41
2024-02-15,2025-11-20,2025-11-20,84.33
2024-02-16,2025-11-20,2025-11-20,84.88
2024-02-19,2025-11-20,2025-11-20,85.52
2024-02-20,2025-11-20,2025-11-20,84.78
2024-02-21,2025-11-20,2025-11-20,84.77
2024-02-22,2025-11-20,2025-11-20,85.84
2024-02-23,2025-11-20,2025-11-20,84.18
2024-02-26,2025-11-20,2025-11-20,84.01
2024-02-27,2025-11-20,2025-11-20,83.8
2024-02-28,2025-11-20,2025-11-20,84.08
2024-02-29,2025-11-20,2025-11-20,84.57
2024-03-01,2025-11-20,2025-11-20,84.82
2024-03-04,2025-11-20,2025-11-20,86.58
2024-03-05,2025-11-20,2025-11-20,85.82
2024-03-06,2025-11-20,2025-11-20,86.59
2024-03-07,2025-11-20,2025-11-20,84.88
2024-03-08,2025-11-20,2025-11-20,84.29
2024-03-11,2025-11-20,2025-11-20,83.44
2024-03-12,2025-11-20,2025-11-20,83.66
2024-03-13,2025-11-20,2025-11-20,83.95
2024-03-14,2025-11-20,2025-11-20,86.16
2024-03-15,2025-11-20,2025-11-20,85.39
2024-03-18,2025-11-20,2025-11-20,86.47
2024-03-19,2025-11-20,2025-11-20,87.36
2024-03-20,2025-11-20,2025-11-20,85.77
2024-03-21,2025-11-20,2025-11-20,84.92
2024-03-22,2025-11-20,2025-11-20,84.87
2024-03-25,2025-11-20,2025-11-20,86.18
2024-03-26,2025-11-20,2025-11-20,85.91
2024-03-27,2025-11-20,2025-11-20,84.94
2024-03-28,2025-11-20,2025-11-20,86.17
2024-03-29,2025-11-20,2025-11-20,
2024-04-01,2025-11-20,2025-11-20,
2024-04-02,2025-11-20,2025-11-20,87.63
2024-04-03,2025-11-20,2025-11-20,90.6
2024-04-04,2025-11-20,2025-11-20,90.32
2024-04-05,2025-11-20,2025-11-20,92.81
2024-04-08,2025-11-20,2025-11-20,91.73
2024-04-09,2025-11-20,2025-11-20,92.13
2024-04-10,2025-11-20,2025-11-20,91.57
2024-04-11,2025-11-20,2025-11-20,91.49
2024-04-12,2025-11-20,2025-11-20,93.12
2024-04-15,2025-11-20,2025-11-20,90.84
2024-04-16,2025-11-20,2025-11-20,91.29
2024-04-17,2025-11-20,2025-11-20,89.54
2024-04-18,2025-11-20,2025-11-20,88.34
2024-04-19,2025-11-20,2025-11-20,87.96
2024-04-22,2025-11-20,2025-11-20,87.3
2024-04-23,2025-11-20,2025-11-20,88.29
2024-04-24,2025-11-20,2025-11-20,89.02
2024-04-25,2025-11-20,2025-11-20,88.1
2024-04-26,2025-11-20,2025-11-20,89.95
2024-04-29,2025-11-20,2025-11-20,88.44
2024-04-30,2025-11-20,2025-11-20,88.23
2024-05-01,2025-11-20,2025-11-20,83.55
2024-05-02,2025-11-20,2025-11-20,84.81
2024-05-03,2025-11-20,2025-11-20,83.6
2024-05-06,2025-11-20,2025-11-20,
2024-05-07,2025-11-20,2025-11-20,82.69
2024-05-08,2025-11-20,2025-11-20,82.44
2024-05-09,2025-11-20,2025-11-20,83.27
2024-05-10,2025-11-20,2025-11-20,83.39
2024-05-13,2025-11-20,2025-11-20,83.18
2024-05-14,2025-11-20,2025-11-20,81.0
2024-05-15,2025-11-20,2025-11-20,79.98
2024-05-16,2025-11-20,2025-11-20,81.65
2024-05-17,2025-11-20,2025-11-20,82.24
2024-05-20,2025-11-20,2025-11-20,81.91
2024-05-21,2025-11-20,2025-11-20,81.22
2024-05-22,2025-11-20,2025-11-20,79.9
2024-05-23,2025-11-20,2025-11-20,79.25
2024-05-24,2025-11-20,2025-11-20,78.92
2024-05-27,2025-11-20,2025-11-20,
2024-05-28,2025-11-20,2025-11-20,81.34
2024-05-29,2025-11-20,2025-11-20,81.5
2024-05-30,2025-11-20,2025-11-20,81.42
2024-05-31,2025-11-20,2025-11-20,79.41
2024-06-03,2025-11-20,2025-11-20,76.45
2024-06-04,2025-11-20,2025-11-20,75.33
2024-06-05,2025-11-20,2025-11-20,75.41
2024-06-06,2025-11-20,2025-11-20,77.62
2024-06-07,2025-11-20,2025-11-20,78.12
2024-06-10,2025-11-20,2025-11-20,79.59
2024-06-11,2025-11-20,2025-11-20,80.15
2024-06-12,2025-11-20,2025-11-20,80.52
2024-06-13,2025-11-20,2025-11-20,81.44
2024-06-14,2025-11-20,2025-11-20,81.49
2024-06-17,2025-11-20,2025-11-20,82.45
2024-06-18,2025-11-20,2025-11-20,84.79
2024-06-19,2025-11-20,2025-11-20,85.64
2024-06-20,2025-11-20,2025-11-20,85.92
2024-06-21,2025-11-20,2025-11-20,86.42
2024-06-24,2025-11-20,2025-11-20,86.75
2024-06-25,2025-11-20,2025-11-20,86.81
2024-06-26,2025-11-20,2025-11-20,85.76
2024-06-27,2025-11-20,2025-11-20,87.0
2024-06-28,2025-11-20,2025-11-20,87.26
2024-07-01,2025-11-20,2025-11-20,86.57
2024-07-02,2025-11-20,2025-11-20,88.28
2024-07-03,2025-11-20,2025-11-20,88.25
2024-07-04,2025-11-20,2025-11-20,88.34
2024-07-05,2025-11-20,2025-11-20,88.66
2024-07-08,2025-11-20,2025-11-20,87.15
2024-07-09,2025-11-20,2025-11-20,86.48
2024-07-10,2025-11-20,2025-11-20,86.55
2024-07-11,2025-11-20,2025-11-20,86.49
2024-07-12,2025-11-20,2025-11-20,87.35
2024-07-15,2025-11-20,2025-11-20,86.42
2024-07-16,2025-11-20,2025-11-20,86.6
2024-07-17,2025-11-20,2025-11-20,85.76
2024-07-18,2025-11-20,2025-11-20,86.26
2024-07-19,2025-11-20,2025-11-20,85.19
2024-07-22,2025-11-20,2025-11-20,83.44
2024-07-23,2025-11-20,2025-11-20,82.2
2024-07-24,2025-11-20,2025-11-20,83.01
2024-07-25,2025-11-20,2025-11-20,82.58
2024-07-26,2025-11-20,2025-11-20,81.35
2024-07-29,2025-11-20,2025-11-20,80.94
2024-07-30,2025-11-20,2025-11-20,79.26
2024-07-31,2025-11-20,2025-11-20,81.39
2024-08-01,2025-11-20,2025-11-20,81.37
2024-08-02,2025-11-20,2025-11-20,78.35
2024-08-05,2025-11-20,2025-11-20,77.51
2024-08-06,2025-11-20,2025-11-20,76.62
2024-08-07,2025-11-20,2025-11-20,78.26
2024-08-08,2025-11-20,2025-11-20,80.76
2024-08-09,2025-11-20,2025-11-20,81.07
2024-08-12,2025-11-20,2025-11-20,83.06
2024-08-13,2025-11-20,2025-11-20,82.51
2024-08-14,2025-11-20,2025-11-20,82.15
2024-08-15,2025-11-20,2025-11-20,83.09
2024-08-16,2025-11-20,2025-11-20,81.56
2024-08-19,2025-11-20,2025-11-20,81.09
2024-08-20,2025-11-20,2025-11-20,78.85
2024-08-21,2025-11-20,2025-11-20,78.77
2024-08-22,2025-11-20,2025-11-20,78.8
2024-08-23,2025-11-20,2025-11-20,80.34
2024-08-26,2025-11-20,2025-11-20,
2024-08-27,2025-11-20,2025-11-20,81.51
2024-08-28,2025-11-20,2025-11-20,80.04
2024-08-29,2025-11-20,2025-11-20,81.55
2024-08-30,2025-11-20,2025-11-20,80.2
2024-09-02,2025-11-20,2025-11-20,77.82
2024-09-03,2025-11-20,2025-11-20,76.46
2024-09-04,2025-11-20,2025-11-20,74.67
2024-09-05,2025-11-20,2025-11-20,74.47
2024-09-06,2025-11-20,2025-11-20,72.82
2024-09-09,2025-11-20,2025-11-20,72.37
2024-09-10,2025-11-20,2025-11-20,70.34
2024-09-11,2025-11-20,2025-11-20,70.31
2024-09-12,2025-11-20,2025-11-20,73.81
2024-09-13,2025-11-20,2025-11-20,73.68
2024-09-16,2025-11-20,2025-11-20,73.96
2024-09-17,2025-11-20,2025-11-20,74.55
2024-09-18,2025-11-20,2025-11-20,74.52
2024-09-19,2025-11-20,2025-11-20,75.93
2024-09-20,2025-11-20,2025-11-20,75.96
2024-09-23,2025-11-20,2025-11-20,74.95
2024-09-24,2025-11-20,2025-11-20,75.29
2024-09-25,2025-11-20,2025-11-20,75.4
2024-09-26,2025-11-20,2025-11-20,73.06
2024-09-27,2025-11-20,2025-11-20,71.63
2024-09-30,2025-11-20,2025-11-20,72.35
2024-10-01,2025-11-20,2025-11-20,75.3
2024-10-02,2025-11-20,2025-11-20,74.86
2024-10-03,2025-11-20,2025-11-20,77.57
2024-10-04,2025-11-20,2025-11-20,79.32
2024-10-07,2025-11-20,2025-11-20,81.74
2024-10-08,2025-11-20,2025-11-20,78.19
2024-10-09,2025-11-20,2025-11-20,77.06
2024-10-10,2025-11-20,2025-11-20,79.45
2024-10-11,2025-11-20,2025-11-20,80.27
2024-10-14,2025-11-20,2025-11-20,78.47
2024-10-15,2025-11-20,2025-11-20,73.68
2024-10-16,2025-11-20,2025-11-20,73.65
2024-10-17,2025-11-20,2025-11-20,74.37
2024-10-18,2025-11-20,2025-11-20,72.75
2024-10-21,2025-11-20,2025-11-20,73.29
2024-10-22,2025-11-20,2025-11-20,75.59
2024-10-23,2025-11-20,2025-11-20,74.68
2024-10-24,2025-11-20,2025-11-20,74.27
2024-10-25,2025-11-20,2025-11-20,75.62
2024-10-28,2025-11-20,2025-11-20,71.87
2024-10-29,2025-11-20,2025-11-20,71.09
2024-10-30,2025-11-20,2025-11-20,73.21
2024-10-31,2025-11-20,2025-11-20,73.25
2024-11-01,2025-11-20,2025-11-20,73.63
2024-11-04,2025-11-20,2025-11-20,74.89
2024-11-05,2025-11-20,2025-11-20,76.98
2024-11-06,2025-11-20,2025-11-20,76.52
2024-11-07,2025-11-20,2025-11-20,75.73
2024-11-08,2025-11-20,2025-11-20,74.04
2024-11-11,2025-11-20,2025-11-20,72.19
2024-11-12,2025-11-20,2025-11-20,72.56
2024-11-13,2025-11-20,2025-11-20,72.86
2024-11-14,2025-11-20,2025-11-20,73.39
2024-11-15,2025-11-20,2025-11-20,73.45
2024-11-18,2025-11-20,2025-11-20,74.35
2024-11-19,2025-11-20,2025-11-20,74.32
2024-11-20,2025-11-20,2025-11-20,74.33
2024-11-21,2025-11-20,2025-11-20,75.09
2024-11-22,2025-11-20,2025-11-20,76.1
2024-11-25,2025-11-20,2025-11-20,74.27
2024-11-26,2025-11-20,2025-11-20,74.56
2024-11-27,2025-11-20,2025-11-20,73.91
2024-11-28,2025-11-20,2025-11-20,73.92
2024-11-29,2025-11-20,2025-11-20,74.16
2024-12-02,2025-11-20,2025-11-20,72.81
2024-12-03,2025-11-20,2025-11-20,74.8
2024-12-04,2025-11-20,2025-11-20,74.68
2024-12-05,2025-11-20,2025-11-20,73.78
2024-12-06,2025-11-20,2025-11-20,73.78
2024-12-09,2025-11-20,2025-11-20,73.73
2024-12-10,2025-11-20,2025-11-20,73.64
2024-12-11,2025-11-20,2025-11-20,74.38
2024-12-12,2025-11-20,2025-11-20,73.52
2024-12-13,2025-11-20,2025-11-20,74.89
2024-12-16,2025-11-20,2025-11-20,74.3
2024-12-17,2025-11-20,2025-11-20,73.16
2024-12-18,2025-11-20,2025-11-20,74.57
2024-12-19,2025-11-20,2025-11-20,73.75
2024-12-20,2025-11-20,2025-11-20,73.19
2024-12-23,2025-11-20,2025-11-20,72.12
2024-12-24,2025-11-20,2025-11-20,73.5
2024-12-25,2025-11-20,2025-11-20,
2024-12-26,2025-11-20,2025-11-20,
2024-12-27,2025-11-20,2025-11-20,73.77
2024-12-30,2025-11-20,2025-11-20,74.24
2024-12-31,2025-11-20,2025-11-20,74.58
2025-01-01,2025-11-20,2025-11-20,
2025-01-02,2025-11-20,2025-11-20,76.14
2025-01-03,2025-11-20,2025-11-20,76.72
2025-01-06,2025-11-20,2025-11-20,77.27
2025-01-07,2025-11-20,2025-11-20,77.84
2025-01-08,2025-11-20,2025-11-20,77.37
2025-01-09,2025-11-20,2025-11-20,78.44
2025-01-10,2025-11-20,2025-11-20,79.76
2025-01-13,2025-11-20,2025-11-20,82.69
2025-01-14,2025-11-20,2025-11-20,82.39
2025-01-15,2025-11-20,2025-11-20,83.48
2025-01-16,2025-11-20,2025-11-20,82.39
2025-01-17,2025-11-20,2025-11-20,83.02
2025-01-20,2025-11-20,2025-11-20,81.68
2025-01-21,2025-11-20,2025-11-20,80.57
2025-01-22,2025-11-20,2025-11-20,80.0
2025-01-23,2025-11-20,2025-11-20,78.62
2025-01-24,2025-11-20,2025-11-20,78.71
2025-01-27,2025-11-20,2025-11-20,77.3
2025-01-28,2025-11-20,2025-11-20,78.01
2025-01-29,2025-11-20,2025-11-20,77.02
2025-01-30,2025-11-20,2025-11-20,77.42
2025-01-31,2025-11-20,2025-11-20,77.11
2025-02-03,2025-11-20,2025-11-20,76.49
2025-02-04,2025-11-20,2025-11-20,76.58
2025-02-05,2025-11-20,2025-11-20,74.71
2025-02-06,2025-11-20,2025-11-20,74.54
2025-02-07,2025-11-20,2025-11-20,74.68
2025-02-10,2025-11-20,2025-11-20,76.23
2025-02-11,2025-11-20,2025-11-20,77.65
2025-02-12,2025-11-20,2025-11-20,75.38
2025-02-13,2025-11-20,2025-11-20,75.61
2025-02-14,2025-11-20,2025-11-20,75.19
2025-02-17,2025-11-20,2025-11-20,75.81
2025-02-18,2025-11-20,2025-11-20,76.46
2025-02-19,2025-11-20,2025-11-20,76.34
2025-02-20,2025-11-20,2025-11-20,76.95
2025-02-21,2025-11-20,2025-11-20,74.88
2025-02-24,2025-11-20,2025-11-20,74.89
2025-02-25,2025-11-20,2025-11-20,73.11
2025-02-26,2025-11-20,2025-11-20,73.49
2025-02-27,2025-11-20,2025-11-20,75.01
2025-02-28,2025-11-20,2025-11-20,74.76
2025-03-03,2025-11-20,2025-11-20,72.85
2025-03-04,2025-11-20,2025-11-20,72.31
2025-03-05,2025-11-20,2025-11-20,70.92
2025-03-06,2025-11-20,2025-11-20,71.08
2025-03-07,2025-11-20,2025-11-20,72.49
2025-03-10,2025-11-20,2025-11-20,71.08
2025-03-11,2025-11-20,2025-11-20,71.51
2025-03-12,2025-11-20,2025-11-20,72.36
2025-03-13,2025-11-20,2025-11-20,70.82
2025-03-14,2025-11-20,2025-11-20,71.94
2025-03-17,2025-11-20,2025-11-20,71.93
2025-03-18,2025-11-20,2025-11-20,71.93
2025-03-19,2025-11-20,2025-11-20,71.94
2025-03-20,2025-11-20,2025-11-20,72.61
2025-03-21,2025-11-20,2025-11-20,72.64
2025-03-24,2025-11-20,2025-11-20,73.96
2025-03-25,2025-11-20,2025-11-20,73.78
2025-03-26,2025-11-20,2025-11-20,74.6
2025-03-27,2025-11-20,2025-11-20,74.72
2025-03-28,2025-11-20,2025-11-20,74.69
2025-03-31,2025-11-20,2025-11-20,77.23
2025-04-01,2025-11-20,2025-11-20,77.78
2025-04-02,2025-11-20,2025-11-20,77.27
2025-04-03,2025-11-20,2025-11-20,72.54
2025-04-04,2025-11-20,2025-11-20,68.36
2025-04-07,2025-11-20,2025-11-20,66.13
2025-04-08,2025-11-20,2025-11-20,64.86
2025-04-09,2025-11-20,2025-11-20,67.3
2025-04-10,2025-11-20,2025-11-20,65.37
2025-04-11,2025-11-20,2025-11-20,66.83
2025-04-14,2025-11-20,2025-11-20,67.18
2025-04-15,2025-11-20,2025-11-20,66.58
2025-04-16,2025-11-20,2025-11-20,67.94
2025-04-17,2025-11-20,2025-11-20,69.33
2025-04-18,2025-11-20,2025-11-20,
2025-04-21,2025-11-20,2025-11-20,
2025-04-22,2025-11-20,2025-11-20,68.93
2025-04-23,2025-11-20,2025-11-20,68.26
2025-04-24,2025-11-20,2025-11-20,67.5
2025-04-25,2025-11-20,2025-11-20,66.99
2025-04-28,2025-11-20,2025-11-20,66.13
2025-04-29,2025-11-20,2025-11-20,64.04
2025-04-30,2025-11-20,2025-11-20,63.37
2025-05-01,2025-11-20,2025-11-20,62.37
2025-05-02,2025-11-20,2025-11-20,61.57
2025-05-05,2025-11-20,2025-11-20,
2025-05-06,2025-11-20,2025-11-20,62.37
2025-05-07,2025-11-20,2025-11-20,60.31
2025-05-08,2025-11-20,2025-11-20,62.22
2025-05-09,2025-11-20,2025-11-20,64.26
2025-05-12,2025-11-20,2025-11-20,65.28
2025-05-13,2025-11-20,2025-11-20,66.93
2025-05-14,2025-11-20,2025-11-20,65.91
2025-05-15,2025-11-20,2025-11-20,64.36
2025-05-16,2025-11-20,2025-11-20,65.2
2025-05-19,2025-11-20,2025-11-20,66.25
2025-05-20,2025-11-20,2025-11-20,66.93
2025-05-21,2025-11-20,2025-11-20,65.86
2025-05-22,2025-11-20,2025-11-20,64.87
2025-05-23,2025-11-20,2025-11-20,65.41
2025-05-26,2025-11-20,2025-11-20,
2025-05-27,2025-11-20,2025-11-20,64.32
2025-05-28,2025-11-20,2025-11-20,65.72
2025-05-29,2025-11-20,2025-11-20,64.6
2025-05-30,2025-11-20,2025-11-20,64.32
2025-06-02,2025-11-20,2025-11-20,66.55
2025-06-03,2025-11-20,2025-11-20,67.48
2025-06-04,2025-11-20,2025-11-20,66.69
2025-06-05,2025-11-20,2025-11-20,67.14
2025-06-06,2025-11-20,2025-11-20,68.02
2025-06-09,2025-11-20,2025-11-20,68.73
2025-06-10,2025-11-20,2025-11-20,68.41
2025-06-11,2025-11-20,2025-11-20,71.29
2025-06-12,2025-11-20,2025-11-20,70.84
2025-06-13,2025-11-20,2025-11-20,76.0
2025-06-16,2025-11-20,2025-11-20,75.05
2025-06-17,2025-11-20,2025-11-20,78.7
2025-06-18,2025-11-20,2025-11-20,78.38
2025-06-19,2025-11-20,2025-11-20,80.37
2025-06-20,2025-11-20,2025-11-20,78.73
2025-06-23,2025-11-20,2025-11-20,74.34
2025-06-24,2025-11-20,2025-11-20,69.13
2025-06-25,2025-11-20,2025-11-20,68.4
2025-06-26,2025-11-20,2025-11-20,68.57
2025-06-27,2025-11-20,2025-11-20,69.37
2025-06-30,2025-11-20,2025-11-20,68.15
2025-07-01,2025-11-20,2025-11-20,67.63
2025-07-02,2025-11-20,2025-11-20,70.8
2025-07-03,2025-11-20,2025-11-20,70.42
2025-07-04,2025-11-20,2025-11-20,71.03
2025-07-07,2025-11-20,2025-11-20,71.95
2025-07-08,2025-11-20,2025-11-20,72.5
2025-07-09,2025-11-20,2025-11-20,71.98
2025-07-10,2025-11-20,2025-11-20,70.38
2025-07-11,2025-11-20,2025-11-20,72.06
2025-07-14,2025-11-20,2025-11-20,70.96
2025-07-15,2025-11-20,2025-11-20,70.27
2025-07-16,2025-11-20,2025-11-20,69.67
2025-07-17,2025-11-20,2025-11-20,71.32
2025-07-18,2025-11-20,2025-11-20,71.06
2025-07-21,2025-11-20,2025-11-20,71.92
2025-07-22,2025-11-20,2025-11-20,69.69
2025-07-23,2025-11-20,2025-11-20,69.17
2025-07-24,2025-11-20,2025-11-20,70.42
2025-07-25,2025-11-20,2025-11-20,69.23
2025-07-28,2025-11-20,2025-11-20,70.87
2025-07-29,2025-11-20,2025-11-20,73.21
2025-07-30,2025-11-20,2025-11-20,73.98
2025-07-31,2025-11-20,2025-11-20,73.43
2025-08-01,2025-11-20,2025-11-20,70.55
2025-08-04,2025-11-20,2025-11-20,69.56
2025-08-05,2025-11-20,2025-11-20,69.14
2025-08-06,2025-11-20,2025-11-20,67.97
2025-08-07,2025-11-20,2025-11-20,66.99
2025-08-08,2025-11-20,2025-11-20,67.17
2025-08-11,2025-11-20,2025-11-20,67.36
2025-08-12,2025-11-20,2025-11-20,66.8
2025-08-13,2025-11-20,2025-11-20,66.25
2025-08-14,2025-11-20,2025-11-20,68.12
2025-08-15,2025-11-20,2025-11-20,67.3
2025-08-18,2025-11-20,2025-11-20,68.18
2025-08-19,2025-11-20,2025-11-20,66.62
2025-08-20,2025-11-20,2025-11-20,67.61
2025-08-21,2025-11-20,2025-11-20,68.41
2025-08-22,2025-11-20,2025-11-20,68.29
2025-08-25,2025-11-20,2025-11-20,
2025-08-26,2025-11-20,2025-11-20,66.89
2025-08-27,2025-11-20,2025-11-20,67.75
2025-08-28,2025-11-20,2025-11-20,68.61
2025-08-29,2025-11-20,2025-11-20,67.83
2025-09-01,2025-11-20,2025-11-20,67.09
2025-09-02,2025-11-20,2025-11-20,68.09
2025-09-03,2025-11-20,2025-11-20,67.76
2025-09-04,2025-11-20,2025-11-20,66.41
2025-09-05,2025-11-20,2025-11-20,64.92
2025-09-08,2025-11-20,2025-11-20,65.44
2025-09-09,2025-11-20,2025-11-20,67.97
2025-09-10,2025-11-20,2025-11-20,67.62
2025-09-11,2025-11-20,2025-11-20,67.25
2025-09-12,2025-11-20,2025-11-20,67.87
2025-09-15,2025-11-20,2025-11-20,67.88
2025-09-16,2025-11-20,2025-11-20,69.69
2025-09-17,2025-11-20,2025-11-20,69.19
2025-09-18,2025-11-20,2025-11-20,67.83
2025-09-19,2025-11-20,2025-11-20,67.05
2025-09-22,2025-11-20,2025-11-20,66.87
2025-09-23,2025-11-20,2025-11-20,67.96
2025-09-24,2025-11-20,2025-11-20,69.64
2025-09-25,2025-11-20,2025-11-20,70.48
2025-09-26,2025-11-20,2025-11-20,71.15
2025-09-29,2025-11-20,2025-11-20,69.0
2025-09-30,2025-11-20,2025-11-20,68.52
2025-10-01,2025-11-20,2025-11-20,66.67
2025-10-02,2025-11-20,2025-11-20,65.44
2025-10-03,2025-11-20,2025-11-20,66.13
2025-10-06,2025-11-20,2025-11-20,67.09
2025-10-07,2025-11-20,2025-11-20,67.1
2025-10-08,2025-11-20,2025-11-20,67.42
2025-10-09,2025-11-20,2025-11-20,67.23
2025-10-10,2025-11-20,2025-11-20,64.41
2025-10-13,2025-11-20,2025-11-20,64.15
2025-10-14,2025-11-20,2025-11-20,63.0
2025-10-15,2025-11-20,2025-11-20,62.33
2025-10-16,2025-11-20,2025-11-20,61.08
2025-10-17,2025-11-20,2025-11-20,61.23
2025-10-20,2025-11-20,2025-11-20,60.71
2025-10-21,2025-11-20,2025-11-20,61.0
2025-10-22,2025-11-20,2025-11-20,62.28
2025-10-23,2025-11-20,2025-11-20,66.32
2025-10-24,2025-11-20,2025-11-20,65.8
2025-10-27,2025-11-20,2025-11-20,65.52
2025-10-28,2025-11-20,2025-11-20,64.03
2025-10-29,2025-11-20,2025-11-20,65.01
2025-10-30,2025-11-20,2025-11-20,65.11
2025-10-31,2025-11-20,2025-11-20,65.44
2025-11-03,2025-11-20,2025-11-20,65.79
2025-11-04,2025-11-20,2025-11-20,65.04
2025-11-05,2025-11-20,2025-11-20,63.54
2025-11-06,2025-11-20,2025-11-20,63.41
2025-11-07,2025-11-20,2025-11-20,63.72
2025-11-10,2025-11-20,2025-11-20,63.01
2025-11-11,2025-11-20,2025-11-20,63.86
2025-11-12,2025-11-20,2025-11-20,61.88
2025-11-13,2025-11-20,2025-11-20,62.14
2025-11-14,2025-11-20,2025-11-20,63.45
2025-11-17,2025-11-20,2025-11-20,63.16
