date,realtime_start,realtime_end,value
1986-01-02,2025-11-20,2025-11-20,25.56
1986-01-03,2025-11-20,2025-11-20,26.0
1986-01-06,2025-11-20,2025-11-20,26.53
1986-01-07,2025-11-20,2025-11-20,25.85
1986-01-08,2025-11-20,2025-11-20,25.87
1986-01-09,2025-11-20,2025-11-20,26.03
1986-01-10,2025-11-20,2025-11-20,25.65
1986-01-13,2025-11-20,2025-11-20,25.08
1986-01-14,2025-11-20,2025-11-20,24.97
1986-01-15,2025-11-20,2025-11-20,25.18
1986-01-16,2025-11-20,2025-11-20,23.98
1986-01-17,2025-11-20,2025-11-20,23.63
1986-01-20,2025-11-20,2025-11-20,21.33
1986-01-21,2025-11-20,2025-11-20,20.61
1986-01-22,2025-11-20,2025-11-20,20.25
1986-01-23,2025-11-20,2025-11-20,19.93
1986-01-24,2025-11-20,2025-11-20,19.45
1986-01-27,2025-11-20,2025-11-20,20.87
1986-01-28,2025-11-20,2025-11-20,19.45
1986-01-29,2025-11-20,2025-11-20,19.61
1986-01-30,2025-11-20,2025-11-20,19.58
1986-01-31,2025-11-20,2025-11-20,18.95
1986-02-03,2025-11-20,2025-11-20,17.42
1986-02-04,2025-11-20,2025-11-20,15.58
1986-02-05,2025-11-20,2025-11-20,16.28
1986-02-06,2025-11-20,2025-11-20,16.6
1986-02-07,2025-11-20,2025-11-20,17.7
1986-02-10,2025-11-20,2025-11-20,16.78
1986-02-11,2025-11-20,2025-11-20,16.28
1986-02-12,2025-11-20,2025-11-20,15.74
1986-02-13,2025-11-20,2025-11-20,16.43
1986-02-14,2025-11-20,2025-11-20,16.03
1986-02-17,2025-11-20,2025-11-20,
1986-02-18,2025-11-20,2025-11-20,14.7
1986-02-19,2025-11-20,2025-11-20,15.08
1986-02-20,2025-11-20,2025-11-20,14.13
1986-02-21,2025-11-20,2025-11-20,13.63
1986-02-24,2025-11-20,2025-11-20,14.68
1986-02-25,2025-11-20,2025-11-20,14.68
1986-02-26,2025-11-20,2025-11-20,14.62
1986-02-27,2025-11-20,2025-11-20,14.05
1986-02-28,2025-11-20,2025-11-20,13.23
1986-03-03,2025-11-20,2025-11-20,11.98
1986-03-04,2025-11-20,2025-11-20,11.98
1986-03-05,2025-11-20,2025-11-20,12.03
1986-03-06,2025-11-20,2025-11-20,13.13
1986-03-07,2025-11-20,2025-11-20,12.24
1986-03-10,2025-11-20,2025-11-20,12.94
1986-03-11,2025-11-20,2025-11-20,13.23
1986-03-12,2025-11-20,2025-11-20,14.05
1986-03-13,2025-11-20,2025-11-20,12.6
1986-03-14,2025-11-20,2025-11-20,12.55
1986-03-17,2025-11-20,2025-11-20,13.28
1986-03-18,2025-11-20,2025-11-20,14.03
1986-03-19,2025-11-20,2025-11-20,13.25
1986-03-20,2025-11-20,2025-11-20,12.75
1986-03-21,2025-11-20,2025-11-20,13.95
1986-03-24,2025-11-20,2025-11-20,12.2
1986-03-25,2025-11-20,2025-11-20,12.43
1986-03-26,2025-11-20,2025-11-20,12.03
1986-03-27,2025-11-20,2025-11-20,11.35
1986-03-28,2025-11-20,2025-11-20,
1986-03-31,2025-11-20,2025-11-20,10.25
1986-04-01,2025-11-20,2025-11-20,11.13
1986-04-02,2025-11-20,2025-11-20,11.35
1986-04-03,2025-11-20,2025-11-20,11.7
1986-04-04,2025-11-20,2025-11-20,12.75
1986-04-07,2025-11-20,2025-11-20,14.39
1986-04-08,2025-11-20,2025-11-20,12.83
1986-04-09,2025-11-20,2025-11-20,13.0
1986-04-10,2025-11-20,2025-11-20,13.45
1986-04-11,2025-11-20,2025-11-20,13.63
1986-04-14,2025-11-20,2025-11-20,12.94
1986-04-15,2025-11-20,2025-11-20,12.72
1986-04-16,2025-11-20,2025-11-20,11.5
1986-04-17,2025-11-20,2025-11-20,11.75
1986-04-18,2025-11-20,2025-11-20,11.88
1986-04-21,2025-11-20,2025-11-20,12.48
1986-04-22,2025-11-20,2025-11-20,13.13
1986-04-23,2025-11-20,2025-11-20,13.7
1986-04-24,2025-11-20,2025-11-20,13.65
1986-04-25,2025-11-20,2025-11-20,14.23
1986-04-28,2025-11-20,2025-11-20,13.34
1986-04-29,2025-11-20,2025-11-20,13.63
1986-04-30,2025-11-20,2025-11-20,13.38
1986-05-01,2025-11-20,2025-11-20,13.8
1986-05-02,2025-11-20,2025-11-20,14.65
1986-05-05,2025-11-20,2025-11-20,14.32
1986-05-06,2025-11-20,2025-11-20,14.43
1986-05-07,2025-11-20,2025-11-20,15.13
1986-05-08,2025-11-20,2025-11-20,15.7
1986-05-09,2025-11-20,2025-11-20,15.83
1986-05-12,2025-11-20,2025-11-20,15.75
1986-05-13,2025-11-20,2025-11-20,15.65
1986-05-14,2025-11-20,2025-11-20,15.53
1986-05-15,2025-11-20,2025-11-20,15.68
1986-05-16,2025-11-20,2025-11-20,16.08
1986-05-19,2025-11-20,2025-11-20,17.13
1986-05-20,2025-11-20,2025-11-20,16.18
1986-05-21,2025-11-20,2025-11-20,15.53
1986-05-22,2025-11-20,2025-11-20,16.04
1986-05-23,2025-11-20,2025-11-20,16.95
1986-05-26,2025-11-20,2025-11-20,
1986-05-27,2025-11-20,2025-11-20,15.1
1986-05-28,2025-11-20,2025-11-20,14.65
1986-05-29,2025-11-20,2025-11-20,14.5
1986-05-30,2025-11-20,2025-11-20,14.3
1986-06-02,2025-11-20,2025-11-20,13.8
1986-06-03,2025-11-20,2025-11-20,13.35
1986-06-04,2025-11-20,2025-11-20,13.15
1986-06-05,2025-11-20,2025-11-20,13.21
1986-06-06,2025-11-20,2025-11-20,12.73
1986-06-09,2025-11-20,2025-11-20,12.61
1986-06-10,2025-11-20,2025-11-20,12.38
1986-06-11,2025-11-20,2025-11-20,13.52
1986-06-12,2025-11-20,2025-11-20,13.69
1986-06-13,2025-11-20,2025-11-20,13.83
1986-06-16,2025-11-20,2025-11-20,13.65
1986-06-17,2025-11-20,2025-11-20,13.65
1986-06-18,2025-11-20,2025-11-20,13.62
1986-06-19,2025-11-20,2025-11-20,13.73
1986-06-20,2025-11-20,2025-11-20,14.44
1986-06-23,2025-11-20,2025-11-20,14.05
1986-06-24,2025-11-20,2025-11-20,13.98
1986-06-25,2025-11-20,2025-11-20,13.23
1986-06-26,2025-11-20,2025-11-20,13.14
1986-06-27,2025-11-20,2025-11-20,13.38
1986-06-30,2025-11-20,2025-11-20,12.8
1986-07-01,2025-11-20,2025-11-20,12.39
1986-07-02,2025-11-20,2025-11-20,12.04
1986-07-03,2025-11-20,2025-11-20,11.7
1986-07-04,2025-11-20,2025-11-20,
1986-07-07,2025-11-20,2025-11-20,11.18
1986-07-08,2025-11-20,2025-11-20,11.19
1986-07-09,2025-11-20,2025-11-20,11.0
1986-07-10,2025-11-20,2025-11-20,11.13
1986-07-11,2025-11-20,2025-11-20,11.13
1986-07-14,2025-11-20,2025-11-20,11.23
1986-07-15,2025-11-20,2025-11-20,11.85
1986-07-16,2025-11-20,2025-11-20,12.68
1986-07-17,2025-11-20,2025-11-20,12.3
1986-07-18,2025-11-20,2025-11-20,12.8
1986-07-21,2025-11-20,2025-11-20,13.07
1986-07-22,2025-11-20,2025-11-20,10.88
1986-07-23,2025-11-20,2025-11-20,10.83
1986-07-24,2025-11-20,2025-11-20,10.95
1986-07-25,2025-11-20,2025-11-20,10.83
1986-07-28,2025-11-20,2025-11-20,11.09
1986-07-29,2025-11-20,2025-11-20,11.63
1986-07-30,2025-11-20,2025-11-20,11.73
1986-07-31,2025-11-20,2025-11-20,11.23
1986-08-01,2025-11-20,2025-11-20,11.56
1986-08-04,2025-11-20,2025-11-20,14.0
1986-08-05,2025-11-20,2025-11-20,14.35
1986-08-06,2025-11-20,2025-11-20,14.8
1986-08-07,2025-11-20,2025-11-20,15.18
1986-08-08,2025-11-20,2025-11-20,14.83
1986-08-11,2025-11-20,2025-11-20,14.92
1986-08-12,2025-11-20,2025-11-20,15.5
1986-08-13,2025-11-20,2025-11-20,15.28
1986-08-14,2025-11-20,2025-11-20,15.43
1986-08-15,2025-11-20,2025-11-20,15.83
1986-08-18,2025-11-20,2025-11-20,15.58
1986-08-19,2025-11-20,2025-11-20,14.98
1986-08-20,2025-11-20,2025-11-20,15.23
1986-08-21,2025-11-20,2025-11-20,15.23
1986-08-22,2025-11-20,2025-11-20,15.48
1986-08-25,2025-11-20,2025-11-20,15.48
1986-08-26,2025-11-20,2025-11-20,15.78
1986-08-27,2025-11-20,2025-11-20,15.83
1986-08-28,2025-11-20,2025-11-20,15.83
1986-08-29,2025-11-20,2025-11-20,15.93
1986-09-01,2025-11-20,2025-11-20,
1986-09-02,2025-11-20,2025-11-20,16.43
1986-09-03,2025-11-20,2025-11-20,16.03
1986-09-04,2025-11-20,2025-11-20,16.18
1986-09-05,2025-11-20,2025-11-20,15.63
1986-09-08,2025-11-20,2025-11-20,15.63
1986-09-09,2025-11-20,2025-11-20,15.0
1986-09-10,2025-11-20,2025-11-20,14.9
1986-09-11,2025-11-20,2025-11-20,15.05
1986-09-12,2025-11-20,2025-11-20,15.06
1986-09-15,2025-11-20,2025-11-20,14.31
1986-09-16,2025-11-20,2025-11-20,13.8
1986-09-17,2025-11-20,2025-11-20,14.03
1986-09-18,2025-11-20,2025-11-20,14.55
1986-09-19,2025-11-20,2025-11-20,14.47
1986-09-22,2025-11-20,2025-11-20,13.94
1986-09-23,2025-11-20,2025-11-20,14.3
1986-09-24,2025-11-20,2025-11-20,14.55
1986-09-25,2025-11-20,2025-11-20,14.28
1986-09-26,2025-11-20,2025-11-20,14.43
1986-09-29,2025-11-20,2025-11-20,14.93
1986-09-30,2025-11-20,2025-11-20,14.7
1986-10-01,2025-11-20,2025-11-20,15.23
1986-10-02,2025-11-20,2025-11-20,15.38
1986-10-03,2025-11-20,2025-11-20,14.86
1986-10-06,2025-11-20,2025-11-20,14.83
1986-10-07,2025-11-20,2025-11-20,15.6
1986-10-08,2025-11-20,2025-11-20,15.35
1986-10-09,2025-11-20,2025-11-20,15.05
1986-10-10,2025-11-20,2025-11-20,14.98
1986-10-13,2025-11-20,2025-11-20,
1986-10-14,2025-11-20,2025-11-20,14.55
1986-10-15,2025-11-20,2025-11-20,14.83
1986-10-16,2025-11-20,2025-11-20,14.53
1986-10-17,2025-11-20,2025-11-20,14.85
1986-10-20,2025-11-20,2025-11-20,15.17
1986-10-21,2025-11-20,2025-11-20,15.22
1986-10-22,2025-11-20,2025-11-20,14.85
1986-10-23,2025-11-20,2025-11-20,14.88
1986-10-24,2025-11-20,2025-11-20,14.93
1986-10-27,2025-11-20,2025-11-20,14.4
1986-10-28,2025-11-20,2025-11-20,14.18
1986-10-29,2025-11-20,2025-11-20,13.73
1986-10-30,2025-11-20,2025-11-20,15.08
1986-10-31,2025-11-20,2025-11-20,15.25
1986-11-03,2025-11-20,2025-11-20,14.7
1986-11-04,2025-11-20,2025-11-20,15.05
1986-11-05,2025-11-20,2025-11-20,14.93
1986-11-06,2025-11-20,2025-11-20,15.08
1986-11-07,2025-11-20,2025-11-20,15.15
1986-11-10,2025-11-20,2025-11-20,15.3
1986-11-11,2025-11-20,2025-11-20,15.39
1986-11-12,2025-11-20,2025-11-20,15.33
1986-11-13,2025-11-20,2025-11-20,15.55
1986-11-14,2025-11-20,2025-11-20,15.68
1986-11-17,2025-11-20,2025-11-20,15.62
1986-11-18,2025-11-20,2025-11-20,15.65
1986-11-19,2025-11-20,2025-11-20,15.52
1986-11-20,2025-11-20,2025-11-20,15.1
1986-11-21,2025-11-20,2025-11-20,15.13
1986-11-24,2025-11-20,2025-11-20,14.98
1986-11-25,2025-11-20,2025-11-20,15.05
1986-11-26,2025-11-20,2025-11-20,15.0
1986-11-27,2025-11-20,2025-11-20,
1986-11-28,2025-11-20,2025-11-20,15.0
1986-12-01,2025-11-20,2025-11-20,15.29
1986-12-02,2025-11-20,2025-11-20,15.22
1986-12-03,2025-11-20,2025-11-20,15.13
1986-12-04,2025-11-20,2025-11-20,15.2
1986-12-05,2025-11-20,2025-11-20,15.14
1986-12-08,2025-11-20,2025-11-20,15.01
1986-12-09,2025-11-20,2025-11-20,14.93
1986-12-10,2025-11-20,2025-11-20,15.12
1986-12-11,2025-11-20,2025-11-20,15.49
1986-12-12,2025-11-20,2025-11-20,16.13
1986-12-15,2025-11-20,2025-11-20,16.38
1986-12-16,2025-11-20,2025-11-20,16.11
1986-12-17,2025-11-20,2025-11-20,15.83
1986-12-18,2025-11-20,2025-11-20,16.28
1986-12-19,2025-11-20,2025-11-20,16.55
1986-12-22,2025-11-20,2025-11-20,16.95
1986-12-23,2025-11-20,2025-11-20,16.93
1986-12-24,2025-11-20,2025-11-20,17.26
1986-12-25,2025-11-20,2025-11-20,
1986-12-26,2025-11-20,2025-11-20,
1986-12-29,2025-11-20,2025-11-20,17.65
1986-12-30,2025-11-20,2025-11-20,17.73
1986-12-31,2025-11-20,2025-11-20,17.93
1987-01-01,2025-11-20,2025-11-20,
1987-01-02,2025-11-20,2025-11-20,18.13
1987-01-05,2025-11-20,2025-11-20,17.98
1987-01-06,2025-11-20,2025-11-20,18.21
1987-01-07,2025-11-20,2025-11-20,18.28
1987-01-08,2025-11-20,2025-11-20,18.63
1987-01-09,2025-11-20,2025-11-20,18.78
1987-01-12,2025-11-20,2025-11-20,19.0
1987-01-13,2025-11-20,2025-11-20,18.86
1987-01-14,2025-11-20,2025-11-20,19.13
1987-01-15,2025-11-20,2025-11-20,19.09
1987-01-16,2025-11-20,2025-11-20,19.13
1987-01-19,2025-11-20,2025-11-20,18.7
1987-01-20,2025-11-20,2025-11-20,18.73
1987-01-21,2025-11-20,2025-11-20,18.6
1987-01-22,2025-11-20,2025-11-20,18.76
1987-01-23,2025-11-20,2025-11-20,18.59
1987-01-26,2025-11-20,2025-11-20,18.63
1987-01-27,2025-11-20,2025-11-20,18.48
1987-01-28,2025-11-20,2025-11-20,18.56
1987-01-29,2025-11-20,2025-11-20,18.68
1987-01-30,2025-11-20,2025-11-20,18.73
1987-02-02,2025-11-20,2025-11-20,18.59
1987-02-03,2025-11-20,2025-11-20,18.38
1987-02-04,2025-11-20,2025-11-20,18.26
1987-02-05,2025-11-20,2025-11-20,18.56
1987-02-06,2025-11-20,2025-11-20,18.44
1987-02-09,2025-11-20,2025-11-20,18.37
1987-02-10,2025-11-20,2025-11-20,18.43
1987-02-11,2025-11-20,2025-11-20,18.03
1987-02-12,2025-11-20,2025-11-20,18.05
1987-02-13,2025-11-20,2025-11-20,17.83
1987-02-16,2025-11-20,2025-11-20,
1987-02-17,2025-11-20,2025-11-20,17.78
1987-02-18,2025-11-20,2025-11-20,17.44
1987-02-19,2025-11-20,2025-11-20,17.48
1987-02-20,2025-11-20,2025-11-20,17.83
1987-02-23,2025-11-20,2025-11-20,17.15
1987-02-24,2025-11-20,2025-11-20,16.75
1987-02-25,2025-11-20,2025-11-20,16.43
1987-02-26,2025-11-20,2025-11-20,16.98
1987-02-27,2025-11-20,2025-11-20,16.45
1987-03-02,2025-11-20,2025-11-20,16.43
1987-03-03,2025-11-20,2025-11-20,17.4
1987-03-04,2025-11-20,2025-11-20,17.4
1987-03-05,2025-11-20,2025-11-20,18.0
1987-03-06,2025-11-20,2025-11-20,18.13
1987-03-09,2025-11-20,2025-11-20,18.13
1987-03-10,2025-11-20,2025-11-20,18.27
1987-03-11,2025-11-20,2025-11-20,18.33
1987-03-12,2025-11-20,2025-11-20,18.42
1987-03-13,2025-11-20,2025-11-20,18.39
1987-03-16,2025-11-20,2025-11-20,18.61
1987-03-17,2025-11-20,2025-11-20,18.94
1987-03-18,2025-11-20,2025-11-20,18.75
1987-03-19,2025-11-20,2025-11-20,18.61
1987-03-20,2025-11-20,2025-11-20,18.7
1987-03-23,2025-11-20,2025-11-20,18.6
1987-03-24,2025-11-20,2025-11-20,
1987-03-25,2025-11-20,2025-11-20,18.48
1987-03-26,2025-11-20,2025-11-20,18.63
1987-03-27,2025-11-20,2025-11-20,18.65
1987-03-30,2025-11-20,2025-11-20,18.67
1987-03-31,2025-11-20,2025-11-20,18.82
1987-04-01,2025-11-20,2025-11-20,18.78
1987-04-02,2025-11-20,2025-11-20,18.9
1987-04-03,2025-11-20,2025-11-20,18.68
1987-04-06,2025-11-20,2025-11-20,18.71
1987-04-07,2025-11-20,2025-11-20,18.69
1987-04-08,2025-11-20,2025-11-20,18.68
1987-04-09,2025-11-20,2025-11-20,18.64
1987-04-10,2025-11-20,2025-11-20,18.26
1987-04-13,2025-11-20,2025-11-20,18.07
1987-04-14,2025-11-20,2025-11-20,18.09
1987-04-15,2025-11-20,2025-11-20,18.46
1987-04-16,2025-11-20,2025-11-20,18.58
1987-04-17,2025-11-20,2025-11-20,
1987-04-20,2025-11-20,2025-11-20,18.66
1987-04-21,2025-11-20,2025-11-20,18.97
1987-04-22,2025-11-20,2025-11-20,19.03
1987-04-23,2025-11-20,2025-11-20,19.03
1987-04-24,2025-11-20,2025-11-20,19.01
1987-04-27,2025-11-20,2025-11-20,18.83
1987-04-28,2025-11-20,2025-11-20,18.73
1987-04-29,2025-11-20,2025-11-20,18.66
1987-04-30,2025-11-20,2025-11-20,18.76
1987-05-01,2025-11-20,2025-11-20,18.84
1987-05-04,2025-11-20,2025-11-20,18.93
1987-05-05,2025-11-20,2025-11-20,19.18
1987-05-06,2025-11-20,2025-11-20,19.22
1987-05-07,2025-11-20,2025-11-20,19.08
1987-05-08,2025-11-20,2025-11-20,19.28
1987-05-11,2025-11-20,2025-11-20,19.43
1987-05-12,2025-11-20,2025-11-20,19.37
1987-05-13,2025-11-20,2025-11-20,19.39
1987-05-14,2025-11-20,2025-11-20,19.56
1987-05-15,2025-11-20,2025-11-20,19.84
1987-05-18,2025-11-20,2025-11-20,19.91
1987-05-19,2025-11-20,2025-11-20,19.97
1987-05-20,2025-11-20,2025-11-20,19.75
1987-05-21,2025-11-20,2025-11-20,19.95
1987-05-22,2025-11-20,2025-11-20,19.68
1987-05-25,2025-11-20,2025-11-20,
1987-05-26,2025-11-20,2025-11-20,19.35
1987-05-27,2025-11-20,2025-11-20,19.38
1987-05-28,2025-11-20,2025-11-20,19.28
1987-05-29,2025-11-20,2025-11-20,19.36
1987-06-01,2025-11-20,2025-11-20,19.55
1987-06-02,2025-11-20,2025-11-20,19.7
1987-06-03,2025-11-20,2025-11-20,19.87
1987-06-04,2025-11-20,2025-11-20,19.75
1987-06-05,2025-11-20,2025-11-20,19.79
1987-06-08,2025-11-20,2025-11-20,19.94
1987-06-09,2025-11-20,2025-11-20,19.84
1987-06-10,2025-11-20,2025-11-20,19.83
1987-06-11,2025-11-20,2025-11-20,19.85
1987-06-12,2025-11-20,2025-11-20,19.93
1987-06-15,2025-11-20,2025-11-20,20.07
1987-06-16,2025-11-20,2025-11-20,20.27
1987-06-17,2025-11-20,2025-11-20,20.41
1987-06-18,2025-11-20,2025-11-20,20.5
1987-06-19,2025-11-20,2025-11-20,20.65
1987-06-22,2025-11-20,2025-11-20,20.49
1987-06-23,2025-11-20,2025-11-20,19.95
1987-06-24,2025-11-20,2025-11-20,20.13
1987-06-25,2025-11-20,2025-11-20,20.15
1987-06-26,2025-11-20,2025-11-20,20.34
1987-06-29,2025-11-20,2025-11-20,20.38
1987-06-30,2025-11-20,2025-11-20,20.22
1987-07-01,2025-11-20,2025-11-20,20.47
1987-07-02,2025-11-20,2025-11-20,20.61
1987-07-03,2025-11-20,2025-11-20,20.61
1987-07-06,2025-11-20,2025-11-20,20.92
1987-07-07,2025-11-20,2025-11-20,20.76
1987-07-08,2025-11-20,2025-11-20,20.94
1987-07-09,2025-11-20,2025-11-20,21.32
1987-07-10,2025-11-20,2025-11-20,21.34
1987-07-13,2025-11-20,2025-11-20,21.38
1987-07-14,2025-11-20,2025-11-20,21.65
1987-07-15,2025-11-20,2025-11-20,22.23
1987-07-16,2025-11-20,2025-11-20,22.44
1987-07-17,2025-11-20,2025-11-20,22.44
1987-07-20,2025-11-20,2025-11-20,22.23
1987-07-21,2025-11-20,2025-11-20,21.75
1987-07-22,2025-11-20,2025-11-20,21.73
1987-07-23,2025-11-20,2025-11-20,21.23
1987-07-24,2025-11-20,2025-11-20,20.58
1987-07-27,2025-11-20,2025-11-20,20.5
1987-07-28,2025-11-20,2025-11-20,21.35
1987-07-29,2025-11-20,2025-11-20,21.49
1987-07-30,2025-11-20,2025-11-20,21.47
1987-07-31,2025-11-20,2025-11-20,21.43
1987-08-03,2025-11-20,2025-11-20,22.21
1987-08-04,2025-11-20,2025-11-20,21.82
1987-08-05,2025-11-20,2025-11-20,21.37
1987-08-06,2025-11-20,2025-11-20,21.17
1987-08-07,2025-11-20,2025-11-20,21.01
1987-08-10,2025-11-20,2025-11-20,20.7
1987-08-11,2025-11-20,2025-11-20,21.07
1987-08-12,2025-11-20,2025-11-20,20.96
1987-08-13,2025-11-20,2025-11-20,20.76
1987-08-14,2025-11-20,2025-11-20,20.53
1987-08-17,2025-11-20,2025-11-20,19.85
1987-08-18,2025-11-20,2025-11-20,19.84
1987-08-19,2025-11-20,2025-11-20,19.71
1987-08-20,2025-11-20,2025-11-20,19.47
1987-08-21,2025-11-20,2025-11-20,19.2
1987-08-24,2025-11-20,2025-11-20,19.18
1987-08-25,2025-11-20,2025-11-20,19.3
1987-08-26,2025-11-20,2025-11-20,19.49
1987-08-27,2025-11-20,2025-11-20,19.69
1987-08-28,2025-11-20,2025-11-20,19.44
1987-08-31,2025-11-20,2025-11-20,19.76
1987-09-01,2025-11-20,2025-11-20,19.61
1987-09-02,2025-11-20,2025-11-20,19.62
1987-09-03,2025-11-20,2025-11-20,19.48
1987-09-04,2025-11-20,2025-11-20,19.34
1987-09-07,2025-11-20,2025-11-20,19.34
1987-09-08,2025-11-20,2025-11-20,18.99
1987-09-09,2025-11-20,2025-11-20,19.43
1987-09-10,2025-11-20,2025-11-20,19.72
1987-09-11,2025-11-20,2025-11-20,19.42
1987-09-14,2025-11-20,2025-11-20,19.64
1987-09-15,2025-11-20,2025-11-20,19.66
1987-09-16,2025-11-20,2025-11-20,19.71
1987-09-17,2025-11-20,2025-11-20,19.58
1987-09-18,2025-11-20,2025-11-20,19.58
1987-09-21,2025-11-20,2025-11-20,19.77
1987-09-22,2025-11-20,2025-11-20,19.35
1987-09-23,2025-11-20,2025-11-20,19.66
1987-09-24,2025-11-20,2025-11-20,19.61
1987-09-25,2025-11-20,2025-11-20,19.47
1987-09-28,2025-11-20,2025-11-20,19.48
1987-09-29,2025-11-20,2025-11-20,19.58
1987-09-30,2025-11-20,2025-11-20,19.62
1987-10-01,2025-11-20,2025-11-20,19.62
1987-10-02,2025-11-20,2025-11-20,19.88
1987-10-05,2025-11-20,2025-11-20,19.81
1987-10-06,2025-11-20,2025-11-20,19.33
1987-10-07,2025-11-20,2025-11-20,19.68
1987-10-08,2025-11-20,2025-11-20,19.77
1987-10-09,2025-11-20,2025-11-20,19.67
1987-10-12,2025-11-20,2025-11-20,19.67
1987-10-13,2025-11-20,2025-11-20,19.66
1987-10-14,2025-11-20,2025-11-20,19.79
1987-10-15,2025-11-20,2025-11-20,19.77
1987-10-16,2025-11-20,2025-11-20,20.23
1987-10-19,2025-11-20,2025-11-20,19.79
1987-10-20,2025-11-20,2025-11-20,19.79
1987-10-21,2025-11-20,2025-11-20,19.93
1987-10-22,2025-11-20,2025-11-20,20.19
1987-10-23,2025-11-20,2025-11-20,20.18
1987-10-26,2025-11-20,2025-11-20,20.0
1987-10-27,2025-11-20,2025-11-20,20.15
1987-10-28,2025-11-20,2025-11-20,20.1
1987-10-29,2025-11-20,2025-11-20,19.93
1987-10-30,2025-11-20,2025-11-20,19.96
1987-11-02,2025-11-20,2025-11-20,19.64
1987-11-03,2025-11-20,2025-11-20,19.39
1987-11-04,2025-11-20,2025-11-20,19.09
1987-11-05,2025-11-20,2025-11-20,19.02
1987-11-06,2025-11-20,2025-11-20,18.73
1987-11-09,2025-11-20,2025-11-20,18.66
1987-11-10,2025-11-20,2025-11-20,18.98
1987-11-11,2025-11-20,2025-11-20,18.92
1987-11-12,2025-11-20,2025-11-20,18.93
1987-11-13,2025-11-20,2025-11-20,18.89
1987-11-16,2025-11-20,2025-11-20,18.69
1987-11-17,2025-11-20,2025-11-20,18.28
1987-11-18,2025-11-20,2025-11-20,18.62
1987-11-19,2025-11-20,2025-11-20,18.55
1987-11-20,2025-11-20,2025-11-20,18.87
1987-11-23,2025-11-20,2025-11-20,19.31
1987-11-24,2025-11-20,2025-11-20,18.73
1987-11-25,2025-11-20,2025-11-20,18.63
1987-11-26,2025-11-20,2025-11-20,
1987-11-27,2025-11-20,2025-11-20,18.63
1987-11-30,2025-11-20,2025-11-20,18.52
1987-12-01,2025-11-20,2025-11-20,18.44
1987-12-02,2025-11-20,2025-11-20,18.59
1987-12-03,2025-11-20,2025-11-20,18.87
1987-12-04,2025-11-20,2025-11-20,18.68
1987-12-07,2025-11-20,2025-11-20,18.3
1987-12-08,2025-11-20,2025-11-20,18.06
1987-12-09,2025-11-20,2025-11-20,18.53
1987-12-10,2025-11-20,2025-11-20,18.51
1987-12-11,2025-11-20,2025-11-20,18.31
1987-12-14,2025-11-20,2025-11-20,17.47
1987-12-15,2025-11-20,2025-11-20,16.75
1987-12-16,2025-11-20,2025-11-20,15.97
1987-12-17,2025-11-20,2025-11-20,15.97
1987-12-18,2025-11-20,2025-11-20,15.57
1987-12-21,2025-11-20,2025-11-20,15.12
1987-12-22,2025-11-20,2025-11-20,16.6
1987-12-23,2025-11-20,2025-11-20,16.64
1987-12-24,2025-11-20,2025-11-20,16.54
1987-12-25,2025-11-20,2025-11-20,
1987-12-28,2025-11-20,2025-11-20,16.46
1987-12-29,2025-11-20,2025-11-20,16.95
1987-12-30,2025-11-20,2025-11-20,16.97
1987-12-31,2025-11-20,2025-11-20,16.74
1988-01-01,2025-11-20,2025-11-20,
1988-01-04,2025-11-20,2025-11-20,17.77
1988-01-05,2025-11-20,2025-11-20,17.89
1988-01-06,2025-11-20,2025-11-20,17.73
1988-01-07,2025-11-20,2025-11-20,17.3
1988-01-08,2025-11-20,2025-11-20,17.33
1988-01-11,2025-11-20,2025-11-20,16.63
1988-01-12,2025-11-20,2025-11-20,16.76
1988-01-13,2025-11-20,2025-11-20,16.56
1988-01-14,2025-11-20,2025-11-20,17.1
1988-01-15,2025-11-20,2025-11-20,16.92
1988-01-18,2025-11-20,2025-11-20,17.28
1988-01-19,2025-11-20,2025-11-20,17.3
1988-01-20,2025-11-20,2025-11-20,17.2
1988-01-21,2025-11-20,2025-11-20,17.21
1988-01-22,2025-11-20,2025-11-20,16.99
1988-01-25,2025-11-20,2025-11-20,17.11
1988-01-26,2025-11-20,2025-11-20,16.96
1988-01-27,2025-11-20,2025-11-20,16.64
1988-01-28,2025-11-20,2025-11-20,16.94
1988-01-29,2025-11-20,2025-11-20,16.97
1988-02-01,2025-11-20,2025-11-20,16.83
1988-02-02,2025-11-20,2025-11-20,16.92
1988-02-03,2025-11-20,2025-11-20,17.12
1988-02-04,2025-11-20,2025-11-20,17.17
1988-02-05,2025-11-20,2025-11-20,17.34
1988-02-08,2025-11-20,2025-11-20,17.7
1988-02-09,2025-11-20,2025-11-20,17.38
1988-02-10,2025-11-20,2025-11-20,17.12
1988-02-11,2025-11-20,2025-11-20,17.17
1988-02-12,2025-11-20,2025-11-20,16.84
1988-02-15,2025-11-20,2025-11-20,16.84
1988-02-16,2025-11-20,2025-11-20,16.8
1988-02-17,2025-11-20,2025-11-20,16.62
1988-02-18,2025-11-20,2025-11-20,16.5
1988-02-19,2025-11-20,2025-11-20,16.73
1988-02-22,2025-11-20,2025-11-20,16.64
1988-02-23,2025-11-20,2025-11-20,16.8
1988-02-24,2025-11-20,2025-11-20,16.58
1988-02-25,2025-11-20,2025-11-20,15.86
1988-02-26,2025-11-20,2025-11-20,15.77
1988-02-29,2025-11-20,2025-11-20,15.98
1988-03-01,2025-11-20,2025-11-20,15.57
1988-03-02,2025-11-20,2025-11-20,15.69
1988-03-03,2025-11-20,2025-11-20,15.35
1988-03-04,2025-11-20,2025-11-20,15.63
1988-03-07,2025-11-20,2025-11-20,15.35
1988-03-08,2025-11-20,2025-11-20,15.58
1988-03-09,2025-11-20,2025-11-20,15.52
1988-03-10,2025-11-20,2025-11-20,16.04
1988-03-11,2025-11-20,2025-11-20,16.2
1988-03-14,2025-11-20,2025-11-20,15.57
1988-03-15,2025-11-20,2025-11-20,15.81
1988-03-16,2025-11-20,2025-11-20,16.03
1988-03-17,2025-11-20,2025-11-20,16.39
1988-03-18,2025-11-20,2025-11-20,16.61
1988-03-21,2025-11-20,2025-11-20,16.52
1988-03-22,2025-11-20,2025-11-20,16.02
1988-03-23,2025-11-20,2025-11-20,16.58
1988-03-24,2025-11-20,2025-11-20,16.73
1988-03-25,2025-11-20,2025-11-20,17.07
1988-03-28,2025-11-20,2025-11-20,17.05
1988-03-29,2025-11-20,2025-11-20,17.08
1988-03-30,2025-11-20,2025-11-20,17.06
1988-03-31,2025-11-20,2025-11-20,17.09
1988-04-01,2025-11-20,2025-11-20,
1988-04-04,2025-11-20,2025-11-20,16.99
1988-04-05,2025-11-20,2025-11-20,16.72
1988-04-06,2025-11-20,2025-11-20,16.8
1988-04-07,2025-11-20,2025-11-20,17.05
1988-04-08,2025-11-20,2025-11-20,16.87
1988-04-11,2025-11-20,2025-11-20,17.87
1988-04-12,2025-11-20,2025-11-20,18.06
1988-04-13,2025-11-20,2025-11-20,18.12
1988-04-14,2025-11-20,2025-11-20,18.4
1988-04-15,2025-11-20,2025-11-20,18.32
1988-04-18,2025-11-20,2025-11-20,18.5
1988-04-19,2025-11-20,2025-11-20,17.92
1988-04-20,2025-11-20,2025-11-20,17.93
1988-04-21,2025-11-20,2025-11-20,18.34
1988-04-22,2025-11-20,2025-11-20,18.13
1988-04-25,2025-11-20,2025-11-20,18.36
1988-04-26,2025-11-20,2025-11-20,18.54
1988-04-27,2025-11-20,2025-11-20,18.32
1988-04-28,2025-11-20,2025-11-20,17.91
1988-04-29,2025-11-20,2025-11-20,18.1
1988-05-02,2025-11-20,2025-11-20,17.12
1988-05-03,2025-11-20,2025-11-20,17.3
1988-05-04,2025-11-20,2025-11-20,17.23
1988-05-05,2025-11-20,2025-11-20,17.41
1988-05-06,2025-11-20,2025-11-20,17.63
1988-05-09,2025-11-20,2025-11-20,17.56
1988-05-10,2025-11-20,2025-11-20,17.5
1988-05-11,2025-11-20,2025-11-20,17.48
1988-05-12,2025-11-20,2025-11-20,17.49
1988-05-13,2025-11-20,2025-11-20,17.53
1988-05-16,2025-11-20,2025-11-20,17.7
1988-05-17,2025-11-20,2025-11-20,17.72
1988-05-18,2025-11-20,2025-11-20,17.39
1988-05-19,2025-11-20,2025-11-20,17.43
1988-05-20,2025-11-20,2025-11-20,17.41
1988-05-23,2025-11-20,2025-11-20,17.01
1988-05-24,2025-11-20,2025-11-20,17.04
1988-05-25,2025-11-20,2025-11-20,17.39
1988-05-26,2025-11-20,2025-11-20,17.54
1988-05-27,2025-11-20,2025-11-20,17.45
1988-05-30,2025-11-20,2025-11-20,17.45
1988-05-31,2025-11-20,2025-11-20,17.54
1988-06-01,2025-11-20,2025-11-20,17.6
1988-06-02,2025-11-20,2025-11-20,17.67
1988-06-03,2025-11-20,2025-11-20,17.51
1988-06-06,2025-11-20,2025-11-20,17.28
1988-06-07,2025-11-20,2025-11-20,17.32
1988-06-08,2025-11-20,2025-11-20,17.35
1988-06-09,2025-11-20,2025-11-20,17.09
1988-06-10,2025-11-20,2025-11-20,16.7
1988-06-13,2025-11-20,2025-11-20,16.43
1988-06-14,2025-11-20,2025-11-20,16.85
1988-06-15,2025-11-20,2025-11-20,16.56
1988-06-16,2025-11-20,2025-11-20,16.62
1988-06-17,2025-11-20,2025-11-20,16.43
1988-06-20,2025-11-20,2025-11-20,16.02
1988-06-21,2025-11-20,2025-11-20,15.82
1988-06-22,2025-11-20,2025-11-20,16.03
1988-06-23,2025-11-20,2025-11-20,15.86
1988-06-24,2025-11-20,2025-11-20,16.03
1988-06-27,2025-11-20,2025-11-20,15.86
1988-06-28,2025-11-20,2025-11-20,16.01
1988-06-29,2025-11-20,2025-11-20,15.37
1988-06-30,2025-11-20,2025-11-20,15.2
1988-07-01,2025-11-20,2025-11-20,14.92
1988-07-04,2025-11-20,2025-11-20,
1988-07-05,2025-11-20,2025-11-20,15.11
1988-07-06,2025-11-20,2025-11-20,15.44
1988-07-07,2025-11-20,2025-11-20,15.83
1988-07-08,2025-11-20,2025-11-20,15.42
1988-07-11,2025-11-20,2025-11-20,14.56
1988-07-12,2025-11-20,2025-11-20,14.61
1988-07-13,2025-11-20,2025-11-20,14.35
1988-07-14,2025-11-20,2025-11-20,14.84
1988-07-15,2025-11-20,2025-11-20,14.85
1988-07-18,2025-11-20,2025-11-20,15.84
1988-07-19,2025-11-20,2025-11-20,15.16
1988-07-20,2025-11-20,2025-11-20,15.76
1988-07-21,2025-11-20,2025-11-20,16.28
1988-07-22,2025-11-20,2025-11-20,16.27
1988-07-25,2025-11-20,2025-11-20,16.09
1988-07-26,2025-11-20,2025-11-20,15.99
1988-07-27,2025-11-20,2025-11-20,16.18
1988-07-28,2025-11-20,2025-11-20,16.08
1988-07-29,2025-11-20,2025-11-20,16.37
1988-08-01,2025-11-20,2025-11-20,16.07
1988-08-02,2025-11-20,2025-11-20,15.57
1988-08-03,2025-11-20,2025-11-20,15.2
1988-08-04,2025-11-20,2025-11-20,15.12
1988-08-05,2025-11-20,2025-11-20,15.31
1988-08-08,2025-11-20,2025-11-20,15.84
1988-08-09,2025-11-20,2025-11-20,15.56
1988-08-10,2025-11-20,2025-11-20,15.65
1988-08-11,2025-11-20,2025-11-20,15.75
1988-08-12,2025-11-20,2025-11-20,15.54
1988-08-15,2025-11-20,2025-11-20,15.59
1988-08-16,2025-11-20,2025-11-20,15.51
1988-08-17,2025-11-20,2025-11-20,15.46
1988-08-18,2025-11-20,2025-11-20,15.59
1988-08-19,2025-11-20,2025-11-20,15.77
1988-08-22,2025-11-20,2025-11-20,15.75
1988-08-23,2025-11-20,2025-11-20,15.71
1988-08-24,2025-11-20,2025-11-20,15.55
1988-08-25,2025-11-20,2025-11-20,15.33
1988-08-26,2025-11-20,2025-11-20,15.35
1988-08-29,2025-11-20,2025-11-20,15.24
1988-08-30,2025-11-20,2025-11-20,15.39
1988-08-31,2025-11-20,2025-11-20,15.19
1988-09-01,2025-11-20,2025-11-20,15.05
1988-09-02,2025-11-20,2025-11-20,14.79
1988-09-05,2025-11-20,2025-11-20,14.79
1988-09-06,2025-11-20,2025-11-20,14.25
1988-09-07,2025-11-20,2025-11-20,14.29
1988-09-08,2025-11-20,2025-11-20,14.51
1988-09-09,2025-11-20,2025-11-20,14.14
1988-09-12,2025-11-20,2025-11-20,14.48
1988-09-13,2025-11-20,2025-11-20,14.55
1988-09-14,2025-11-20,2025-11-20,15.38
1988-09-15,2025-11-20,2025-11-20,14.86
1988-09-16,2025-11-20,2025-11-20,14.5
1988-09-19,2025-11-20,2025-11-20,14.72
1988-09-20,2025-11-20,2025-11-20,15.08
1988-09-21,2025-11-20,2025-11-20,15.19
1988-09-22,2025-11-20,2025-11-20,15.25
1988-09-23,2025-11-20,2025-11-20,14.26
1988-09-26,2025-11-20,2025-11-20,14.16
1988-09-27,2025-11-20,2025-11-20,14.22
1988-09-28,2025-11-20,2025-11-20,14.07
1988-09-29,2025-11-20,2025-11-20,13.91
1988-09-30,2025-11-20,2025-11-20,13.33
1988-10-03,2025-11-20,2025-11-20,13.03
1988-10-04,2025-11-20,2025-11-20,13.03
1988-10-05,2025-11-20,2025-11-20,12.58
1988-10-06,2025-11-20,2025-11-20,12.62
1988-10-07,2025-11-20,2025-11-20,12.99
1988-10-10,2025-11-20,2025-11-20,13.59
1988-10-11,2025-11-20,2025-11-20,13.63
1988-10-12,2025-11-20,2025-11-20,14.02
1988-10-13,2025-11-20,2025-11-20,14.26
1988-10-14,2025-11-20,2025-11-20,14.9
1988-10-17,2025-11-20,2025-11-20,15.16
1988-10-18,2025-11-20,2025-11-20,14.63
1988-10-19,2025-11-20,2025-11-20,15.33
1988-10-20,2025-11-20,2025-11-20,14.44
1988-10-21,2025-11-20,2025-11-20,14.22
1988-10-24,2025-11-20,2025-11-20,12.94
1988-10-25,2025-11-20,2025-11-20,13.36
1988-10-26,2025-11-20,2025-11-20,13.45
1988-10-27,2025-11-20,2025-11-20,13.67
1988-10-28,2025-11-20,2025-11-20,13.79
1988-10-31,2025-11-20,2025-11-20,13.54
1988-11-01,2025-11-20,2025-11-20,13.52
1988-11-02,2025-11-20,2025-11-20,13.78
1988-11-03,2025-11-20,2025-11-20,13.89
1988-11-04,2025-11-20,2025-11-20,14.04
1988-11-07,2025-11-20,2025-11-20,14.08
1988-11-08,2025-11-20,2025-11-20,13.7
1988-11-09,2025-11-20,2025-11-20,13.88
1988-11-10,2025-11-20,2025-11-20,13.99
1988-11-11,2025-11-20,2025-11-20,13.99
1988-11-14,2025-11-20,2025-11-20,14.25
1988-11-15,2025-11-20,2025-11-20,14.03
1988-11-16,2025-11-20,2025-11-20,13.68
1988-11-17,2025-11-20,2025-11-20,13.3
1988-11-18,2025-11-20,2025-11-20,13.47
1988-11-21,2025-11-20,2025-11-20,13.73
1988-11-22,2025-11-20,2025-11-20,14.78
1988-11-23,2025-11-20,2025-11-20,14.11
1988-11-24,2025-11-20,2025-11-20,14.11
1988-11-25,2025-11-20,2025-11-20,15.43
1988-11-28,2025-11-20,2025-11-20,14.93
1988-11-29,2025-11-20,2025-11-20,15.0
1988-11-30,2025-11-20,2025-11-20,15.42
1988-12-01,2025-11-20,2025-11-20,15.63
1988-12-02,2025-11-20,2025-11-20,15.69
1988-12-05,2025-11-20,2025-11-20,15.36
1988-12-06,2025-11-20,2025-11-20,15.51
1988-12-07,2025-11-20,2025-11-20,15.8
1988-12-08,2025-11-20,2025-11-20,15.48
1988-12-09,2025-11-20,2025-11-20,15.9
1988-12-12,2025-11-20,2025-11-20,16.08
1988-12-13,2025-11-20,2025-11-20,15.93
1988-12-14,2025-11-20,2025-11-20,16.33
1988-12-15,2025-11-20,2025-11-20,16.39
1988-12-16,2025-11-20,2025-11-20,16.81
1988-12-19,2025-11-20,2025-11-20,16.24
1988-12-20,2025-11-20,2025-11-20,17.68
1988-12-21,2025-11-20,2025-11-20,17.27
1988-12-22,2025-11-20,2025-11-20,17.36
1988-12-23,2025-11-20,2025-11-20,16.63
1988-12-26,2025-11-20,2025-11-20,
1988-12-27,2025-11-20,2025-11-20,16.98
1988-12-28,2025-11-20,2025-11-20,17.03
1988-12-29,2025-11-20,2025-11-20,16.81
1988-12-30,2025-11-20,2025-11-20,17.12
1989-01-02,2025-11-20,2025-11-20,
1989-01-03,2025-11-20,2025-11-20,17.38
1989-01-04,2025-11-20,2025-11-20,16.99
1989-01-05,2025-11-20,2025-11-20,17.45
1989-01-06,2025-11-20,2025-11-20,17.56
1989-01-09,2025-11-20,2025-11-20,17.74
1989-01-10,2025-11-20,2025-11-20,17.8
1989-01-11,2025-11-20,2025-11-20,18.16
1989-01-12,2025-11-20,2025-11-20,18.11
1989-01-13,2025-11-20,2025-11-20,18.49
1989-01-16,2025-11-20,2025-11-20,18.88
1989-01-17,2025-11-20,2025-11-20,19.03
1989-01-18,2025-11-20,2025-11-20,19.2
1989-01-19,2025-11-20,2025-11-20,19.28
1989-01-20,2025-11-20,2025-11-20,18.85
1989-01-23,2025-11-20,2025-11-20,17.66
1989-01-24,2025-11-20,2025-11-20,17.96
1989-01-25,2025-11-20,2025-11-20,18.23
1989-01-26,2025-11-20,2025-11-20,17.68
1989-01-27,2025-11-20,2025-11-20,17.74
1989-01-30,2025-11-20,2025-11-20,17.32
1989-01-31,2025-11-20,2025-11-20,17.0
1989-02-01,2025-11-20,2025-11-20,17.5
1989-02-02,2025-11-20,2025-11-20,17.72
1989-02-03,2025-11-20,2025-11-20,17.51
1989-02-06,2025-11-20,2025-11-20,17.38
1989-02-07,2025-11-20,2025-11-20,17.55
1989-02-08,2025-11-20,2025-11-20,17.49
1989-02-09,2025-11-20,2025-11-20,17.42
1989-02-10,2025-11-20,2025-11-20,17.11
1989-02-13,2025-11-20,2025-11-20,17.61
1989-02-14,2025-11-20,2025-11-20,17.6
1989-02-15,2025-11-20,2025-11-20,18.23
1989-02-16,2025-11-20,2025-11-20,18.35
1989-02-17,2025-11-20,2025-11-20,18.6
1989-02-20,2025-11-20,2025-11-20,18.6
1989-02-21,2025-11-20,2025-11-20,18.64
1989-02-22,2025-11-20,2025-11-20,18.5
1989-02-23,2025-11-20,2025-11-20,18.49
1989-02-24,2025-11-20,2025-11-20,18.06
1989-02-27,2025-11-20,2025-11-20,18.16
1989-02-28,2025-11-20,2025-11-20,18.21
1989-03-01,2025-11-20,2025-11-20,18.3
1989-03-02,2025-11-20,2025-11-20,18.68
1989-03-03,2025-11-20,2025-11-20,18.67
1989-03-06,2025-11-20,2025-11-20,18.73
1989-03-07,2025-11-20,2025-11-20,18.12
1989-03-08,2025-11-20,2025-11-20,18.57
1989-03-09,2025-11-20,2025-11-20,18.53
1989-03-10,2025-11-20,2025-11-20,18.53
1989-03-13,2025-11-20,2025-11-20,19.05
1989-03-14,2025-11-20,2025-11-20,19.47
1989-03-15,2025-11-20,2025-11-20,19.84
1989-03-16,2025-11-20,2025-11-20,19.86
1989-03-17,2025-11-20,2025-11-20,20.34
1989-03-20,2025-11-20,2025-11-20,19.53
1989-03-21,2025-11-20,2025-11-20,20.08
1989-03-22,2025-11-20,2025-11-20,20.21
1989-03-23,2025-11-20,2025-11-20,20.16
1989-03-24,2025-11-20,2025-11-20,
1989-03-27,2025-11-20,2025-11-20,20.55
1989-03-28,2025-11-20,2025-11-20,19.93
1989-03-29,2025-11-20,2025-11-20,20.2
1989-03-30,2025-11-20,2025-11-20,21.03
1989-03-31,2025-11-20,2025-11-20,20.27
1989-04-03,2025-11-20,2025-11-20,20.03
1989-04-04,2025-11-20,2025-11-20,20.59
1989-04-05,2025-11-20,2025-11-20,20.07
1989-04-06,2025-11-20,2025-11-20,19.85
1989-04-07,2025-11-20,2025-11-20,20.03
1989-04-10,2025-11-20,2025-11-20,20.65
1989-04-11,2025-11-20,2025-11-20,20.56
1989-04-12,2025-11-20,2025-11-20,20.66
1989-04-13,2025-11-20,2025-11-20,20.26
1989-04-14,2025-11-20,2025-11-20,20.68
1989-04-17,2025-11-20,2025-11-20,21.23
1989-04-18,2025-11-20,2025-11-20,21.74
1989-04-19,2025-11-20,2025-11-20,22.66
1989-04-20,2025-11-20,2025-11-20,24.62
1989-04-21,2025-11-20,2025-11-20,23.38
1989-04-24,2025-11-20,2025-11-20,20.64
1989-04-25,2025-11-20,2025-11-20,21.32
1989-04-26,2025-11-20,2025-11-20,21.2
1989-04-27,2025-11-20,2025-11-20,20.83
1989-04-28,2025-11-20,2025-11-20,20.38
1989-05-01,2025-11-20,2025-11-20,20.66
1989-05-02,2025-11-20,2025-11-20,19.73
1989-05-03,2025-11-20,2025-11-20,20.13
1989-05-04,2025-11-20,2025-11-20,20.57
1989-05-05,2025-11-20,2025-11-20,20.08
1989-05-08,2025-11-20,2025-11-20,19.41
1989-05-09,2025-11-20,2025-11-20,19.54
1989-05-10,2025-11-20,2025-11-20,19.56
1989-05-11,2025-11-20,2025-11-20,20.13
1989-05-12,2025-11-20,2025-11-20,20.12
1989-05-15,2025-11-20,2025-11-20,20.53
1989-05-16,2025-11-20,2025-11-20,20.58
1989-05-17,2025-11-20,2025-11-20,20.15
1989-05-18,2025-11-20,2025-11-20,20.25
1989-05-19,2025-11-20,2025-11-20,20.58
1989-05-22,2025-11-20,2025-11-20,20.92
1989-05-23,2025-11-20,2025-11-20,21.77
1989-05-24,2025-11-20,2025-11-20,19.68
1989-05-25,2025-11-20,2025-11-20,19.46
1989-05-26,2025-11-20,2025-11-20,19.55
1989-05-29,2025-11-20,2025-11-20,19.55
1989-05-30,2025-11-20,2025-11-20,19.96
1989-05-31,2025-11-20,2025-11-20,19.93
1989-06-01,2025-11-20,2025-11-20,19.83
1989-06-02,2025-11-20,2025-11-20,20.18
1989-06-05,2025-11-20,2025-11-20,20.5
1989-06-06,2025-11-20,2025-11-20,20.38
1989-06-07,2025-11-20,2025-11-20,19.7
1989-06-08,2025-11-20,2025-11-20,19.94
1989-06-09,2025-11-20,2025-11-20,19.87
1989-06-12,2025-11-20,2025-11-20,19.3
1989-06-13,2025-11-20,2025-11-20,19.5
1989-06-14,2025-11-20,2025-11-20,20.37
1989-06-15,2025-11-20,2025-11-20,20.56
1989-06-16,2025-11-20,2025-11-20,19.98
1989-06-19,2025-11-20,2025-11-20,20.88
1989-06-20,2025-11-20,2025-11-20,19.88
1989-06-21,2025-11-20,2025-11-20,19.74
1989-06-22,2025-11-20,2025-11-20,19.53
1989-06-23,2025-11-20,2025-11-20,19.71
1989-06-26,2025-11-20,2025-11-20,20.28
1989-06-27,2025-11-20,2025-11-20,20.38
1989-06-28,2025-11-20,2025-11-20,20.04
1989-06-29,2025-11-20,2025-11-20,20.27
1989-06-30,2025-11-20,2025-11-20,20.29
1989-07-03,2025-11-20,2025-11-20,20.55
1989-07-04,2025-11-20,2025-11-20,20.29
1989-07-05,2025-11-20,2025-11-20,20.98
1989-07-06,2025-11-20,2025-11-20,20.35
1989-07-07,2025-11-20,2025-11-20,20.78
1989-07-10,2025-11-20,2025-11-20,20.38
1989-07-11,2025-11-20,2025-11-20,20.75
1989-07-12,2025-11-20,2025-11-20,20.2
1989-07-13,2025-11-20,2025-11-20,20.42
1989-07-14,2025-11-20,2025-11-20,20.36
1989-07-17,2025-11-20,2025-11-20,20.49
1989-07-18,2025-11-20,2025-11-20,20.21
1989-07-19,2025-11-20,2025-11-20,19.83
1989-07-20,2025-11-20,2025-11-20,19.92
1989-07-21,2025-11-20,2025-11-20,19.86
1989-07-24,2025-11-20,2025-11-20,18.76
1989-07-25,2025-11-20,2025-11-20,18.52
1989-07-26,2025-11-20,2025-11-20,18.32
1989-07-27,2025-11-20,2025-11-20,18.15
1989-07-28,2025-11-20,2025-11-20,17.96
1989-07-31,2025-11-20,2025-11-20,18.33
1989-08-01,2025-11-20,2025-11-20,17.91
1989-08-02,2025-11-20,2025-11-20,18.28
1989-08-03,2025-11-20,2025-11-20,18.18
1989-08-04,2025-11-20,2025-11-20,18.05
1989-08-07,2025-11-20,2025-11-20,17.91
1989-08-08,2025-11-20,2025-11-20,18.06
1989-08-09,2025-11-20,2025-11-20,18.23
1989-08-10,2025-11-20,2025-11-20,18.58
1989-08-11,2025-11-20,2025-11-20,18.46
1989-08-14,2025-11-20,2025-11-20,18.6
1989-08-15,2025-11-20,2025-11-20,18.78
1989-08-16,2025-11-20,2025-11-20,18.99
1989-08-17,2025-11-20,2025-11-20,18.67
1989-08-18,2025-11-20,2025-11-20,18.82
1989-08-21,2025-11-20,2025-11-20,19.1
1989-08-22,2025-11-20,2025-11-20,19.01
1989-08-23,2025-11-20,2025-11-20,19.15
1989-08-24,2025-11-20,2025-11-20,19.02
1989-08-25,2025-11-20,2025-11-20,18.53
1989-08-28,2025-11-20,2025-11-20,18.69
1989-08-29,2025-11-20,2025-11-20,18.59
1989-08-30,2025-11-20,2025-11-20,18.85
1989-08-31,2025-11-20,2025-11-20,18.83
1989-09-01,2025-11-20,2025-11-20,18.88
1989-09-04,2025-11-20,2025-11-20,18.88
1989-09-05,2025-11-20,2025-11-20,19.08
1989-09-06,2025-11-20,2025-11-20,19.41
1989-09-07,2025-11-20,2025-11-20,19.4
1989-09-08,2025-11-20,2025-11-20,19.77
1989-09-11,2025-11-20,2025-11-20,19.77
1989-09-12,2025-11-20,2025-11-20,19.68
1989-09-13,2025-11-20,2025-11-20,19.87
1989-09-14,2025-11-20,2025-11-20,19.73
1989-09-15,2025-11-20,2025-11-20,19.96
1989-09-18,2025-11-20,2025-11-20,19.87
1989-09-19,2025-11-20,2025-11-20,19.68
1989-09-20,2025-11-20,2025-11-20,19.68
1989-09-21,2025-11-20,2025-11-20,19.69
1989-09-22,2025-11-20,2025-11-20,19.21
1989-09-25,2025-11-20,2025-11-20,19.49
1989-09-26,2025-11-20,2025-11-20,19.62
1989-09-27,2025-11-20,2025-11-20,19.61
1989-09-28,2025-11-20,2025-11-20,19.99
1989-09-29,2025-11-20,2025-11-20,20.15
1989-10-02,2025-11-20,2025-11-20,19.99
1989-10-03,2025-11-20,2025-11-20,20.15
1989-10-04,2025-11-20,2025-11-20,20.17
1989-10-05,2025-11-20,2025-11-20,19.95
1989-10-06,2025-11-20,2025-11-20,19.89
1989-10-09,2025-11-20,2025-11-20,20.04
1989-10-10,2025-11-20,2025-11-20,20.21
1989-10-11,2025-11-20,2025-11-20,20.18
1989-10-12,2025-11-20,2025-11-20,20.49
1989-10-13,2025-11-20,2025-11-20,20.91
1989-10-16,2025-11-20,2025-11-20,20.64
1989-10-17,2025-11-20,2025-11-20,20.68
1989-10-18,2025-11-20,2025-11-20,20.58
1989-10-19,2025-11-20,2025-11-20,20.37
1989-10-20,2025-11-20,2025-11-20,20.04
1989-10-23,2025-11-20,2025-11-20,19.67
1989-10-24,2025-11-20,2025-11-20,19.7
1989-10-25,2025-11-20,2025-11-20,19.6
1989-10-26,2025-11-20,2025-11-20,19.48
1989-10-27,2025-11-20,2025-11-20,19.79
1989-10-30,2025-11-20,2025-11-20,19.74
1989-10-31,2025-11-20,2025-11-20,19.88
1989-11-01,2025-11-20,2025-11-20,20.09
1989-11-02,2025-11-20,2025-11-20,20.01
1989-11-03,2025-11-20,2025-11-20,20.23
1989-11-06,2025-11-20,2025-11-20,20.06
1989-11-07,2025-11-20,2025-11-20,19.97
1989-11-08,2025-11-20,2025-11-20,19.97
1989-11-09,2025-11-20,2025-11-20,19.62
1989-11-10,2025-11-20,2025-11-20,19.84
1989-11-13,2025-11-20,2025-11-20,19.62
1989-11-14,2025-11-20,2025-11-20,19.58
1989-11-15,2025-11-20,2025-11-20,19.69
1989-11-16,2025-11-20,2025-11-20,19.88
1989-11-17,2025-11-20,2025-11-20,19.93
1989-11-20,2025-11-20,2025-11-20,20.13
1989-11-21,2025-11-20,2025-11-20,20.52
1989-11-22,2025-11-20,2025-11-20,19.8
1989-11-23,2025-11-20,2025-11-20,19.8
1989-11-24,2025-11-20,2025-11-20,19.84
1989-11-27,2025-11-20,2025-11-20,19.65
1989-11-28,2025-11-20,2025-11-20,19.33
1989-11-29,2025-11-20,2025-11-20,19.4
1989-11-30,2025-11-20,2025-11-20,19.87
1989-12-01,2025-11-20,2025-11-20,20.26
1989-12-04,2025-11-20,2025-11-20,20.24
1989-12-05,2025-11-20,2025-11-20,20.22
1989-12-06,2025-11-20,2025-11-20,20.46
1989-12-07,2025-11-20,2025-11-20,20.45
1989-12-08,2025-11-20,2025-11-20,20.41
1989-12-11,2025-11-20,2025-11-20,20.69
1989-12-12,2025-11-20,2025-11-20,20.8
1989-12-13,2025-11-20,2025-11-20,20.75
1989-12-14,2025-11-20,2025-11-20,20.67
1989-12-15,2025-11-20,2025-11-20,21.13
1989-12-18,2025-11-20,2025-11-20,22.2
1989-12-19,2025-11-20,2025-11-20,22.17
1989-12-20,2025-11-20,2025-11-20,21.58
1989-12-21,2025-11-20,2025-11-20,21.53
1989-12-22,2025-11-20,2025-11-20,21.31
1989-12-25,2025-11-20,2025-11-20,
1989-12-26,2025-11-20,2025-11-20,21.91
1989-12-27,2025-11-20,2025-11-20,21.78
1989-12-28,2025-11-20,2025-11-20,21.6
1989-12-29,2025-11-20,2025-11-20,21.84
1990-01-01,2025-11-20,2025-11-20,
1990-01-02,2025-11-20,2025-11-20,22.88
1990-01-03,2025-11-20,2025-11-20,23.81
1990-01-04,2025-11-20,2025-11-20,23.41
1990-01-05,2025-11-20,2025-11-20,23.07
1990-01-08,2025-11-20,2025-11-20,21.64
1990-01-09,2025-11-20,2025-11-20,22.25
1990-01-10,2025-11-20,2025-11-20,22.9
1990-01-11,2025-11-20,2025-11-20,23.15
1990-01-12,2025-11-20,2025-11-20,23.17
1990-01-15,2025-11-20,2025-11-20,22.36
1990-01-16,2025-11-20,2025-11-20,22.61
1990-01-17,2025-11-20,2025-11-20,22.11
1990-01-18,2025-11-20,2025-11-20,22.78
1990-01-19,2025-11-20,2025-11-20,23.7
1990-01-22,2025-11-20,2025-11-20,22.57
1990-01-23,2025-11-20,2025-11-20,22.34
1990-01-24,2025-11-20,2025-11-20,23.43
1990-01-25,2025-11-20,2025-11-20,24.48
1990-01-26,2025-11-20,2025-11-20,22.56
1990-01-29,2025-11-20,2025-11-20,22.79
1990-01-30,2025-11-20,2025-11-20,22.29
1990-01-31,2025-11-20,2025-11-20,22.69
1990-02-01,2025-11-20,2025-11-20,22.71
1990-02-02,2025-11-20,2025-11-20,23.04
1990-02-05,2025-11-20,2025-11-20,22.44
1990-02-06,2025-11-20,2025-11-20,22.36
1990-02-07,2025-11-20,2025-11-20,22.4
1990-02-08,2025-11-20,2025-11-20,22.11
1990-02-09,2025-11-20,2025-11-20,21.82
1990-02-12,2025-11-20,2025-11-20,22.02
1990-02-13,2025-11-20,2025-11-20,21.88
1990-02-14,2025-11-20,2025-11-20,22.12
1990-02-15,2025-11-20,2025-11-20,22.86
1990-02-16,2025-11-20,2025-11-20,22.46
1990-02-19,2025-11-20,2025-11-20,22.46
1990-02-20,2025-11-20,2025-11-20,22.2
1990-02-21,2025-11-20,2025-11-20,21.87
1990-02-22,2025-11-20,2025-11-20,21.4
1990-02-23,2025-11-20,2025-11-20,21.13
1990-02-26,2025-11-20,2025-11-20,21.81
1990-02-27,2025-11-20,2025-11-20,21.62
1990-02-28,2025-11-20,2025-11-20,21.55
1990-03-01,2025-11-20,2025-11-20,21.19
1990-03-02,2025-11-20,2025-11-20,21.36
1990-03-05,2025-11-20,2025-11-20,21.62
1990-03-06,2025-11-20,2025-11-20,21.3
1990-03-07,2025-11-20,2025-11-20,20.93
1990-03-08,2025-11-20,2025-11-20,20.8
1990-03-09,2025-11-20,2025-11-20,20.42
1990-03-12,2025-11-20,2025-11-20,20.26
1990-03-13,2025-11-20,2025-11-20,20.15
1990-03-14,2025-11-20,2025-11-20,20.07
1990-03-15,2025-11-20,2025-11-20,20.38
1990-03-16,2025-11-20,2025-11-20,20.09
1990-03-19,2025-11-20,2025-11-20,19.6
1990-03-20,2025-11-20,2025-11-20,19.34
1990-03-21,2025-11-20,2025-11-20,19.59
1990-03-22,2025-11-20,2025-11-20,19.85
1990-03-23,2025-11-20,2025-11-20,20.28
1990-03-26,2025-11-20,2025-11-20,20.48
1990-03-27,2025-11-20,2025-11-20,20.36
1990-03-28,2025-11-20,2025-11-20,20.09
1990-03-29,2025-11-20,2025-11-20,20.03
1990-03-30,2025-11-20,2025-11-20,20.34
1990-04-02,2025-11-20,2025-11-20,20.51
1990-04-03,2025-11-20,2025-11-20,20.23
1990-04-04,2025-11-20,2025-11-20,19.78
1990-04-05,2025-11-20,2025-11-20,19.48
1990-04-06,2025-11-20,2025-11-20,19.15
1990-04-09,2025-11-20,2025-11-20,18.32
1990-04-10,2025-11-20,2025-11-20,17.56
1990-04-11,2025-11-20,2025-11-20,18.19
1990-04-12,2025-11-20,2025-11-20,17.76
1990-04-13,2025-11-20,2025-11-20,
1990-04-16,2025-11-20,2025-11-20,17.87
1990-04-17,2025-11-20,2025-11-20,17.37
1990-04-18,2025-11-20,2025-11-20,16.95
1990-04-19,2025-11-20,2025-11-20,17.93
1990-04-20,2025-11-20,2025-11-20,17.9
1990-04-23,2025-11-20,2025-11-20,18.6
1990-04-24,2025-11-20,2025-11-20,17.85
1990-04-25,2025-11-20,2025-11-20,17.49
1990-04-26,2025-11-20,2025-11-20,18.5
1990-04-27,2025-11-20,2025-11-20,18.57
1990-04-30,2025-11-20,2025-11-20,18.5
1990-05-01,2025-11-20,2025-11-20,18.76
1990-05-02,2025-11-20,2025-11-20,18.63
1990-05-03,2025-11-20,2025-11-20,17.98
1990-05-04,2025-11-20,2025-11-20,17.98
1990-05-07,2025-11-20,2025-11-20,18.3
1990-05-08,2025-11-20,2025-11-20,18.26
1990-05-09,2025-11-20,2025-11-20,19.01
1990-05-10,2025-11-20,2025-11-20,19.03
1990-05-11,2025-11-20,2025-11-20,18.96
1990-05-14,2025-11-20,2025-11-20,19.73
1990-05-15,2025-11-20,2025-11-20,19.52
1990-05-16,2025-11-20,2025-11-20,19.05
1990-05-17,2025-11-20,2025-11-20,18.89
1990-05-18,2025-11-20,2025-11-20,18.78
1990-05-21,2025-11-20,2025-11-20,18.26
1990-05-22,2025-11-20,2025-11-20,17.51
1990-05-23,2025-11-20,2025-11-20,16.25
1990-05-24,2025-11-20,2025-11-20,16.02
1990-05-25,2025-11-20,2025-11-20,16.12
1990-05-28,2025-11-20,2025-11-20,
1990-05-29,2025-11-20,2025-11-20,18.0
1990-05-30,2025-11-20,2025-11-20,17.88
1990-05-31,2025-11-20,2025-11-20,17.47
1990-06-01,2025-11-20,2025-11-20,17.51
1990-06-04,2025-11-20,2025-11-20,17.09
1990-06-05,2025-11-20,2025-11-20,16.41
1990-06-06,2025-11-20,2025-11-20,16.91
1990-06-07,2025-11-20,2025-11-20,16.65
1990-06-08,2025-11-20,2025-11-20,16.78
1990-06-11,2025-11-20,2025-11-20,16.82
1990-06-12,2025-11-20,2025-11-20,17.39
1990-06-13,2025-11-20,2025-11-20,17.6
1990-06-14,2025-11-20,2025-11-20,17.11
1990-06-15,2025-11-20,2025-11-20,16.64
1990-06-18,2025-11-20,2025-11-20,15.92
1990-06-19,2025-11-20,2025-11-20,15.55
1990-06-20,2025-11-20,2025-11-20,15.43
1990-06-21,2025-11-20,2025-11-20,16.09
1990-06-22,2025-11-20,2025-11-20,16.5
1990-06-25,2025-11-20,2025-11-20,16.15
1990-06-26,2025-11-20,2025-11-20,17.12
1990-06-27,2025-11-20,2025-11-20,16.7
1990-06-28,2025-11-20,2025-11-20,17.18
1990-06-29,2025-11-20,2025-11-20,17.05
1990-07-02,2025-11-20,2025-11-20,16.94
1990-07-03,2025-11-20,2025-11-20,16.73
1990-07-04,2025-11-20,2025-11-20,16.73
1990-07-05,2025-11-20,2025-11-20,16.5
1990-07-06,2025-11-20,2025-11-20,16.49
1990-07-09,2025-11-20,2025-11-20,16.63
1990-07-10,2025-11-20,2025-11-20,17.05
1990-07-11,2025-11-20,2025-11-20,17.45
1990-07-12,2025-11-20,2025-11-20,18.69
1990-07-13,2025-11-20,2025-11-20,18.37
1990-07-16,2025-11-20,2025-11-20,18.67
1990-07-17,2025-11-20,2025-11-20,18.23
1990-07-18,2025-11-20,2025-11-20,18.57
1990-07-19,2025-11-20,2025-11-20,19.07
1990-07-20,2025-11-20,2025-11-20,19.61
1990-07-23,2025-11-20,2025-11-20,19.88
1990-07-24,2025-11-20,2025-11-20,19.84
1990-07-25,2025-11-20,2025-11-20,19.33
1990-07-26,2025-11-20,2025-11-20,20.33
1990-07-27,2025-11-20,2025-11-20,20.07
1990-07-30,2025-11-20,2025-11-20,20.24
1990-07-31,2025-11-20,2025-11-20,20.57
1990-08-01,2025-11-20,2025-11-20,21.59
1990-08-02,2025-11-20,2025-11-20,23.71
1990-08-03,2025-11-20,2025-11-20,23.79
1990-08-06,2025-11-20,2025-11-20,28.73
1990-08-07,2025-11-20,2025-11-20,29.6
1990-08-08,2025-11-20,2025-11-20,26.19
1990-08-09,2025-11-20,2025-11-20,25.69
1990-08-10,2025-11-20,2025-11-20,26.38
1990-08-13,2025-11-20,2025-11-20,27.07
1990-08-14,2025-11-20,2025-11-20,26.7
1990-08-15,2025-11-20,2025-11-20,26.54
1990-08-16,2025-11-20,2025-11-20,27.4
1990-08-17,2025-11-20,2025-11-20,28.65
1990-08-20,2025-11-20,2025-11-20,28.63
1990-08-21,2025-11-20,2025-11-20,28.46
1990-08-22,2025-11-20,2025-11-20,30.52
1990-08-23,2025-11-20,2025-11-20,31.67
1990-08-24,2025-11-20,2025-11-20,31.1
1990-08-27,2025-11-20,2025-11-20,27.36
1990-08-28,2025-11-20,2025-11-20,27.73
1990-08-29,2025-11-20,2025-11-20,26.15
1990-08-30,2025-11-20,2025-11-20,26.96
1990-08-31,2025-11-20,2025-11-20,27.45
1990-09-03,2025-11-20,2025-11-20,27.45
1990-09-04,2025-11-20,2025-11-20,29.3
1990-09-05,2025-11-20,2025-11-20,30.0
1990-09-06,2025-11-20,2025-11-20,31.51
1990-09-07,2025-11-20,2025-11-20,30.09
1990-09-10,2025-11-20,2025-11-20,30.83
1990-09-11,2025-11-20,2025-11-20,30.29
1990-09-12,2025-11-20,2025-11-20,30.85
1990-09-13,2025-11-20,2025-11-20,31.2
1990-09-14,2025-11-20,2025-11-20,31.79
1990-09-17,2025-11-20,2025-11-20,33.73
1990-09-18,2025-11-20,2025-11-20,33.48
1990-09-19,2025-11-20,2025-11-20,33.18
1990-09-20,2025-11-20,2025-11-20,34.44
1990-09-21,2025-11-20,2025-11-20,36.21
1990-09-24,2025-11-20,2025-11-20,39.05
1990-09-25,2025-11-20,2025-11-20,38.33
1990-09-26,2025-11-20,2025-11-20,39.12
1990-09-27,2025-11-20,2025-11-20,39.77
1990-09-28,2025-11-20,2025-11-20,39.53
1990-10-01,2025-11-20,2025-11-20,37.08
1990-10-02,2025-11-20,2025-11-20,34.43
1990-10-03,2025-11-20,2025-11-20,37.04
1990-10-04,2025-11-20,2025-11-20,36.76
1990-10-05,2025-11-20,2025-11-20,37.87
1990-10-08,2025-11-20,2025-11-20,38.88
1990-10-09,2025-11-20,2025-11-20,40.73
1990-10-10,2025-11-20,2025-11-20,39.3
1990-10-11,2025-11-20,2025-11-20,41.07
1990-10-12,2025-11-20,2025-11-20,39.42
1990-10-15,2025-11-20,2025-11-20,38.0
1990-10-16,2025-11-20,2025-11-20,39.34
1990-10-17,2025-11-20,2025-11-20,36.03
1990-10-18,2025-11-20,2025-11-20,37.03
1990-10-19,2025-11-20,2025-11-20,33.82
1990-10-22,2025-11-20,2025-11-20,28.46
1990-10-23,2025-11-20,2025-11-20,29.95
1990-10-24,2025-11-20,2025-11-20,30.8
1990-10-25,2025-11-20,2025-11-20,34.35
1990-10-26,2025-11-20,2025-11-20,33.03
1990-10-29,2025-11-20,2025-11-20,35.28
1990-10-30,2025-11-20,2025-11-20,34.93
1990-10-31,2025-11-20,2025-11-20,35.31
1990-11-01,2025-11-20,2025-11-20,35.3
1990-11-02,2025-11-20,2025-11-20,33.95
1990-11-05,2025-11-20,2025-11-20,32.05
1990-11-06,2025-11-20,2025-11-20,32.41
1990-11-07,2025-11-20,2025-11-20,35.48
1990-11-08,2025-11-20,2025-11-20,35.61
1990-11-09,2025-11-20,2025-11-20,33.91
1990-11-12,2025-11-20,2025-11-20,32.08
1990-11-13,2025-11-20,2025-11-20,33.3
1990-11-14,2025-11-20,2025-11-20,31.18
1990-11-15,2025-11-20,2025-11-20,31.05
1990-11-16,2025-11-20,2025-11-20,29.91
1990-11-19,2025-11-20,2025-11-20,31.45
1990-11-20,2025-11-20,2025-11-20,29.5
1990-11-21,2025-11-20,2025-11-20,30.08
1990-11-22,2025-11-20,2025-11-20,30.08
1990-11-23,2025-11-20,2025-11-20,32.35
1990-11-26,2025-11-20,2025-11-20,33.28
1990-11-27,2025-11-20,2025-11-20,33.05
1990-11-28,2025-11-20,2025-11-20,33.28
1990-11-29,2025-11-20,2025-11-20,32.93
1990-11-30,2025-11-20,2025-11-20,29.08
1990-12-03,2025-11-20,2025-11-20,29.4
1990-12-04,2025-11-20,2025-11-20,29.05
1990-12-05,2025-11-20,2025-11-20,27.18
1990-12-06,2025-11-20,2025-11-20,26.35
1990-12-07,2025-11-20,2025-11-20,26.61
1990-12-10,2025-11-20,2025-11-20,27.08
1990-12-11,2025-11-20,2025-11-20,26.5
1990-12-12,2025-11-20,2025-11-20,25.3
1990-12-13,2025-11-20,2025-11-20,26.45
1990-12-14,2025-11-20,2025-11-20,26.6
1990-12-17,2025-11-20,2025-11-20,27.1
1990-12-18,2025-11-20,2025-11-20,27.85
1990-12-19,2025-11-20,2025-11-20,28.26
1990-12-20,2025-11-20,2025-11-20,27.5
1990-12-21,2025-11-20,2025-11-20,27.08
1990-12-24,2025-11-20,2025-11-20,26.95
1990-12-25,2025-11-20,2025-11-20,
1990-12-26,2025-11-20,2025-11-20,27.35
1990-12-27,2025-11-20,2025-11-20,26.95
1990-12-28,2025-11-20,2025-11-20,27.58
1990-12-31,2025-11-20,2025-11-20,28.48
1991-01-01,2025-11-20,2025-11-20,
1991-01-02,2025-11-20,2025-11-20,26.53
1991-01-03,2025-11-20,2025-11-20,25.61
1991-01-04,2025-11-20,2025-11-20,24.88
1991-01-07,2025-11-20,2025-11-20,27.25
1991-01-08,2025-11-20,2025-11-20,27.5
1991-01-09,2025-11-20,2025-11-20,28.0
1991-01-10,2025-11-20,2025-11-20,27.55
1991-01-11,2025-11-20,2025-11-20,27.43
1991-01-14,2025-11-20,2025-11-20,30.13
1991-01-15,2025-11-20,2025-11-20,30.35
1991-01-16,2025-11-20,2025-11-20,32.25
1991-01-17,2025-11-20,2025-11-20,21.48
1991-01-18,2025-11-20,2025-11-20,20.05
1991-01-21,2025-11-20,2025-11-20,21.63
1991-01-22,2025-11-20,2025-11-20,24.91
1991-01-23,2025-11-20,2025-11-20,24.08
1991-01-24,2025-11-20,2025-11-20,25.63
1991-01-25,2025-11-20,2025-11-20,24.15
1991-01-28,2025-11-20,2025-11-20,21.03
1991-01-29,2025-11-20,2025-11-20,21.73
1991-01-30,2025-11-20,2025-11-20,21.08
1991-01-31,2025-11-20,2025-11-20,21.9
1991-02-01,2025-11-20,2025-11-20,21.33
1991-02-04,2025-11-20,2025-11-20,21.23
1991-02-05,2025-11-20,2025-11-20,20.7
1991-02-06,2025-11-20,2025-11-20,21.48
1991-02-07,2025-11-20,2025-11-20,21.33
1991-02-08,2025-11-20,2025-11-20,21.78
1991-02-11,2025-11-20,2025-11-20,22.44
1991-02-12,2025-11-20,2025-11-20,22.78
1991-02-13,2025-11-20,2025-11-20,22.38
1991-02-14,2025-11-20,2025-11-20,22.25
1991-02-15,2025-11-20,2025-11-20,20.73
1991-02-18,2025-11-20,2025-11-20,20.73
1991-02-19,2025-11-20,2025-11-20,20.08
1991-02-20,2025-11-20,2025-11-20,20.18
1991-02-21,2025-11-20,2025-11-20,18.48
1991-02-22,2025-11-20,2025-11-20,17.43
1991-02-25,2025-11-20,2025-11-20,17.43
1991-02-26,2025-11-20,2025-11-20,18.48
1991-02-27,2025-11-20,2025-11-20,19.03
1991-02-28,2025-11-20,2025-11-20,19.28
1991-03-01,2025-11-20,2025-11-20,19.43
1991-03-04,2025-11-20,2025-11-20,20.33
1991-03-05,2025-11-20,2025-11-20,20.5
1991-03-06,2025-11-20,2025-11-20,19.78
1991-03-07,2025-11-20,2025-11-20,19.33
1991-03-08,2025-11-20,2025-11-20,19.34
1991-03-11,2025-11-20,2025-11-20,19.0
1991-03-12,2025-11-20,2025-11-20,20.06
1991-03-13,2025-11-20,2025-11-20,20.48
1991-03-14,2025-11-20,2025-11-20,20.05
1991-03-15,2025-11-20,2025-11-20,19.88
1991-03-18,2025-11-20,2025-11-20,19.78
1991-03-19,2025-11-20,2025-11-20,20.68
1991-03-20,2025-11-20,2025-11-20,20.4
1991-03-21,2025-11-20,2025-11-20,20.78
1991-03-22,2025-11-20,2025-11-20,19.88
1991-03-25,2025-11-20,2025-11-20,19.47
1991-03-26,2025-11-20,2025-11-20,19.78
1991-03-27,2025-11-20,2025-11-20,19.45
1991-03-28,2025-11-20,2025-11-20,19.63
1991-03-29,2025-11-20,2025-11-20,
1991-04-01,2025-11-20,2025-11-20,19.28
1991-04-02,2025-11-20,2025-11-20,19.38
1991-04-03,2025-11-20,2025-11-20,19.48
1991-04-04,2025-11-20,2025-11-20,19.98
1991-04-05,2025-11-20,2025-11-20,20.03
1991-04-08,2025-11-20,2025-11-20,20.28
1991-04-09,2025-11-20,2025-11-20,20.58
1991-04-10,2025-11-20,2025-11-20,21.08
1991-04-11,2025-11-20,2025-11-20,20.98
1991-04-12,2025-11-20,2025-11-20,21.54
1991-04-15,2025-11-20,2025-11-20,21.85
1991-04-16,2025-11-20,2025-11-20,21.6
1991-04-17,2025-11-20,2025-11-20,21.73
1991-04-18,2025-11-20,2025-11-20,21.08
1991-04-19,2025-11-20,2025-11-20,21.16
1991-04-22,2025-11-20,2025-11-20,21.68
1991-04-23,2025-11-20,2025-11-20,21.03
1991-04-24,2025-11-20,2025-11-20,21.0
1991-04-25,2025-11-20,2025-11-20,20.95
1991-04-26,2025-11-20,2025-11-20,21.28
1991-04-29,2025-11-20,2025-11-20,21.3
1991-04-30,2025-11-20,2025-11-20,20.99
1991-05-01,2025-11-20,2025-11-20,21.28
1991-05-02,2025-11-20,2025-11-20,21.17
1991-05-03,2025-11-20,2025-11-20,21.43
1991-05-06,2025-11-20,2025-11-20,21.73
1991-05-07,2025-11-20,2025-11-20,21.72
1991-05-08,2025-11-20,2025-11-20,21.83
1991-05-09,2025-11-20,2025-11-20,21.92
1991-05-10,2025-11-20,2025-11-20,21.25
1991-05-13,2025-11-20,2025-11-20,20.89
1991-05-14,2025-11-20,2025-11-20,20.73
1991-05-15,2025-11-20,2025-11-20,21.04
1991-05-16,2025-11-20,2025-11-20,20.91
1991-05-17,2025-11-20,2025-11-20,21.19
1991-05-20,2025-11-20,2025-11-20,21.39
1991-05-21,2025-11-20,2025-11-20,20.95
1991-05-22,2025-11-20,2025-11-20,20.85
1991-05-23,2025-11-20,2025-11-20,20.95
1991-05-24,2025-11-20,2025-11-20,21.04
1991-05-27,2025-11-20,2025-11-20,
1991-05-28,2025-11-20,2025-11-20,21.34
1991-05-29,2025-11-20,2025-11-20,21.04
1991-05-30,2025-11-20,2025-11-20,21.3
1991-05-31,2025-11-20,2025-11-20,21.16
1991-06-03,2025-11-20,2025-11-20,21.16
1991-06-04,2025-11-20,2025-11-20,20.9
1991-06-05,2025-11-20,2025-11-20,20.45
1991-06-06,2025-11-20,2025-11-20,20.38
1991-06-07,2025-11-20,2025-11-20,20.28
1991-06-10,2025-11-20,2025-11-20,19.84
1991-06-11,2025-11-20,2025-11-20,19.85
1991-06-12,2025-11-20,2025-11-20,20.08
1991-06-13,2025-11-20,2025-11-20,19.71
1991-06-14,2025-11-20,2025-11-20,19.7
1991-06-17,2025-11-20,2025-11-20,19.97
1991-06-18,2025-11-20,2025-11-20,20.11
1991-06-19,2025-11-20,2025-11-20,19.99
1991-06-20,2025-11-20,2025-11-20,20.22
1991-06-21,2025-11-20,2025-11-20,20.1
1991-06-24,2025-11-20,2025-11-20,19.92
1991-06-25,2025-11-20,2025-11-20,20.03
1991-06-26,2025-11-20,2025-11-20,20.12
1991-06-27,2025-11-20,2025-11-20,20.41
1991-06-28,2025-11-20,2025-11-20,20.56
1991-07-01,2025-11-20,2025-11-20,20.78
1991-07-02,2025-11-20,2025-11-20,20.92
1991-07-03,2025-11-20,2025-11-20,20.69
1991-07-04,2025-11-20,2025-11-20,20.69
1991-07-05,2025-11-20,2025-11-20,20.91
1991-07-08,2025-11-20,2025-11-20,21.29
1991-07-09,2025-11-20,2025-11-20,21.35
1991-07-10,2025-11-20,2025-11-20,21.43
1991-07-11,2025-11-20,2025-11-20,21.32
1991-07-12,2025-11-20,2025-11-20,21.74
1991-07-15,2025-11-20,2025-11-20,21.5
1991-07-16,2025-11-20,2025-11-20,21.7
1991-07-17,2025-11-20,2025-11-20,22.2
1991-07-18,2025-11-20,2025-11-20,21.97
1991-07-19,2025-11-20,2025-11-20,22.16
1991-07-22,2025-11-20,2025-11-20,21.74
1991-07-23,2025-11-20,2025-11-20,21.25
1991-07-24,2025-11-20,2025-11-20,21.41
1991-07-25,2025-11-20,2025-11-20,21.11
1991-07-26,2025-11-20,2025-11-20,21.48
1991-07-29,2025-11-20,2025-11-20,21.38
1991-07-30,2025-11-20,2025-11-20,21.55
1991-07-31,2025-11-20,2025-11-20,21.7
1991-08-01,2025-11-20,2025-11-20,21.33
1991-08-02,2025-11-20,2025-11-20,21.35
1991-08-05,2025-11-20,2025-11-20,21.5
1991-08-06,2025-11-20,2025-11-20,21.39
1991-08-07,2025-11-20,2025-11-20,21.38
1991-08-08,2025-11-20,2025-11-20,21.6
1991-08-09,2025-11-20,2025-11-20,21.64
1991-08-12,2025-11-20,2025-11-20,21.71
1991-08-13,2025-11-20,2025-11-20,21.52
1991-08-14,2025-11-20,2025-11-20,21.3
1991-08-15,2025-11-20,2025-11-20,21.39
1991-08-16,2025-11-20,2025-11-20,21.29
1991-08-19,2025-11-20,2025-11-20,22.5
1991-08-20,2025-11-20,2025-11-20,22.3
1991-08-21,2025-11-20,2025-11-20,21.44
1991-08-22,2025-11-20,2025-11-20,21.93
1991-08-23,2025-11-20,2025-11-20,21.78
1991-08-26,2025-11-20,2025-11-20,21.98
1991-08-27,2025-11-20,2025-11-20,21.86
1991-08-28,2025-11-20,2025-11-20,21.77
1991-08-29,2025-11-20,2025-11-20,22.02
1991-08-30,2025-11-20,2025-11-20,22.28
1991-09-02,2025-11-20,2025-11-20,
1991-09-03,2025-11-20,2025-11-20,22.28
1991-09-04,2025-11-20,2025-11-20,21.76
1991-09-05,2025-11-20,2025-11-20,21.75
1991-09-06,2025-11-20,2025-11-20,21.56
1991-09-09,2025-11-20,2025-11-20,21.36
1991-09-10,2025-11-20,2025-11-20,21.44
1991-09-11,2025-11-20,2025-11-20,21.66
1991-09-12,2025-11-20,2025-11-20,21.51
1991-09-13,2025-11-20,2025-11-20,21.71
1991-09-16,2025-11-20,2025-11-20,21.84
1991-09-17,2025-11-20,2025-11-20,21.73
1991-09-18,2025-11-20,2025-11-20,21.87
1991-09-19,2025-11-20,2025-11-20,21.79
1991-09-20,2025-11-20,2025-11-20,22.02
1991-09-23,2025-11-20,2025-11-20,22.2
1991-09-24,2025-11-20,2025-11-20,22.24
1991-09-25,2025-11-20,2025-11-20,22.11
1991-09-26,2025-11-20,2025-11-20,22.23
1991-09-27,2025-11-20,2025-11-20,22.42
1991-09-30,2025-11-20,2025-11-20,22.25
1991-10-01,2025-11-20,2025-11-20,22.1
1991-10-02,2025-11-20,2025-11-20,22.34
1991-10-03,2025-11-20,2025-11-20,22.7
1991-10-04,2025-11-20,2025-11-20,22.64
1991-10-07,2025-11-20,2025-11-20,22.99
1991-10-08,2025-11-20,2025-11-20,23.02
1991-10-09,2025-11-20,2025-11-20,23.18
1991-10-10,2025-11-20,2025-11-20,23.01
1991-10-11,2025-11-20,2025-11-20,23.19
1991-10-14,2025-11-20,2025-11-20,23.48
1991-10-15,2025-11-20,2025-11-20,23.89
1991-10-16,2025-11-20,2025-11-20,23.67
1991-10-17,2025-11-20,2025-11-20,23.96
1991-10-18,2025-11-20,2025-11-20,24.12
1991-10-21,2025-11-20,2025-11-20,24.03
1991-10-22,2025-11-20,2025-11-20,23.47
1991-10-23,2025-11-20,2025-11-20,23.14
1991-10-24,2025-11-20,2025-11-20,23.47
1991-10-25,2025-11-20,2025-11-20,23.18
1991-10-28,2025-11-20,2025-11-20,23.24
1991-10-29,2025-11-20,2025-11-20,23.09
1991-10-30,2025-11-20,2025-11-20,23.11
1991-10-31,2025-11-20,2025-11-20,23.29
1991-11-01,2025-11-20,2025-11-20,23.85
1991-11-04,2025-11-20,2025-11-20,23.82
1991-11-05,2025-11-20,2025-11-20,23.78
1991-11-06,2025-11-20,2025-11-20,23.44
1991-11-07,2025-11-20,2025-11-20,23.29
1991-11-08,2025-11-20,2025-11-20,23.0
1991-11-11,2025-11-20,2025-11-20,22.66
1991-11-12,2025-11-20,2025-11-20,22.58
1991-11-13,2025-11-20,2025-11-20,22.28
1991-11-14,2025-11-20,2025-11-20,22.55
1991-11-15,2025-11-20,2025-11-20,22.79
1991-11-18,2025-11-20,2025-11-20,22.38
1991-11-19,2025-11-20,2025-11-20,21.88
1991-11-20,2025-11-20,2025-11-20,22.17
1991-11-21,2025-11-20,2025-11-20,21.93
1991-11-22,2025-11-20,2025-11-20,21.85
1991-11-25,2025-11-20,2025-11-20,22.15
1991-11-26,2025-11-20,2025-11-20,21.04
1991-11-27,2025-11-20,2025-11-20,21.38
1991-11-28,2025-11-20,2025-11-20,21.38
1991-11-29,2025-11-20,2025-11-20,21.48
1991-12-02,2025-11-20,2025-11-20,21.1
1991-12-03,2025-11-20,2025-11-20,20.61
1991-12-04,2025-11-20,2025-11-20,20.75
1991-12-05,2025-11-20,2025-11-20,20.42
1991-12-06,2025-11-20,2025-11-20,19.87
1991-12-09,2025-11-20,2025-11-20,19.39
1991-12-10,2025-11-20,2025-11-20,19.24
1991-12-11,2025-11-20,2025-11-20,19.54
1991-12-12,2025-11-20,2025-11-20,19.94
1991-12-13,2025-11-20,2025-11-20,20.09
1991-12-16,2025-11-20,2025-11-20,19.78
1991-12-17,2025-11-20,2025-11-20,19.45
1991-12-18,2025-11-20,2025-11-20,19.39
1991-12-19,2025-11-20,2025-11-20,19.12
1991-12-20,2025-11-20,2025-11-20,18.28
1991-12-23,2025-11-20,2025-11-20,18.58
1991-12-24,2025-11-20,2025-11-20,18.68
1991-12-25,2025-11-20,2025-11-20,
1991-12-26,2025-11-20,2025-11-20,18.63
1991-12-27,2025-11-20,2025-11-20,18.82
1991-12-30,2025-11-20,2025-11-20,18.63
1991-12-31,2025-11-20,2025-11-20,19.15
1992-01-01,2025-11-20,2025-11-20,
1992-01-02,2025-11-20,2025-11-20,19.43
1992-01-03,2025-11-20,2025-11-20,19.22
1992-01-06,2025-11-20,2025-11-20,19.24
1992-01-07,2025-11-20,2025-11-20,18.72
1992-01-08,2025-11-20,2025-11-20,17.95
1992-01-09,2025-11-20,2025-11-20,17.89
1992-01-10,2025-11-20,2025-11-20,18.26
1992-01-13,2025-11-20,2025-11-20,18.77
1992-01-14,2025-11-20,2025-11-20,18.4
1992-01-15,2025-11-20,2025-11-20,18.83
1992-01-16,2025-11-20,2025-11-20,18.94
1992-01-17,2025-11-20,2025-11-20,19.11
1992-01-20,2025-11-20,2025-11-20,18.92
1992-01-21,2025-11-20,2025-11-20,18.5
1992-01-22,2025-11-20,2025-11-20,18.73
1992-01-23,2025-11-20,2025-11-20,18.38
1992-01-24,2025-11-20,2025-11-20,18.75
1992-01-27,2025-11-20,2025-11-20,19.35
1992-01-28,2025-11-20,2025-11-20,19.09
1992-01-29,2025-11-20,2025-11-20,18.92
1992-01-30,2025-11-20,2025-11-20,18.95
1992-01-31,2025-11-20,2025-11-20,18.93
1992-02-03,2025-11-20,2025-11-20,18.97
1992-02-04,2025-11-20,2025-11-20,19.26
1992-02-05,2025-11-20,2025-11-20,19.5
1992-02-06,2025-11-20,2025-11-20,19.48
1992-02-07,2025-11-20,2025-11-20,19.91
1992-02-10,2025-11-20,2025-11-20,19.69
1992-02-11,2025-11-20,2025-11-20,19.36
1992-02-12,2025-11-20,2025-11-20,19.29
1992-02-13,2025-11-20,2025-11-20,19.7
1992-02-14,2025-11-20,2025-11-20,19.42
1992-02-17,2025-11-20,2025-11-20,19.42
1992-02-18,2025-11-20,2025-11-20,18.14
1992-02-19,2025-11-20,2025-11-20,18.42
1992-02-20,2025-11-20,2025-11-20,18.52
1992-02-21,2025-11-20,2025-11-20,18.6
1992-02-24,2025-11-20,2025-11-20,18.37
1992-02-25,2025-11-20,2025-11-20,18.3
1992-02-26,2025-11-20,2025-11-20,18.44
1992-02-27,2025-11-20,2025-11-20,18.77
1992-02-28,2025-11-20,2025-11-20,18.69
1992-03-02,2025-11-20,2025-11-20,18.36
1992-03-03,2025-11-20,2025-11-20,18.67
1992-03-04,2025-11-20,2025-11-20,18.62
1992-03-05,2025-11-20,2025-11-20,18.58
1992-03-06,2025-11-20,2025-11-20,18.53
1992-03-09,2025-11-20,2025-11-20,18.65
1992-03-10,2025-11-20,2025-11-20,18.62
1992-03-11,2025-11-20,2025-11-20,18.5
1992-03-12,2025-11-20,2025-11-20,18.86
1992-03-13,2025-11-20,2025-11-20,19.16
1992-03-16,2025-11-20,2025-11-20,19.15
1992-03-17,2025-11-20,2025-11-20,19.27
1992-03-18,2025-11-20,2025-11-20,19.05
1992-03-19,2025-11-20,2025-11-20,19.27
1992-03-20,2025-11-20,2025-11-20,18.78
1992-03-23,2025-11-20,2025-11-20,18.91
1992-03-24,2025-11-20,2025-11-20,19.06
1992-03-25,2025-11-20,2025-11-20,19.0
1992-03-26,2025-11-20,2025-11-20,19.31
1992-03-27,2025-11-20,2025-11-20,19.19
1992-03-30,2025-11-20,2025-11-20,19.25
1992-03-31,2025-11-20,2025-11-20,19.49
1992-04-01,2025-11-20,2025-11-20,19.85
1992-04-02,2025-11-20,2025-11-20,19.79
1992-04-03,2025-11-20,2025-11-20,20.25
1992-04-06,2025-11-20,2025-11-20,20.44
1992-04-07,2025-11-20,2025-11-20,20.29
1992-04-08,2025-11-20,2025-11-20,20.64
1992-04-09,2025-11-20,2025-11-20,20.33
1992-04-10,2025-11-20,2025-11-20,20.45
1992-04-13,2025-11-20,2025-11-20,20.24
1992-04-14,2025-11-20,2025-11-20,19.81
1992-04-15,2025-11-20,2025-11-20,19.93
1992-04-16,2025-11-20,2025-11-20,20.25
1992-04-17,2025-11-20,2025-11-20,
1992-04-20,2025-11-20,2025-11-20,20.26
1992-04-21,2025-11-20,2025-11-20,20.17
1992-04-22,2025-11-20,2025-11-20,19.92
1992-04-23,2025-11-20,2025-11-20,19.91
1992-04-24,2025-11-20,2025-11-20,20.05
1992-04-27,2025-11-20,2025-11-20,20.31
1992-04-28,2025-11-20,2025-11-20,20.29
1992-04-29,2025-11-20,2025-11-20,20.77
1992-04-30,2025-11-20,2025-11-20,20.88
1992-05-01,2025-11-20,2025-11-20,20.88
1992-05-04,2025-11-20,2025-11-20,21.13
1992-05-05,2025-11-20,2025-11-20,20.78
1992-05-06,2025-11-20,2025-11-20,20.79
1992-05-07,2025-11-20,2025-11-20,20.73
1992-05-08,2025-11-20,2025-11-20,20.85
1992-05-11,2025-11-20,2025-11-20,21.02
1992-05-12,2025-11-20,2025-11-20,20.98
1992-05-13,2025-11-20,2025-11-20,20.75
1992-05-14,2025-11-20,2025-11-20,20.56
1992-05-15,2025-11-20,2025-11-20,20.7
1992-05-18,2025-11-20,2025-11-20,20.54
1992-05-19,2025-11-20,2025-11-20,20.12
1992-05-20,2025-11-20,2025-11-20,20.2
1992-05-21,2025-11-20,2025-11-20,20.79
1992-05-22,2025-11-20,2025-11-20,20.79
1992-05-25,2025-11-20,2025-11-20,
1992-05-26,2025-11-20,2025-11-20,21.8
1992-05-27,2025-11-20,2025-11-20,22.0
1992-05-28,2025-11-20,2025-11-20,21.97
1992-05-29,2025-11-20,2025-11-20,22.13
1992-06-01,2025-11-20,2025-11-20,22.07
1992-06-02,2025-11-20,2025-11-20,22.2
1992-06-03,2025-11-20,2025-11-20,22.45
1992-06-04,2025-11-20,2025-11-20,22.53
1992-06-05,2025-11-20,2025-11-20,22.65
1992-06-08,2025-11-20,2025-11-20,22.43
1992-06-09,2025-11-20,2025-11-20,22.23
1992-06-10,2025-11-20,2025-11-20,22.49
1992-06-11,2025-11-20,2025-11-20,22.33
1992-06-12,2025-11-20,2025-11-20,22.28
1992-06-15,2025-11-20,2025-11-20,22.38
1992-06-16,2025-11-20,2025-11-20,22.23
1992-06-17,2025-11-20,2025-11-20,22.3
1992-06-18,2025-11-20,2025-11-20,22.23
1992-06-19,2025-11-20,2025-11-20,22.16
1992-06-22,2025-11-20,2025-11-20,22.47
1992-06-23,2025-11-20,2025-11-20,22.74
1992-06-24,2025-11-20,2025-11-20,23.03
1992-06-25,2025-11-20,2025-11-20,22.73
1992-06-26,2025-11-20,2025-11-20,22.42
1992-06-29,2025-11-20,2025-11-20,22.27
1992-06-30,2025-11-20,2025-11-20,21.84
1992-07-01,2025-11-20,2025-11-20,21.9
1992-07-02,2025-11-20,2025-11-20,22.08
1992-07-03,2025-11-20,2025-11-20,22.08
1992-07-06,2025-11-20,2025-11-20,21.87
1992-07-07,2025-11-20,2025-11-20,21.51
1992-07-08,2025-11-20,2025-11-20,21.38
1992-07-09,2025-11-20,2025-11-20,21.38
1992-07-10,2025-11-20,2025-11-20,21.25
1992-07-13,2025-11-20,2025-11-20,21.38
1992-07-14,2025-11-20,2025-11-20,21.42
1992-07-15,2025-11-20,2025-11-20,21.73
1992-07-16,2025-11-20,2025-11-20,21.8
1992-07-17,2025-11-20,2025-11-20,21.56
1992-07-20,2025-11-20,2025-11-20,21.78
1992-07-21,2025-11-20,2025-11-20,21.91
1992-07-22,2025-11-20,2025-11-20,21.99
1992-07-23,2025-11-20,2025-11-20,22.11
1992-07-24,2025-11-20,2025-11-20,21.95
1992-07-27,2025-11-20,2025-11-20,22.09
1992-07-28,2025-11-20,2025-11-20,22.03
1992-07-29,2025-11-20,2025-11-20,21.98
1992-07-30,2025-11-20,2025-11-20,21.82
1992-07-31,2025-11-20,2025-11-20,21.83
1992-08-03,2025-11-20,2025-11-20,21.6
1992-08-04,2025-11-20,2025-11-20,21.23
1992-08-05,2025-11-20,2025-11-20,21.18
1992-08-06,2025-11-20,2025-11-20,21.41
1992-08-07,2025-11-20,2025-11-20,21.27
1992-08-10,2025-11-20,2025-11-20,21.12
1992-08-11,2025-11-20,2025-11-20,21.0
1992-08-12,2025-11-20,2025-11-20,21.13
1992-08-13,2025-11-20,2025-11-20,21.35
1992-08-14,2025-11-20,2025-11-20,21.31
1992-08-17,2025-11-20,2025-11-20,21.47
1992-08-18,2025-11-20,2025-11-20,21.54
1992-08-19,2025-11-20,2025-11-20,21.33
1992-08-20,2025-11-20,2025-11-20,21.4
1992-08-21,2025-11-20,2025-11-20,21.19
1992-08-24,2025-11-20,2025-11-20,21.85
1992-08-25,2025-11-20,2025-11-20,21.6
1992-08-26,2025-11-20,2025-11-20,21.24
1992-08-27,2025-11-20,2025-11-20,21.14
1992-08-28,2025-11-20,2025-11-20,21.3
1992-08-31,2025-11-20,2025-11-20,21.46
1992-09-01,2025-11-20,2025-11-20,21.72
1992-09-02,2025-11-20,2025-11-20,21.65
1992-09-03,2025-11-20,2025-11-20,21.69
1992-09-04,2025-11-20,2025-11-20,21.77
1992-09-07,2025-11-20,2025-11-20,21.77
1992-09-08,2025-11-20,2025-11-20,21.98
1992-09-09,2025-11-20,2025-11-20,22.0
1992-09-10,2025-11-20,2025-11-20,21.93
1992-09-11,2025-11-20,2025-11-20,22.0
1992-09-14,2025-11-20,2025-11-20,22.35
1992-09-15,2025-11-20,2025-11-20,22.13
1992-09-16,2025-11-20,2025-11-20,22.39
1992-09-17,2025-11-20,2025-11-20,22.23
1992-09-18,2025-11-20,2025-11-20,21.96
1992-09-21,2025-11-20,2025-11-20,21.91
1992-09-22,2025-11-20,2025-11-20,21.78
1992-09-23,2025-11-20,2025-11-20,21.78
1992-09-24,2025-11-20,2025-11-20,21.57
1992-09-25,2025-11-20,2025-11-20,21.51
1992-09-28,2025-11-20,2025-11-20,21.78
1992-09-29,2025-11-20,2025-11-20,21.66
1992-09-30,2025-11-20,2025-11-20,21.83
1992-10-01,2025-11-20,2025-11-20,21.83
1992-10-02,2025-11-20,2025-11-20,21.93
1992-10-05,2025-11-20,2025-11-20,21.76
1992-10-06,2025-11-20,2025-11-20,21.85
1992-10-07,2025-11-20,2025-11-20,21.89
1992-10-08,2025-11-20,2025-11-20,21.99
1992-10-09,2025-11-20,2025-11-20,21.99
1992-10-12,2025-11-20,2025-11-20,22.28
1992-10-13,2025-11-20,2025-11-20,22.12
1992-10-14,2025-11-20,2025-11-20,22.16
1992-10-15,2025-11-20,2025-11-20,22.37
1992-10-16,2025-11-20,2025-11-20,22.31
1992-10-19,2025-11-20,2025-11-20,22.18
1992-10-20,2025-11-20,2025-11-20,21.88
1992-10-21,2025-11-20,2025-11-20,21.49
1992-10-22,2025-11-20,2025-11-20,21.22
1992-10-23,2025-11-20,2025-11-20,21.11
1992-10-26,2025-11-20,2025-11-20,21.14
1992-10-27,2025-11-20,2025-11-20,21.03
1992-10-28,2025-11-20,2025-11-20,21.17
1992-10-29,2025-11-20,2025-11-20,20.71
1992-10-30,2025-11-20,2025-11-20,20.68
1992-11-02,2025-11-20,2025-11-20,20.77
1992-11-03,2025-11-20,2025-11-20,20.6
1992-11-04,2025-11-20,2025-11-20,20.33
1992-11-05,2025-11-20,2025-11-20,20.62
1992-11-06,2025-11-20,2025-11-20,20.26
1992-11-09,2025-11-20,2025-11-20,20.63
1992-11-10,2025-11-20,2025-11-20,20.54
1992-11-11,2025-11-20,2025-11-20,20.46
1992-11-12,2025-11-20,2025-11-20,20.19
1992-11-13,2025-11-20,2025-11-20,20.04
1992-11-16,2025-11-20,2025-11-20,20.37
1992-11-17,2025-11-20,2025-11-20,20.32
1992-11-18,2025-11-20,2025-11-20,20.21
1992-11-19,2025-11-20,2025-11-20,20.5
1992-11-20,2025-11-20,2025-11-20,20.37
1992-11-23,2025-11-20,2025-11-20,20.01
1992-11-24,2025-11-20,2025-11-20,20.06
1992-11-25,2025-11-20,2025-11-20,20.29
1992-11-26,2025-11-20,2025-11-20,
1992-11-27,2025-11-20,2025-11-20,20.29
1992-11-30,2025-11-20,2025-11-20,19.91
1992-12-01,2025-11-20,2025-11-20,19.56
1992-12-02,2025-11-20,2025-11-20,19.38
1992-12-03,2025-11-20,2025-11-20,19.08
1992-12-04,2025-11-20,2025-11-20,18.95
1992-12-07,2025-11-20,2025-11-20,19.17
1992-12-08,2025-11-20,2025-11-20,18.69
1992-12-09,2025-11-20,2025-11-20,18.86
1992-12-10,2025-11-20,2025-11-20,19.26
1992-12-11,2025-11-20,2025-11-20,19.09
1992-12-14,2025-11-20,2025-11-20,19.06
1992-12-15,2025-11-20,2025-11-20,18.94
1992-12-16,2025-11-20,2025-11-20,19.42
1992-12-17,2025-11-20,2025-11-20,19.68
1992-12-18,2025-11-20,2025-11-20,19.81
1992-12-21,2025-11-20,2025-11-20,19.92
1992-12-22,2025-11-20,2025-11-20,19.79
1992-12-23,2025-11-20,2025-11-20,19.97
1992-12-24,2025-11-20,2025-11-20,19.97
1992-12-25,2025-11-20,2025-11-20,
1992-12-28,2025-11-20,2025-11-20,19.77
1992-12-29,2025-11-20,2025-11-20,19.62
1992-12-30,2025-11-20,2025-11-20,19.63
1992-12-31,2025-11-20,2025-11-20,19.49
1993-01-01,2025-11-20,2025-11-20,
1993-01-04,2025-11-20,2025-11-20,19.03
1993-01-05,2025-11-20,2025-11-20,19.13
1993-01-06,2025-11-20,2025-11-20,19.03
1993-01-07,2025-11-20,2025-11-20,18.92
1993-01-08,2025-11-20,2025-11-20,18.9
1993-01-11,2025-11-20,2025-11-20,18.78
1993-01-12,2025-11-20,2025-11-20,18.21
1993-01-13,2025-11-20,2025-11-20,18.51
1993-01-14,2025-11-20,2025-11-20,18.71
1993-01-15,2025-11-20,2025-11-20,18.89
1993-01-18,2025-11-20,2025-11-20,18.94
1993-01-19,2025-11-20,2025-11-20,18.4
1993-01-20,2025-11-20,2025-11-20,18.35
1993-01-21,2025-11-20,2025-11-20,18.71
1993-01-22,2025-11-20,2025-11-20,18.64
1993-01-25,2025-11-20,2025-11-20,19.51
1993-01-26,2025-11-20,2025-11-20,19.67
1993-01-27,2025-11-20,2025-11-20,19.66
1993-01-28,2025-11-20,2025-11-20,20.38
1993-01-29,2025-11-20,2025-11-20,20.27
1993-02-01,2025-11-20,2025-11-20,20.32
1993-02-02,2025-11-20,2025-11-20,20.0
1993-02-03,2025-11-20,2025-11-20,
1993-02-04,2025-11-20,2025-11-20,20.29
1993-02-05,2025-11-20,2025-11-20,20.27
1993-02-08,2025-11-20,2025-11-20,20.07
1993-02-09,2025-11-20,2025-11-20,20.12
1993-02-10,2025-11-20,2025-11-20,20.2
1993-02-11,2025-11-20,2025-11-20,20.29
1993-02-12,2025-11-20,2025-11-20,19.96
1993-02-15,2025-11-20,2025-11-20,
1993-02-16,2025-11-20,2025-11-20,19.59
1993-02-17,2025-11-20,2025-11-20,19.3
1993-02-18,2025-11-20,2025-11-20,19.44
1993-02-19,2025-11-20,2025-11-20,19.69
1993-02-22,2025-11-20,2025-11-20,20.08
1993-02-23,2025-11-20,2025-11-20,20.49
1993-02-24,2025-11-20,2025-11-20,20.28
1993-02-25,2025-11-20,2025-11-20,20.63
1993-02-26,2025-11-20,2025-11-20,20.53
1993-03-01,2025-11-20,2025-11-20,20.62
1993-03-02,2025-11-20,2025-11-20,20.48
1993-03-03,2025-11-20,2025-11-20,20.46
1993-03-04,2025-11-20,2025-11-20,21.05
1993-03-05,2025-11-20,2025-11-20,20.85
1993-03-08,2025-11-20,2025-11-20,20.63
1993-03-09,2025-11-20,2025-11-20,20.71
1993-03-10,2025-11-20,2025-11-20,20.42
1993-03-11,2025-11-20,2025-11-20,20.12
1993-03-12,2025-11-20,2025-11-20,20.38
1993-03-15,2025-11-20,2025-11-20,20.18
1993-03-16,2025-11-20,2025-11-20,20.04
1993-03-17,2025-11-20,2025-11-20,20.14
1993-03-18,2025-11-20,2025-11-20,20.29
1993-03-19,2025-11-20,2025-11-20,20.05
1993-03-22,2025-11-20,2025-11-20,19.52
1993-03-23,2025-11-20,2025-11-20,19.98
1993-03-24,2025-11-20,2025-11-20,19.97
1993-03-25,2025-11-20,2025-11-20,20.12
1993-03-26,2025-11-20,2025-11-20,20.42
1993-03-29,2025-11-20,2025-11-20,20.27
1993-03-30,2025-11-20,2025-11-20,20.27
1993-03-31,2025-11-20,2025-11-20,20.44
1993-04-01,2025-11-20,2025-11-20,20.54
1993-04-02,2025-11-20,2025-11-20,20.67
1993-04-05,2025-11-20,2025-11-20,20.59
1993-04-06,2025-11-20,2025-11-20,20.33
1993-04-07,2025-11-20,2025-11-20,20.35
1993-04-08,2025-11-20,2025-11-20,20.22
1993-04-09,2025-11-20,2025-11-20,
1993-04-12,2025-11-20,2025-11-20,20.43
1993-04-13,2025-11-20,2025-11-20,20.28
1993-04-14,2025-11-20,2025-11-20,20.38
1993-04-15,2025-11-20,2025-11-20,20.21
1993-04-16,2025-11-20,2025-11-20,20.09
1993-04-19,2025-11-20,2025-11-20,19.99
1993-04-20,2025-11-20,2025-11-20,20.05
1993-04-21,2025-11-20,2025-11-20,19.99
1993-04-22,2025-11-20,2025-11-20,19.79
1993-04-23,2025-11-20,2025-11-20,19.93
1993-04-26,2025-11-20,2025-11-20,19.83
1993-04-27,2025-11-20,2025-11-20,20.21
1993-04-28,2025-11-20,2025-11-20,
1993-04-29,2025-11-20,2025-11-20,20.63
1993-04-30,2025-11-20,2025-11-20,20.54
1993-05-03,2025-11-20,2025-11-20,20.58
1993-05-04,2025-11-20,2025-11-20,20.4
1993-05-05,2025-11-20,2025-11-20,20.46
1993-05-06,2025-11-20,2025-11-20,20.49
1993-05-07,2025-11-20,2025-11-20,20.43
1993-05-10,2025-11-20,2025-11-20,20.42
1993-05-11,2025-11-20,2025-11-20,20.38
1993-05-12,2025-11-20,2025-11-20,20.19
1993-05-13,2025-11-20,2025-11-20,19.8
1993-05-14,2025-11-20,2025-11-20,19.51
1993-05-17,2025-11-20,2025-11-20,19.51
1993-05-18,2025-11-20,2025-11-20,19.32
1993-05-19,2025-11-20,2025-11-20,19.15
1993-05-20,2025-11-20,2025-11-20,19.56
1993-05-21,2025-11-20,2025-11-20,19.6
1993-05-24,2025-11-20,2025-11-20,19.43
1993-05-25,2025-11-20,2025-11-20,19.75
1993-05-26,2025-11-20,2025-11-20,19.92
1993-05-27,2025-11-20,2025-11-20,20.05
1993-05-28,2025-11-20,2025-11-20,20.04
1993-05-31,2025-11-20,2025-11-20,
1993-06-01,2025-11-20,2025-11-20,20.2
1993-06-02,2025-11-20,2025-11-20,20.05
1993-06-03,2025-11-20,2025-11-20,19.77
1993-06-04,2025-11-20,2025-11-20,19.79
1993-06-07,2025-11-20,2025-11-20,19.6
1993-06-08,2025-11-20,2025-11-20,19.65
1993-06-09,2025-11-20,2025-11-20,19.66
1993-06-10,2025-11-20,2025-11-20,19.27
1993-06-11,2025-11-20,2025-11-20,18.99
1993-06-14,2025-11-20,2025-11-20,18.9
1993-06-15,2025-11-20,2025-11-20,18.6
1993-06-16,2025-11-20,2025-11-20,18.87
1993-06-17,2025-11-20,2025-11-20,18.7
1993-06-18,2025-11-20,2025-11-20,18.71
1993-06-21,2025-11-20,2025-11-20,18.63
1993-06-22,2025-11-20,2025-11-20,18.35
1993-06-23,2025-11-20,2025-11-20,18.44
1993-06-24,2025-11-20,2025-11-20,18.36
1993-06-25,2025-11-20,2025-11-20,18.83
1993-06-28,2025-11-20,2025-11-20,18.89
1993-06-29,2025-11-20,2025-11-20,18.99
1993-06-30,2025-11-20,2025-11-20,18.82
1993-07-01,2025-11-20,2025-11-20,18.44
1993-07-02,2025-11-20,2025-11-20,17.93
1993-07-05,2025-11-20,2025-11-20,
1993-07-06,2025-11-20,2025-11-20,18.29
1993-07-07,2025-11-20,2025-11-20,18.06
1993-07-08,2025-11-20,2025-11-20,17.79
1993-07-09,2025-11-20,2025-11-20,17.92
1993-07-12,2025-11-20,2025-11-20,18.12
1993-07-13,2025-11-20,2025-11-20,18.05
1993-07-14,2025-11-20,2025-11-20,17.43
1993-07-15,2025-11-20,2025-11-20,17.73
1993-07-16,2025-11-20,2025-11-20,17.29
1993-07-19,2025-11-20,2025-11-20,17.68
1993-07-20,2025-11-20,2025-11-20,17.2
1993-07-21,2025-11-20,2025-11-20,17.6
1993-07-22,2025-11-20,2025-11-20,17.57
1993-07-23,2025-11-20,2025-11-20,17.67
1993-07-26,2025-11-20,2025-11-20,18.11
1993-07-27,2025-11-20,2025-11-20,18.5
1993-07-28,2025-11-20,2025-11-20,18.25
1993-07-29,2025-11-20,2025-11-20,18.12
1993-07-30,2025-11-20,2025-11-20,17.94
1993-08-02,2025-11-20,2025-11-20,17.9
1993-08-03,2025-11-20,2025-11-20,17.81
1993-08-04,2025-11-20,2025-11-20,17.82
1993-08-05,2025-11-20,2025-11-20,17.54
1993-08-06,2025-11-20,2025-11-20,17.3
1993-08-09,2025-11-20,2025-11-20,17.58
1993-08-10,2025-11-20,2025-11-20,17.58
1993-08-11,2025-11-20,2025-11-20,17.87
1993-08-12,2025-11-20,2025-11-20,18.16
1993-08-13,2025-11-20,2025-11-20,18.14
1993-08-16,2025-11-20,2025-11-20,17.84
1993-08-17,2025-11-20,2025-11-20,17.95
1993-08-18,2025-11-20,2025-11-20,17.68
1993-08-19,2025-11-20,2025-11-20,17.64
1993-08-20,2025-11-20,2025-11-20,18.09
1993-08-23,2025-11-20,2025-11-20,18.42
1993-08-24,2025-11-20,2025-11-20,18.38
1993-08-25,2025-11-20,2025-11-20,18.45
1993-08-26,2025-11-20,2025-11-20,18.4
1993-08-27,2025-11-20,2025-11-20,18.82
1993-08-30,2025-11-20,2025-11-20,18.63
1993-08-31,2025-11-20,2025-11-20,18.24
1993-09-01,2025-11-20,2025-11-20,17.92
1993-09-02,2025-11-20,2025-11-20,17.97
1993-09-03,2025-11-20,2025-11-20,17.72
1993-09-06,2025-11-20,2025-11-20,
1993-09-07,2025-11-20,2025-11-20,17.14
1993-09-08,2025-11-20,2025-11-20,17.0
1993-09-09,2025-11-20,2025-11-20,16.97
1993-09-10,2025-11-20,2025-11-20,16.74
1993-09-13,2025-11-20,2025-11-20,16.98
1993-09-14,2025-11-20,2025-11-20,16.94
1993-09-15,2025-11-20,2025-11-20,16.85
1993-09-16,2025-11-20,2025-11-20,16.85
1993-09-17,2025-11-20,2025-11-20,17.1
1993-09-20,2025-11-20,2025-11-20,17.68
1993-09-21,2025-11-20,2025-11-20,18.12
1993-09-22,2025-11-20,2025-11-20,17.53
1993-09-23,2025-11-20,2025-11-20,17.52
1993-09-24,2025-11-20,2025-11-20,17.52
1993-09-27,2025-11-20,2025-11-20,17.52
1993-09-28,2025-11-20,2025-11-20,18.07
1993-09-29,2025-11-20,2025-11-20,18.73
1993-09-30,2025-11-20,2025-11-20,18.72
1993-10-01,2025-11-20,2025-11-20,18.63
1993-10-04,2025-11-20,2025-11-20,18.4
1993-10-05,2025-11-20,2025-11-20,18.43
1993-10-06,2025-11-20,2025-11-20,18.43
1993-10-07,2025-11-20,2025-11-20,18.49
1993-10-08,2025-11-20,2025-11-20,18.53
1993-10-11,2025-11-20,2025-11-20,18.76
1993-10-12,2025-11-20,2025-11-20,18.7
1993-10-13,2025-11-20,2025-11-20,18.65
1993-10-14,2025-11-20,2025-11-20,18.5
1993-10-15,2025-11-20,2025-11-20,18.24
1993-10-18,2025-11-20,2025-11-20,18.13
1993-10-19,2025-11-20,2025-11-20,18.04
1993-10-20,2025-11-20,2025-11-20,18.25
1993-10-21,2025-11-20,2025-11-20,18.28
1993-10-22,2025-11-20,2025-11-20,17.92
1993-10-25,2025-11-20,2025-11-20,17.36
1993-10-26,2025-11-20,2025-11-20,17.55
1993-10-27,2025-11-20,2025-11-20,17.66
1993-10-28,2025-11-20,2025-11-20,17.3
1993-10-29,2025-11-20,2025-11-20,16.97
1993-11-01,2025-11-20,2025-11-20,17.5
1993-11-02,2025-11-20,2025-11-20,17.03
1993-11-03,2025-11-20,2025-11-20,17.47
1993-11-04,2025-11-20,2025-11-20,17.38
1993-11-05,2025-11-20,2025-11-20,17.09
1993-11-08,2025-11-20,2025-11-20,16.69
1993-11-09,2025-11-20,2025-11-20,16.71
1993-11-10,2025-11-20,2025-11-20,16.54
1993-11-11,2025-11-20,2025-11-20,16.91
1993-11-12,2025-11-20,2025-11-20,16.72
1993-11-15,2025-11-20,2025-11-20,16.78
1993-11-16,2025-11-20,2025-11-20,16.69
1993-11-17,2025-11-20,2025-11-20,17.08
1993-11-18,2025-11-20,2025-11-20,16.67
1993-11-19,2025-11-20,2025-11-20,16.55
1993-11-22,2025-11-20,2025-11-20,16.67
1993-11-23,2025-11-20,2025-11-20,16.39
1993-11-24,2025-11-20,2025-11-20,15.73
1993-11-25,2025-11-20,2025-11-20,
1993-11-26,2025-11-20,2025-11-20,15.53
1993-11-29,2025-11-20,2025-11-20,15.3
1993-11-30,2025-11-20,2025-11-20,15.36
1993-12-01,2025-11-20,2025-11-20,15.45
1993-12-02,2025-11-20,2025-11-20,14.93
1993-12-03,2025-11-20,2025-11-20,15.03
1993-12-06,2025-11-20,2025-11-20,14.57
1993-12-07,2025-11-20,2025-11-20,14.53
1993-12-08,2025-11-20,2025-11-20,14.61
1993-12-09,2025-11-20,2025-11-20,14.65
1993-12-10,2025-11-20,2025-11-20,15.04
1993-12-13,2025-11-20,2025-11-20,14.5
1993-12-14,2025-11-20,2025-11-20,14.47
1993-12-15,2025-11-20,2025-11-20,14.39
1993-12-16,2025-11-20,2025-11-20,14.21
1993-12-17,2025-11-20,2025-11-20,13.98
1993-12-20,2025-11-20,2025-11-20,14.2
1993-12-21,2025-11-20,2025-11-20,14.32
1993-12-22,2025-11-20,2025-11-20,14.61
1993-12-23,2025-11-20,2025-11-20,14.48
1993-12-24,2025-11-20,2025-11-20,
1993-12-27,2025-11-20,2025-11-20,14.09
1993-12-28,2025-11-20,2025-11-20,14.11
1993-12-29,2025-11-20,2025-11-20,14.45
1993-12-30,2025-11-20,2025-11-20,14.19
1993-12-31,2025-11-20,2025-11-20,
1994-01-03,2025-11-20,2025-11-20,14.52
1994-01-04,2025-11-20,2025-11-20,14.66
1994-01-05,2025-11-20,2025-11-20,15.3
1994-01-06,2025-11-20,2025-11-20,15.36
1994-01-07,2025-11-20,2025-11-20,15.33
1994-01-10,2025-11-20,2025-11-20,14.65
1994-01-11,2025-11-20,2025-11-20,14.95
1994-01-12,2025-11-20,2025-11-20,14.36
1994-01-13,2025-11-20,2025-11-20,14.56
1994-01-14,2025-11-20,2025-11-20,14.81
1994-01-17,2025-11-20,2025-11-20,15.15
1994-01-18,2025-11-20,2025-11-20,14.92
1994-01-19,2025-11-20,2025-11-20,15.25
1994-01-20,2025-11-20,2025-11-20,14.95
1994-01-21,2025-11-20,2025-11-20,14.85
1994-01-24,2025-11-20,2025-11-20,15.09
1994-01-25,2025-11-20,2025-11-20,15.26
1994-01-26,2025-11-20,2025-11-20,15.5
1994-01-27,2025-11-20,2025-11-20,15.48
1994-01-28,2025-11-20,2025-11-20,15.37
1994-01-31,2025-11-20,2025-11-20,15.24
1994-02-01,2025-11-20,2025-11-20,15.91
1994-02-02,2025-11-20,2025-11-20,16.06
1994-02-03,2025-11-20,2025-11-20,15.97
1994-02-04,2025-11-20,2025-11-20,15.63
1994-02-07,2025-11-20,2025-11-20,15.31
1994-02-08,2025-11-20,2025-11-20,15.12
1994-02-09,2025-11-20,2025-11-20,14.64
1994-02-10,2025-11-20,2025-11-20,14.59
1994-02-11,2025-11-20,2025-11-20,14.71
1994-02-14,2025-11-20,2025-11-20,14.15
1994-02-15,2025-11-20,2025-11-20,14.13
1994-02-16,2025-11-20,2025-11-20,13.89
1994-02-17,2025-11-20,2025-11-20,14.26
1994-02-18,2025-11-20,2025-11-20,14.21
1994-02-21,2025-11-20,2025-11-20,
1994-02-22,2025-11-20,2025-11-20,14.28
1994-02-23,2025-11-20,2025-11-20,14.18
1994-02-24,2025-11-20,2025-11-20,14.82
1994-02-25,2025-11-20,2025-11-20,14.48
1994-02-28,2025-11-20,2025-11-20,14.5
1994-03-01,2025-11-20,2025-11-20,14.78
1994-03-02,2025-11-20,2025-11-20,14.8
1994-03-03,2025-11-20,2025-11-20,14.74
1994-03-04,2025-11-20,2025-11-20,14.57
1994-03-07,2025-11-20,2025-11-20,14.14
1994-03-08,2025-11-20,2025-11-20,14.17
1994-03-09,2025-11-20,2025-11-20,14.23
1994-03-10,2025-11-20,2025-11-20,14.19
1994-03-11,2025-11-20,2025-11-20,14.47
1994-03-14,2025-11-20,2025-11-20,14.52
1994-03-15,2025-11-20,2025-11-20,14.82
1994-03-16,2025-11-20,2025-11-20,15.03
1994-03-17,2025-11-20,2025-11-20,14.83
1994-03-18,2025-11-20,2025-11-20,14.88
1994-03-21,2025-11-20,2025-11-20,15.37
1994-03-22,2025-11-20,2025-11-20,15.04
1994-03-23,2025-11-20,2025-11-20,14.94
1994-03-24,2025-11-20,2025-11-20,15.21
1994-03-25,2025-11-20,2025-11-20,15.19
1994-03-28,2025-11-20,2025-11-20,14.15
1994-03-29,2025-11-20,2025-11-20,14.41
1994-03-30,2025-11-20,2025-11-20,14.4
1994-03-31,2025-11-20,2025-11-20,14.78
1994-04-01,2025-11-20,2025-11-20,
1994-04-04,2025-11-20,2025-11-20,15.67
1994-04-05,2025-11-20,2025-11-20,15.67
1994-04-06,2025-11-20,2025-11-20,15.77
1994-04-07,2025-11-20,2025-11-20,15.59
1994-04-08,2025-11-20,2025-11-20,15.57
1994-04-11,2025-11-20,2025-11-20,15.86
1994-04-12,2025-11-20,2025-11-20,15.74
1994-04-13,2025-11-20,2025-11-20,15.96
1994-04-14,2025-11-20,2025-11-20,16.2
1994-04-15,2025-11-20,2025-11-20,16.58
1994-04-18,2025-11-20,2025-11-20,16.64
1994-04-19,2025-11-20,2025-11-20,16.43
1994-04-20,2025-11-20,2025-11-20,16.65
1994-04-21,2025-11-20,2025-11-20,17.56
1994-04-22,2025-11-20,2025-11-20,17.84
1994-04-25,2025-11-20,2025-11-20,17.66
1994-04-26,2025-11-20,2025-11-20,16.82
1994-04-27,2025-11-20,2025-11-20,16.7
1994-04-28,2025-11-20,2025-11-20,16.57
1994-04-29,2025-11-20,2025-11-20,16.92
1994-05-02,2025-11-20,2025-11-20,17.18
1994-05-03,2025-11-20,2025-11-20,16.93
1994-05-04,2025-11-20,2025-11-20,16.85
1994-05-05,2025-11-20,2025-11-20,17.28
1994-05-06,2025-11-20,2025-11-20,17.74
1994-05-09,2025-11-20,2025-11-20,17.72
1994-05-10,2025-11-20,2025-11-20,17.62
1994-05-11,2025-11-20,2025-11-20,17.84
1994-05-12,2025-11-20,2025-11-20,18.27
1994-05-13,2025-11-20,2025-11-20,18.2
1994-05-16,2025-11-20,2025-11-20,17.99
1994-05-17,2025-11-20,2025-11-20,17.61
1994-05-18,2025-11-20,2025-11-20,18.02
1994-05-19,2025-11-20,2025-11-20,18.49
1994-05-20,2025-11-20,2025-11-20,18.93
1994-05-23,2025-11-20,2025-11-20,18.69
1994-05-24,2025-11-20,2025-11-20,18.4
1994-05-25,2025-11-20,2025-11-20,17.83
1994-05-26,2025-11-20,2025-11-20,17.76
1994-05-27,2025-11-20,2025-11-20,18.02
1994-05-30,2025-11-20,2025-11-20,
1994-05-31,2025-11-20,2025-11-20,18.3
1994-06-01,2025-11-20,2025-11-20,18.29
1994-06-02,2025-11-20,2025-11-20,18.25
1994-06-03,2025-11-20,2025-11-20,18.11
1994-06-06,2025-11-20,2025-11-20,18.1
1994-06-07,2025-11-20,2025-11-20,17.78
1994-06-08,2025-11-20,2025-11-20,18.28
1994-06-09,2025-11-20,2025-11-20,18.67
1994-06-10,2025-11-20,2025-11-20,18.48
1994-06-13,2025-11-20,2025-11-20,18.82
1994-06-14,2025-11-20,2025-11-20,18.94
1994-06-15,2025-11-20,2025-11-20,19.75
1994-06-16,2025-11-20,2025-11-20,19.83
1994-06-17,2025-11-20,2025-11-20,20.72
1994-06-20,2025-11-20,2025-11-20,20.68
1994-06-21,2025-11-20,2025-11-20,20.08
1994-06-22,2025-11-20,2025-11-20,19.59
1994-06-23,2025-11-20,2025-11-20,19.38
1994-06-24,2025-11-20,2025-11-20,19.28
1994-06-27,2025-11-20,2025-11-20,18.96
1994-06-28,2025-11-20,2025-11-20,19.14
1994-06-29,2025-11-20,2025-11-20,18.82
1994-06-30,2025-11-20,2025-11-20,19.37
1994-07-01,2025-11-20,2025-11-20,19.52
1994-07-04,2025-11-20,2025-11-20,
1994-07-05,2025-11-20,2025-11-20,19.62
1994-07-06,2025-11-20,2025-11-20,19.3
1994-07-07,2025-11-20,2025-11-20,19.15
1994-07-08,2025-11-20,2025-11-20,19.48
1994-07-11,2025-11-20,2025-11-20,20.17
1994-07-12,2025-11-20,2025-11-20,20.4
1994-07-13,2025-11-20,2025-11-20,20.14
1994-07-14,2025-11-20,2025-11-20,20.18
1994-07-15,2025-11-20,2025-11-20,19.89
1994-07-18,2025-11-20,2025-11-20,19.38
1994-07-19,2025-11-20,2025-11-20,19.49
1994-07-20,2025-11-20,2025-11-20,19.15
1994-07-21,2025-11-20,2025-11-20,19.32
1994-07-22,2025-11-20,2025-11-20,19.59
1994-07-25,2025-11-20,2025-11-20,19.42
1994-07-26,2025-11-20,2025-11-20,19.26
1994-07-27,2025-11-20,2025-11-20,19.46
1994-07-28,2025-11-20,2025-11-20,19.87
1994-07-29,2025-11-20,2025-11-20,20.3
1994-08-01,2025-11-20,2025-11-20,20.65
1994-08-02,2025-11-20,2025-11-20,20.22
1994-08-03,2025-11-20,2025-11-20,20.06
1994-08-04,2025-11-20,2025-11-20,20.14
1994-08-05,2025-11-20,2025-11-20,19.37
1994-08-08,2025-11-20,2025-11-20,19.41
1994-08-09,2025-11-20,2025-11-20,19.29
1994-08-10,2025-11-20,2025-11-20,18.96
1994-08-11,2025-11-20,2025-11-20,18.67
1994-08-12,2025-11-20,2025-11-20,18.05
1994-08-15,2025-11-20,2025-11-20,18.24
1994-08-16,2025-11-20,2025-11-20,17.64
1994-08-17,2025-11-20,2025-11-20,18.08
1994-08-18,2025-11-20,2025-11-20,17.73
1994-08-19,2025-11-20,2025-11-20,17.56
1994-08-22,2025-11-20,2025-11-20,16.87
1994-08-23,2025-11-20,2025-11-20,17.09
1994-08-24,2025-11-20,2025-11-20,17.54
1994-08-25,2025-11-20,2025-11-20,17.49
1994-08-26,2025-11-20,2025-11-20,17.14
1994-08-29,2025-11-20,2025-11-20,17.62
1994-08-30,2025-11-20,2025-11-20,17.4
1994-08-31,2025-11-20,2025-11-20,17.6
1994-09-01,2025-11-20,2025-11-20,17.47
1994-09-02,2025-11-20,2025-11-20,17.52
1994-09-05,2025-11-20,2025-11-20,
1994-09-06,2025-11-20,2025-11-20,17.62
1994-09-07,2025-11-20,2025-11-20,17.84
1994-09-08,2025-11-20,2025-11-20,17.62
1994-09-09,2025-11-20,2025-11-20,17.53
1994-09-12,2025-11-20,2025-11-20,17.39
1994-09-13,2025-11-20,2025-11-20,17.0
1994-09-14,2025-11-20,2025-11-20,16.72
1994-09-15,2025-11-20,2025-11-20,16.72
1994-09-16,2025-11-20,2025-11-20,16.84
1994-09-19,2025-11-20,2025-11-20,17.21
1994-09-20,2025-11-20,2025-11-20,17.24
1994-09-21,2025-11-20,2025-11-20,17.06
1994-09-22,2025-11-20,2025-11-20,17.65
1994-09-23,2025-11-20,2025-11-20,17.76
1994-09-26,2025-11-20,2025-11-20,17.68
1994-09-27,2025-11-20,2025-11-20,17.48
1994-09-28,2025-11-20,2025-11-20,17.69
1994-09-29,2025-11-20,2025-11-20,17.96
1994-09-30,2025-11-20,2025-11-20,18.36
1994-10-03,2025-11-20,2025-11-20,18.16
1994-10-04,2025-11-20,2025-11-20,17.97
1994-10-05,2025-11-20,2025-11-20,18.01
1994-10-06,2025-11-20,2025-11-20,18.24
1994-10-07,2025-11-20,2025-11-20,18.27
1994-10-10,2025-11-20,2025-11-20,17.95
1994-10-11,2025-11-20,2025-11-20,17.74
1994-10-12,2025-11-20,2025-11-20,17.13
1994-10-13,2025-11-20,2025-11-20,17.03
1994-10-14,2025-11-20,2025-11-20,16.98
1994-10-17,2025-11-20,2025-11-20,17.11
1994-10-18,2025-11-20,2025-11-20,17.34
1994-10-19,2025-11-20,2025-11-20,17.43
1994-10-20,2025-11-20,2025-11-20,17.57
1994-10-21,2025-11-20,2025-11-20,17.31
1994-10-24,2025-11-20,2025-11-20,17.5
1994-10-25,2025-11-20,2025-11-20,17.71
1994-10-26,2025-11-20,2025-11-20,18.01
1994-10-27,2025-11-20,2025-11-20,18.17
1994-10-28,2025-11-20,2025-11-20,18.25
1994-10-31,2025-11-20,2025-11-20,18.16
1994-11-01,2025-11-20,2025-11-20,18.66
1994-11-02,2025-11-20,2025-11-20,18.9
1994-11-03,2025-11-20,2025-11-20,18.97
1994-11-04,2025-11-20,2025-11-20,18.76
1994-11-07,2025-11-20,2025-11-20,18.38
1994-11-08,2025-11-20,2025-11-20,18.46
1994-11-09,2025-11-20,2025-11-20,18.16
1994-11-10,2025-11-20,2025-11-20,18.18
1994-11-11,2025-11-20,2025-11-20,18.07
1994-11-14,2025-11-20,2025-11-20,17.48
1994-11-15,2025-11-20,2025-11-20,17.58
1994-11-16,2025-11-20,2025-11-20,17.38
1994-11-17,2025-11-20,2025-11-20,17.63
1994-11-18,2025-11-20,2025-11-20,17.47
1994-11-21,2025-11-20,2025-11-20,17.43
1994-11-22,2025-11-20,2025-11-20,17.7
1994-11-23,2025-11-20,2025-11-20,18.05
1994-11-24,2025-11-20,2025-11-20,
1994-11-25,2025-11-20,2025-11-20,
1994-11-28,2025-11-20,2025-11-20,18.1
1994-11-29,2025-11-20,2025-11-20,17.97
1994-11-30,2025-11-20,2025-11-20,18.06
1994-12-01,2025-11-20,2025-11-20,17.77
1994-12-02,2025-11-20,2025-11-20,17.0
1994-12-05,2025-11-20,2025-11-20,16.88
1994-12-06,2025-11-20,2025-11-20,16.93
1994-12-07,2025-11-20,2025-11-20,16.86
1994-12-08,2025-11-20,2025-11-20,17.14
1994-12-09,2025-11-20,2025-11-20,17.12
1994-12-12,2025-11-20,2025-11-20,16.92
1994-12-13,2025-11-20,2025-11-20,16.98
1994-12-14,2025-11-20,2025-11-20,16.96
1994-12-15,2025-11-20,2025-11-20,16.6
1994-12-16,2025-11-20,2025-11-20,16.84
1994-12-19,2025-11-20,2025-11-20,16.91
1994-12-20,2025-11-20,2025-11-20,16.98
1994-12-21,2025-11-20,2025-11-20,17.07
1994-12-22,2025-11-20,2025-11-20,17.15
1994-12-23,2025-11-20,2025-11-20,17.41
1994-12-26,2025-11-20,2025-11-20,
1994-12-27,2025-11-20,2025-11-20,17.63
1994-12-28,2025-11-20,2025-11-20,17.74
1994-12-29,2025-11-20,2025-11-20,17.69
1994-12-30,2025-11-20,2025-11-20,17.77
1995-01-02,2025-11-20,2025-11-20,
1995-01-03,2025-11-20,2025-11-20,17.45
1995-01-04,2025-11-20,2025-11-20,17.56
1995-01-05,2025-11-20,2025-11-20,17.76
1995-01-06,2025-11-20,2025-11-20,17.69
1995-01-09,2025-11-20,2025-11-20,17.4
1995-01-10,2025-11-20,2025-11-20,17.42
1995-01-11,2025-11-20,2025-11-20,17.7
1995-01-12,2025-11-20,2025-11-20,17.72
1995-01-13,2025-11-20,2025-11-20,17.52
1995-01-16,2025-11-20,2025-11-20,17.89
1995-01-17,2025-11-20,2025-11-20,18.47
1995-01-18,2025-11-20,2025-11-20,18.72
1995-01-19,2025-11-20,2025-11-20,18.7
1995-01-20,2025-11-20,2025-11-20,18.46
1995-01-23,2025-11-20,2025-11-20,18.16
1995-01-24,2025-11-20,2025-11-20,18.53
1995-01-25,2025-11-20,2025-11-20,18.82
1995-01-26,2025-11-20,2025-11-20,18.23
1995-01-27,2025-11-20,2025-11-20,17.95
1995-01-30,2025-11-20,2025-11-20,18.2
1995-01-31,2025-11-20,2025-11-20,18.48
1995-02-01,2025-11-20,2025-11-20,18.48
1995-02-02,2025-11-20,2025-11-20,18.54
1995-02-03,2025-11-20,2025-11-20,18.78
1995-02-06,2025-11-20,2025-11-20,18.58
1995-02-07,2025-11-20,2025-11-20,18.43
1995-02-08,2025-11-20,2025-11-20,18.36
1995-02-09,2025-11-20,2025-11-20,18.28
1995-02-10,2025-11-20,2025-11-20,18.47
1995-02-13,2025-11-20,2025-11-20,18.29
1995-02-14,2025-11-20,2025-11-20,18.44
1995-02-15,2025-11-20,2025-11-20,18.46
1995-02-16,2025-11-20,2025-11-20,18.63
1995-02-17,2025-11-20,2025-11-20,18.94
1995-02-20,2025-11-20,2025-11-20,
1995-02-21,2025-11-20,2025-11-20,18.86
1995-02-22,2025-11-20,2025-11-20,18.84
1995-02-23,2025-11-20,2025-11-20,18.59
1995-02-24,2025-11-20,2025-11-20,18.7
1995-02-27,2025-11-20,2025-11-20,18.64
1995-02-28,2025-11-20,2025-11-20,18.52
1995-03-01,2025-11-20,2025-11-20,18.31
1995-03-02,2025-11-20,2025-11-20,18.4
1995-03-03,2025-11-20,2025-11-20,18.63
1995-03-06,2025-11-20,2025-11-20,18.56
1995-03-07,2025-11-20,2025-11-20,18.59
1995-03-08,2025-11-20,2025-11-20,18.3
1995-03-09,2025-11-20,2025-11-20,17.98
1995-03-10,2025-11-20,2025-11-20,17.92
1995-03-13,2025-11-20,2025-11-20,18.19
1995-03-14,2025-11-20,2025-11-20,17.9
1995-03-15,2025-11-20,2025-11-20,18.12
1995-03-16,2025-11-20,2025-11-20,18.18
1995-03-17,2025-11-20,2025-11-20,18.27
1995-03-20,2025-11-20,2025-11-20,18.58
1995-03-21,2025-11-20,2025-11-20,18.44
1995-03-22,2025-11-20,2025-11-20,18.91
1995-03-23,2025-11-20,2025-11-20,18.85
1995-03-24,2025-11-20,2025-11-20,18.68
1995-03-27,2025-11-20,2025-11-20,19.08
1995-03-28,2025-11-20,2025-11-20,18.95
1995-03-29,2025-11-20,2025-11-20,19.21
1995-03-30,2025-11-20,2025-11-20,19.17
1995-03-31,2025-11-20,2025-11-20,19.18
1995-04-03,2025-11-20,2025-11-20,19.05
1995-04-04,2025-11-20,2025-11-20,19.11
1995-04-05,2025-11-20,2025-11-20,19.57
1995-04-06,2025-11-20,2025-11-20,19.74
1995-04-07,2025-11-20,2025-11-20,19.67
1995-04-10,2025-11-20,2025-11-20,19.61
1995-04-11,2025-11-20,2025-11-20,19.84
1995-04-12,2025-11-20,2025-11-20,19.5
1995-04-13,2025-11-20,2025-11-20,19.16
1995-04-14,2025-11-20,2025-11-20,
1995-04-17,2025-11-20,2025-11-20,19.8
1995-04-18,2025-11-20,2025-11-20,20.14
1995-04-19,2025-11-20,2025-11-20,20.4
1995-04-20,2025-11-20,2025-11-20,20.52
1995-04-21,2025-11-20,2025-11-20,20.46
1995-04-24,2025-11-20,2025-11-20,20.13
1995-04-25,2025-11-20,2025-11-20,20.31
1995-04-26,2025-11-20,2025-11-20,20.18
1995-04-27,2025-11-20,2025-11-20,20.48
1995-04-28,2025-11-20,2025-11-20,20.36
1995-05-01,2025-11-20,2025-11-20,20.53
1995-05-02,2025-11-20,2025-11-20,20.18
1995-05-03,2025-11-20,2025-11-20,19.88
1995-05-04,2025-11-20,2025-11-20,20.3
1995-05-05,2025-11-20,2025-11-20,20.33
1995-05-08,2025-11-20,2025-11-20,20.32
1995-05-09,2025-11-20,2025-11-20,19.67
1995-05-10,2025-11-20,2025-11-20,19.76
1995-05-11,2025-11-20,2025-11-20,19.4
1995-05-12,2025-11-20,2025-11-20,19.55
1995-05-15,2025-11-20,2025-11-20,19.91
1995-05-16,2025-11-20,2025-11-20,20.01
1995-05-17,2025-11-20,2025-11-20,19.94
1995-05-18,2025-11-20,2025-11-20,19.99
1995-05-19,2025-11-20,2025-11-20,20.06
1995-05-22,2025-11-20,2025-11-20,19.86
1995-05-23,2025-11-20,2025-11-20,19.81
1995-05-24,2025-11-20,2025-11-20,19.34
1995-05-25,2025-11-20,2025-11-20,19.12
1995-05-26,2025-11-20,2025-11-20,18.7
1995-05-29,2025-11-20,2025-11-20,
1995-05-30,2025-11-20,2025-11-20,18.78
1995-05-31,2025-11-20,2025-11-20,18.88
1995-06-01,2025-11-20,2025-11-20,18.89
1995-06-02,2025-11-20,2025-11-20,19.14
1995-06-05,2025-11-20,2025-11-20,19.25
1995-06-06,2025-11-20,2025-11-20,19.16
1995-06-07,2025-11-20,2025-11-20,19.08
1995-06-08,2025-11-20,2025-11-20,18.94
1995-06-09,2025-11-20,2025-11-20,18.83
1995-06-12,2025-11-20,2025-11-20,18.87
1995-06-13,2025-11-20,2025-11-20,18.93
1995-06-14,2025-11-20,2025-11-20,19.05
1995-06-15,2025-11-20,2025-11-20,18.9
1995-06-16,2025-11-20,2025-11-20,18.8
1995-06-19,2025-11-20,2025-11-20,18.23
1995-06-20,2025-11-20,2025-11-20,18.01
1995-06-21,2025-11-20,2025-11-20,17.59
1995-06-22,2025-11-20,2025-11-20,17.76
1995-06-23,2025-11-20,2025-11-20,17.81
1995-06-26,2025-11-20,2025-11-20,17.67
1995-06-27,2025-11-20,2025-11-20,17.95
1995-06-28,2025-11-20,2025-11-20,17.98
1995-06-29,2025-11-20,2025-11-20,17.59
1995-06-30,2025-11-20,2025-11-20,17.38
1995-07-03,2025-11-20,2025-11-20,17.33
1995-07-04,2025-11-20,2025-11-20,
1995-07-05,2025-11-20,2025-11-20,17.21
1995-07-06,2025-11-20,2025-11-20,17.42
1995-07-07,2025-11-20,2025-11-20,17.14
1995-07-10,2025-11-20,2025-11-20,17.35
1995-07-11,2025-11-20,2025-11-20,17.31
1995-07-12,2025-11-20,2025-11-20,17.49
1995-07-13,2025-11-20,2025-11-20,17.25
1995-07-14,2025-11-20,2025-11-20,17.32
1995-07-17,2025-11-20,2025-11-20,17.28
1995-07-18,2025-11-20,2025-11-20,17.33
1995-07-19,2025-11-20,2025-11-20,17.33
1995-07-20,2025-11-20,2025-11-20,17.03
1995-07-21,2025-11-20,2025-11-20,17.07
1995-07-24,2025-11-20,2025-11-20,17.17
1995-07-25,2025-11-20,2025-11-20,17.45
1995-07-26,2025-11-20,2025-11-20,17.47
1995-07-27,2025-11-20,2025-11-20,17.51
1995-07-28,2025-11-20,2025-11-20,17.43
1995-07-31,2025-11-20,2025-11-20,17.62
1995-08-01,2025-11-20,2025-11-20,17.59
1995-08-02,2025-11-20,2025-11-20,17.95
1995-08-03,2025-11-20,2025-11-20,17.72
1995-08-04,2025-11-20,2025-11-20,17.74
1995-08-07,2025-11-20,2025-11-20,17.65
1995-08-08,2025-11-20,2025-11-20,17.86
1995-08-09,2025-11-20,2025-11-20,17.77
1995-08-10,2025-11-20,2025-11-20,17.91
1995-08-11,2025-11-20,2025-11-20,17.86
1995-08-14,2025-11-20,2025-11-20,17.48
1995-08-15,2025-11-20,2025-11-20,17.4
1995-08-16,2025-11-20,2025-11-20,17.59
1995-08-17,2025-11-20,2025-11-20,17.65
1995-08-18,2025-11-20,2025-11-20,17.87
1995-08-21,2025-11-20,2025-11-20,18.26
1995-08-22,2025-11-20,2025-11-20,18.54
1995-08-23,2025-11-20,2025-11-20,18.79
1995-08-24,2025-11-20,2025-11-20,19.6
1995-08-25,2025-11-20,2025-11-20,19.91
1995-08-28,2025-11-20,2025-11-20,17.84
1995-08-29,2025-11-20,2025-11-20,17.87
1995-08-30,2025-11-20,2025-11-20,17.74
1995-08-31,2025-11-20,2025-11-20,17.89
1995-09-01,2025-11-20,2025-11-20,18.08
1995-09-04,2025-11-20,2025-11-20,
1995-09-05,2025-11-20,2025-11-20,18.49
1995-09-06,2025-11-20,2025-11-20,18.27
1995-09-07,2025-11-20,2025-11-20,18.27
1995-09-08,2025-11-20,2025-11-20,18.44
1995-09-11,2025-11-20,2025-11-20,18.49
1995-09-12,2025-11-20,2025-11-20,18.76
1995-09-13,2025-11-20,2025-11-20,18.53
1995-09-14,2025-11-20,2025-11-20,18.87
1995-09-15,2025-11-20,2025-11-20,18.94
1995-09-18,2025-11-20,2025-11-20,18.92
1995-09-19,2025-11-20,2025-11-20,19.01
1995-09-20,2025-11-20,2025-11-20,18.53
1995-09-21,2025-11-20,2025-11-20,17.89
1995-09-22,2025-11-20,2025-11-20,17.27
1995-09-25,2025-11-20,2025-11-20,17.38
1995-09-26,2025-11-20,2025-11-20,17.47
1995-09-27,2025-11-20,2025-11-20,17.64
1995-09-28,2025-11-20,2025-11-20,17.72
1995-09-29,2025-11-20,2025-11-20,17.54
1995-10-02,2025-11-20,2025-11-20,17.67
1995-10-03,2025-11-20,2025-11-20,17.56
1995-10-04,2025-11-20,2025-11-20,17.32
1995-10-05,2025-11-20,2025-11-20,16.86
1995-10-06,2025-11-20,2025-11-20,17.03
1995-10-09,2025-11-20,2025-11-20,17.36
1995-10-10,2025-11-20,2025-11-20,17.29
1995-10-11,2025-11-20,2025-11-20,17.28
1995-10-12,2025-11-20,2025-11-20,17.08
1995-10-13,2025-11-20,2025-11-20,17.38
1995-10-16,2025-11-20,2025-11-20,17.6
1995-10-17,2025-11-20,2025-11-20,17.59
1995-10-18,2025-11-20,2025-11-20,17.57
1995-10-19,2025-11-20,2025-11-20,17.34
1995-10-20,2025-11-20,2025-11-20,17.44
1995-10-23,2025-11-20,2025-11-20,17.48
1995-10-24,2025-11-20,2025-11-20,17.61
1995-10-25,2025-11-20,2025-11-20,17.58
1995-10-26,2025-11-20,2025-11-20,17.61
1995-10-27,2025-11-20,2025-11-20,17.54
1995-10-30,2025-11-20,2025-11-20,17.67
1995-10-31,2025-11-20,2025-11-20,17.67
1995-11-01,2025-11-20,2025-11-20,17.74
1995-11-02,2025-11-20,2025-11-20,17.94
1995-11-03,2025-11-20,2025-11-20,17.93
1995-11-06,2025-11-20,2025-11-20,17.68
1995-11-07,2025-11-20,2025-11-20,17.62
1995-11-08,2025-11-20,2025-11-20,17.82
1995-11-09,2025-11-20,2025-11-20,17.83
1995-11-10,2025-11-20,2025-11-20,17.83
1995-11-13,2025-11-20,2025-11-20,17.78
1995-11-14,2025-11-20,2025-11-20,17.89
1995-11-15,2025-11-20,2025-11-20,17.92
1995-11-16,2025-11-20,2025-11-20,18.16
1995-11-17,2025-11-20,2025-11-20,18.56
1995-11-20,2025-11-20,2025-11-20,18.14
1995-11-21,2025-11-20,2025-11-20,17.89
1995-11-22,2025-11-20,2025-11-20,17.93
1995-11-23,2025-11-20,2025-11-20,
1995-11-24,2025-11-20,2025-11-20,
1995-11-27,2025-11-20,2025-11-20,18.37
1995-11-28,2025-11-20,2025-11-20,18.28
1995-11-29,2025-11-20,2025-11-20,18.27
1995-11-30,2025-11-20,2025-11-20,18.27
1995-12-01,2025-11-20,2025-11-20,18.43
1995-12-04,2025-11-20,2025-11-20,18.61
1995-12-05,2025-11-20,2025-11-20,18.66
1995-12-06,2025-11-20,2025-11-20,18.76
1995-12-07,2025-11-20,2025-11-20,18.69
1995-12-08,2025-11-20,2025-11-20,18.97
1995-12-11,2025-11-20,2025-11-20,18.62
1995-12-12,2025-11-20,2025-11-20,18.8
1995-12-13,2025-11-20,2025-11-20,19.01
1995-12-14,2025-11-20,2025-11-20,19.14
1995-12-15,2025-11-20,2025-11-20,19.51
1995-12-18,2025-11-20,2025-11-20,19.71
1995-12-19,2025-11-20,2025-11-20,19.05
1995-12-20,2025-11-20,2025-11-20,18.87
1995-12-21,2025-11-20,2025-11-20,18.83
1995-12-22,2025-11-20,2025-11-20,19.12
1995-12-25,2025-11-20,2025-11-20,
1995-12-26,2025-11-20,2025-11-20,19.25
1995-12-27,2025-11-20,2025-11-20,19.49
1995-12-28,2025-11-20,2025-11-20,19.47
1995-12-29,2025-11-20,2025-11-20,19.54
1996-01-01,2025-11-20,2025-11-20,
1996-01-02,2025-11-20,2025-11-20,19.83
1996-01-03,2025-11-20,2025-11-20,19.9
1996-01-04,2025-11-20,2025-11-20,19.96
1996-01-05,2025-11-20,2025-11-20,20.26
1996-01-08,2025-11-20,2025-11-20,20.5
1996-01-09,2025-11-20,2025-11-20,19.86
1996-01-10,2025-11-20,2025-11-20,19.66
1996-01-11,2025-11-20,2025-11-20,18.87
1996-01-12,2025-11-20,2025-11-20,18.28
1996-01-15,2025-11-20,2025-11-20,18.42
1996-01-16,2025-11-20,2025-11-20,18.12
1996-01-17,2025-11-20,2025-11-20,18.58
1996-01-18,2025-11-20,2025-11-20,19.12
1996-01-19,2025-11-20,2025-11-20,18.94
1996-01-22,2025-11-20,2025-11-20,18.49
1996-01-23,2025-11-20,2025-11-20,18.58
1996-01-24,2025-11-20,2025-11-20,18.95
1996-01-25,2025-11-20,2025-11-20,18.06
1996-01-26,2025-11-20,2025-11-20,17.68
1996-01-29,2025-11-20,2025-11-20,17.33
1996-01-30,2025-11-20,2025-11-20,17.65
1996-01-31,2025-11-20,2025-11-20,17.76
1996-02-01,2025-11-20,2025-11-20,17.63
1996-02-02,2025-11-20,2025-11-20,17.83
1996-02-05,2025-11-20,2025-11-20,17.53
1996-02-06,2025-11-20,2025-11-20,17.74
1996-02-07,2025-11-20,2025-11-20,17.71
1996-02-08,2025-11-20,2025-11-20,17.79
1996-02-09,2025-11-20,2025-11-20,17.83
1996-02-12,2025-11-20,2025-11-20,18.01
1996-02-13,2025-11-20,2025-11-20,18.96
1996-02-14,2025-11-20,2025-11-20,18.86
1996-02-15,2025-11-20,2025-11-20,19.02
1996-02-16,2025-11-20,2025-11-20,19.16
1996-02-19,2025-11-20,2025-11-20,
1996-02-20,2025-11-20,2025-11-20,21.07
1996-02-21,2025-11-20,2025-11-20,21.63
1996-02-22,2025-11-20,2025-11-20,22.14
1996-02-23,2025-11-20,2025-11-20,20.97
1996-02-26,2025-11-20,2025-11-20,19.45
1996-02-27,2025-11-20,2025-11-20,19.65
1996-02-28,2025-11-20,2025-11-20,19.3
1996-02-29,2025-11-20,2025-11-20,19.59
1996-03-01,2025-11-20,2025-11-20,19.45
1996-03-04,2025-11-20,2025-11-20,19.24
1996-03-05,2025-11-20,2025-11-20,19.65
1996-03-06,2025-11-20,2025-11-20,20.16
1996-03-07,2025-11-20,2025-11-20,19.87
1996-03-08,2025-11-20,2025-11-20,19.66
1996-03-11,2025-11-20,2025-11-20,19.92
1996-03-12,2025-11-20,2025-11-20,20.42
1996-03-13,2025-11-20,2025-11-20,20.49
1996-03-14,2025-11-20,2025-11-20,21.18
1996-03-15,2025-11-20,2025-11-20,21.99
1996-03-18,2025-11-20,2025-11-20,23.23
1996-03-19,2025-11-20,2025-11-20,24.56
1996-03-20,2025-11-20,2025-11-20,22.74
1996-03-21,2025-11-20,2025-11-20,22.44
1996-03-22,2025-11-20,2025-11-20,22.85
1996-03-25,2025-11-20,2025-11-20,23.23
1996-03-26,2025-11-20,2025-11-20,22.38
1996-03-27,2025-11-20,2025-11-20,21.64
1996-03-28,2025-11-20,2025-11-20,21.45
1996-03-29,2025-11-20,2025-11-20,21.43
1996-04-01,2025-11-20,2025-11-20,22.29
1996-04-02,2025-11-20,2025-11-20,22.68
1996-04-03,2025-11-20,2025-11-20,22.22
1996-04-04,2025-11-20,2025-11-20,22.75
1996-04-05,2025-11-20,2025-11-20,
1996-04-08,2025-11-20,2025-11-20,23.01
1996-04-09,2025-11-20,2025-11-20,23.23
1996-04-10,2025-11-20,2025-11-20,24.08
1996-04-11,2025-11-20,2025-11-20,25.15
1996-04-12,2025-11-20,2025-11-20,24.29
1996-04-15,2025-11-20,2025-11-20,25.13
1996-04-16,2025-11-20,2025-11-20,24.48
1996-04-17,2025-11-20,2025-11-20,24.67
1996-04-18,2025-11-20,2025-11-20,23.47
1996-04-19,2025-11-20,2025-11-20,23.96
1996-04-22,2025-11-20,2025-11-20,23.94
1996-04-23,2025-11-20,2025-11-20,24.39
1996-04-24,2025-11-20,2025-11-20,24.0
1996-04-25,2025-11-20,2025-11-20,24.35
1996-04-26,2025-11-20,2025-11-20,22.33
1996-04-29,2025-11-20,2025-11-20,22.07
1996-04-30,2025-11-20,2025-11-20,20.95
1996-05-01,2025-11-20,2025-11-20,20.81
1996-05-02,2025-11-20,2025-11-20,20.78
1996-05-03,2025-11-20,2025-11-20,21.19
1996-05-06,2025-11-20,2025-11-20,21.06
1996-05-07,2025-11-20,2025-11-20,21.07
1996-05-08,2025-11-20,2025-11-20,21.13
1996-05-09,2025-11-20,2025-11-20,20.65
1996-05-10,2025-11-20,2025-11-20,21.01
1996-05-13,2025-11-20,2025-11-20,21.23
1996-05-14,2025-11-20,2025-11-20,21.35
1996-05-15,2025-11-20,2025-11-20,21.28
1996-05-16,2025-11-20,2025-11-20,20.79
1996-05-17,2025-11-20,2025-11-20,20.64
1996-05-20,2025-11-20,2025-11-20,22.28
1996-05-21,2025-11-20,2025-11-20,21.95
1996-05-22,2025-11-20,2025-11-20,23.02
1996-05-23,2025-11-20,2025-11-20,22.35
1996-05-24,2025-11-20,2025-11-20,21.58
1996-05-27,2025-11-20,2025-11-20,
1996-05-28,2025-11-20,2025-11-20,21.1
1996-05-29,2025-11-20,2025-11-20,20.65
1996-05-30,2025-11-20,2025-11-20,19.95
1996-05-31,2025-11-20,2025-11-20,19.77
1996-06-03,2025-11-20,2025-11-20,19.86
1996-06-04,2025-11-20,2025-11-20,20.28
1996-06-05,2025-11-20,2025-11-20,19.73
1996-06-06,2025-11-20,2025-11-20,20.06
1996-06-07,2025-11-20,2025-11-20,20.28
1996-06-10,2025-11-20,2025-11-20,20.18
1996-06-11,2025-11-20,2025-11-20,20.13
1996-06-12,2025-11-20,2025-11-20,20.13
1996-06-13,2025-11-20,2025-11-20,20.03
1996-06-14,2025-11-20,2025-11-20,20.28
1996-06-17,2025-11-20,2025-11-20,21.43
1996-06-18,2025-11-20,2025-11-20,21.53
1996-06-19,2025-11-20,2025-11-20,20.73
1996-06-20,2025-11-20,2025-11-20,20.68
1996-06-21,2025-11-20,2025-11-20,20.38
1996-06-24,2025-11-20,2025-11-20,20.1
1996-06-25,2025-11-20,2025-11-20,20.13
1996-06-26,2025-11-20,2025-11-20,20.63
1996-06-27,2025-11-20,2025-11-20,20.98
1996-06-28,2025-11-20,2025-11-20,20.92
1996-07-01,2025-11-20,2025-11-20,21.48
1996-07-02,2025-11-20,2025-11-20,21.08
1996-07-03,2025-11-20,2025-11-20,21.38
1996-07-04,2025-11-20,2025-11-20,
1996-07-05,2025-11-20,2025-11-20,21.65
1996-07-08,2025-11-20,2025-11-20,21.33
1996-07-09,2025-11-20,2025-11-20,21.52
1996-07-10,2025-11-20,2025-11-20,21.56
1996-07-11,2025-11-20,2025-11-20,21.96
1996-07-12,2025-11-20,2025-11-20,21.9
1996-07-15,2025-11-20,2025-11-20,22.43
1996-07-16,2025-11-20,2025-11-20,22.28
1996-07-17,2025-11-20,2025-11-20,21.65
1996-07-18,2025-11-20,2025-11-20,21.68
1996-07-19,2025-11-20,2025-11-20,20.95
1996-07-22,2025-11-20,2025-11-20,21.05
1996-07-23,2025-11-20,2025-11-20,21.58
1996-07-24,2025-11-20,2025-11-20,20.97
1996-07-25,2025-11-20,2025-11-20,21.05
1996-07-26,2025-11-20,2025-11-20,20.13
1996-07-29,2025-11-20,2025-11-20,20.28
1996-07-30,2025-11-20,2025-11-20,20.28
1996-07-31,2025-11-20,2025-11-20,20.46
1996-08-01,2025-11-20,2025-11-20,20.95
1996-08-02,2025-11-20,2025-11-20,21.35
1996-08-05,2025-11-20,2025-11-20,21.25
1996-08-06,2025-11-20,2025-11-20,21.08
1996-08-07,2025-11-20,2025-11-20,21.35
1996-08-08,2025-11-20,2025-11-20,21.45
1996-08-09,2025-11-20,2025-11-20,21.6
1996-08-12,2025-11-20,2025-11-20,22.25
1996-08-13,2025-11-20,2025-11-20,22.35
1996-08-14,2025-11-20,2025-11-20,22.1
1996-08-15,2025-11-20,2025-11-20,21.95
1996-08-16,2025-11-20,2025-11-20,22.6
1996-08-19,2025-11-20,2025-11-20,23.1
1996-08-20,2025-11-20,2025-11-20,22.53
1996-08-21,2025-11-20,2025-11-20,22.15
1996-08-22,2025-11-20,2025-11-20,22.48
1996-08-23,2025-11-20,2025-11-20,22.23
1996-08-26,2025-11-20,2025-11-20,21.55
1996-08-27,2025-11-20,2025-11-20,21.35
1996-08-28,2025-11-20,2025-11-20,21.75
1996-08-29,2025-11-20,2025-11-20,22.2
1996-08-30,2025-11-20,2025-11-20,22.25
1996-09-02,2025-11-20,2025-11-20,
1996-09-03,2025-11-20,2025-11-20,23.35
1996-09-04,2025-11-20,2025-11-20,23.25
1996-09-05,2025-11-20,2025-11-20,23.45
1996-09-06,2025-11-20,2025-11-20,23.85
1996-09-09,2025-11-20,2025-11-20,23.75
1996-09-10,2025-11-20,2025-11-20,24.15
1996-09-11,2025-11-20,2025-11-20,24.75
1996-09-12,2025-11-20,2025-11-20,24.95
1996-09-13,2025-11-20,2025-11-20,24.5
1996-09-16,2025-11-20,2025-11-20,23.3
1996-09-17,2025-11-20,2025-11-20,23.4
1996-09-18,2025-11-20,2025-11-20,23.85
1996-09-19,2025-11-20,2025-11-20,23.45
1996-09-20,2025-11-20,2025-11-20,23.6
1996-09-23,2025-11-20,2025-11-20,23.83
1996-09-24,2025-11-20,2025-11-20,24.55
1996-09-25,2025-11-20,2025-11-20,24.6
1996-09-26,2025-11-20,2025-11-20,24.05
1996-09-27,2025-11-20,2025-11-20,24.6
1996-09-30,2025-11-20,2025-11-20,24.2
1996-10-01,2025-11-20,2025-11-20,24.35
1996-10-02,2025-11-20,2025-11-20,24.05
1996-10-03,2025-11-20,2025-11-20,24.85
1996-10-04,2025-11-20,2025-11-20,24.75
1996-10-07,2025-11-20,2025-11-20,25.25
1996-10-08,2025-11-20,2025-11-20,25.45
1996-10-09,2025-11-20,2025-11-20,25.0
1996-10-10,2025-11-20,2025-11-20,24.3
1996-10-11,2025-11-20,2025-11-20,24.65
1996-10-14,2025-11-20,2025-11-20,25.5
1996-10-15,2025-11-20,2025-11-20,25.45
1996-10-16,2025-11-20,2025-11-20,25.1
1996-10-17,2025-11-20,2025-11-20,25.4
1996-10-18,2025-11-20,2025-11-20,25.8
1996-10-21,2025-11-20,2025-11-20,25.85
1996-10-22,2025-11-20,2025-11-20,25.79
1996-10-23,2025-11-20,2025-11-20,24.78
1996-10-24,2025-11-20,2025-11-20,24.55
1996-10-25,2025-11-20,2025-11-20,24.8
1996-10-28,2025-11-20,2025-11-20,24.75
1996-10-29,2025-11-20,2025-11-20,24.15
1996-10-30,2025-11-20,2025-11-20,24.4
1996-10-31,2025-11-20,2025-11-20,23.25
1996-11-01,2025-11-20,2025-11-20,23.0
1996-11-04,2025-11-20,2025-11-20,22.8
1996-11-05,2025-11-20,2025-11-20,22.65
1996-11-06,2025-11-20,2025-11-20,22.75
1996-11-07,2025-11-20,2025-11-20,22.8
1996-11-08,2025-11-20,2025-11-20,23.6
1996-11-11,2025-11-20,2025-11-20,23.35
1996-11-12,2025-11-20,2025-11-20,23.4
1996-11-13,2025-11-20,2025-11-20,24.25
1996-11-14,2025-11-20,2025-11-20,24.35
1996-11-15,2025-11-20,2025-11-20,24.15
1996-11-18,2025-11-20,2025-11-20,23.85
1996-11-19,2025-11-20,2025-11-20,24.5
1996-11-20,2025-11-20,2025-11-20,23.75
1996-11-21,2025-11-20,2025-11-20,23.9
1996-11-22,2025-11-20,2025-11-20,24.15
1996-11-25,2025-11-20,2025-11-20,25.75
1996-11-26,2025-11-20,2025-11-20,23.7
1996-11-27,2025-11-20,2025-11-20,23.7
1996-11-28,2025-11-20,2025-11-20,
1996-11-29,2025-11-20,2025-11-20,23.7
1996-12-02,2025-11-20,2025-11-20,24.7
1996-12-03,2025-11-20,2025-11-20,24.8
1996-12-04,2025-11-20,2025-11-20,25.0
1996-12-05,2025-11-20,2025-11-20,25.6
1996-12-06,2025-11-20,2025-11-20,25.6
1996-12-09,2025-11-20,2025-11-20,25.15
1996-12-10,2025-11-20,2025-11-20,24.25
1996-12-11,2025-11-20,2025-11-20,23.4
1996-12-12,2025-11-20,2025-11-20,23.75
1996-12-13,2025-11-20,2025-11-20,24.45
1996-12-16,2025-11-20,2025-11-20,25.7
1996-12-17,2025-11-20,2025-11-20,25.7
1996-12-18,2025-11-20,2025-11-20,26.05
1996-12-19,2025-11-20,2025-11-20,26.55
1996-12-20,2025-11-20,2025-11-20,26.1
1996-12-23,2025-11-20,2025-11-20,26.4
1996-12-24,2025-11-20,2025-11-20,25.05
1996-12-25,2025-11-20,2025-11-20,
1996-12-26,2025-11-20,2025-11-20,25.1
1996-12-27,2025-11-20,2025-11-20,25.2
1996-12-30,2025-11-20,2025-11-20,25.35
1996-12-31,2025-11-20,2025-11-20,25.9
1997-01-01,2025-11-20,2025-11-20,
1997-01-02,2025-11-20,2025-11-20,25.55
1997-01-03,2025-11-20,2025-11-20,25.55
1997-01-06,2025-11-20,2025-11-20,26.25
1997-01-07,2025-11-20,2025-11-20,26.25
1997-01-08,2025-11-20,2025-11-20,26.55
1997-01-09,2025-11-20,2025-11-20,26.3
1997-01-10,2025-11-20,2025-11-20,26.15
1997-01-13,2025-11-20,2025-11-20,25.2
1997-01-14,2025-11-20,2025-11-20,25.1
1997-01-15,2025-11-20,2025-11-20,25.95
1997-01-16,2025-11-20,2025-11-20,25.45
1997-01-17,2025-11-20,2025-11-20,25.4
1997-01-20,2025-11-20,2025-11-20,25.1
1997-01-21,2025-11-20,2025-11-20,24.8
1997-01-22,2025-11-20,2025-11-20,24.4
1997-01-23,2025-11-20,2025-11-20,23.85
1997-01-24,2025-11-20,2025-11-20,23.85
1997-01-27,2025-11-20,2025-11-20,23.85
1997-01-28,2025-11-20,2025-11-20,23.9
1997-01-29,2025-11-20,2025-11-20,24.5
1997-01-30,2025-11-20,2025-11-20,24.8
1997-01-31,2025-11-20,2025-11-20,24.15
1997-02-03,2025-11-20,2025-11-20,24.2
1997-02-04,2025-11-20,2025-11-20,24.0
1997-02-05,2025-11-20,2025-11-20,23.9
1997-02-06,2025-11-20,2025-11-20,23.05
1997-02-07,2025-11-20,2025-11-20,22.3
1997-02-10,2025-11-20,2025-11-20,22.45
1997-02-11,2025-11-20,2025-11-20,22.35
1997-02-12,2025-11-20,2025-11-20,21.75
1997-02-13,2025-11-20,2025-11-20,22.1
1997-02-14,2025-11-20,2025-11-20,22.4
1997-02-17,2025-11-20,2025-11-20,
1997-02-18,2025-11-20,2025-11-20,22.5
1997-02-19,2025-11-20,2025-11-20,22.65
1997-02-20,2025-11-20,2025-11-20,21.95
1997-02-21,2025-11-20,2025-11-20,21.6
1997-02-24,2025-11-20,2025-11-20,21.0
1997-02-25,2025-11-20,2025-11-20,20.95
1997-02-26,2025-11-20,2025-11-20,21.1
1997-02-27,2025-11-20,2025-11-20,20.8
1997-02-28,2025-11-20,2025-11-20,20.3
1997-03-03,2025-11-20,2025-11-20,20.25
1997-03-04,2025-11-20,2025-11-20,20.75
1997-03-05,2025-11-20,2025-11-20,20.5
1997-03-06,2025-11-20,2025-11-20,21.0
1997-03-07,2025-11-20,2025-11-20,21.35
1997-03-10,2025-11-20,2025-11-20,20.5
1997-03-11,2025-11-20,2025-11-20,20.15
1997-03-12,2025-11-20,2025-11-20,20.6
1997-03-13,2025-11-20,2025-11-20,20.65
1997-03-14,2025-11-20,2025-11-20,21.3
1997-03-17,2025-11-20,2025-11-20,20.9
1997-03-18,2025-11-20,2025-11-20,22.0
1997-03-19,2025-11-20,2025-11-20,22.0
1997-03-20,2025-11-20,2025-11-20,22.0
1997-03-21,2025-11-20,2025-11-20,21.7
1997-03-24,2025-11-20,2025-11-20,21.0
1997-03-25,2025-11-20,2025-11-20,20.95
1997-03-26,2025-11-20,2025-11-20,20.65
1997-03-27,2025-11-20,2025-11-20,20.7
1997-03-28,2025-11-20,2025-11-20,
1997-03-31,2025-11-20,2025-11-20,20.35
1997-04-01,2025-11-20,2025-11-20,20.3
1997-04-02,2025-11-20,2025-11-20,19.55
1997-04-03,2025-11-20,2025-11-20,19.45
1997-04-04,2025-11-20,2025-11-20,19.15
1997-04-07,2025-11-20,2025-11-20,19.25
1997-04-08,2025-11-20,2025-11-20,19.35
1997-04-09,2025-11-20,2025-11-20,19.25
1997-04-10,2025-11-20,2025-11-20,19.55
1997-04-11,2025-11-20,2025-11-20,19.5
1997-04-14,2025-11-20,2025-11-20,19.9
1997-04-15,2025-11-20,2025-11-20,19.6
1997-04-16,2025-11-20,2025-11-20,19.35
1997-04-17,2025-11-20,2025-11-20,19.5
1997-04-18,2025-11-20,2025-11-20,19.9
1997-04-21,2025-11-20,2025-11-20,20.35
1997-04-22,2025-11-20,2025-11-20,19.6
1997-04-23,2025-11-20,2025-11-20,19.65
1997-04-24,2025-11-20,2025-11-20,19.85
1997-04-25,2025-11-20,2025-11-20,19.8
1997-04-28,2025-11-20,2025-11-20,19.85
1997-04-29,2025-11-20,2025-11-20,20.4
1997-04-30,2025-11-20,2025-11-20,20.2
1997-05-01,2025-11-20,2025-11-20,19.9
1997-05-02,2025-11-20,2025-11-20,19.6
1997-05-05,2025-11-20,2025-11-20,19.6
1997-05-06,2025-11-20,2025-11-20,19.7
1997-05-07,2025-11-20,2025-11-20,19.6
1997-05-08,2025-11-20,2025-11-20,20.35
1997-05-09,2025-11-20,2025-11-20,20.45
1997-05-12,2025-11-20,2025-11-20,21.4
1997-05-13,2025-11-20,2025-11-20,21.1
1997-05-14,2025-11-20,2025-11-20,21.35
1997-05-15,2025-11-20,2025-11-20,21.3
1997-05-16,2025-11-20,2025-11-20,22.1
1997-05-19,2025-11-20,2025-11-20,21.5
1997-05-20,2025-11-20,2025-11-20,21.2
1997-05-21,2025-11-20,2025-11-20,21.6
1997-05-22,2025-11-20,2025-11-20,21.6
1997-05-23,2025-11-20,2025-11-20,21.25
1997-05-26,2025-11-20,2025-11-20,
1997-05-27,2025-11-20,2025-11-20,20.75
1997-05-28,2025-11-20,2025-11-20,20.7
1997-05-29,2025-11-20,2025-11-20,21.15
1997-05-30,2025-11-20,2025-11-20,21.0
1997-06-02,2025-11-20,2025-11-20,21.15
1997-06-03,2025-11-20,2025-11-20,20.35
1997-06-04,2025-11-20,2025-11-20,20.3
1997-06-05,2025-11-20,2025-11-20,19.8
1997-06-06,2025-11-20,2025-11-20,19.0
1997-06-09,2025-11-20,2025-11-20,18.85
1997-06-10,2025-11-20,2025-11-20,18.85
1997-06-11,2025-11-20,2025-11-20,18.75
1997-06-12,2025-11-20,2025-11-20,19.0
1997-06-13,2025-11-20,2025-11-20,18.95
1997-06-16,2025-11-20,2025-11-20,19.1
1997-06-17,2025-11-20,2025-11-20,19.3
1997-06-18,2025-11-20,2025-11-20,18.9
1997-06-19,2025-11-20,2025-11-20,18.75
1997-06-20,2025-11-20,2025-11-20,18.6
1997-06-23,2025-11-20,2025-11-20,18.9
1997-06-24,2025-11-20,2025-11-20,18.71
1997-06-25,2025-11-20,2025-11-20,19.12
1997-06-26,2025-11-20,2025-11-20,18.84
1997-06-27,2025-11-20,2025-11-20,19.42
1997-06-30,2025-11-20,2025-11-20,19.82
1997-07-01,2025-11-20,2025-11-20,20.11
1997-07-02,2025-11-20,2025-11-20,20.39
1997-07-03,2025-11-20,2025-11-20,19.48
1997-07-04,2025-11-20,2025-11-20,
1997-07-07,2025-11-20,2025-11-20,19.53
1997-07-08,2025-11-20,2025-11-20,19.67
1997-07-09,2025-11-20,2025-11-20,19.4
1997-07-10,2025-11-20,2025-11-20,19.22
1997-07-11,2025-11-20,2025-11-20,19.39
1997-07-14,2025-11-20,2025-11-20,18.92
1997-07-15,2025-11-20,2025-11-20,19.81
1997-07-16,2025-11-20,2025-11-20,19.57
1997-07-17,2025-11-20,2025-11-20,19.92
1997-07-18,2025-11-20,2025-11-20,19.22
1997-07-21,2025-11-20,2025-11-20,19.25
1997-07-22,2025-11-20,2025-11-20,19.25
1997-07-23,2025-11-20,2025-11-20,19.68
1997-07-24,2025-11-20,2025-11-20,19.71
1997-07-25,2025-11-20,2025-11-20,19.71
1997-07-28,2025-11-20,2025-11-20,19.67
1997-07-29,2025-11-20,2025-11-20,20.08
1997-07-30,2025-11-20,2025-11-20,20.43
1997-07-31,2025-11-20,2025-11-20,20.19
1997-08-01,2025-11-20,2025-11-20,20.27
1997-08-04,2025-11-20,2025-11-20,20.81
1997-08-05,2025-11-20,2025-11-20,20.79
1997-08-06,2025-11-20,2025-11-20,20.46
1997-08-07,2025-11-20,2025-11-20,20.09
1997-08-08,2025-11-20,2025-11-20,19.58
1997-08-11,2025-11-20,2025-11-20,19.73
1997-08-12,2025-11-20,2025-11-20,19.91
1997-08-13,2025-11-20,2025-11-20,20.19
1997-08-14,2025-11-20,2025-11-20,20.02
1997-08-15,2025-11-20,2025-11-20,20.08
1997-08-18,2025-11-20,2025-11-20,19.94
1997-08-19,2025-11-20,2025-11-20,20.04
1997-08-20,2025-11-20,2025-11-20,20.07
1997-08-21,2025-11-20,2025-11-20,19.83
1997-08-22,2025-11-20,2025-11-20,19.7
1997-08-25,2025-11-20,2025-11-20,19.29
1997-08-26,2025-11-20,2025-11-20,19.31
1997-08-27,2025-11-20,2025-11-20,19.65
1997-08-28,2025-11-20,2025-11-20,19.59
1997-08-29,2025-11-20,2025-11-20,19.66
1997-09-01,2025-11-20,2025-11-20,
1997-09-02,2025-11-20,2025-11-20,19.73
1997-09-03,2025-11-20,2025-11-20,19.65
1997-09-04,2025-11-20,2025-11-20,19.46
1997-09-05,2025-11-20,2025-11-20,19.61
1997-09-08,2025-11-20,2025-11-20,19.43
1997-09-09,2025-11-20,2025-11-20,19.5
1997-09-10,2025-11-20,2025-11-20,19.5
1997-09-11,2025-11-20,2025-11-20,19.41
1997-09-12,2025-11-20,2025-11-20,19.37
1997-09-15,2025-11-20,2025-11-20,19.3
1997-09-16,2025-11-20,2025-11-20,19.67
1997-09-17,2025-11-20,2025-11-20,19.44
1997-09-18,2025-11-20,2025-11-20,19.41
1997-09-19,2025-11-20,2025-11-20,19.37
1997-09-22,2025-11-20,2025-11-20,19.61
1997-09-23,2025-11-20,2025-11-20,19.71
1997-09-24,2025-11-20,2025-11-20,20.03
1997-09-25,2025-11-20,2025-11-20,20.38
1997-09-26,2025-11-20,2025-11-20,20.87
1997-09-29,2025-11-20,2025-11-20,21.29
1997-09-30,2025-11-20,2025-11-20,21.13
1997-10-01,2025-11-20,2025-11-20,21.02
1997-10-02,2025-11-20,2025-11-20,21.82
1997-10-03,2025-11-20,2025-11-20,22.86
1997-10-06,2025-11-20,2025-11-20,21.97
1997-10-07,2025-11-20,2025-11-20,21.88
1997-10-08,2025-11-20,2025-11-20,22.19
1997-10-09,2025-11-20,2025-11-20,22.01
1997-10-10,2025-11-20,2025-11-20,22.01
1997-10-13,2025-11-20,2025-11-20,21.34
1997-10-14,2025-11-20,2025-11-20,20.75
1997-10-15,2025-11-20,2025-11-20,20.65
1997-10-16,2025-11-20,2025-11-20,20.98
1997-10-17,2025-11-20,2025-11-20,21.41
1997-10-20,2025-11-20,2025-11-20,20.69
1997-10-21,2025-11-20,2025-11-20,20.68
1997-10-22,2025-11-20,2025-11-20,21.44
1997-10-23,2025-11-20,2025-11-20,21.18
1997-10-24,2025-11-20,2025-11-20,20.99
1997-10-27,2025-11-20,2025-11-20,21.03
1997-10-28,2025-11-20,2025-11-20,20.4
1997-10-29,2025-11-20,2025-11-20,20.82
1997-10-30,2025-11-20,2025-11-20,21.26
1997-10-31,2025-11-20,2025-11-20,21.1
1997-11-03,2025-11-20,2025-11-20,20.91
1997-11-04,2025-11-20,2025-11-20,20.64
1997-11-05,2025-11-20,2025-11-20,20.44
1997-11-06,2025-11-20,2025-11-20,20.46
1997-11-07,2025-11-20,2025-11-20,20.8
1997-11-10,2025-11-20,2025-11-20,20.46
1997-11-11,2025-11-20,2025-11-20,20.54
1997-11-12,2025-11-20,2025-11-20,20.53
1997-11-13,2025-11-20,2025-11-20,20.76
1997-11-14,2025-11-20,2025-11-20,21.01
1997-11-17,2025-11-20,2025-11-20,20.29
1997-11-18,2025-11-20,2025-11-20,20.01
1997-11-19,2025-11-20,2025-11-20,19.82
1997-11-20,2025-11-20,2025-11-20,19.17
1997-11-21,2025-11-20,2025-11-20,19.76
1997-11-24,2025-11-20,2025-11-20,19.41
1997-11-25,2025-11-20,2025-11-20,19.35
1997-11-26,2025-11-20,2025-11-20,19.13
1997-11-27,2025-11-20,2025-11-20,
1997-11-28,2025-11-20,2025-11-20,
1997-12-01,2025-11-20,2025-11-20,18.76
1997-12-02,2025-11-20,2025-11-20,18.67
1997-12-03,2025-11-20,2025-11-20,18.81
1997-12-04,2025-11-20,2025-11-20,18.49
1997-12-05,2025-11-20,2025-11-20,18.72
1997-12-08,2025-11-20,2025-11-20,18.86
1997-12-09,2025-11-20,2025-11-20,18.79
1997-12-10,2025-11-20,2025-11-20,18.15
1997-12-11,2025-11-20,2025-11-20,18.18
1997-12-12,2025-11-20,2025-11-20,18.21
1997-12-15,2025-11-20,2025-11-20,18.18
1997-12-16,2025-11-20,2025-11-20,18.19
1997-12-17,2025-11-20,2025-11-20,18.22
1997-12-18,2025-11-20,2025-11-20,18.51
1997-12-19,2025-11-20,2025-11-20,18.46
1997-12-22,2025-11-20,2025-11-20,18.29
1997-12-23,2025-11-20,2025-11-20,18.39
1997-12-24,2025-11-20,2025-11-20,18.36
1997-12-25,2025-11-20,2025-11-20,
1997-12-26,2025-11-20,2025-11-20,18.19
1997-12-29,2025-11-20,2025-11-20,17.64
1997-12-30,2025-11-20,2025-11-20,17.6
1997-12-31,2025-11-20,2025-11-20,17.65
1998-01-01,2025-11-20,2025-11-20,
1998-01-02,2025-11-20,2025-11-20,17.41
1998-01-05,2025-11-20,2025-11-20,16.95
1998-01-06,2025-11-20,2025-11-20,16.64
1998-01-07,2025-11-20,2025-11-20,16.91
1998-01-08,2025-11-20,2025-11-20,17.01
1998-01-09,2025-11-20,2025-11-20,16.65
1998-01-12,2025-11-20,2025-11-20,16.53
1998-01-13,2025-11-20,2025-11-20,16.44
1998-01-14,2025-11-20,2025-11-20,16.54
1998-01-15,2025-11-20,2025-11-20,16.35
1998-01-16,2025-11-20,2025-11-20,16.48
1998-01-19,2025-11-20,2025-11-20,
1998-01-20,2025-11-20,2025-11-20,16.43
1998-01-21,2025-11-20,2025-11-20,16.05
1998-01-22,2025-11-20,2025-11-20,15.93
1998-01-23,2025-11-20,2025-11-20,15.65
1998-01-26,2025-11-20,2025-11-20,16.96
1998-01-27,2025-11-20,2025-11-20,17.06
1998-01-28,2025-11-20,2025-11-20,17.35
1998-01-29,2025-11-20,2025-11-20,17.93
1998-01-30,2025-11-20,2025-11-20,17.21
1998-02-02,2025-11-20,2025-11-20,17.07
1998-02-03,2025-11-20,2025-11-20,16.43
1998-02-04,2025-11-20,2025-11-20,16.42
1998-02-05,2025-11-20,2025-11-20,16.63
1998-02-06,2025-11-20,2025-11-20,16.72
1998-02-09,2025-11-20,2025-11-20,16.59
1998-02-10,2025-11-20,2025-11-20,16.48
1998-02-11,2025-11-20,2025-11-20,16.17
1998-02-12,2025-11-20,2025-11-20,15.97
1998-02-13,2025-11-20,2025-11-20,16.03
1998-02-16,2025-11-20,2025-11-20,
1998-02-17,2025-11-20,2025-11-20,15.64
1998-02-18,2025-11-20,2025-11-20,16.24
1998-02-19,2025-11-20,2025-11-20,16.12
1998-02-20,2025-11-20,2025-11-20,16.13
1998-02-23,2025-11-20,2025-11-20,15.23
1998-02-24,2025-11-20,2025-11-20,15.14
1998-02-25,2025-11-20,2025-11-20,15.28
1998-02-26,2025-11-20,2025-11-20,15.41
1998-02-27,2025-11-20,2025-11-20,15.44
1998-03-02,2025-11-20,2025-11-20,15.32
1998-03-03,2025-11-20,2025-11-20,15.28
1998-03-04,2025-11-20,2025-11-20,15.33
1998-03-05,2025-11-20,2025-11-20,15.34
1998-03-06,2025-11-20,2025-11-20,14.9
1998-03-09,2025-11-20,2025-11-20,14.58
1998-03-10,2025-11-20,2025-11-20,14.54
1998-03-11,2025-11-20,2025-11-20,14.3
1998-03-12,2025-11-20,2025-11-20,14.4
1998-03-13,2025-11-20,2025-11-20,14.19
1998-03-16,2025-11-20,2025-11-20,13.41
1998-03-17,2025-11-20,2025-11-20,13.67
1998-03-18,2025-11-20,2025-11-20,14.36
1998-03-19,2025-11-20,2025-11-20,14.43
1998-03-20,2025-11-20,2025-11-20,14.31
1998-03-23,2025-11-20,2025-11-20,16.14
1998-03-24,2025-11-20,2025-11-20,15.52
1998-03-25,2025-11-20,2025-11-20,16.69
1998-03-26,2025-11-20,2025-11-20,16.92
1998-03-27,2025-11-20,2025-11-20,16.84
1998-03-30,2025-11-20,2025-11-20,16.32
1998-03-31,2025-11-20,2025-11-20,15.75
1998-04-01,2025-11-20,2025-11-20,15.69
1998-04-02,2025-11-20,2025-11-20,16.04
1998-04-03,2025-11-20,2025-11-20,16.08
1998-04-06,2025-11-20,2025-11-20,15.48
1998-04-07,2025-11-20,2025-11-20,15.39
1998-04-08,2025-11-20,2025-11-20,15.71
1998-04-09,2025-11-20,2025-11-20,15.61
1998-04-10,2025-11-20,2025-11-20,
1998-04-13,2025-11-20,2025-11-20,15.35
1998-04-14,2025-11-20,2025-11-20,15.18
1998-04-15,2025-11-20,2025-11-20,15.64
1998-04-16,2025-11-20,2025-11-20,15.97
1998-04-17,2025-11-20,2025-11-20,15.49
1998-04-20,2025-11-20,2025-11-20,15.52
1998-04-21,2025-11-20,2025-11-20,15.57
1998-04-22,2025-11-20,2025-11-20,15.07
1998-04-23,2025-11-20,2025-11-20,13.09
1998-04-24,2025-11-20,2025-11-20,13.23
1998-04-27,2025-11-20,2025-11-20,15.43
1998-04-28,2025-11-20,2025-11-20,15.9
1998-04-29,2025-11-20,2025-11-20,15.43
1998-04-30,2025-11-20,2025-11-20,15.56
1998-05-01,2025-11-20,2025-11-20,16.25
1998-05-04,2025-11-20,2025-11-20,15.98
1998-05-05,2025-11-20,2025-11-20,15.48
1998-05-06,2025-11-20,2025-11-20,15.45
1998-05-07,2025-11-20,2025-11-20,15.26
1998-05-08,2025-11-20,2025-11-20,15.21
1998-05-11,2025-11-20,2025-11-20,15.26
1998-05-12,2025-11-20,2025-11-20,15.21
1998-05-13,2025-11-20,2025-11-20,15.01
1998-05-14,2025-11-20,2025-11-20,15.15
1998-05-15,2025-11-20,2025-11-20,14.51
1998-05-18,2025-11-20,2025-11-20,14.15
1998-05-19,2025-11-20,2025-11-20,13.01
1998-05-20,2025-11-20,2025-11-20,13.36
1998-05-21,2025-11-20,2025-11-20,14.21
1998-05-22,2025-11-20,2025-11-20,14.81
1998-05-25,2025-11-20,2025-11-20,
1998-05-26,2025-11-20,2025-11-20,14.9
1998-05-27,2025-11-20,2025-11-20,14.98
1998-05-28,2025-11-20,2025-11-20,14.88
1998-05-29,2025-11-20,2025-11-20,15.21
1998-06-01,2025-11-20,2025-11-20,14.99
1998-06-02,2025-11-20,2025-11-20,14.81
1998-06-03,2025-11-20,2025-11-20,14.94
1998-06-04,2025-11-20,2025-11-20,15.24
1998-06-05,2025-11-20,2025-11-20,15.13
1998-06-08,2025-11-20,2025-11-20,14.49
1998-06-09,2025-11-20,2025-11-20,13.76
1998-06-10,2025-11-20,2025-11-20,13.54
1998-06-11,2025-11-20,2025-11-20,12.67
1998-06-12,2025-11-20,2025-11-20,12.66
1998-06-15,2025-11-20,2025-11-20,11.69
1998-06-16,2025-11-20,2025-11-20,12.38
1998-06-17,2025-11-20,2025-11-20,12.55
1998-06-18,2025-11-20,2025-11-20,11.8
1998-06-19,2025-11-20,2025-11-20,11.8
1998-06-22,2025-11-20,2025-11-20,13.54
1998-06-23,2025-11-20,2025-11-20,14.65
1998-06-24,2025-11-20,2025-11-20,14.54
1998-06-25,2025-11-20,2025-11-20,13.9
1998-06-26,2025-11-20,2025-11-20,14.21
1998-06-29,2025-11-20,2025-11-20,14.29
1998-06-30,2025-11-20,2025-11-20,14.3
1998-07-01,2025-11-20,2025-11-20,14.47
1998-07-02,2025-11-20,2025-11-20,14.58
1998-07-03,2025-11-20,2025-11-20,
1998-07-06,2025-11-20,2025-11-20,13.87
1998-07-07,2025-11-20,2025-11-20,13.83
1998-07-08,2025-11-20,2025-11-20,14.01
1998-07-09,2025-11-20,2025-11-20,14.01
1998-07-10,2025-11-20,2025-11-20,13.96
1998-07-13,2025-11-20,2025-11-20,14.06
1998-07-14,2025-11-20,2025-11-20,14.87
1998-07-15,2025-11-20,2025-11-20,14.9
1998-07-16,2025-11-20,2025-11-20,14.54
1998-07-17,2025-11-20,2025-11-20,14.02
1998-07-20,2025-11-20,2025-11-20,13.44
1998-07-21,2025-11-20,2025-11-20,13.83
1998-07-22,2025-11-20,2025-11-20,14.29
1998-07-23,2025-11-20,2025-11-20,13.97
1998-07-24,2025-11-20,2025-11-20,13.93
1998-07-27,2025-11-20,2025-11-20,14.37
1998-07-28,2025-11-20,2025-11-20,14.2
1998-07-29,2025-11-20,2025-11-20,14.13
1998-07-30,2025-11-20,2025-11-20,14.25
1998-07-31,2025-11-20,2025-11-20,14.27
1998-08-03,2025-11-20,2025-11-20,13.93
1998-08-04,2025-11-20,2025-11-20,13.69
1998-08-05,2025-11-20,2025-11-20,13.8
1998-08-06,2025-11-20,2025-11-20,13.87
1998-08-07,2025-11-20,2025-11-20,13.85
1998-08-10,2025-11-20,2025-11-20,13.11
1998-08-11,2025-11-20,2025-11-20,12.87
1998-08-12,2025-11-20,2025-11-20,12.76
1998-08-13,2025-11-20,2025-11-20,13.44
1998-08-14,2025-11-20,2025-11-20,13.4
1998-08-17,2025-11-20,2025-11-20,13.26
1998-08-18,2025-11-20,2025-11-20,13.13
1998-08-19,2025-11-20,2025-11-20,13.21
1998-08-20,2025-11-20,2025-11-20,13.62
1998-08-21,2025-11-20,2025-11-20,13.44
1998-08-24,2025-11-20,2025-11-20,13.78
1998-08-25,2025-11-20,2025-11-20,13.9
1998-08-26,2025-11-20,2025-11-20,13.67
1998-08-27,2025-11-20,2025-11-20,13.35
1998-08-28,2025-11-20,2025-11-20,13.54
1998-08-31,2025-11-20,2025-11-20,13.29
1998-09-01,2025-11-20,2025-11-20,13.62
1998-09-02,2025-11-20,2025-11-20,13.72
1998-09-03,2025-11-20,2025-11-20,14.7
1998-09-04,2025-11-20,2025-11-20,14.59
1998-09-07,2025-11-20,2025-11-20,
1998-09-08,2025-11-20,2025-11-20,14.34
1998-09-09,2025-11-20,2025-11-20,14.37
1998-09-10,2025-11-20,2025-11-20,14.71
1998-09-11,2025-11-20,2025-11-20,14.39
1998-09-14,2025-11-20,2025-11-20,14.46
1998-09-15,2025-11-20,2025-11-20,14.72
1998-09-16,2025-11-20,2025-11-20,14.6
1998-09-17,2025-11-20,2025-11-20,15.07
1998-09-18,2025-11-20,2025-11-20,15.53
1998-09-21,2025-11-20,2025-11-20,15.58
1998-09-22,2025-11-20,2025-11-20,15.73
1998-09-23,2025-11-20,2025-11-20,15.8
1998-09-24,2025-11-20,2025-11-20,15.99
1998-09-25,2025-11-20,2025-11-20,15.8
1998-09-28,2025-11-20,2025-11-20,15.74
1998-09-29,2025-11-20,2025-11-20,16.01
1998-09-30,2025-11-20,2025-11-20,16.19
1998-10-01,2025-11-20,2025-11-20,15.52
1998-10-02,2025-11-20,2025-11-20,15.71
1998-10-05,2025-11-20,2025-11-20,15.24
1998-10-06,2025-11-20,2025-11-20,15.6
1998-10-07,2025-11-20,2025-11-20,15.03
1998-10-08,2025-11-20,2025-11-20,14.57
1998-10-09,2025-11-20,2025-11-20,14.64
1998-10-12,2025-11-20,2025-11-20,14.47
1998-10-13,2025-11-20,2025-11-20,14.27
1998-10-14,2025-11-20,2025-11-20,14.09
1998-10-15,2025-11-20,2025-11-20,14.08
1998-10-16,2025-11-20,2025-11-20,14.16
1998-10-19,2025-11-20,2025-11-20,13.39
1998-10-20,2025-11-20,2025-11-20,13.45
1998-10-21,2025-11-20,2025-11-20,14.14
1998-10-22,2025-11-20,2025-11-20,14.0
1998-10-23,2025-11-20,2025-11-20,14.06
1998-10-26,2025-11-20,2025-11-20,14.39
1998-10-27,2025-11-20,2025-11-20,14.19
1998-10-28,2025-11-20,2025-11-20,14.35
1998-10-29,2025-11-20,2025-11-20,14.31
1998-10-30,2025-11-20,2025-11-20,14.48
1998-11-02,2025-11-20,2025-11-20,14.45
1998-11-03,2025-11-20,2025-11-20,14.24
1998-11-04,2025-11-20,2025-11-20,14.09
1998-11-05,2025-11-20,2025-11-20,13.93
1998-11-06,2025-11-20,2025-11-20,13.93
1998-11-09,2025-11-20,2025-11-20,13.39
1998-11-10,2025-11-20,2025-11-20,13.54
1998-11-11,2025-11-20,2025-11-20,13.63
1998-11-12,2025-11-20,2025-11-20,14.04
1998-11-13,2025-11-20,2025-11-20,13.57
1998-11-16,2025-11-20,2025-11-20,12.81
1998-11-17,2025-11-20,2025-11-20,12.46
1998-11-18,2025-11-20,2025-11-20,12.33
1998-11-19,2025-11-20,2025-11-20,12.21
1998-11-20,2025-11-20,2025-11-20,12.2
1998-11-23,2025-11-20,2025-11-20,12.51
1998-11-24,2025-11-20,2025-11-20,11.48
1998-11-25,2025-11-20,2025-11-20,10.86
1998-11-26,2025-11-20,2025-11-20,
1998-11-27,2025-11-20,2025-11-20,
1998-11-30,2025-11-20,2025-11-20,11.37
1998-12-01,2025-11-20,2025-11-20,11.27
1998-12-02,2025-11-20,2025-11-20,11.31
1998-12-03,2025-11-20,2025-11-20,11.25
1998-12-04,2025-11-20,2025-11-20,11.2
1998-12-07,2025-11-20,2025-11-20,11.61
1998-12-08,2025-11-20,2025-11-20,11.33
1998-12-09,2025-11-20,2025-11-20,11.2
1998-12-10,2025-11-20,2025-11-20,10.82
1998-12-11,2025-11-20,2025-11-20,10.86
1998-12-14,2025-11-20,2025-11-20,11.3
1998-12-15,2025-11-20,2025-11-20,11.64
1998-12-16,2025-11-20,2025-11-20,12.55
1998-12-17,2025-11-20,2025-11-20,11.05
1998-12-18,2025-11-20,2025-11-20,10.95
1998-12-21,2025-11-20,2025-11-20,10.86
1998-12-22,2025-11-20,2025-11-20,10.99
1998-12-23,2025-11-20,2025-11-20,11.12
1998-12-24,2025-11-20,2025-11-20,11.03
1998-12-25,2025-11-20,2025-11-20,
1998-12-28,2025-11-20,2025-11-20,11.59
1998-12-29,2025-11-20,2025-11-20,11.82
1998-12-30,2025-11-20,2025-11-20,11.75
1998-12-31,2025-11-20,2025-11-20,12.14
1999-01-01,2025-11-20,2025-11-20,
1999-01-04,2025-11-20,2025-11-20,12.42
1999-01-05,2025-11-20,2025-11-20,12.04
1999-01-06,2025-11-20,2025-11-20,12.84
1999-01-07,2025-11-20,2025-11-20,12.99
1999-01-08,2025-11-20,2025-11-20,13.06
1999-01-11,2025-11-20,2025-11-20,13.43
1999-01-12,2025-11-20,2025-11-20,12.91
1999-01-13,2025-11-20,2025-11-20,12.33
1999-01-14,2025-11-20,2025-11-20,12.23
1999-01-15,2025-11-20,2025-11-20,12.21
1999-01-18,2025-11-20,2025-11-20,
1999-01-19,2025-11-20,2025-11-20,12.13
1999-01-20,2025-11-20,2025-11-20,11.82
1999-01-21,2025-11-20,2025-11-20,12.45
1999-01-22,2025-11-20,2025-11-20,12.62
1999-01-25,2025-11-20,2025-11-20,12.41
1999-01-26,2025-11-20,2025-11-20,12.16
1999-01-27,2025-11-20,2025-11-20,12.4
1999-01-28,2025-11-20,2025-11-20,12.52
1999-01-29,2025-11-20,2025-11-20,12.81
1999-02-01,2025-11-20,2025-11-20,12.36
1999-02-02,2025-11-20,2025-11-20,12.21
1999-02-03,2025-11-20,2025-11-20,12.42
1999-02-04,2025-11-20,2025-11-20,11.94
1999-02-05,2025-11-20,2025-11-20,11.85
1999-02-08,2025-11-20,2025-11-20,11.65
1999-02-09,2025-11-20,2025-11-20,11.66
1999-02-10,2025-11-20,2025-11-20,11.88
1999-02-11,2025-11-20,2025-11-20,11.94
1999-02-12,2025-11-20,2025-11-20,11.9
1999-02-15,2025-11-20,2025-11-20,
1999-02-16,2025-11-20,2025-11-20,11.38
1999-02-17,2025-11-20,2025-11-20,11.49
1999-02-18,2025-11-20,2025-11-20,11.97
1999-02-19,2025-11-20,2025-11-20,11.79
1999-02-22,2025-11-20,2025-11-20,11.97
1999-02-23,2025-11-20,2025-11-20,12.44
1999-02-24,2025-11-20,2025-11-20,12.49
1999-02-25,2025-11-20,2025-11-20,12.61
1999-02-26,2025-11-20,2025-11-20,12.31
1999-03-01,2025-11-20,2025-11-20,12.28
1999-03-02,2025-11-20,2025-11-20,12.66
1999-03-03,2025-11-20,2025-11-20,12.92
1999-03-04,2025-11-20,2025-11-20,13.32
1999-03-05,2025-11-20,2025-11-20,13.33
1999-03-08,2025-11-20,2025-11-20,13.63
1999-03-09,2025-11-20,2025-11-20,13.78
1999-03-10,2025-11-20,2025-11-20,14.74
1999-03-11,2025-11-20,2025-11-20,14.3
1999-03-12,2025-11-20,2025-11-20,14.51
1999-03-15,2025-11-20,2025-11-20,14.48
1999-03-16,2025-11-20,2025-11-20,14.6
1999-03-17,2025-11-20,2025-11-20,15.11
1999-03-18,2025-11-20,2025-11-20,15.11
1999-03-19,2025-11-20,2025-11-20,15.26
1999-03-22,2025-11-20,2025-11-20,15.39
1999-03-23,2025-11-20,2025-11-20,15.36
1999-03-24,2025-11-20,2025-11-20,15.18
1999-03-25,2025-11-20,2025-11-20,15.66
1999-03-26,2025-11-20,2025-11-20,16.16
1999-03-29,2025-11-20,2025-11-20,16.46
1999-03-30,2025-11-20,2025-11-20,16.66
1999-03-31,2025-11-20,2025-11-20,16.66
1999-04-01,2025-11-20,2025-11-20,16.65
1999-04-02,2025-11-20,2025-11-20,
1999-04-05,2025-11-20,2025-11-20,16.94
1999-04-06,2025-11-20,2025-11-20,16.79
1999-04-07,2025-11-20,2025-11-20,16.02
1999-04-08,2025-11-20,2025-11-20,15.92
1999-04-09,2025-11-20,2025-11-20,16.59
1999-04-12,2025-11-20,2025-11-20,16.44
1999-04-13,2025-11-20,2025-11-20,16.73
1999-04-14,2025-11-20,2025-11-20,16.51
1999-04-15,2025-11-20,2025-11-20,16.85
1999-04-16,2025-11-20,2025-11-20,17.34
1999-04-19,2025-11-20,2025-11-20,17.82
1999-04-20,2025-11-20,2025-11-20,17.79
1999-04-21,2025-11-20,2025-11-20,18.05
1999-04-22,2025-11-20,2025-11-20,18.02
1999-04-23,2025-11-20,2025-11-20,17.96
1999-04-26,2025-11-20,2025-11-20,17.67
1999-04-27,2025-11-20,2025-11-20,17.82
1999-04-28,2025-11-20,2025-11-20,18.43
1999-04-29,2025-11-20,2025-11-20,18.53
1999-04-30,2025-11-20,2025-11-20,18.69
1999-05-03,2025-11-20,2025-11-20,18.83
1999-05-04,2025-11-20,2025-11-20,18.94
1999-05-05,2025-11-20,2025-11-20,18.89
1999-05-06,2025-11-20,2025-11-20,18.23
1999-05-07,2025-11-20,2025-11-20,18.23
1999-05-10,2025-11-20,2025-11-20,18.57
1999-05-11,2025-11-20,2025-11-20,17.84
1999-05-12,2025-11-20,2025-11-20,17.44
1999-05-13,2025-11-20,2025-11-20,18.11
1999-05-14,2025-11-20,2025-11-20,18.04
1999-05-17,2025-11-20,2025-11-20,17.76
1999-05-18,2025-11-20,2025-11-20,17.09
1999-05-19,2025-11-20,2025-11-20,16.77
1999-05-20,2025-11-20,2025-11-20,17.04
1999-05-21,2025-11-20,2025-11-20,17.22
1999-05-24,2025-11-20,2025-11-20,16.77
1999-05-25,2025-11-20,2025-11-20,17.25
1999-05-26,2025-11-20,2025-11-20,17.32
1999-05-27,2025-11-20,2025-11-20,17.18
1999-05-28,2025-11-20,2025-11-20,16.85
1999-05-31,2025-11-20,2025-11-20,
1999-06-01,2025-11-20,2025-11-20,16.31
1999-06-02,2025-11-20,2025-11-20,16.61
1999-06-03,2025-11-20,2025-11-20,16.81
1999-06-04,2025-11-20,2025-11-20,17.36
1999-06-07,2025-11-20,2025-11-20,17.91
1999-06-08,2025-11-20,2025-11-20,17.66
1999-06-09,2025-11-20,2025-11-20,17.98
1999-06-10,2025-11-20,2025-11-20,17.82
1999-06-11,2025-11-20,2025-11-20,18.45
1999-06-14,2025-11-20,2025-11-20,18.24
1999-06-15,2025-11-20,2025-11-20,18.61
1999-06-16,2025-11-20,2025-11-20,17.92
1999-06-17,2025-11-20,2025-11-20,18.25
1999-06-18,2025-11-20,2025-11-20,18.01
1999-06-21,2025-11-20,2025-11-20,17.79
1999-06-22,2025-11-20,2025-11-20,17.62
1999-06-23,2025-11-20,2025-11-20,18.42
1999-06-24,2025-11-20,2025-11-20,18.26
1999-06-25,2025-11-20,2025-11-20,18.17
1999-06-28,2025-11-20,2025-11-20,18.22
1999-06-29,2025-11-20,2025-11-20,18.56
1999-06-30,2025-11-20,2025-11-20,19.33
1999-07-01,2025-11-20,2025-11-20,19.39
1999-07-02,2025-11-20,2025-11-20,19.7
1999-07-05,2025-11-20,2025-11-20,
1999-07-06,2025-11-20,2025-11-20,19.78
1999-07-07,2025-11-20,2025-11-20,19.98
1999-07-08,2025-11-20,2025-11-20,19.76
1999-07-09,2025-11-20,2025-11-20,19.94
1999-07-12,2025-11-20,2025-11-20,19.92
1999-07-13,2025-11-20,2025-11-20,20.33
1999-07-14,2025-11-20,2025-11-20,19.89
1999-07-15,2025-11-20,2025-11-20,20.26
1999-07-16,2025-11-20,2025-11-20,20.66
1999-07-19,2025-11-20,2025-11-20,20.28
1999-07-20,2025-11-20,2025-11-20,19.38
1999-07-21,2025-11-20,2025-11-20,19.54
1999-07-22,2025-11-20,2025-11-20,19.84
1999-07-23,2025-11-20,2025-11-20,20.41
1999-07-26,2025-11-20,2025-11-20,20.49
1999-07-27,2025-11-20,2025-11-20,20.4
1999-07-28,2025-11-20,2025-11-20,20.61
1999-07-29,2025-11-20,2025-11-20,21.09
1999-07-30,2025-11-20,2025-11-20,20.52
1999-08-02,2025-11-20,2025-11-20,20.46
1999-08-03,2025-11-20,2025-11-20,20.21
1999-08-04,2025-11-20,2025-11-20,20.49
1999-08-05,2025-11-20,2025-11-20,20.67
1999-08-06,2025-11-20,2025-11-20,20.89
1999-08-09,2025-11-20,2025-11-20,21.26
1999-08-10,2025-11-20,2025-11-20,21.31
1999-08-11,2025-11-20,2025-11-20,21.54
1999-08-12,2025-11-20,2025-11-20,21.42
1999-08-13,2025-11-20,2025-11-20,21.67
1999-08-16,2025-11-20,2025-11-20,21.34
1999-08-17,2025-11-20,2025-11-20,21.7
1999-08-18,2025-11-20,2025-11-20,21.54
1999-08-19,2025-11-20,2025-11-20,21.86
1999-08-20,2025-11-20,2025-11-20,21.66
1999-08-23,2025-11-20,2025-11-20,21.61
1999-08-24,2025-11-20,2025-11-20,21.36
1999-08-25,2025-11-20,2025-11-20,20.66
1999-08-26,2025-11-20,2025-11-20,21.09
1999-08-27,2025-11-20,2025-11-20,21.31
1999-08-30,2025-11-20,2025-11-20,21.93
1999-08-31,2025-11-20,2025-11-20,22.15
1999-09-01,2025-11-20,2025-11-20,21.79
1999-09-02,2025-11-20,2025-11-20,21.54
1999-09-03,2025-11-20,2025-11-20,22.0
1999-09-06,2025-11-20,2025-11-20,
1999-09-07,2025-11-20,2025-11-20,22.58
1999-09-08,2025-11-20,2025-11-20,22.64
1999-09-09,2025-11-20,2025-11-20,23.24
1999-09-10,2025-11-20,2025-11-20,23.55
1999-09-13,2025-11-20,2025-11-20,24.18
1999-09-14,2025-11-20,2025-11-20,23.86
1999-09-15,2025-11-20,2025-11-20,24.1
1999-09-16,2025-11-20,2025-11-20,24.52
1999-09-17,2025-11-20,2025-11-20,24.72
1999-09-20,2025-11-20,2025-11-20,24.32
1999-09-21,2025-11-20,2025-11-20,24.48
1999-09-22,2025-11-20,2025-11-20,24.26
1999-09-23,2025-11-20,2025-11-20,24.76
1999-09-24,2025-11-20,2025-11-20,24.81
1999-09-27,2025-11-20,2025-11-20,24.63
1999-09-28,2025-11-20,2025-11-20,24.52
1999-09-29,2025-11-20,2025-11-20,24.69
1999-09-30,2025-11-20,2025-11-20,24.54
1999-10-01,2025-11-20,2025-11-20,24.51
1999-10-04,2025-11-20,2025-11-20,23.71
1999-10-05,2025-11-20,2025-11-20,23.37
1999-10-06,2025-11-20,2025-11-20,23.24
1999-10-07,2025-11-20,2025-11-20,22.46
1999-10-08,2025-11-20,2025-11-20,20.81
1999-10-11,2025-11-20,2025-11-20,21.58
1999-10-12,2025-11-20,2025-11-20,22.93
1999-10-13,2025-11-20,2025-11-20,22.93
1999-10-14,2025-11-20,2025-11-20,22.46
1999-10-15,2025-11-20,2025-11-20,22.81
1999-10-18,2025-11-20,2025-11-20,22.44
1999-10-19,2025-11-20,2025-11-20,22.36
1999-10-20,2025-11-20,2025-11-20,22.21
1999-10-21,2025-11-20,2025-11-20,22.74
1999-10-22,2025-11-20,2025-11-20,23.48
1999-10-25,2025-11-20,2025-11-20,23.22
1999-10-26,2025-11-20,2025-11-20,23.17
1999-10-27,2025-11-20,2025-11-20,22.71
1999-10-28,2025-11-20,2025-11-20,21.59
1999-10-29,2025-11-20,2025-11-20,21.79
1999-11-01,2025-11-20,2025-11-20,22.44
1999-11-02,2025-11-20,2025-11-20,22.49
1999-11-03,2025-11-20,2025-11-20,22.59
1999-11-04,2025-11-20,2025-11-20,23.17
1999-11-05,2025-11-20,2025-11-20,22.93
1999-11-08,2025-11-20,2025-11-20,23.28
1999-11-09,2025-11-20,2025-11-20,24.21
1999-11-10,2025-11-20,2025-11-20,24.37
1999-11-11,2025-11-20,2025-11-20,24.33
1999-11-12,2025-11-20,2025-11-20,24.91
1999-11-15,2025-11-20,2025-11-20,25.31
1999-11-16,2025-11-20,2025-11-20,26.04
1999-11-17,2025-11-20,2025-11-20,26.57
1999-11-18,2025-11-20,2025-11-20,25.71
1999-11-19,2025-11-20,2025-11-20,26.61
1999-11-22,2025-11-20,2025-11-20,28.03
1999-11-23,2025-11-20,2025-11-20,26.91
1999-11-24,2025-11-20,2025-11-20,27.22
1999-11-25,2025-11-20,2025-11-20,
1999-11-26,2025-11-20,2025-11-20,27.22
1999-11-29,2025-11-20,2025-11-20,25.84
1999-11-30,2025-11-20,2025-11-20,24.87
1999-12-01,2025-11-20,2025-11-20,25.01
1999-12-02,2025-11-20,2025-11-20,25.88
1999-12-03,2025-11-20,2025-11-20,25.71
1999-12-06,2025-11-20,2025-11-20,26.67
1999-12-07,2025-11-20,2025-11-20,26.36
1999-12-08,2025-11-20,2025-11-20,26.69
1999-12-09,2025-11-20,2025-11-20,26.0
1999-12-10,2025-11-20,2025-11-20,25.21
1999-12-13,2025-11-20,2025-11-20,25.37
1999-12-14,2025-11-20,2025-11-20,25.87
1999-12-15,2025-11-20,2025-11-20,26.28
1999-12-16,2025-11-20,2025-11-20,26.74
1999-12-17,2025-11-20,2025-11-20,26.76
1999-12-20,2025-11-20,2025-11-20,26.55
1999-12-21,2025-11-20,2025-11-20,26.34
1999-12-22,2025-11-20,2025-11-20,25.51
1999-12-23,2025-11-20,2025-11-20,25.86
1999-12-24,2025-11-20,2025-11-20,
1999-12-27,2025-11-20,2025-11-20,26.36
1999-12-28,2025-11-20,2025-11-20,26.81
1999-12-29,2025-11-20,2025-11-20,26.41
1999-12-30,2025-11-20,2025-11-20,25.76
1999-12-31,2025-11-20,2025-11-20,
2000-01-03,2025-11-20,2025-11-20,
2000-01-04,2025-11-20,2025-11-20,25.56
2000-01-05,2025-11-20,2025-11-20,24.65
2000-01-06,2025-11-20,2025-11-20,24.79
2000-01-07,2025-11-20,2025-11-20,24.79
2000-01-10,2025-11-20,2025-11-20,24.71
2000-01-11,2025-11-20,2025-11-20,25.69
2000-01-12,2025-11-20,2025-11-20,26.3
2000-01-13,2025-11-20,2025-11-20,26.63
2000-01-14,2025-11-20,2025-11-20,28.01
2000-01-17,2025-11-20,2025-11-20,
2000-01-18,2025-11-20,2025-11-20,28.98
2000-01-19,2025-11-20,2025-11-20,29.11
2000-01-20,2025-11-20,2025-11-20,29.67
2000-01-21,2025-11-20,2025-11-20,29.71
2000-01-24,2025-11-20,2025-11-20,29.25
2000-01-25,2025-11-20,2025-11-20,30.28
2000-01-26,2025-11-20,2025-11-20,27.66
2000-01-27,2025-11-20,2025-11-20,27.22
2000-01-28,2025-11-20,2025-11-20,27.27
2000-01-31,2025-11-20,2025-11-20,27.65
2000-02-01,2025-11-20,2025-11-20,28.28
2000-02-02,2025-11-20,2025-11-20,27.52
2000-02-03,2025-11-20,2025-11-20,28.26
2000-02-04,2025-11-20,2025-11-20,28.67
2000-02-07,2025-11-20,2025-11-20,28.4
2000-02-08,2025-11-20,2025-11-20,28.05
2000-02-09,2025-11-20,2025-11-20,28.71
2000-02-10,2025-11-20,2025-11-20,29.49
2000-02-11,2025-11-20,2025-11-20,29.51
2000-02-14,2025-11-20,2025-11-20,30.3
2000-02-15,2025-11-20,2025-11-20,30.17
2000-02-16,2025-11-20,2025-11-20,30.01
2000-02-17,2025-11-20,2025-11-20,29.37
2000-02-18,2025-11-20,2025-11-20,29.51
2000-02-21,2025-11-20,2025-11-20,
2000-02-22,2025-11-20,2025-11-20,29.63
2000-02-23,2025-11-20,2025-11-20,30.19
2000-02-24,2025-11-20,2025-11-20,30.23
2000-02-25,2025-11-20,2025-11-20,30.34
2000-02-28,2025-11-20,2025-11-20,30.11
2000-02-29,2025-11-20,2025-11-20,30.57
2000-03-01,2025-11-20,2025-11-20,31.71
2000-03-02,2025-11-20,2025-11-20,31.51
2000-03-03,2025-11-20,2025-11-20,31.46
2000-03-06,2025-11-20,2025-11-20,32.19
2000-03-07,2025-11-20,2025-11-20,33.9
2000-03-08,2025-11-20,2025-11-20,31.22
2000-03-09,2025-11-20,2025-11-20,31.61
2000-03-10,2025-11-20,2025-11-20,31.76
2000-03-13,2025-11-20,2025-11-20,32.11
2000-03-14,2025-11-20,2025-11-20,31.93
2000-03-15,2025-11-20,2025-11-20,30.47
2000-03-16,2025-11-20,2025-11-20,31.1
2000-03-17,2025-11-20,2025-11-20,30.86
2000-03-20,2025-11-20,2025-11-20,29.33
2000-03-21,2025-11-20,2025-11-20,28.01
2000-03-22,2025-11-20,2025-11-20,27.28
2000-03-23,2025-11-20,2025-11-20,27.47
2000-03-24,2025-11-20,2025-11-20,27.86
2000-03-27,2025-11-20,2025-11-20,27.59
2000-03-28,2025-11-20,2025-11-20,27.1
2000-03-29,2025-11-20,2025-11-20,26.36
2000-03-30,2025-11-20,2025-11-20,26.67
2000-03-31,2025-11-20,2025-11-20,26.86
2000-04-03,2025-11-20,2025-11-20,26.28
2000-04-04,2025-11-20,2025-11-20,25.46
2000-04-05,2025-11-20,2025-11-20,25.76
2000-04-06,2025-11-20,2025-11-20,25.51
2000-04-07,2025-11-20,2025-11-20,24.97
2000-04-10,2025-11-20,2025-11-20,23.91
2000-04-11,2025-11-20,2025-11-20,24.17
2000-04-12,2025-11-20,2025-11-20,25.49
2000-04-13,2025-11-20,2025-11-20,25.29
2000-04-14,2025-11-20,2025-11-20,25.48
2000-04-17,2025-11-20,2025-11-20,26.06
2000-04-18,2025-11-20,2025-11-20,25.92
2000-04-19,2025-11-20,2025-11-20,27.38
2000-04-20,2025-11-20,2025-11-20,27.29
2000-04-21,2025-11-20,2025-11-20,
2000-04-24,2025-11-20,2025-11-20,27.41
2000-04-25,2025-11-20,2025-11-20,26.41
2000-04-26,2025-11-20,2025-11-20,24.69
2000-04-27,2025-11-20,2025-11-20,25.53
2000-04-28,2025-11-20,2025-11-20,25.71
2000-05-01,2025-11-20,2025-11-20,25.84
2000-05-02,2025-11-20,2025-11-20,26.86
2000-05-03,2025-11-20,2025-11-20,26.6
2000-05-04,2025-11-20,2025-11-20,27.08
2000-05-05,2025-11-20,2025-11-20,27.37
2000-05-08,2025-11-20,2025-11-20,28.05
2000-05-09,2025-11-20,2025-11-20,28.46
2000-05-10,2025-11-20,2025-11-20,28.1
2000-05-11,2025-11-20,2025-11-20,29.25
2000-05-12,2025-11-20,2025-11-20,29.64
2000-05-15,2025-11-20,2025-11-20,29.95
2000-05-16,2025-11-20,2025-11-20,29.76
2000-05-17,2025-11-20,2025-11-20,29.38
2000-05-18,2025-11-20,2025-11-20,30.28
2000-05-19,2025-11-20,2025-11-20,30.02
2000-05-22,2025-11-20,2025-11-20,28.62
2000-05-23,2025-11-20,2025-11-20,28.61
2000-05-24,2025-11-20,2025-11-20,29.89
2000-05-25,2025-11-20,2025-11-20,30.43
2000-05-26,2025-11-20,2025-11-20,29.76
2000-05-29,2025-11-20,2025-11-20,
2000-05-30,2025-11-20,2025-11-20,30.36
2000-05-31,2025-11-20,2025-11-20,29.03
2000-06-01,2025-11-20,2025-11-20,30.19
2000-06-02,2025-11-20,2025-11-20,30.34
2000-06-05,2025-11-20,2025-11-20,29.87
2000-06-06,2025-11-20,2025-11-20,29.78
2000-06-07,2025-11-20,2025-11-20,29.29
2000-06-08,2025-11-20,2025-11-20,29.78
2000-06-09,2025-11-20,2025-11-20,30.22
2000-06-12,2025-11-20,2025-11-20,31.76
2000-06-13,2025-11-20,2025-11-20,32.73
2000-06-14,2025-11-20,2025-11-20,32.72
2000-06-15,2025-11-20,2025-11-20,32.7
2000-06-16,2025-11-20,2025-11-20,32.35
2000-06-19,2025-11-20,2025-11-20,31.57
2000-06-20,2025-11-20,2025-11-20,33.07
2000-06-21,2025-11-20,2025-11-20,33.64
2000-06-22,2025-11-20,2025-11-20,34.72
2000-06-23,2025-11-20,2025-11-20,34.76
2000-06-26,2025-11-20,2025-11-20,31.56
2000-06-27,2025-11-20,2025-11-20,32.01
2000-06-28,2025-11-20,2025-11-20,31.86
2000-06-29,2025-11-20,2025-11-20,32.73
2000-06-30,2025-11-20,2025-11-20,32.44
2000-07-03,2025-11-20,2025-11-20,
2000-07-04,2025-11-20,2025-11-20,
2000-07-05,2025-11-20,2025-11-20,30.76
2000-07-06,2025-11-20,2025-11-20,30.19
2000-07-07,2025-11-20,2025-11-20,30.26
2000-07-10,2025-11-20,2025-11-20,29.51
2000-07-11,2025-11-20,2025-11-20,29.61
2000-07-12,2025-11-20,2025-11-20,30.34
2000-07-13,2025-11-20,2025-11-20,31.41
2000-07-14,2025-11-20,2025-11-20,31.31
2000-07-17,2025-11-20,2025-11-20,30.71
2000-07-18,2025-11-20,2025-11-20,31.94
2000-07-19,2025-11-20,2025-11-20,31.1
2000-07-20,2025-11-20,2025-11-20,30.94
2000-07-21,2025-11-20,2025-11-20,28.56
2000-07-24,2025-11-20,2025-11-20,27.97
2000-07-25,2025-11-20,2025-11-20,27.89
2000-07-26,2025-11-20,2025-11-20,27.81
2000-07-27,2025-11-20,2025-11-20,28.21
2000-07-28,2025-11-20,2025-11-20,28.22
2000-07-31,2025-11-20,2025-11-20,27.5
2000-08-01,2025-11-20,2025-11-20,27.85
2000-08-02,2025-11-20,2025-11-20,28.27
2000-08-03,2025-11-20,2025-11-20,28.92
2000-08-04,2025-11-20,2025-11-20,29.94
2000-08-07,2025-11-20,2025-11-20,28.93
2000-08-08,2025-11-20,2025-11-20,29.26
2000-08-09,2025-11-20,2025-11-20,30.38
2000-08-10,2025-11-20,2025-11-20,31.09
2000-08-11,2025-11-20,2025-11-20,31.02
2000-08-14,2025-11-20,2025-11-20,31.92
2000-08-15,2025-11-20,2025-11-20,31.43
2000-08-16,2025-11-20,2025-11-20,31.91
2000-08-17,2025-11-20,2025-11-20,31.88
2000-08-18,2025-11-20,2025-11-20,31.97
2000-08-21,2025-11-20,2025-11-20,32.42
2000-08-22,2025-11-20,2025-11-20,31.24
2000-08-23,2025-11-20,2025-11-20,31.23
2000-08-24,2025-11-20,2025-11-20,33.41
2000-08-25,2025-11-20,2025-11-20,34.01
2000-08-28,2025-11-20,2025-11-20,32.92
2000-08-29,2025-11-20,2025-11-20,32.73
2000-08-30,2025-11-20,2025-11-20,33.25
2000-08-31,2025-11-20,2025-11-20,33.09
2000-09-01,2025-11-20,2025-11-20,33.42
2000-09-04,2025-11-20,2025-11-20,
2000-09-05,2025-11-20,2025-11-20,33.92
2000-09-06,2025-11-20,2025-11-20,34.97
2000-09-07,2025-11-20,2025-11-20,35.18
2000-09-08,2025-11-20,2025-11-20,33.62
2000-09-11,2025-11-20,2025-11-20,35.14
2000-09-12,2025-11-20,2025-11-20,34.25
2000-09-13,2025-11-20,2025-11-20,33.87
2000-09-14,2025-11-20,2025-11-20,34.37
2000-09-15,2025-11-20,2025-11-20,35.87
2000-09-18,2025-11-20,2025-11-20,36.75
2000-09-19,2025-11-20,2025-11-20,36.96
2000-09-20,2025-11-20,2025-11-20,37.22
2000-09-21,2025-11-20,2025-11-20,33.84
2000-09-22,2025-11-20,2025-11-20,32.66
2000-09-25,2025-11-20,2025-11-20,31.5
2000-09-26,2025-11-20,2025-11-20,31.78
2000-09-27,2025-11-20,2025-11-20,31.23
2000-09-28,2025-11-20,2025-11-20,30.26
2000-09-29,2025-11-20,2025-11-20,30.87
2000-10-02,2025-11-20,2025-11-20,32.05
2000-10-03,2025-11-20,2025-11-20,31.86
2000-10-04,2025-11-20,2025-11-20,30.91
2000-10-05,2025-11-20,2025-11-20,30.66
2000-10-06,2025-11-20,2025-11-20,30.86
2000-10-09,2025-11-20,2025-11-20,31.98
2000-10-10,2025-11-20,2025-11-20,33.29
2000-10-11,2025-11-20,2025-11-20,33.2
2000-10-12,2025-11-20,2025-11-20,36.06
2000-10-13,2025-11-20,2025-11-20,34.96
2000-10-16,2025-11-20,2025-11-20,33.18
2000-10-17,2025-11-20,2025-11-20,33.36
2000-10-18,2025-11-20,2025-11-20,33.51
2000-10-19,2025-11-20,2025-11-20,33.06
2000-10-20,2025-11-20,2025-11-20,34.31
2000-10-23,2025-11-20,2025-11-20,34.9
2000-10-24,2025-11-20,2025-11-20,34.53
2000-10-25,2025-11-20,2025-11-20,33.62
2000-10-26,2025-11-20,2025-11-20,33.75
2000-10-27,2025-11-20,2025-11-20,32.78
2000-10-30,2025-11-20,2025-11-20,32.86
2000-10-31,2025-11-20,2025-11-20,32.7
2000-11-01,2025-11-20,2025-11-20,33.14
2000-11-02,2025-11-20,2025-11-20,32.59
2000-11-03,2025-11-20,2025-11-20,32.62
2000-11-06,2025-11-20,2025-11-20,33.02
2000-11-07,2025-11-20,2025-11-20,33.44
2000-11-08,2025-11-20,2025-11-20,32.92
2000-11-09,2025-11-20,2025-11-20,33.87
2000-11-10,2025-11-20,2025-11-20,34.05
2000-11-13,2025-11-20,2025-11-20,34.3
2000-11-14,2025-11-20,2025-11-20,34.72
2000-11-15,2025-11-20,2025-11-20,35.54
2000-11-16,2025-11-20,2025-11-20,34.84
2000-11-17,2025-11-20,2025-11-20,35.62
2000-11-20,2025-11-20,2025-11-20,35.98
2000-11-21,2025-11-20,2025-11-20,35.54
2000-11-22,2025-11-20,2025-11-20,36.06
2000-11-23,2025-11-20,2025-11-20,
2000-11-24,2025-11-20,2025-11-20,36.06
2000-11-27,2025-11-20,2025-11-20,36.24
2000-11-28,2025-11-20,2025-11-20,34.02
2000-11-29,2025-11-20,2025-11-20,34.58
2000-11-30,2025-11-20,2025-11-20,33.61
2000-12-01,2025-11-20,2025-11-20,32.06
2000-12-04,2025-11-20,2025-11-20,31.28
2000-12-05,2025-11-20,2025-11-20,29.25
2000-12-06,2025-11-20,2025-11-20,30.24
2000-12-07,2025-11-20,2025-11-20,29.36
2000-12-08,2025-11-20,2025-11-20,28.31
2000-12-11,2025-11-20,2025-11-20,29.75
2000-12-12,2025-11-20,2025-11-20,29.81
2000-12-13,2025-11-20,2025-11-20,28.75
2000-12-14,2025-11-20,2025-11-20,28.06
2000-12-15,2025-11-20,2025-11-20,28.86
2000-12-18,2025-11-20,2025-11-20,29.52
2000-12-19,2025-11-20,2025-11-20,29.34
2000-12-20,2025-11-20,2025-11-20,25.83
2000-12-21,2025-11-20,2025-11-20,26.06
2000-12-22,2025-11-20,2025-11-20,26.16
2000-12-25,2025-11-20,2025-11-20,
2000-12-26,2025-11-20,2025-11-20,27.0
2000-12-27,2025-11-20,2025-11-20,26.55
2000-12-28,2025-11-20,2025-11-20,25.82
2000-12-29,2025-11-20,2025-11-20,26.72
2001-01-01,2025-11-20,2025-11-20,
2001-01-02,2025-11-20,2025-11-20,27.29
2001-01-03,2025-11-20,2025-11-20,27.93
2001-01-04,2025-11-20,2025-11-20,27.95
2001-01-05,2025-11-20,2025-11-20,28.02
2001-01-08,2025-11-20,2025-11-20,27.44
2001-01-09,2025-11-20,2025-11-20,27.72
2001-01-10,2025-11-20,2025-11-20,29.42
2001-01-11,2025-11-20,2025-11-20,29.42
2001-01-12,2025-11-20,2025-11-20,30.07
2001-01-15,2025-11-20,2025-11-20,
2001-01-16,2025-11-20,2025-11-20,30.19
2001-01-17,2025-11-20,2025-11-20,29.77
2001-01-18,2025-11-20,2025-11-20,30.42
2001-01-19,2025-11-20,2025-11-20,32.12
2001-01-22,2025-11-20,2025-11-20,32.21
2001-01-23,2025-11-20,2025-11-20,31.66
2001-01-24,2025-11-20,2025-11-20,31.46
2001-01-25,2025-11-20,2025-11-20,31.61
2001-01-26,2025-11-20,2025-11-20,29.79
2001-01-29,2025-11-20,2025-11-20,29.07
2001-01-30,2025-11-20,2025-11-20,29.12
2001-01-31,2025-11-20,2025-11-20,28.62
2001-02-01,2025-11-20,2025-11-20,29.88
2001-02-02,2025-11-20,2025-11-20,31.27
2001-02-05,2025-11-20,2025-11-20,30.55
2001-02-06,2025-11-20,2025-11-20,30.27
2001-02-07,2025-11-20,2025-11-20,31.27
2001-02-08,2025-11-20,2025-11-20,31.57
2001-02-09,2025-11-20,2025-11-20,30.93
2001-02-12,2025-11-20,2025-11-20,30.52
2001-02-13,2025-11-20,2025-11-20,30.12
2001-02-14,2025-11-20,2025-11-20,29.55
2001-02-15,2025-11-20,2025-11-20,28.96
2001-02-16,2025-11-20,2025-11-20,29.22
2001-02-19,2025-11-20,2025-11-20,
2001-02-20,2025-11-20,2025-11-20,28.6
2001-02-21,2025-11-20,2025-11-20,28.64
2001-02-22,2025-11-20,2025-11-20,28.52
2001-02-23,2025-11-20,2025-11-20,28.83
2001-02-26,2025-11-20,2025-11-20,28.27
2001-02-27,2025-11-20,2025-11-20,28.26
2001-02-28,2025-11-20,2025-11-20,27.35
2001-03-01,2025-11-20,2025-11-20,27.78
2001-03-02,2025-11-20,2025-11-20,27.89
2001-03-05,2025-11-20,2025-11-20,28.61
2001-03-06,2025-11-20,2025-11-20,28.4
2001-03-07,2025-11-20,2025-11-20,28.95
2001-03-08,2025-11-20,2025-11-20,28.31
2001-03-09,2025-11-20,2025-11-20,27.97
2001-03-12,2025-11-20,2025-11-20,27.91
2001-03-13,2025-11-20,2025-11-20,27.45
2001-03-14,2025-11-20,2025-11-20,26.49
2001-03-15,2025-11-20,2025-11-20,26.56
2001-03-16,2025-11-20,2025-11-20,26.68
2001-03-19,2025-11-20,2025-11-20,26.17
2001-03-20,2025-11-20,2025-11-20,25.99
2001-03-21,2025-11-20,2025-11-20,26.43
2001-03-22,2025-11-20,2025-11-20,26.19
2001-03-23,2025-11-20,2025-11-20,27.31
2001-03-26,2025-11-20,2025-11-20,27.4
2001-03-27,2025-11-20,2025-11-20,27.62
2001-03-28,2025-11-20,2025-11-20,26.43
2001-03-29,2025-11-20,2025-11-20,26.47
2001-03-30,2025-11-20,2025-11-20,26.37
2001-04-02,2025-11-20,2025-11-20,25.7
2001-04-03,2025-11-20,2025-11-20,26.65
2001-04-04,2025-11-20,2025-11-20,27.16
2001-04-05,2025-11-20,2025-11-20,27.24
2001-04-06,2025-11-20,2025-11-20,27.07
2001-04-09,2025-11-20,2025-11-20,27.45
2001-04-10,2025-11-20,2025-11-20,28.47
2001-04-11,2025-11-20,2025-11-20,28.42
2001-04-12,2025-11-20,2025-11-20,28.75
2001-04-13,2025-11-20,2025-11-20,
2001-04-16,2025-11-20,2025-11-20,28.81
2001-04-17,2025-11-20,2025-11-20,27.89
2001-04-18,2025-11-20,2025-11-20,27.83
2001-04-19,2025-11-20,2025-11-20,27.92
2001-04-20,2025-11-20,2025-11-20,27.0
2001-04-23,2025-11-20,2025-11-20,26.97
2001-04-24,2025-11-20,2025-11-20,25.24
2001-04-25,2025-11-20,2025-11-20,25.93
2001-04-26,2025-11-20,2025-11-20,28.47
2001-04-27,2025-11-20,2025-11-20,28.35
2001-04-30,2025-11-20,2025-11-20,28.48
2001-05-01,2025-11-20,2025-11-20,28.37
2001-05-02,2025-11-20,2025-11-20,27.89
2001-05-03,2025-11-20,2025-11-20,28.66
2001-05-04,2025-11-20,2025-11-20,28.41
2001-05-07,2025-11-20,2025-11-20,27.79
2001-05-08,2025-11-20,2025-11-20,27.35
2001-05-09,2025-11-20,2025-11-20,28.39
2001-05-10,2025-11-20,2025-11-20,28.5
2001-05-11,2025-11-20,2025-11-20,28.59
2001-05-14,2025-11-20,2025-11-20,28.83
2001-05-15,2025-11-20,2025-11-20,28.9
2001-05-16,2025-11-20,2025-11-20,28.77
2001-05-17,2025-11-20,2025-11-20,29.02
2001-05-18,2025-11-20,2025-11-20,29.9
2001-05-21,2025-11-20,2025-11-20,29.96
2001-05-22,2025-11-20,2025-11-20,29.75
2001-05-23,2025-11-20,2025-11-20,28.85
2001-05-24,2025-11-20,2025-11-20,27.97
2001-05-25,2025-11-20,2025-11-20,28.08
2001-05-28,2025-11-20,2025-11-20,
2001-05-29,2025-11-20,2025-11-20,28.76
2001-05-30,2025-11-20,2025-11-20,28.71
2001-05-31,2025-11-20,2025-11-20,28.39
2001-06-01,2025-11-20,2025-11-20,27.88
2001-06-04,2025-11-20,2025-11-20,28.14
2001-06-05,2025-11-20,2025-11-20,27.84
2001-06-06,2025-11-20,2025-11-20,27.56
2001-06-07,2025-11-20,2025-11-20,27.91
2001-06-08,2025-11-20,2025-11-20,28.43
2001-06-11,2025-11-20,2025-11-20,28.94
2001-06-12,2025-11-20,2025-11-20,29.13
2001-06-13,2025-11-20,2025-11-20,28.81
2001-06-14,2025-11-20,2025-11-20,29.12
2001-06-15,2025-11-20,2025-11-20,28.52
2001-06-18,2025-11-20,2025-11-20,27.55
2001-06-19,2025-11-20,2025-11-20,27.49
2001-06-20,2025-11-20,2025-11-20,26.52
2001-06-21,2025-11-20,2025-11-20,26.85
2001-06-22,2025-11-20,2025-11-20,27.02
2001-06-25,2025-11-20,2025-11-20,27.11
2001-06-26,2025-11-20,2025-11-20,26.97
2001-06-27,2025-11-20,2025-11-20,25.67
2001-06-28,2025-11-20,2025-11-20,25.75
2001-06-29,2025-11-20,2025-11-20,26.37
2001-07-02,2025-11-20,2025-11-20,26.02
2001-07-03,2025-11-20,2025-11-20,26.28
2001-07-04,2025-11-20,2025-11-20,
2001-07-05,2025-11-20,2025-11-20,27.07
2001-07-06,2025-11-20,2025-11-20,28.1
2001-07-09,2025-11-20,2025-11-20,27.63
2001-07-10,2025-11-20,2025-11-20,27.22
2001-07-11,2025-11-20,2025-11-20,27.07
2001-07-12,2025-11-20,2025-11-20,26.85
2001-07-13,2025-11-20,2025-11-20,26.57
2001-07-16,2025-11-20,2025-11-20,26.02
2001-07-17,2025-11-20,2025-11-20,25.33
2001-07-18,2025-11-20,2025-11-20,24.65
2001-07-19,2025-11-20,2025-11-20,24.65
2001-07-20,2025-11-20,2025-11-20,25.67
2001-07-23,2025-11-20,2025-11-20,25.88
2001-07-24,2025-11-20,2025-11-20,26.18
2001-07-25,2025-11-20,2025-11-20,26.71
2001-07-26,2025-11-20,2025-11-20,26.74
2001-07-27,2025-11-20,2025-11-20,26.98
2001-07-30,2025-11-20,2025-11-20,26.6
2001-07-31,2025-11-20,2025-11-20,26.7
2001-08-01,2025-11-20,2025-11-20,26.83
2001-08-02,2025-11-20,2025-11-20,27.86
2001-08-03,2025-11-20,2025-11-20,27.51
2001-08-06,2025-11-20,2025-11-20,27.7
2001-08-07,2025-11-20,2025-11-20,28.17
2001-08-08,2025-11-20,2025-11-20,27.62
2001-08-09,2025-11-20,2025-11-20,27.72
2001-08-10,2025-11-20,2025-11-20,28.12
2001-08-13,2025-11-20,2025-11-20,27.85
2001-08-14,2025-11-20,2025-11-20,28.1
2001-08-15,2025-11-20,2025-11-20,27.51
2001-08-16,2025-11-20,2025-11-20,27.47
2001-08-17,2025-11-20,2025-11-20,26.65
2001-08-20,2025-11-20,2025-11-20,27.2
2001-08-21,2025-11-20,2025-11-20,27.93
2001-08-22,2025-11-20,2025-11-20,27.17
2001-08-23,2025-11-20,2025-11-20,25.63
2001-08-24,2025-11-20,2025-11-20,28.34
2001-08-27,2025-11-20,2025-11-20,26.69
2001-08-28,2025-11-20,2025-11-20,27.16
2001-08-29,2025-11-20,2025-11-20,27.07
2001-08-30,2025-11-20,2025-11-20,26.65
2001-08-31,2025-11-20,2025-11-20,26.65
2001-09-03,2025-11-20,2025-11-20,
2001-09-04,2025-11-20,2025-11-20,26.94
2001-09-05,2025-11-20,2025-11-20,27.03
2001-09-06,2025-11-20,2025-11-20,27.54
2001-09-07,2025-11-20,2025-11-20,27.99
2001-09-10,2025-11-20,2025-11-20,27.66
2001-09-11,2025-11-20,2025-11-20,27.65
2001-09-12,2025-11-20,2025-11-20,27.64
2001-09-13,2025-11-20,2025-11-20,28.58
2001-09-14,2025-11-20,2025-11-20,29.59
2001-09-17,2025-11-20,2025-11-20,28.84
2001-09-18,2025-11-20,2025-11-20,27.81
2001-09-19,2025-11-20,2025-11-20,26.73
2001-09-20,2025-11-20,2025-11-20,26.6
2001-09-21,2025-11-20,2025-11-20,25.46
2001-09-24,2025-11-20,2025-11-20,21.46
2001-09-25,2025-11-20,2025-11-20,21.63
2001-09-26,2025-11-20,2025-11-20,22.4
2001-09-27,2025-11-20,2025-11-20,22.8
2001-09-28,2025-11-20,2025-11-20,23.44
2001-10-01,2025-11-20,2025-11-20,23.12
2001-10-02,2025-11-20,2025-11-20,22.7
2001-10-03,2025-11-20,2025-11-20,22.17
2001-10-04,2025-11-20,2025-11-20,22.7
2001-10-05,2025-11-20,2025-11-20,22.32
2001-10-08,2025-11-20,2025-11-20,22.25
2001-10-09,2025-11-20,2025-11-20,22.55
2001-10-10,2025-11-20,2025-11-20,22.51
2001-10-11,2025-11-20,2025-11-20,23.49
2001-10-12,2025-11-20,2025-11-20,22.49
2001-10-15,2025-11-20,2025-11-20,22.37
2001-10-16,2025-11-20,2025-11-20,22.01
2001-10-17,2025-11-20,2025-11-20,21.89
2001-10-18,2025-11-20,2025-11-20,21.33
2001-10-19,2025-11-20,2025-11-20,21.99
2001-10-22,2025-11-20,2025-11-20,21.78
2001-10-23,2025-11-20,2025-11-20,21.28
2001-10-24,2025-11-20,2025-11-20,22.0
2001-10-25,2025-11-20,2025-11-20,21.75
2001-10-26,2025-11-20,2025-11-20,22.07
2001-10-29,2025-11-20,2025-11-20,22.1
2001-10-30,2025-11-20,2025-11-20,21.83
2001-10-31,2025-11-20,2025-11-20,21.2
2001-11-01,2025-11-20,2025-11-20,20.47
2001-11-02,2025-11-20,2025-11-20,20.24
2001-11-05,2025-11-20,2025-11-20,20.0
2001-11-06,2025-11-20,2025-11-20,19.93
2001-11-07,2025-11-20,2025-11-20,20.11
2001-11-08,2025-11-20,2025-11-20,21.21
2001-11-09,2025-11-20,2025-11-20,22.23
2001-11-12,2025-11-20,2025-11-20,21.26
2001-11-13,2025-11-20,2025-11-20,21.56
2001-11-14,2025-11-20,2025-11-20,19.63
2001-11-15,2025-11-20,2025-11-20,17.5
2001-11-16,2025-11-20,2025-11-20,18.09
2001-11-19,2025-11-20,2025-11-20,17.74
2001-11-20,2025-11-20,2025-11-20,18.71
2001-11-21,2025-11-20,2025-11-20,18.38
2001-11-22,2025-11-20,2025-11-20,
2001-11-23,2025-11-20,2025-11-20,
2001-11-26,2025-11-20,2025-11-20,18.69
2001-11-27,2025-11-20,2025-11-20,19.57
2001-11-28,2025-11-20,2025-11-20,19.37
2001-11-29,2025-11-20,2025-11-20,18.55
2001-11-30,2025-11-20,2025-11-20,19.46
2001-12-03,2025-11-20,2025-11-20,20.27
2001-12-04,2025-11-20,2025-11-20,19.71
2001-12-05,2025-11-20,2025-11-20,19.62
2001-12-06,2025-11-20,2025-11-20,18.69
2001-12-07,2025-11-20,2025-11-20,19.08
2001-12-10,2025-11-20,2025-11-20,18.32
2001-12-11,2025-11-20,2025-11-20,18.04
2001-12-12,2025-11-20,2025-11-20,18.38
2001-12-13,2025-11-20,2025-11-20,18.2
2001-12-14,2025-11-20,2025-11-20,19.31
2001-12-17,2025-11-20,2025-11-20,19.28
2001-12-18,2025-11-20,2025-11-20,19.38
2001-12-19,2025-11-20,2025-11-20,19.37
2001-12-20,2025-11-20,2025-11-20,18.67
2001-12-21,2025-11-20,2025-11-20,19.3
2001-12-24,2025-11-20,2025-11-20,
2001-12-25,2025-11-20,2025-11-20,
2001-12-26,2025-11-20,2025-11-20,21.32
2001-12-27,2025-11-20,2025-11-20,21.07
2001-12-28,2025-11-20,2025-11-20,20.42
2001-12-31,2025-11-20,2025-11-20,19.96
2002-01-01,2025-11-20,2025-11-20,
2002-01-02,2025-11-20,2025-11-20,21.13
2002-01-03,2025-11-20,2025-11-20,20.65
2002-01-04,2025-11-20,2025-11-20,21.47
2002-01-07,2025-11-20,2025-11-20,21.42
2002-01-08,2025-11-20,2025-11-20,20.82
2002-01-09,2025-11-20,2025-11-20,20.32
2002-01-10,2025-11-20,2025-11-20,20.48
2002-01-11,2025-11-20,2025-11-20,19.67
2002-01-14,2025-11-20,2025-11-20,18.88
2002-01-15,2025-11-20,2025-11-20,18.99
2002-01-16,2025-11-20,2025-11-20,18.96
2002-01-17,2025-11-20,2025-11-20,18.2
2002-01-18,2025-11-20,2025-11-20,18.02
2002-01-21,2025-11-20,2025-11-20,
2002-01-22,2025-11-20,2025-11-20,18.36
2002-01-23,2025-11-20,2025-11-20,19.1
2002-01-24,2025-11-20,2025-11-20,19.57
2002-01-25,2025-11-20,2025-11-20,19.8
2002-01-28,2025-11-20,2025-11-20,20.05
2002-01-29,2025-11-20,2025-11-20,19.3
2002-01-30,2025-11-20,2025-11-20,19.11
2002-01-31,2025-11-20,2025-11-20,19.71
2002-02-01,2025-11-20,2025-11-20,20.4
2002-02-04,2025-11-20,2025-11-20,20.02
2002-02-05,2025-11-20,2025-11-20,20.06
2002-02-06,2025-11-20,2025-11-20,19.77
2002-02-07,2025-11-20,2025-11-20,19.75
2002-02-08,2025-11-20,2025-11-20,20.25
2002-02-11,2025-11-20,2025-11-20,21.29
2002-02-12,2025-11-20,2025-11-20,20.76
2002-02-13,2025-11-20,2025-11-20,21.19
2002-02-14,2025-11-20,2025-11-20,21.19
2002-02-15,2025-11-20,2025-11-20,21.47
2002-02-18,2025-11-20,2025-11-20,
2002-02-19,2025-11-20,2025-11-20,20.77
2002-02-20,2025-11-20,2025-11-20,20.31
2002-02-21,2025-11-20,2025-11-20,20.81
2002-02-22,2025-11-20,2025-11-20,20.92
2002-02-25,2025-11-20,2025-11-20,20.24
2002-02-26,2025-11-20,2025-11-20,21.37
2002-02-27,2025-11-20,2025-11-20,21.4
2002-02-28,2025-11-20,2025-11-20,21.78
2002-03-01,2025-11-20,2025-11-20,22.37
2002-03-04,2025-11-20,2025-11-20,22.55
2002-03-05,2025-11-20,2025-11-20,23.18
2002-03-06,2025-11-20,2025-11-20,23.32
2002-03-07,2025-11-20,2025-11-20,23.62
2002-03-08,2025-11-20,2025-11-20,23.87
2002-03-11,2025-11-20,2025-11-20,24.36
2002-03-12,2025-11-20,2025-11-20,24.55
2002-03-13,2025-11-20,2025-11-20,24.14
2002-03-14,2025-11-20,2025-11-20,24.48
2002-03-15,2025-11-20,2025-11-20,24.47
2002-03-18,2025-11-20,2025-11-20,25.03
2002-03-19,2025-11-20,2025-11-20,25.02
2002-03-20,2025-11-20,2025-11-20,24.92
2002-03-21,2025-11-20,2025-11-20,25.74
2002-03-22,2025-11-20,2025-11-20,25.56
2002-03-25,2025-11-20,2025-11-20,25.69
2002-03-26,2025-11-20,2025-11-20,25.75
2002-03-27,2025-11-20,2025-11-20,25.79
2002-03-28,2025-11-20,2025-11-20,26.21
2002-03-29,2025-11-20,2025-11-20,
2002-04-01,2025-11-20,2025-11-20,26.82
2002-04-02,2025-11-20,2025-11-20,27.75
2002-04-03,2025-11-20,2025-11-20,27.55
2002-04-04,2025-11-20,2025-11-20,26.64
2002-04-05,2025-11-20,2025-11-20,26.21
2002-04-08,2025-11-20,2025-11-20,26.16
2002-04-09,2025-11-20,2025-11-20,25.45
2002-04-10,2025-11-20,2025-11-20,26.15
2002-04-11,2025-11-20,2025-11-20,24.93
2002-04-12,2025-11-20,2025-11-20,23.51
2002-04-15,2025-11-20,2025-11-20,24.53
2002-04-16,2025-11-20,2025-11-20,24.92
2002-04-17,2025-11-20,2025-11-20,25.94
2002-04-18,2025-11-20,2025-11-20,25.86
2002-04-19,2025-11-20,2025-11-20,26.43
2002-04-22,2025-11-20,2025-11-20,26.28
2002-04-23,2025-11-20,2025-11-20,26.28
2002-04-24,2025-11-20,2025-11-20,26.28
2002-04-25,2025-11-20,2025-11-20,26.36
2002-04-26,2025-11-20,2025-11-20,27.12
2002-04-29,2025-11-20,2025-11-20,27.45
2002-04-30,2025-11-20,2025-11-20,27.32
2002-05-01,2025-11-20,2025-11-20,26.58
2002-05-02,2025-11-20,2025-11-20,26.31
2002-05-03,2025-11-20,2025-11-20,26.75
2002-05-06,2025-11-20,2025-11-20,26.11
2002-05-07,2025-11-20,2025-11-20,26.79
2002-05-08,2025-11-20,2025-11-20,27.76
2002-05-09,2025-11-20,2025-11-20,27.78
2002-05-10,2025-11-20,2025-11-20,27.92
2002-05-13,2025-11-20,2025-11-20,28.62
2002-05-14,2025-11-20,2025-11-20,29.17
2002-05-15,2025-11-20,2025-11-20,28.17
2002-05-16,2025-11-20,2025-11-20,28.0
2002-05-17,2025-11-20,2025-11-20,28.19
2002-05-20,2025-11-20,2025-11-20,28.24
2002-05-21,2025-11-20,2025-11-20,27.35
2002-05-22,2025-11-20,2025-11-20,27.01
2002-05-23,2025-11-20,2025-11-20,26.6
2002-05-24,2025-11-20,2025-11-20,26.69
2002-05-27,2025-11-20,2025-11-20,
2002-05-28,2025-11-20,2025-11-20,25.08
2002-05-29,2025-11-20,2025-11-20,25.64
2002-05-30,2025-11-20,2025-11-20,24.78
2002-05-31,2025-11-20,2025-11-20,25.37
2002-06-03,2025-11-20,2025-11-20,25.1
2002-06-04,2025-11-20,2025-11-20,25.32
2002-06-05,2025-11-20,2025-11-20,25.02
2002-06-06,2025-11-20,2025-11-20,24.89
2002-06-07,2025-11-20,2025-11-20,24.72
2002-06-10,2025-11-20,2025-11-20,24.24
2002-06-11,2025-11-20,2025-11-20,24.21
2002-06-12,2025-11-20,2025-11-20,24.79
2002-06-13,2025-11-20,2025-11-20,25.54
2002-06-14,2025-11-20,2025-11-20,25.9
2002-06-17,2025-11-20,2025-11-20,25.98
2002-06-18,2025-11-20,2025-11-20,25.36
2002-06-19,2025-11-20,2025-11-20,25.57
2002-06-20,2025-11-20,2025-11-20,25.62
2002-06-21,2025-11-20,2025-11-20,25.51
2002-06-24,2025-11-20,2025-11-20,26.31
2002-06-25,2025-11-20,2025-11-20,26.06
2002-06-26,2025-11-20,2025-11-20,26.67
2002-06-27,2025-11-20,2025-11-20,26.77
2002-06-28,2025-11-20,2025-11-20,26.79
2002-07-01,2025-11-20,2025-11-20,26.79
2002-07-02,2025-11-20,2025-11-20,26.83
2002-07-03,2025-11-20,2025-11-20,26.82
2002-07-04,2025-11-20,2025-11-20,
2002-07-05,2025-11-20,2025-11-20,
2002-07-08,2025-11-20,2025-11-20,26.14
2002-07-09,2025-11-20,2025-11-20,26.16
2002-07-10,2025-11-20,2025-11-20,26.73
2002-07-11,2025-11-20,2025-11-20,27.01
2002-07-12,2025-11-20,2025-11-20,27.48
2002-07-15,2025-11-20,2025-11-20,27.23
2002-07-16,2025-11-20,2025-11-20,27.68
2002-07-17,2025-11-20,2025-11-20,27.88
2002-07-18,2025-11-20,2025-11-20,27.5
2002-07-19,2025-11-20,2025-11-20,27.83
2002-07-22,2025-11-20,2025-11-20,26.61
2002-07-23,2025-11-20,2025-11-20,26.61
2002-07-24,2025-11-20,2025-11-20,26.78
2002-07-25,2025-11-20,2025-11-20,26.67
2002-07-26,2025-11-20,2025-11-20,26.55
2002-07-29,2025-11-20,2025-11-20,26.54
2002-07-30,2025-11-20,2025-11-20,27.43
2002-07-31,2025-11-20,2025-11-20,27.02
2002-08-01,2025-11-20,2025-11-20,26.51
2002-08-02,2025-11-20,2025-11-20,26.87
2002-08-05,2025-11-20,2025-11-20,26.55
2002-08-06,2025-11-20,2025-11-20,27.18
2002-08-07,2025-11-20,2025-11-20,26.58
2002-08-08,2025-11-20,2025-11-20,26.67
2002-08-09,2025-11-20,2025-11-20,26.87
2002-08-12,2025-11-20,2025-11-20,27.84
2002-08-13,2025-11-20,2025-11-20,28.35
2002-08-14,2025-11-20,2025-11-20,28.19
2002-08-15,2025-11-20,2025-11-20,28.99
2002-08-16,2025-11-20,2025-11-20,29.24
2002-08-19,2025-11-20,2025-11-20,29.86
2002-08-20,2025-11-20,2025-11-20,30.12
2002-08-21,2025-11-20,2025-11-20,30.37
2002-08-22,2025-11-20,2025-11-20,30.11
2002-08-23,2025-11-20,2025-11-20,29.99
2002-08-26,2025-11-20,2025-11-20,29.23
2002-08-27,2025-11-20,2025-11-20,28.84
2002-08-28,2025-11-20,2025-11-20,28.31
2002-08-29,2025-11-20,2025-11-20,28.83
2002-08-30,2025-11-20,2025-11-20,28.97
2002-09-02,2025-11-20,2025-11-20,
2002-09-03,2025-11-20,2025-11-20,27.76
2002-09-04,2025-11-20,2025-11-20,28.28
2002-09-05,2025-11-20,2025-11-20,29.06
2002-09-06,2025-11-20,2025-11-20,29.51
2002-09-09,2025-11-20,2025-11-20,29.8
2002-09-10,2025-11-20,2025-11-20,29.62
2002-09-11,2025-11-20,2025-11-20,29.77
2002-09-12,2025-11-20,2025-11-20,28.95
2002-09-13,2025-11-20,2025-11-20,29.83
2002-09-16,2025-11-20,2025-11-20,29.14
2002-09-17,2025-11-20,2025-11-20,29.08
2002-09-18,2025-11-20,2025-11-20,29.57
2002-09-19,2025-11-20,2025-11-20,29.49
2002-09-20,2025-11-20,2025-11-20,29.65
2002-09-23,2025-11-20,2025-11-20,30.85
2002-09-24,2025-11-20,2025-11-20,30.79
2002-09-25,2025-11-20,2025-11-20,30.69
2002-09-26,2025-11-20,2025-11-20,30.31
2002-09-27,2025-11-20,2025-11-20,30.53
2002-09-30,2025-11-20,2025-11-20,30.59
2002-10-01,2025-11-20,2025-11-20,30.71
2002-10-02,2025-11-20,2025-11-20,30.59
2002-10-03,2025-11-20,2025-11-20,29.73
2002-10-04,2025-11-20,2025-11-20,29.65
2002-10-07,2025-11-20,2025-11-20,29.65
2002-10-08,2025-11-20,2025-11-20,29.56
2002-10-09,2025-11-20,2025-11-20,29.31
2002-10-10,2025-11-20,2025-11-20,28.96
2002-10-11,2025-11-20,2025-11-20,29.36
2002-10-14,2025-11-20,2025-11-20,30.06
2002-10-15,2025-11-20,2025-11-20,29.73
2002-10-16,2025-11-20,2025-11-20,29.28
2002-10-17,2025-11-20,2025-11-20,29.61
2002-10-18,2025-11-20,2025-11-20,29.56
2002-10-21,2025-11-20,2025-11-20,28.31
2002-10-22,2025-11-20,2025-11-20,27.93
2002-10-23,2025-11-20,2025-11-20,28.19
2002-10-24,2025-11-20,2025-11-20,27.87
2002-10-25,2025-11-20,2025-11-20,27.09
2002-10-28,2025-11-20,2025-11-20,27.25
2002-10-29,2025-11-20,2025-11-20,26.81
2002-10-30,2025-11-20,2025-11-20,26.85
2002-10-31,2025-11-20,2025-11-20,27.18
2002-11-01,2025-11-20,2025-11-20,27.04
2002-11-04,2025-11-20,2025-11-20,26.89
2002-11-05,2025-11-20,2025-11-20,26.06
2002-11-06,2025-11-20,2025-11-20,25.72
2002-11-07,2025-11-20,2025-11-20,25.36
2002-11-08,2025-11-20,2025-11-20,25.83
2002-11-11,2025-11-20,2025-11-20,26.02
2002-11-12,2025-11-20,2025-11-20,26.19
2002-11-13,2025-11-20,2025-11-20,25.28
2002-11-14,2025-11-20,2025-11-20,25.4
2002-11-15,2025-11-20,2025-11-20,25.5
2002-11-18,2025-11-20,2025-11-20,26.71
2002-11-19,2025-11-20,2025-11-20,26.41
2002-11-20,2025-11-20,2025-11-20,27.0
2002-11-21,2025-11-20,2025-11-20,27.07
2002-11-22,2025-11-20,2025-11-20,27.73
2002-11-25,2025-11-20,2025-11-20,27.01
2002-11-26,2025-11-20,2025-11-20,26.6
2002-11-27,2025-11-20,2025-11-20,26.87
2002-11-28,2025-11-20,2025-11-20,
2002-11-29,2025-11-20,2025-11-20,
2002-12-02,2025-11-20,2025-11-20,27.27
2002-12-03,2025-11-20,2025-11-20,27.34
2002-12-04,2025-11-20,2025-11-20,26.8
2002-12-05,2025-11-20,2025-11-20,27.27
2002-12-06,2025-11-20,2025-11-20,27.03
2002-12-09,2025-11-20,2025-11-20,27.29
2002-12-10,2025-11-20,2025-11-20,27.73
2002-12-11,2025-11-20,2025-11-20,27.49
2002-12-12,2025-11-20,2025-11-20,28.2
2002-12-13,2025-11-20,2025-11-20,28.39
2002-12-16,2025-11-20,2025-11-20,30.15
2002-12-17,2025-11-20,2025-11-20,30.04
2002-12-18,2025-11-20,2025-11-20,30.41
2002-12-19,2025-11-20,2025-11-20,30.57
2002-12-20,2025-11-20,2025-11-20,30.57
2002-12-23,2025-11-20,2025-11-20,32.09
2002-12-24,2025-11-20,2025-11-20,32.13
2002-12-25,2025-11-20,2025-11-20,
2002-12-26,2025-11-20,2025-11-20,32.61
2002-12-27,2025-11-20,2025-11-20,32.68
2002-12-30,2025-11-20,2025-11-20,31.41
2002-12-31,2025-11-20,2025-11-20,31.21
2003-01-01,2025-11-20,2025-11-20,
2003-01-02,2025-11-20,2025-11-20,31.97
2003-01-03,2025-11-20,2025-11-20,33.26
2003-01-06,2025-11-20,2025-11-20,32.29
2003-01-07,2025-11-20,2025-11-20,31.2
2003-01-08,2025-11-20,2025-11-20,30.66
2003-01-09,2025-11-20,2025-11-20,31.95
2003-01-10,2025-11-20,2025-11-20,31.59
2003-01-13,2025-11-20,2025-11-20,32.08
2003-01-14,2025-11-20,2025-11-20,32.42
2003-01-15,2025-11-20,2025-11-20,33.23
2003-01-16,2025-11-20,2025-11-20,33.58
2003-01-17,2025-11-20,2025-11-20,33.88
2003-01-20,2025-11-20,2025-11-20,
2003-01-21,2025-11-20,2025-11-20,34.62
2003-01-22,2025-11-20,2025-11-20,34.32
2003-01-23,2025-11-20,2025-11-20,33.9
2003-01-24,2025-11-20,2025-11-20,34.98
2003-01-27,2025-11-20,2025-11-20,32.43
2003-01-28,2025-11-20,2025-11-20,32.7
2003-01-29,2025-11-20,2025-11-20,33.54
2003-01-30,2025-11-20,2025-11-20,33.78
2003-01-31,2025-11-20,2025-11-20,33.51
2003-02-03,2025-11-20,2025-11-20,32.84
2003-02-04,2025-11-20,2025-11-20,33.61
2003-02-05,2025-11-20,2025-11-20,33.91
2003-02-06,2025-11-20,2025-11-20,34.36
2003-02-07,2025-11-20,2025-11-20,35.05
2003-02-10,2025-11-20,2025-11-20,34.46
2003-02-11,2025-11-20,2025-11-20,35.43
2003-02-12,2025-11-20,2025-11-20,35.83
2003-02-13,2025-11-20,2025-11-20,36.63
2003-02-14,2025-11-20,2025-11-20,36.61
2003-02-17,2025-11-20,2025-11-20,
2003-02-18,2025-11-20,2025-11-20,36.88
2003-02-19,2025-11-20,2025-11-20,37.02
2003-02-20,2025-11-20,2025-11-20,36.45
2003-02-21,2025-11-20,2025-11-20,36.76
2003-02-24,2025-11-20,2025-11-20,37.29
2003-02-25,2025-11-20,2025-11-20,36.06
2003-02-26,2025-11-20,2025-11-20,37.96
2003-02-27,2025-11-20,2025-11-20,36.83
2003-02-28,2025-11-20,2025-11-20,36.76
2003-03-03,2025-11-20,2025-11-20,36.1
2003-03-04,2025-11-20,2025-11-20,36.95
2003-03-05,2025-11-20,2025-11-20,36.86
2003-03-06,2025-11-20,2025-11-20,37.21
2003-03-07,2025-11-20,2025-11-20,37.76
2003-03-10,2025-11-20,2025-11-20,37.18
2003-03-11,2025-11-20,2025-11-20,36.81
2003-03-12,2025-11-20,2025-11-20,37.87
2003-03-13,2025-11-20,2025-11-20,36.05
2003-03-14,2025-11-20,2025-11-20,35.41
2003-03-17,2025-11-20,2025-11-20,34.92
2003-03-18,2025-11-20,2025-11-20,31.55
2003-03-19,2025-11-20,2025-11-20,30.01
2003-03-20,2025-11-20,2025-11-20,28.62
2003-03-21,2025-11-20,2025-11-20,27.18
2003-03-24,2025-11-20,2025-11-20,29.51
2003-03-25,2025-11-20,2025-11-20,33.42
2003-03-26,2025-11-20,2025-11-20,28.71
2003-03-27,2025-11-20,2025-11-20,30.31
2003-03-28,2025-11-20,2025-11-20,30.21
2003-03-31,2025-11-20,2025-11-20,31.14
2003-04-01,2025-11-20,2025-11-20,29.48
2003-04-02,2025-11-20,2025-11-20,28.55
2003-04-03,2025-11-20,2025-11-20,29.05
2003-04-04,2025-11-20,2025-11-20,28.41
2003-04-07,2025-11-20,2025-11-20,27.76
2003-04-08,2025-11-20,2025-11-20,27.97
2003-04-09,2025-11-20,2025-11-20,28.93
2003-04-10,2025-11-20,2025-11-20,27.2
2003-04-11,2025-11-20,2025-11-20,28.28
2003-04-14,2025-11-20,2025-11-20,28.41
2003-04-15,2025-11-20,2025-11-20,29.46
2003-04-16,2025-11-20,2025-11-20,29.16
2003-04-17,2025-11-20,2025-11-20,30.1
2003-04-18,2025-11-20,2025-11-20,
2003-04-21,2025-11-20,2025-11-20,30.76
2003-04-22,2025-11-20,2025-11-20,29.92
2003-04-23,2025-11-20,2025-11-20,28.04
2003-04-24,2025-11-20,2025-11-20,27.52
2003-04-25,2025-11-20,2025-11-20,25.92
2003-04-28,2025-11-20,2025-11-20,25.25
2003-04-29,2025-11-20,2025-11-20,25.32
2003-04-30,2025-11-20,2025-11-20,26.09
2003-05-01,2025-11-20,2025-11-20,26.05
2003-05-02,2025-11-20,2025-11-20,25.74
2003-05-05,2025-11-20,2025-11-20,26.43
2003-05-06,2025-11-20,2025-11-20,25.65
2003-05-07,2025-11-20,2025-11-20,26.24
2003-05-08,2025-11-20,2025-11-20,26.94
2003-05-09,2025-11-20,2025-11-20,27.65
2003-05-12,2025-11-20,2025-11-20,27.34
2003-05-13,2025-11-20,2025-11-20,28.51
2003-05-14,2025-11-20,2025-11-20,29.21
2003-05-15,2025-11-20,2025-11-20,28.57
2003-05-16,2025-11-20,2025-11-20,29.07
2003-05-19,2025-11-20,2025-11-20,28.84
2003-05-20,2025-11-20,2025-11-20,29.29
2003-05-21,2025-11-20,2025-11-20,29.51
2003-05-22,2025-11-20,2025-11-20,29.09
2003-05-23,2025-11-20,2025-11-20,29.74
2003-05-26,2025-11-20,2025-11-20,
2003-05-27,2025-11-20,2025-11-20,29.24
2003-05-28,2025-11-20,2025-11-20,28.46
2003-05-29,2025-11-20,2025-11-20,29.15
2003-05-30,2025-11-20,2025-11-20,29.56
2003-06-02,2025-11-20,2025-11-20,30.72
2003-06-03,2025-11-20,2025-11-20,30.78
2003-06-04,2025-11-20,2025-11-20,29.81
2003-06-05,2025-11-20,2025-11-20,30.84
2003-06-06,2025-11-20,2025-11-20,31.26
2003-06-09,2025-11-20,2025-11-20,31.36
2003-06-10,2025-11-20,2025-11-20,31.72
2003-06-11,2025-11-20,2025-11-20,32.17
2003-06-12,2025-11-20,2025-11-20,31.41
2003-06-13,2025-11-20,2025-11-20,30.63
2003-06-16,2025-11-20,2025-11-20,31.14
2003-06-17,2025-11-20,2025-11-20,31.08
2003-06-18,2025-11-20,2025-11-20,30.28
2003-06-19,2025-11-20,2025-11-20,29.86
2003-06-20,2025-11-20,2025-11-20,30.63
2003-06-23,2025-11-20,2025-11-20,30.22
2003-06-24,2025-11-20,2025-11-20,30.05
2003-06-25,2025-11-20,2025-11-20,31.65
2003-06-26,2025-11-20,2025-11-20,28.97
2003-06-27,2025-11-20,2025-11-20,29.18
2003-06-30,2025-11-20,2025-11-20,30.15
2003-07-01,2025-11-20,2025-11-20,30.41
2003-07-02,2025-11-20,2025-11-20,30.29
2003-07-03,2025-11-20,2025-11-20,30.39
2003-07-04,2025-11-20,2025-11-20,
2003-07-07,2025-11-20,2025-11-20,30.08
2003-07-08,2025-11-20,2025-11-20,30.32
2003-07-09,2025-11-20,2025-11-20,30.87
2003-07-10,2025-11-20,2025-11-20,31.04
2003-07-11,2025-11-20,2025-11-20,31.33
2003-07-14,2025-11-20,2025-11-20,31.2
2003-07-15,2025-11-20,2025-11-20,31.6
2003-07-16,2025-11-20,2025-11-20,31.2
2003-07-17,2025-11-20,2025-11-20,31.44
2003-07-18,2025-11-20,2025-11-20,31.96
2003-07-21,2025-11-20,2025-11-20,31.67
2003-07-22,2025-11-20,2025-11-20,30.2
2003-07-23,2025-11-20,2025-11-20,30.13
2003-07-24,2025-11-20,2025-11-20,30.72
2003-07-25,2025-11-20,2025-11-20,30.31
2003-07-28,2025-11-20,2025-11-20,29.98
2003-07-29,2025-11-20,2025-11-20,30.21
2003-07-30,2025-11-20,2025-11-20,30.69
2003-07-31,2025-11-20,2025-11-20,30.56
2003-08-01,2025-11-20,2025-11-20,32.23
2003-08-04,2025-11-20,2025-11-20,31.8
2003-08-05,2025-11-20,2025-11-20,32.34
2003-08-06,2025-11-20,2025-11-20,31.77
2003-08-07,2025-11-20,2025-11-20,32.41
2003-08-08,2025-11-20,2025-11-20,32.23
2003-08-11,2025-11-20,2025-11-20,31.91
2003-08-12,2025-11-20,2025-11-20,31.91
2003-08-13,2025-11-20,2025-11-20,30.85
2003-08-14,2025-11-20,2025-11-20,30.85
2003-08-15,2025-11-20,2025-11-20,31.01
2003-08-18,2025-11-20,2025-11-20,30.81
2003-08-19,2025-11-20,2025-11-20,30.76
2003-08-20,2025-11-20,2025-11-20,30.96
2003-08-21,2025-11-20,2025-11-20,31.78
2003-08-22,2025-11-20,2025-11-20,31.64
2003-08-25,2025-11-20,2025-11-20,31.43
2003-08-26,2025-11-20,2025-11-20,32.01
2003-08-27,2025-11-20,2025-11-20,31.18
2003-08-28,2025-11-20,2025-11-20,31.41
2003-08-29,2025-11-20,2025-11-20,31.76
2003-09-01,2025-11-20,2025-11-20,
2003-09-02,2025-11-20,2025-11-20,29.57
2003-09-03,2025-11-20,2025-11-20,29.43
2003-09-04,2025-11-20,2025-11-20,28.87
2003-09-05,2025-11-20,2025-11-20,28.93
2003-09-08,2025-11-20,2025-11-20,28.85
2003-09-09,2025-11-20,2025-11-20,29.22
2003-09-10,2025-11-20,2025-11-20,29.41
2003-09-11,2025-11-20,2025-11-20,28.86
2003-09-12,2025-11-20,2025-11-20,28.26
2003-09-15,2025-11-20,2025-11-20,28.15
2003-09-16,2025-11-20,2025-11-20,27.6
2003-09-17,2025-11-20,2025-11-20,27.0
2003-09-18,2025-11-20,2025-11-20,27.26
2003-09-19,2025-11-20,2025-11-20,26.93
2003-09-22,2025-11-20,2025-11-20,26.97
2003-09-23,2025-11-20,2025-11-20,27.0
2003-09-24,2025-11-20,2025-11-20,28.19
2003-09-25,2025-11-20,2025-11-20,28.29
2003-09-26,2025-11-20,2025-11-20,28.21
2003-09-29,2025-11-20,2025-11-20,28.35
2003-09-30,2025-11-20,2025-11-20,29.19
2003-10-01,2025-11-20,2025-11-20,29.43
2003-10-02,2025-11-20,2025-11-20,29.83
2003-10-03,2025-11-20,2025-11-20,30.37
2003-10-06,2025-11-20,2025-11-20,30.4
2003-10-07,2025-11-20,2025-11-20,30.48
2003-10-08,2025-11-20,2025-11-20,29.6
2003-10-09,2025-11-20,2025-11-20,30.97
2003-10-10,2025-11-20,2025-11-20,32.01
2003-10-13,2025-11-20,2025-11-20,31.91
2003-10-14,2025-11-20,2025-11-20,31.68
2003-10-15,2025-11-20,2025-11-20,31.74
2003-10-16,2025-11-20,2025-11-20,31.51
2003-10-17,2025-11-20,2025-11-20,30.61
2003-10-20,2025-11-20,2025-11-20,30.37
2003-10-21,2025-11-20,2025-11-20,30.19
2003-10-22,2025-11-20,2025-11-20,30.0
2003-10-23,2025-11-20,2025-11-20,30.31
2003-10-24,2025-11-20,2025-11-20,29.99
2003-10-27,2025-11-20,2025-11-20,29.95
2003-10-28,2025-11-20,2025-11-20,29.57
2003-10-29,2025-11-20,2025-11-20,28.95
2003-10-30,2025-11-20,2025-11-20,28.67
2003-10-31,2025-11-20,2025-11-20,29.24
2003-11-03,2025-11-20,2025-11-20,28.81
2003-11-04,2025-11-20,2025-11-20,28.86
2003-11-05,2025-11-20,2025-11-20,30.29
2003-11-06,2025-11-20,2025-11-20,30.25
2003-11-07,2025-11-20,2025-11-20,30.73
2003-11-10,2025-11-20,2025-11-20,31.01
2003-11-11,2025-11-20,2025-11-20,31.21
2003-11-12,2025-11-20,2025-11-20,31.37
2003-11-13,2025-11-20,2025-11-20,31.89
2003-11-14,2025-11-20,2025-11-20,32.31
2003-11-17,2025-11-20,2025-11-20,31.75
2003-11-18,2025-11-20,2025-11-20,33.16
2003-11-19,2025-11-20,2025-11-20,32.84
2003-11-20,2025-11-20,2025-11-20,32.87
2003-11-21,2025-11-20,2025-11-20,32.26
2003-11-24,2025-11-20,2025-11-20,29.99
2003-11-25,2025-11-20,2025-11-20,30.02
2003-11-26,2025-11-20,2025-11-20,30.33
2003-11-27,2025-11-20,2025-11-20,
2003-11-28,2025-11-20,2025-11-20,
2003-12-01,2025-11-20,2025-11-20,29.89
2003-12-02,2025-11-20,2025-11-20,30.74
2003-12-03,2025-11-20,2025-11-20,30.61
2003-12-04,2025-11-20,2025-11-20,31.24
2003-12-05,2025-11-20,2025-11-20,30.68
2003-12-08,2025-11-20,2025-11-20,32.08
2003-12-09,2025-11-20,2025-11-20,31.72
2003-12-10,2025-11-20,2025-11-20,31.92
2003-12-11,2025-11-20,2025-11-20,32.01
2003-12-12,2025-11-20,2025-11-20,33.06
2003-12-15,2025-11-20,2025-11-20,33.17
2003-12-16,2025-11-20,2025-11-20,32.94
2003-12-17,2025-11-20,2025-11-20,33.36
2003-12-18,2025-11-20,2025-11-20,33.72
2003-12-19,2025-11-20,2025-11-20,32.81
2003-12-22,2025-11-20,2025-11-20,31.71
2003-12-23,2025-11-20,2025-11-20,32.03
2003-12-24,2025-11-20,2025-11-20,32.99
2003-12-25,2025-11-20,2025-11-20,
2003-12-26,2025-11-20,2025-11-20,
2003-12-29,2025-11-20,2025-11-20,32.51
2003-12-30,2025-11-20,2025-11-20,33.01
2003-12-31,2025-11-20,2025-11-20,32.51
2004-01-01,2025-11-20,2025-11-20,
2004-01-02,2025-11-20,2025-11-20,
2004-01-05,2025-11-20,2025-11-20,33.71
2004-01-06,2025-11-20,2025-11-20,33.54
2004-01-07,2025-11-20,2025-11-20,33.57
2004-01-08,2025-11-20,2025-11-20,34.27
2004-01-09,2025-11-20,2025-11-20,34.38
2004-01-12,2025-11-20,2025-11-20,34.92
2004-01-13,2025-11-20,2025-11-20,34.26
2004-01-14,2025-11-20,2025-11-20,34.62
2004-01-15,2025-11-20,2025-11-20,33.61
2004-01-16,2025-11-20,2025-11-20,35.16
2004-01-19,2025-11-20,2025-11-20,
2004-01-20,2025-11-20,2025-11-20,36.21
2004-01-21,2025-11-20,2025-11-20,35.53
2004-01-22,2025-11-20,2025-11-20,35.12
2004-01-23,2025-11-20,2025-11-20,34.94
2004-01-26,2025-11-20,2025-11-20,34.41
2004-01-27,2025-11-20,2025-11-20,33.99
2004-01-28,2025-11-20,2025-11-20,33.63
2004-01-29,2025-11-20,2025-11-20,32.86
2004-01-30,2025-11-20,2025-11-20,33.16
2004-02-02,2025-11-20,2025-11-20,34.02
2004-02-03,2025-11-20,2025-11-20,34.2
2004-02-04,2025-11-20,2025-11-20,33.06
2004-02-05,2025-11-20,2025-11-20,33.26
2004-02-06,2025-11-20,2025-11-20,32.49
2004-02-09,2025-11-20,2025-11-20,32.91
2004-02-10,2025-11-20,2025-11-20,34.03
2004-02-11,2025-11-20,2025-11-20,33.93
2004-02-12,2025-11-20,2025-11-20,34.03
2004-02-13,2025-11-20,2025-11-20,34.51
2004-02-16,2025-11-20,2025-11-20,
2004-02-17,2025-11-20,2025-11-20,35.13
2004-02-18,2025-11-20,2025-11-20,35.42
2004-02-19,2025-11-20,2025-11-20,35.81
2004-02-20,2025-11-20,2025-11-20,35.8
2004-02-23,2025-11-20,2025-11-20,35.75
2004-02-24,2025-11-20,2025-11-20,35.85
2004-02-25,2025-11-20,2025-11-20,37.28
2004-02-26,2025-11-20,2025-11-20,35.45
2004-02-27,2025-11-20,2025-11-20,36.08
2004-03-01,2025-11-20,2025-11-20,36.85
2004-03-02,2025-11-20,2025-11-20,36.6
2004-03-03,2025-11-20,2025-11-20,35.8
2004-03-04,2025-11-20,2025-11-20,36.81
2004-03-05,2025-11-20,2025-11-20,37.31
2004-03-08,2025-11-20,2025-11-20,36.53
2004-03-09,2025-11-20,2025-11-20,36.29
2004-03-10,2025-11-20,2025-11-20,36.21
2004-03-11,2025-11-20,2025-11-20,36.95
2004-03-12,2025-11-20,2025-11-20,36.21
2004-03-15,2025-11-20,2025-11-20,37.44
2004-03-16,2025-11-20,2025-11-20,37.36
2004-03-17,2025-11-20,2025-11-20,38.21
2004-03-18,2025-11-20,2025-11-20,37.81
2004-03-19,2025-11-20,2025-11-20,38.09
2004-03-22,2025-11-20,2025-11-20,37.12
2004-03-23,2025-11-20,2025-11-20,37.81
2004-03-24,2025-11-20,2025-11-20,37.06
2004-03-25,2025-11-20,2025-11-20,35.67
2004-03-26,2025-11-20,2025-11-20,35.61
2004-03-29,2025-11-20,2025-11-20,35.41
2004-03-30,2025-11-20,2025-11-20,36.15
2004-03-31,2025-11-20,2025-11-20,35.75
2004-04-01,2025-11-20,2025-11-20,34.47
2004-04-02,2025-11-20,2025-11-20,34.39
2004-04-05,2025-11-20,2025-11-20,34.29
2004-04-06,2025-11-20,2025-11-20,35.09
2004-04-07,2025-11-20,2025-11-20,36.28
2004-04-08,2025-11-20,2025-11-20,37.14
2004-04-09,2025-11-20,2025-11-20,
2004-04-12,2025-11-20,2025-11-20,37.79
2004-04-13,2025-11-20,2025-11-20,37.09
2004-04-14,2025-11-20,2025-11-20,36.62
2004-04-15,2025-11-20,2025-11-20,37.74
2004-04-16,2025-11-20,2025-11-20,37.7
2004-04-19,2025-11-20,2025-11-20,37.46
2004-04-20,2025-11-20,2025-11-20,37.61
2004-04-21,2025-11-20,2025-11-20,36.61
2004-04-22,2025-11-20,2025-11-20,37.7
2004-04-23,2025-11-20,2025-11-20,37.22
2004-04-26,2025-11-20,2025-11-20,37.02
2004-04-27,2025-11-20,2025-11-20,37.49
2004-04-28,2025-11-20,2025-11-20,37.23
2004-04-29,2025-11-20,2025-11-20,37.5
2004-04-30,2025-11-20,2025-11-20,37.31
2004-05-03,2025-11-20,2025-11-20,38.26
2004-05-04,2025-11-20,2025-11-20,38.86
2004-05-05,2025-11-20,2025-11-20,39.69
2004-05-06,2025-11-20,2025-11-20,39.41
2004-05-07,2025-11-20,2025-11-20,39.98
2004-05-10,2025-11-20,2025-11-20,38.9
2004-05-11,2025-11-20,2025-11-20,40.3
2004-05-12,2025-11-20,2025-11-20,40.3
2004-05-13,2025-11-20,2025-11-20,40.94
2004-05-14,2025-11-20,2025-11-20,41.42
2004-05-17,2025-11-20,2025-11-20,41.53
2004-05-18,2025-11-20,2025-11-20,40.32
2004-05-19,2025-11-20,2025-11-20,41.61
2004-05-20,2025-11-20,2025-11-20,40.92
2004-05-21,2025-11-20,2025-11-20,39.83
2004-05-24,2025-11-20,2025-11-20,42.03
2004-05-25,2025-11-20,2025-11-20,41.45
2004-05-26,2025-11-20,2025-11-20,40.6
2004-05-27,2025-11-20,2025-11-20,39.25
2004-05-28,2025-11-20,2025-11-20,39.9
2004-05-31,2025-11-20,2025-11-20,
2004-06-01,2025-11-20,2025-11-20,42.33
2004-06-02,2025-11-20,2025-11-20,39.96
2004-06-03,2025-11-20,2025-11-20,39.29
2004-06-04,2025-11-20,2025-11-20,38.44
2004-06-07,2025-11-20,2025-11-20,38.72
2004-06-08,2025-11-20,2025-11-20,37.18
2004-06-09,2025-11-20,2025-11-20,37.6
2004-06-10,2025-11-20,2025-11-20,38.45
2004-06-11,2025-11-20,2025-11-20,
2004-06-14,2025-11-20,2025-11-20,37.58
2004-06-15,2025-11-20,2025-11-20,37.18
2004-06-16,2025-11-20,2025-11-20,37.33
2004-06-17,2025-11-20,2025-11-20,38.51
2004-06-18,2025-11-20,2025-11-20,38.68
2004-06-21,2025-11-20,2025-11-20,37.69
2004-06-22,2025-11-20,2025-11-20,38.11
2004-06-23,2025-11-20,2025-11-20,37.56
2004-06-24,2025-11-20,2025-11-20,37.81
2004-06-25,2025-11-20,2025-11-20,37.34
2004-06-28,2025-11-20,2025-11-20,36.25
2004-06-29,2025-11-20,2025-11-20,35.6
2004-06-30,2025-11-20,2025-11-20,36.92
2004-07-01,2025-11-20,2025-11-20,38.56
2004-07-02,2025-11-20,2025-11-20,38.37
2004-07-05,2025-11-20,2025-11-20,
2004-07-06,2025-11-20,2025-11-20,39.56
2004-07-07,2025-11-20,2025-11-20,39.18
2004-07-08,2025-11-20,2025-11-20,40.27
2004-07-09,2025-11-20,2025-11-20,39.9
2004-07-12,2025-11-20,2025-11-20,39.3
2004-07-13,2025-11-20,2025-11-20,39.55
2004-07-14,2025-11-20,2025-11-20,40.98
2004-07-15,2025-11-20,2025-11-20,40.7
2004-07-16,2025-11-20,2025-11-20,41.1
2004-07-19,2025-11-20,2025-11-20,41.55
2004-07-20,2025-11-20,2025-11-20,40.86
2004-07-21,2025-11-20,2025-11-20,40.63
2004-07-22,2025-11-20,2025-11-20,41.51
2004-07-23,2025-11-20,2025-11-20,41.82
2004-07-26,2025-11-20,2025-11-20,41.45
2004-07-27,2025-11-20,2025-11-20,41.83
2004-07-28,2025-11-20,2025-11-20,42.81
2004-07-29,2025-11-20,2025-11-20,42.69
2004-07-30,2025-11-20,2025-11-20,43.72
2004-08-02,2025-11-20,2025-11-20,43.83
2004-08-03,2025-11-20,2025-11-20,44.13
2004-08-04,2025-11-20,2025-11-20,42.73
2004-08-05,2025-11-20,2025-11-20,44.39
2004-08-06,2025-11-20,2025-11-20,43.95
2004-08-09,2025-11-20,2025-11-20,44.86
2004-08-10,2025-11-20,2025-11-20,44.51
2004-08-11,2025-11-20,2025-11-20,44.72
2004-08-12,2025-11-20,2025-11-20,45.52
2004-08-13,2025-11-20,2025-11-20,46.61
2004-08-16,2025-11-20,2025-11-20,46.02
2004-08-17,2025-11-20,2025-11-20,46.75
2004-08-18,2025-11-20,2025-11-20,47.36
2004-08-19,2025-11-20,2025-11-20,48.66
2004-08-20,2025-11-20,2025-11-20,47.6
2004-08-23,2025-11-20,2025-11-20,46.0
2004-08-24,2025-11-20,2025-11-20,45.68
2004-08-25,2025-11-20,2025-11-20,43.83
2004-08-26,2025-11-20,2025-11-20,43.06
2004-08-27,2025-11-20,2025-11-20,43.11
2004-08-30,2025-11-20,2025-11-20,42.32
2004-08-31,2025-11-20,2025-11-20,42.23
2004-09-01,2025-11-20,2025-11-20,43.89
2004-09-02,2025-11-20,2025-11-20,44.04
2004-09-03,2025-11-20,2025-11-20,43.94
2004-09-06,2025-11-20,2025-11-20,
2004-09-07,2025-11-20,2025-11-20,43.18
2004-09-08,2025-11-20,2025-11-20,42.77
2004-09-09,2025-11-20,2025-11-20,44.53
2004-09-10,2025-11-20,2025-11-20,42.84
2004-09-13,2025-11-20,2025-11-20,43.86
2004-09-14,2025-11-20,2025-11-20,44.62
2004-09-15,2025-11-20,2025-11-20,43.83
2004-09-16,2025-11-20,2025-11-20,44.03
2004-09-17,2025-11-20,2025-11-20,45.63
2004-09-20,2025-11-20,2025-11-20,46.33
2004-09-21,2025-11-20,2025-11-20,47.11
2004-09-22,2025-11-20,2025-11-20,48.41
2004-09-23,2025-11-20,2025-11-20,48.37
2004-09-24,2025-11-20,2025-11-20,48.86
2004-09-27,2025-11-20,2025-11-20,49.56
2004-09-28,2025-11-20,2025-11-20,49.76
2004-09-29,2025-11-20,2025-11-20,49.53
2004-09-30,2025-11-20,2025-11-20,49.56
2004-10-01,2025-11-20,2025-11-20,50.16
2004-10-04,2025-11-20,2025-11-20,49.85
2004-10-05,2025-11-20,2025-11-20,51.08
2004-10-06,2025-11-20,2025-11-20,51.98
2004-10-07,2025-11-20,2025-11-20,52.56
2004-10-08,2025-11-20,2025-11-20,53.4
2004-10-11,2025-11-20,2025-11-20,53.65
2004-10-12,2025-11-20,2025-11-20,53.49
2004-10-13,2025-11-20,2025-11-20,53.86
2004-10-14,2025-11-20,2025-11-20,54.69
2004-10-15,2025-11-20,2025-11-20,54.89
2004-10-18,2025-11-20,2025-11-20,53.59
2004-10-19,2025-11-20,2025-11-20,53.28
2004-10-20,2025-11-20,2025-11-20,54.93
2004-10-21,2025-11-20,2025-11-20,54.51
2004-10-22,2025-11-20,2025-11-20,55.83
2004-10-25,2025-11-20,2025-11-20,55.52
2004-10-26,2025-11-20,2025-11-20,56.37
2004-10-27,2025-11-20,2025-11-20,52.52
2004-10-28,2025-11-20,2025-11-20,50.95
2004-10-29,2025-11-20,2025-11-20,51.78
2004-11-01,2025-11-20,2025-11-20,50.1
2004-11-02,2025-11-20,2025-11-20,49.6
2004-11-03,2025-11-20,2025-11-20,50.9
2004-11-04,2025-11-20,2025-11-20,48.8
2004-11-05,2025-11-20,2025-11-20,49.65
2004-11-08,2025-11-20,2025-11-20,49.1
2004-11-09,2025-11-20,2025-11-20,47.4
2004-11-10,2025-11-20,2025-11-20,48.7
2004-11-11,2025-11-20,2025-11-20,47.5
2004-11-12,2025-11-20,2025-11-20,47.3
2004-11-15,2025-11-20,2025-11-20,46.95
2004-11-16,2025-11-20,2025-11-20,46.1
2004-11-17,2025-11-20,2025-11-20,46.85
2004-11-18,2025-11-20,2025-11-20,46.3
2004-11-19,2025-11-20,2025-11-20,48.9
2004-11-22,2025-11-20,2025-11-20,48.48
2004-11-23,2025-11-20,2025-11-20,48.74
2004-11-24,2025-11-20,2025-11-20,49.14
2004-11-25,2025-11-20,2025-11-20,
2004-11-26,2025-11-20,2025-11-20,
2004-11-29,2025-11-20,2025-11-20,49.71
2004-11-30,2025-11-20,2025-11-20,49.16
2004-12-01,2025-11-20,2025-11-20,45.56
2004-12-02,2025-11-20,2025-11-20,43.31
2004-12-03,2025-11-20,2025-11-20,42.56
2004-12-06,2025-11-20,2025-11-20,42.96
2004-12-07,2025-11-20,2025-11-20,41.51
2004-12-08,2025-11-20,2025-11-20,41.96
2004-12-09,2025-11-20,2025-11-20,42.41
2004-12-10,2025-11-20,2025-11-20,40.71
2004-12-13,2025-11-20,2025-11-20,41.06
2004-12-14,2025-11-20,2025-11-20,41.76
2004-12-15,2025-11-20,2025-11-20,44.21
2004-12-16,2025-11-20,2025-11-20,44.16
2004-12-17,2025-11-20,2025-11-20,46.31
2004-12-20,2025-11-20,2025-11-20,45.57
2004-12-21,2025-11-20,2025-11-20,45.76
2004-12-22,2025-11-20,2025-11-20,44.05
2004-12-23,2025-11-20,2025-11-20,42.19
2004-12-24,2025-11-20,2025-11-20,
2004-12-27,2025-11-20,2025-11-20,41.26
2004-12-28,2025-11-20,2025-11-20,41.78
2004-12-29,2025-11-20,2025-11-20,43.69
2004-12-30,2025-11-20,2025-11-20,43.36
2004-12-31,2025-11-20,2025-11-20,
2005-01-03,2025-11-20,2025-11-20,42.16
2005-01-04,2025-11-20,2025-11-20,43.96
2005-01-05,2025-11-20,2025-11-20,43.41
2005-01-06,2025-11-20,2025-11-20,45.51
2005-01-07,2025-11-20,2025-11-20,45.32
2005-01-10,2025-11-20,2025-11-20,45.31
2005-01-11,2025-11-20,2025-11-20,45.66
2005-01-12,2025-11-20,2025-11-20,46.46
2005-01-13,2025-11-20,2025-11-20,48.11
2005-01-14,2025-11-20,2025-11-20,48.41
2005-01-17,2025-11-20,2025-11-20,
2005-01-18,2025-11-20,2025-11-20,48.46
2005-01-19,2025-11-20,2025-11-20,47.61
2005-01-20,2025-11-20,2025-11-20,47.01
2005-01-21,2025-11-20,2025-11-20,48.31
2005-01-24,2025-11-20,2025-11-20,48.61
2005-01-25,2025-11-20,2025-11-20,49.43
2005-01-26,2025-11-20,2025-11-20,48.8
2005-01-27,2025-11-20,2025-11-20,48.8
2005-01-28,2025-11-20,2025-11-20,47.15
2005-01-31,2025-11-20,2025-11-20,48.25
2005-02-01,2025-11-20,2025-11-20,47.1
2005-02-02,2025-11-20,2025-11-20,46.65
2005-02-03,2025-11-20,2025-11-20,46.4
2005-02-04,2025-11-20,2025-11-20,46.45
2005-02-07,2025-11-20,2025-11-20,45.35
2005-02-08,2025-11-20,2025-11-20,45.4
2005-02-09,2025-11-20,2025-11-20,45.45
2005-02-10,2025-11-20,2025-11-20,47.05
2005-02-11,2025-11-20,2025-11-20,47.15
2005-02-14,2025-11-20,2025-11-20,47.5
2005-02-15,2025-11-20,2025-11-20,47.3
2005-02-16,2025-11-20,2025-11-20,48.35
2005-02-17,2025-11-20,2025-11-20,47.5
2005-02-18,2025-11-20,2025-11-20,48.45
2005-02-21,2025-11-20,2025-11-20,
2005-02-22,2025-11-20,2025-11-20,51.0
2005-02-23,2025-11-20,2025-11-20,51.73
2005-02-24,2025-11-20,2025-11-20,52.05
2005-02-25,2025-11-20,2025-11-20,52.2
2005-02-28,2025-11-20,2025-11-20,51.75
2005-03-01,2025-11-20,2025-11-20,51.67
2005-03-02,2025-11-20,2025-11-20,53.0
2005-03-03,2025-11-20,2025-11-20,53.6
2005-03-04,2025-11-20,2025-11-20,53.7
2005-03-07,2025-11-20,2025-11-20,53.9
2005-03-08,2025-11-20,2025-11-20,54.55
2005-03-09,2025-11-20,2025-11-20,54.75
2005-03-10,2025-11-20,2025-11-20,53.52
2005-03-11,2025-11-20,2025-11-20,54.4
2005-03-14,2025-11-20,2025-11-20,54.9
2005-03-15,2025-11-20,2025-11-20,55.05
2005-03-16,2025-11-20,2025-11-20,56.5
2005-03-17,2025-11-20,2025-11-20,56.4
2005-03-18,2025-11-20,2025-11-20,56.8
2005-03-21,2025-11-20,2025-11-20,56.7
2005-03-22,2025-11-20,2025-11-20,55.95
2005-03-23,2025-11-20,2025-11-20,49.43
2005-03-24,2025-11-20,2025-11-20,49.7
2005-03-25,2025-11-20,2025-11-20,
2005-03-28,2025-11-20,2025-11-20,54.06
2005-03-29,2025-11-20,2025-11-20,54.26
2005-03-30,2025-11-20,2025-11-20,53.96
2005-03-31,2025-11-20,2025-11-20,55.31
2005-04-01,2025-11-20,2025-11-20,57.26
2005-04-04,2025-11-20,2025-11-20,56.86
2005-04-05,2025-11-20,2025-11-20,55.83
2005-04-06,2025-11-20,2025-11-20,55.88
2005-04-07,2025-11-20,2025-11-20,54.16
2005-04-08,2025-11-20,2025-11-20,53.46
2005-04-11,2025-11-20,2025-11-20,53.71
2005-04-12,2025-11-20,2025-11-20,51.54
2005-04-13,2025-11-20,2025-11-20,50.21
2005-04-14,2025-11-20,2025-11-20,51.11
2005-04-15,2025-11-20,2025-11-20,50.61
2005-04-18,2025-11-20,2025-11-20,50.52
2005-04-19,2025-11-20,2025-11-20,52.33
2005-04-20,2025-11-20,2025-11-20,52.45
2005-04-21,2025-11-20,2025-11-20,52.49
2005-04-22,2025-11-20,2025-11-20,54.16
2005-04-25,2025-11-20,2025-11-20,53.16
2005-04-26,2025-11-20,2025-11-20,54.33
2005-04-27,2025-11-20,2025-11-20,51.37
2005-04-28,2025-11-20,2025-11-20,51.92
2005-04-29,2025-11-20,2025-11-20,49.2
2005-05-02,2025-11-20,2025-11-20,50.94
2005-05-03,2025-11-20,2025-11-20,49.6
2005-05-04,2025-11-20,2025-11-20,50.22
2005-05-05,2025-11-20,2025-11-20,51.12
2005-05-06,2025-11-20,2025-11-20,51.3
2005-05-09,2025-11-20,2025-11-20,52.04
2005-05-10,2025-11-20,2025-11-20,51.76
2005-05-11,2025-11-20,2025-11-20,50.39
2005-05-12,2025-11-20,2025-11-20,48.83
2005-05-13,2025-11-20,2025-11-20,48.65
2005-05-16,2025-11-20,2025-11-20,48.64
2005-05-17,2025-11-20,2025-11-20,48.97
2005-05-18,2025-11-20,2025-11-20,46.99
2005-05-19,2025-11-20,2025-11-20,47.0
2005-05-20,2025-11-20,2025-11-20,47.25
2005-05-23,2025-11-20,2025-11-20,48.68
2005-05-24,2025-11-20,2025-11-20,49.14
2005-05-25,2025-11-20,2025-11-20,50.37
2005-05-26,2025-11-20,2025-11-20,50.89
2005-05-27,2025-11-20,2025-11-20,51.65
2005-05-30,2025-11-20,2025-11-20,
2005-05-31,2025-11-20,2025-11-20,52.08
2005-06-01,2025-11-20,2025-11-20,54.4
2005-06-02,2025-11-20,2025-11-20,53.46
2005-06-03,2025-11-20,2025-11-20,55.08
2005-06-06,2025-11-20,2025-11-20,54.46
2005-06-07,2025-11-20,2025-11-20,53.84
2005-06-08,2025-11-20,2025-11-20,52.51
2005-06-09,2025-11-20,2025-11-20,54.36
2005-06-10,2025-11-20,2025-11-20,53.55
2005-06-13,2025-11-20,2025-11-20,55.47
2005-06-14,2025-11-20,2025-11-20,55.03
2005-06-15,2025-11-20,2025-11-20,55.53
2005-06-16,2025-11-20,2025-11-20,56.48
2005-06-17,2025-11-20,2025-11-20,58.4
2005-06-20,2025-11-20,2025-11-20,59.19
2005-06-21,2025-11-20,2025-11-20,58.9
2005-06-22,2025-11-20,2025-11-20,58.27
2005-06-23,2025-11-20,2025-11-20,59.23
2005-06-24,2025-11-20,2025-11-20,59.63
2005-06-27,2025-11-20,2025-11-20,59.78
2005-06-28,2025-11-20,2025-11-20,58.32
2005-06-29,2025-11-20,2025-11-20,57.23
2005-06-30,2025-11-20,2025-11-20,56.63
2005-07-01,2025-11-20,2025-11-20,59.11
2005-07-04,2025-11-20,2025-11-20,
2005-07-05,2025-11-20,2025-11-20,59.71
2005-07-06,2025-11-20,2025-11-20,61.24
2005-07-07,2025-11-20,2025-11-20,60.76
2005-07-08,2025-11-20,2025-11-20,59.71
2005-07-11,2025-11-20,2025-11-20,59.23
2005-07-12,2025-11-20,2025-11-20,60.49
2005-07-13,2025-11-20,2025-11-20,60.0
2005-07-14,2025-11-20,2025-11-20,57.83
2005-07-15,2025-11-20,2025-11-20,58.36
2005-07-18,2025-11-20,2025-11-20,57.12
2005-07-19,2025-11-20,2025-11-20,57.61
2005-07-20,2025-11-20,2025-11-20,56.73
2005-07-21,2025-11-20,2025-11-20,57.31
2005-07-22,2025-11-20,2025-11-20,57.75
2005-07-25,2025-11-20,2025-11-20,58.16
2005-07-26,2025-11-20,2025-11-20,59.05
2005-07-27,2025-11-20,2025-11-20,59.12
2005-07-28,2025-11-20,2025-11-20,59.91
2005-07-29,2025-11-20,2025-11-20,60.71
2005-08-01,2025-11-20,2025-11-20,61.51
2005-08-02,2025-11-20,2025-11-20,61.87
2005-08-03,2025-11-20,2025-11-20,60.76
2005-08-04,2025-11-20,2025-11-20,61.6
2005-08-05,2025-11-20,2025-11-20,62.44
2005-08-08,2025-11-20,2025-11-20,63.92
2005-08-09,2025-11-20,2025-11-20,63.13
2005-08-10,2025-11-20,2025-11-20,64.8
2005-08-11,2025-11-20,2025-11-20,65.67
2005-08-12,2025-11-20,2025-11-20,66.71
2005-08-15,2025-11-20,2025-11-20,66.21
2005-08-16,2025-11-20,2025-11-20,66.11
2005-08-17,2025-11-20,2025-11-20,63.29
2005-08-18,2025-11-20,2025-11-20,63.47
2005-08-19,2025-11-20,2025-11-20,65.51
2005-08-22,2025-11-20,2025-11-20,65.46
2005-08-23,2025-11-20,2025-11-20,65.81
2005-08-24,2025-11-20,2025-11-20,67.1
2005-08-25,2025-11-20,2025-11-20,67.29
2005-08-26,2025-11-20,2025-11-20,66.05
2005-08-29,2025-11-20,2025-11-20,67.41
2005-08-30,2025-11-20,2025-11-20,69.91
2005-08-31,2025-11-20,2025-11-20,68.63
2005-09-01,2025-11-20,2025-11-20,69.5
2005-09-02,2025-11-20,2025-11-20,66.91
2005-09-05,2025-11-20,2025-11-20,
2005-09-06,2025-11-20,2025-11-20,65.83
2005-09-07,2025-11-20,2025-11-20,64.38
2005-09-08,2025-11-20,2025-11-20,64.8
2005-09-09,2025-11-20,2025-11-20,64.21
2005-09-12,2025-11-20,2025-11-20,63.29
2005-09-13,2025-11-20,2025-11-20,63.18
2005-09-14,2025-11-20,2025-11-20,65.2
2005-09-15,2025-11-20,2025-11-20,64.64
2005-09-16,2025-11-20,2025-11-20,62.91
2005-09-19,2025-11-20,2025-11-20,67.21
2005-09-20,2025-11-20,2025-11-20,66.24
2005-09-21,2025-11-20,2025-11-20,66.96
2005-09-22,2025-11-20,2025-11-20,67.07
2005-09-23,2025-11-20,2025-11-20,64.67
2005-09-26,2025-11-20,2025-11-20,65.98
2005-09-27,2025-11-20,2025-11-20,64.94
2005-09-28,2025-11-20,2025-11-20,66.36
2005-09-29,2025-11-20,2025-11-20,66.83
2005-09-30,2025-11-20,2025-11-20,66.21
2005-10-03,2025-11-20,2025-11-20,65.36
2005-10-04,2025-11-20,2025-11-20,63.74
2005-10-05,2025-11-20,2025-11-20,62.56
2005-10-06,2025-11-20,2025-11-20,61.81
2005-10-07,2025-11-20,2025-11-20,61.81
2005-10-10,2025-11-20,2025-11-20,60.71
2005-10-11,2025-11-20,2025-11-20,63.84
2005-10-12,2025-11-20,2025-11-20,64.13
2005-10-13,2025-11-20,2025-11-20,63.05
2005-10-14,2025-11-20,2025-11-20,62.61
2005-10-17,2025-11-20,2025-11-20,64.26
2005-10-18,2025-11-20,2025-11-20,62.94
2005-10-19,2025-11-20,2025-11-20,62.11
2005-10-20,2025-11-20,2025-11-20,61.04
2005-10-21,2025-11-20,2025-11-20,61.05
2005-10-24,2025-11-20,2025-11-20,60.63
2005-10-25,2025-11-20,2025-11-20,62.83
2005-10-26,2025-11-20,2025-11-20,60.85
2005-10-27,2025-11-20,2025-11-20,61.03
2005-10-28,2025-11-20,2025-11-20,61.3
2005-10-31,2025-11-20,2025-11-20,59.8
2005-11-01,2025-11-20,2025-11-20,59.85
2005-11-02,2025-11-20,2025-11-20,59.75
2005-11-03,2025-11-20,2025-11-20,61.7
2005-11-04,2025-11-20,2025-11-20,60.6
2005-11-07,2025-11-20,2025-11-20,59.4
2005-11-08,2025-11-20,2025-11-20,59.7
2005-11-09,2025-11-20,2025-11-20,59.65
2005-11-10,2025-11-20,2025-11-20,57.8
2005-11-11,2025-11-20,2025-11-20,57.45
2005-11-14,2025-11-20,2025-11-20,57.6
2005-11-15,2025-11-20,2025-11-20,57.05
2005-11-16,2025-11-20,2025-11-20,57.85
2005-11-17,2025-11-20,2025-11-20,56.2
2005-11-18,2025-11-20,2025-11-20,56.3
2005-11-21,2025-11-20,2025-11-20,57.75
2005-11-22,2025-11-20,2025-11-20,58.3
2005-11-23,2025-11-20,2025-11-20,58.35
2005-11-24,2025-11-20,2025-11-20,
2005-11-25,2025-11-20,2025-11-20,
2005-11-28,2025-11-20,2025-11-20,57.36
2005-11-29,2025-11-20,2025-11-20,56.46
2005-11-30,2025-11-20,2025-11-20,57.33
2005-12-01,2025-11-20,2025-11-20,58.46
2005-12-02,2025-11-20,2025-11-20,59.31
2005-12-05,2025-11-20,2025-11-20,59.91
2005-12-06,2025-11-20,2025-11-20,59.96
2005-12-07,2025-11-20,2025-11-20,59.21
2005-12-08,2025-11-20,2025-11-20,60.66
2005-12-09,2025-11-20,2025-11-20,59.41
2005-12-12,2025-11-20,2025-11-20,61.36
2005-12-13,2025-11-20,2025-11-20,61.36
2005-12-14,2025-11-20,2025-11-20,60.86
2005-12-15,2025-11-20,2025-11-20,60.01
2005-12-16,2025-11-20,2025-11-20,58.01
2005-12-19,2025-11-20,2025-11-20,57.31
2005-12-20,2025-11-20,2025-11-20,57.81
2005-12-21,2025-11-20,2025-11-20,58.56
2005-12-22,2025-11-20,2025-11-20,58.08
2005-12-23,2025-11-20,2025-11-20,58.08
2005-12-26,2025-11-20,2025-11-20,
2005-12-27,2025-11-20,2025-11-20,58.16
2005-12-28,2025-11-20,2025-11-20,59.81
2005-12-29,2025-11-20,2025-11-20,60.26
2005-12-30,2025-11-20,2025-11-20,61.06
2006-01-02,2025-11-20,2025-11-20,
2006-01-03,2025-11-20,2025-11-20,63.11
2006-01-04,2025-11-20,2025-11-20,63.41
2006-01-05,2025-11-20,2025-11-20,62.81
2006-01-06,2025-11-20,2025-11-20,64.21
2006-01-09,2025-11-20,2025-11-20,63.56
2006-01-10,2025-11-20,2025-11-20,63.41
2006-01-11,2025-11-20,2025-11-20,63.91
2006-01-12,2025-11-20,2025-11-20,63.96
2006-01-13,2025-11-20,2025-11-20,63.86
2006-01-16,2025-11-20,2025-11-20,
2006-01-17,2025-11-20,2025-11-20,66.36
2006-01-18,2025-11-20,2025-11-20,65.76
2006-01-19,2025-11-20,2025-11-20,66.86
2006-01-20,2025-11-20,2025-11-20,68.16
2006-01-23,2025-11-20,2025-11-20,68.06
2006-01-24,2025-11-20,2025-11-20,66.83
2006-01-25,2025-11-20,2025-11-20,65.6
2006-01-26,2025-11-20,2025-11-20,65.8
2006-01-27,2025-11-20,2025-11-20,67.81
2006-01-30,2025-11-20,2025-11-20,68.36
2006-01-31,2025-11-20,2025-11-20,67.86
2006-02-01,2025-11-20,2025-11-20,66.61
2006-02-02,2025-11-20,2025-11-20,64.71
2006-02-03,2025-11-20,2025-11-20,65.41
2006-02-06,2025-11-20,2025-11-20,65.11
2006-02-07,2025-11-20,2025-11-20,63.01
2006-02-08,2025-11-20,2025-11-20,62.51
2006-02-09,2025-11-20,2025-11-20,62.66
2006-02-10,2025-11-20,2025-11-20,62.01
2006-02-13,2025-11-20,2025-11-20,61.26
2006-02-14,2025-11-20,2025-11-20,59.61
2006-02-15,2025-11-20,2025-11-20,57.61
2006-02-16,2025-11-20,2025-11-20,58.61
2006-02-17,2025-11-20,2025-11-20,59.76
2006-02-20,2025-11-20,2025-11-20,
2006-02-21,2025-11-20,2025-11-20,61.21
2006-02-22,2025-11-20,2025-11-20,59.03
2006-02-23,2025-11-20,2025-11-20,58.03
2006-02-24,2025-11-20,2025-11-20,61.46
2006-02-27,2025-11-20,2025-11-20,61.01
2006-02-28,2025-11-20,2025-11-20,61.37
2006-03-01,2025-11-20,2025-11-20,62.01
2006-03-02,2025-11-20,2025-11-20,63.36
2006-03-03,2025-11-20,2025-11-20,63.61
2006-03-06,2025-11-20,2025-11-20,62.46
2006-03-07,2025-11-20,2025-11-20,61.51
2006-03-08,2025-11-20,2025-11-20,60.06
2006-03-09,2025-11-20,2025-11-20,60.51
2006-03-10,2025-11-20,2025-11-20,59.91
2006-03-13,2025-11-20,2025-11-20,61.81
2006-03-14,2025-11-20,2025-11-20,63.01
2006-03-15,2025-11-20,2025-11-20,62.11
2006-03-16,2025-11-20,2025-11-20,63.46
2006-03-17,2025-11-20,2025-11-20,62.81
2006-03-20,2025-11-20,2025-11-20,60.31
2006-03-21,2025-11-20,2025-11-20,60.41
2006-03-22,2025-11-20,2025-11-20,60.03
2006-03-23,2025-11-20,2025-11-20,62.13
2006-03-24,2025-11-20,2025-11-20,63.9
2006-03-27,2025-11-20,2025-11-20,63.75
2006-03-28,2025-11-20,2025-11-20,65.65
2006-03-29,2025-11-20,2025-11-20,66.0
2006-03-30,2025-11-20,2025-11-20,66.7
2006-03-31,2025-11-20,2025-11-20,66.25
2006-04-03,2025-11-20,2025-11-20,66.07
2006-04-04,2025-11-20,2025-11-20,65.75
2006-04-05,2025-11-20,2025-11-20,66.76
2006-04-06,2025-11-20,2025-11-20,67.22
2006-04-07,2025-11-20,2025-11-20,67.02
2006-04-10,2025-11-20,2025-11-20,68.29
2006-04-11,2025-11-20,2025-11-20,69.03
2006-04-12,2025-11-20,2025-11-20,68.53
2006-04-13,2025-11-20,2025-11-20,69.53
2006-04-14,2025-11-20,2025-11-20,
2006-04-17,2025-11-20,2025-11-20,70.3
2006-04-18,2025-11-20,2025-11-20,71.28
2006-04-19,2025-11-20,2025-11-20,72.07
2006-04-20,2025-11-20,2025-11-20,71.96
2006-04-21,2025-11-20,2025-11-20,73.73
2006-04-24,2025-11-20,2025-11-20,70.19
2006-04-25,2025-11-20,2025-11-20,67.43
2006-04-26,2025-11-20,2025-11-20,71.71
2006-04-27,2025-11-20,2025-11-20,70.76
2006-04-28,2025-11-20,2025-11-20,71.8
2006-05-01,2025-11-20,2025-11-20,73.75
2006-05-02,2025-11-20,2025-11-20,74.62
2006-05-03,2025-11-20,2025-11-20,72.26
2006-05-04,2025-11-20,2025-11-20,69.98
2006-05-05,2025-11-20,2025-11-20,70.09
2006-05-08,2025-11-20,2025-11-20,69.75
2006-05-09,2025-11-20,2025-11-20,70.71
2006-05-10,2025-11-20,2025-11-20,72.15
2006-05-11,2025-11-20,2025-11-20,73.0
2006-05-12,2025-11-20,2025-11-20,71.87
2006-05-15,2025-11-20,2025-11-20,69.25
2006-05-16,2025-11-20,2025-11-20,69.4
2006-05-17,2025-11-20,2025-11-20,68.65
2006-05-18,2025-11-20,2025-11-20,69.63
2006-05-19,2025-11-20,2025-11-20,68.44
2006-05-22,2025-11-20,2025-11-20,69.23
2006-05-23,2025-11-20,2025-11-20,70.78
2006-05-24,2025-11-20,2025-11-20,69.47
2006-05-25,2025-11-20,2025-11-20,70.92
2006-05-26,2025-11-20,2025-11-20,71.35
2006-05-29,2025-11-20,2025-11-20,
2006-05-30,2025-11-20,2025-11-20,71.85
2006-05-31,2025-11-20,2025-11-20,71.42
2006-06-01,2025-11-20,2025-11-20,70.11
2006-06-02,2025-11-20,2025-11-20,72.73
2006-06-05,2025-11-20,2025-11-20,72.5
2006-06-06,2025-11-20,2025-11-20,72.43
2006-06-07,2025-11-20,2025-11-20,70.9
2006-06-08,2025-11-20,2025-11-20,70.25
2006-06-09,2025-11-20,2025-11-20,71.62
2006-06-12,2025-11-20,2025-11-20,70.28
2006-06-13,2025-11-20,2025-11-20,68.48
2006-06-14,2025-11-20,2025-11-20,69.12
2006-06-15,2025-11-20,2025-11-20,69.78
2006-06-16,2025-11-20,2025-11-20,69.75
2006-06-19,2025-11-20,2025-11-20,69.21
2006-06-20,2025-11-20,2025-11-20,69.3
2006-06-21,2025-11-20,2025-11-20,70.07
2006-06-22,2025-11-20,2025-11-20,70.62
2006-06-23,2025-11-20,2025-11-20,70.5
2006-06-26,2025-11-20,2025-11-20,71.63
2006-06-27,2025-11-20,2025-11-20,72.05
2006-06-28,2025-11-20,2025-11-20,72.15
2006-06-29,2025-11-20,2025-11-20,73.5
2006-06-30,2025-11-20,2025-11-20,73.94
2006-07-03,2025-11-20,2025-11-20,
2006-07-04,2025-11-20,2025-11-20,
2006-07-05,2025-11-20,2025-11-20,75.2
2006-07-06,2025-11-20,2025-11-20,75.0
2006-07-07,2025-11-20,2025-11-20,73.76
2006-07-10,2025-11-20,2025-11-20,73.5
2006-07-11,2025-11-20,2025-11-20,74.05
2006-07-12,2025-11-20,2025-11-20,74.99
2006-07-13,2025-11-20,2025-11-20,76.7
2006-07-14,2025-11-20,2025-11-20,76.8
2006-07-17,2025-11-20,2025-11-20,75.7
2006-07-18,2025-11-20,2025-11-20,73.87
2006-07-19,2025-11-20,2025-11-20,72.79
2006-07-20,2025-11-20,2025-11-20,74.0
2006-07-21,2025-11-20,2025-11-20,73.52
2006-07-24,2025-11-20,2025-11-20,74.29
2006-07-25,2025-11-20,2025-11-20,73.46
2006-07-26,2025-11-20,2025-11-20,73.82
2006-07-27,2025-11-20,2025-11-20,74.5
2006-07-28,2025-11-20,2025-11-20,73.3
2006-07-31,2025-11-20,2025-11-20,74.56
2006-08-01,2025-11-20,2025-11-20,74.93
2006-08-02,2025-11-20,2025-11-20,76.16
2006-08-03,2025-11-20,2025-11-20,75.59
2006-08-04,2025-11-20,2025-11-20,74.78
2006-08-07,2025-11-20,2025-11-20,77.05
2006-08-08,2025-11-20,2025-11-20,76.29
2006-08-09,2025-11-20,2025-11-20,76.28
2006-08-10,2025-11-20,2025-11-20,74.17
2006-08-11,2025-11-20,2025-11-20,74.38
2006-08-14,2025-11-20,2025-11-20,73.33
2006-08-15,2025-11-20,2025-11-20,72.95
2006-08-16,2025-11-20,2025-11-20,71.64
2006-08-17,2025-11-20,2025-11-20,70.12
2006-08-18,2025-11-20,2025-11-20,70.93
2006-08-21,2025-11-20,2025-11-20,72.45
2006-08-22,2025-11-20,2025-11-20,72.55
2006-08-23,2025-11-20,2025-11-20,71.45
2006-08-24,2025-11-20,2025-11-20,72.02
2006-08-25,2025-11-20,2025-11-20,72.13
2006-08-28,2025-11-20,2025-11-20,70.47
2006-08-29,2025-11-20,2025-11-20,69.74
2006-08-30,2025-11-20,2025-11-20,70.2
2006-08-31,2025-11-20,2025-11-20,70.38
2006-09-01,2025-11-20,2025-11-20,69.24
2006-09-04,2025-11-20,2025-11-20,
2006-09-05,2025-11-20,2025-11-20,68.7
2006-09-06,2025-11-20,2025-11-20,67.75
2006-09-07,2025-11-20,2025-11-20,67.37
2006-09-08,2025-11-20,2025-11-20,66.3
2006-09-11,2025-11-20,2025-11-20,65.42
2006-09-12,2025-11-20,2025-11-20,63.81
2006-09-13,2025-11-20,2025-11-20,64.09
2006-09-14,2025-11-20,2025-11-20,63.27
2006-09-15,2025-11-20,2025-11-20,63.3
2006-09-18,2025-11-20,2025-11-20,63.84
2006-09-19,2025-11-20,2025-11-20,61.77
2006-09-20,2025-11-20,2025-11-20,60.0
2006-09-21,2025-11-20,2025-11-20,61.62
2006-09-22,2025-11-20,2025-11-20,59.79
2006-09-25,2025-11-20,2025-11-20,60.74
2006-09-26,2025-11-20,2025-11-20,60.63
2006-09-27,2025-11-20,2025-11-20,62.96
2006-09-28,2025-11-20,2025-11-20,62.46
2006-09-29,2025-11-20,2025-11-20,62.9
2006-10-02,2025-11-20,2025-11-20,60.96
2006-10-03,2025-11-20,2025-11-20,58.64
2006-10-04,2025-11-20,2025-11-20,59.53
2006-10-05,2025-11-20,2025-11-20,60.02
2006-10-06,2025-11-20,2025-11-20,59.68
2006-10-09,2025-11-20,2025-11-20,59.93
2006-10-10,2025-11-20,2025-11-20,58.5
2006-10-11,2025-11-20,2025-11-20,57.56
2006-10-12,2025-11-20,2025-11-20,58.23
2006-10-13,2025-11-20,2025-11-20,58.69
2006-10-16,2025-11-20,2025-11-20,59.91
2006-10-17,2025-11-20,2025-11-20,58.91
2006-10-18,2025-11-20,2025-11-20,57.66
2006-10-19,2025-11-20,2025-11-20,58.55
2006-10-20,2025-11-20,2025-11-20,57.35
2006-10-23,2025-11-20,2025-11-20,56.74
2006-10-24,2025-11-20,2025-11-20,57.55
2006-10-25,2025-11-20,2025-11-20,59.09
2006-10-26,2025-11-20,2025-11-20,60.27
2006-10-27,2025-11-20,2025-11-20,60.75
2006-10-30,2025-11-20,2025-11-20,58.41
2006-10-31,2025-11-20,2025-11-20,58.72
2006-11-01,2025-11-20,2025-11-20,58.64
2006-11-02,2025-11-20,2025-11-20,57.87
2006-11-03,2025-11-20,2025-11-20,59.13
2006-11-06,2025-11-20,2025-11-20,60.11
2006-11-07,2025-11-20,2025-11-20,58.94
2006-11-08,2025-11-20,2025-11-20,59.93
2006-11-09,2025-11-20,2025-11-20,61.18
2006-11-10,2025-11-20,2025-11-20,59.66
2006-11-13,2025-11-20,2025-11-20,58.59
2006-11-14,2025-11-20,2025-11-20,58.28
2006-11-15,2025-11-20,2025-11-20,58.79
2006-11-16,2025-11-20,2025-11-20,56.23
2006-11-17,2025-11-20,2025-11-20,55.9
2006-11-20,2025-11-20,2025-11-20,56.42
2006-11-21,2025-11-20,2025-11-20,58.01
2006-11-22,2025-11-20,2025-11-20,57.28
2006-11-23,2025-11-20,2025-11-20,
2006-11-24,2025-11-20,2025-11-20,
2006-11-27,2025-11-20,2025-11-20,60.3
2006-11-28,2025-11-20,2025-11-20,60.97
2006-11-29,2025-11-20,2025-11-20,62.45
2006-11-30,2025-11-20,2025-11-20,62.97
2006-12-01,2025-11-20,2025-11-20,63.43
2006-12-04,2025-11-20,2025-11-20,62.39
2006-12-05,2025-11-20,2025-11-20,62.4
2006-12-06,2025-11-20,2025-11-20,62.2
2006-12-07,2025-11-20,2025-11-20,62.54
2006-12-08,2025-11-20,2025-11-20,62.06
2006-12-11,2025-11-20,2025-11-20,61.26
2006-12-12,2025-11-20,2025-11-20,61.06
2006-12-13,2025-11-20,2025-11-20,61.34
2006-12-14,2025-11-20,2025-11-20,62.48
2006-12-15,2025-11-20,2025-11-20,63.4
2006-12-18,2025-11-20,2025-11-20,62.19
2006-12-19,2025-11-20,2025-11-20,62.87
2006-12-20,2025-11-20,2025-11-20,63.08
2006-12-21,2025-11-20,2025-11-20,62.05
2006-12-22,2025-11-20,2025-11-20,61.81
2006-12-25,2025-11-20,2025-11-20,
2006-12-26,2025-11-20,2025-11-20,61.07
2006-12-27,2025-11-20,2025-11-20,60.31
2006-12-28,2025-11-20,2025-11-20,60.39
2006-12-29,2025-11-20,2025-11-20,60.85
2007-01-01,2025-11-20,2025-11-20,
2007-01-02,2025-11-20,2025-11-20,60.77
2007-01-03,2025-11-20,2025-11-20,58.31
2007-01-04,2025-11-20,2025-11-20,55.65
2007-01-05,2025-11-20,2025-11-20,56.29
2007-01-08,2025-11-20,2025-11-20,56.08
2007-01-09,2025-11-20,2025-11-20,55.65
2007-01-10,2025-11-20,2025-11-20,53.95
2007-01-11,2025-11-20,2025-11-20,51.91
2007-01-12,2025-11-20,2025-11-20,52.96
2007-01-15,2025-11-20,2025-11-20,
2007-01-16,2025-11-20,2025-11-20,51.23
2007-01-17,2025-11-20,2025-11-20,52.3
2007-01-18,2025-11-20,2025-11-20,50.51
2007-01-19,2025-11-20,2025-11-20,51.98
2007-01-22,2025-11-20,2025-11-20,51.11
2007-01-23,2025-11-20,2025-11-20,53.61
2007-01-24,2025-11-20,2025-11-20,54.24
2007-01-25,2025-11-20,2025-11-20,53.49
2007-01-26,2025-11-20,2025-11-20,55.38
2007-01-29,2025-11-20,2025-11-20,54.01
2007-01-30,2025-11-20,2025-11-20,57.03
2007-01-31,2025-11-20,2025-11-20,58.17
2007-02-01,2025-11-20,2025-11-20,57.35
2007-02-02,2025-11-20,2025-11-20,59.01
2007-02-05,2025-11-20,2025-11-20,58.69
2007-02-06,2025-11-20,2025-11-20,58.91
2007-02-07,2025-11-20,2025-11-20,57.75
2007-02-08,2025-11-20,2025-11-20,59.76
2007-02-09,2025-11-20,2025-11-20,59.86
2007-02-12,2025-11-20,2025-11-20,57.76
2007-02-13,2025-11-20,2025-11-20,58.98
2007-02-14,2025-11-20,2025-11-20,58.0
2007-02-15,2025-11-20,2025-11-20,57.92
2007-02-16,2025-11-20,2025-11-20,59.38
2007-02-19,2025-11-20,2025-11-20,
2007-02-20,2025-11-20,2025-11-20,58.32
2007-02-21,2025-11-20,2025-11-20,59.4
2007-02-22,2025-11-20,2025-11-20,60.28
2007-02-23,2025-11-20,2025-11-20,60.28
2007-02-26,2025-11-20,2025-11-20,61.41
2007-02-27,2025-11-20,2025-11-20,61.46
2007-02-28,2025-11-20,2025-11-20,61.78
2007-03-01,2025-11-20,2025-11-20,61.97
2007-03-02,2025-11-20,2025-11-20,61.58
2007-03-05,2025-11-20,2025-11-20,60.05
2007-03-06,2025-11-20,2025-11-20,60.66
2007-03-07,2025-11-20,2025-11-20,61.85
2007-03-08,2025-11-20,2025-11-20,61.63
2007-03-09,2025-11-20,2025-11-20,60.06
2007-03-12,2025-11-20,2025-11-20,58.94
2007-03-13,2025-11-20,2025-11-20,58.03
2007-03-14,2025-11-20,2025-11-20,58.15
2007-03-15,2025-11-20,2025-11-20,57.52
2007-03-16,2025-11-20,2025-11-20,57.06
2007-03-19,2025-11-20,2025-11-20,56.65
2007-03-20,2025-11-20,2025-11-20,56.41
2007-03-21,2025-11-20,2025-11-20,56.98
2007-03-22,2025-11-20,2025-11-20,60.21
2007-03-23,2025-11-20,2025-11-20,61.07
2007-03-26,2025-11-20,2025-11-20,61.77
2007-03-27,2025-11-20,2025-11-20,62.98
2007-03-28,2025-11-20,2025-11-20,64.11
2007-03-29,2025-11-20,2025-11-20,66.1
2007-03-30,2025-11-20,2025-11-20,65.94
2007-04-02,2025-11-20,2025-11-20,66.03
2007-04-03,2025-11-20,2025-11-20,64.59
2007-04-04,2025-11-20,2025-11-20,64.4
2007-04-05,2025-11-20,2025-11-20,64.26
2007-04-06,2025-11-20,2025-11-20,
2007-04-09,2025-11-20,2025-11-20,61.51
2007-04-10,2025-11-20,2025-11-20,61.92
2007-04-11,2025-11-20,2025-11-20,61.98
2007-04-12,2025-11-20,2025-11-20,63.87
2007-04-13,2025-11-20,2025-11-20,63.63
2007-04-16,2025-11-20,2025-11-20,63.63
2007-04-17,2025-11-20,2025-11-20,63.14
2007-04-18,2025-11-20,2025-11-20,63.14
2007-04-19,2025-11-20,2025-11-20,61.81
2007-04-20,2025-11-20,2025-11-20,63.56
2007-04-23,2025-11-20,2025-11-20,65.33
2007-04-24,2025-11-20,2025-11-20,64.1
2007-04-25,2025-11-20,2025-11-20,65.33
2007-04-26,2025-11-20,2025-11-20,65.08
2007-04-27,2025-11-20,2025-11-20,66.45
2007-04-30,2025-11-20,2025-11-20,65.78
2007-05-01,2025-11-20,2025-11-20,64.43
2007-05-02,2025-11-20,2025-11-20,63.78
2007-05-03,2025-11-20,2025-11-20,63.23
2007-05-04,2025-11-20,2025-11-20,61.89
2007-05-07,2025-11-20,2025-11-20,61.48
2007-05-08,2025-11-20,2025-11-20,62.26
2007-05-09,2025-11-20,2025-11-20,61.54
2007-05-10,2025-11-20,2025-11-20,61.85
2007-05-11,2025-11-20,2025-11-20,62.35
2007-05-14,2025-11-20,2025-11-20,62.55
2007-05-15,2025-11-20,2025-11-20,63.16
2007-05-16,2025-11-20,2025-11-20,62.57
2007-05-17,2025-11-20,2025-11-20,64.83
2007-05-18,2025-11-20,2025-11-20,64.93
2007-05-21,2025-11-20,2025-11-20,66.25
2007-05-22,2025-11-20,2025-11-20,64.91
2007-05-23,2025-11-20,2025-11-20,65.1
2007-05-24,2025-11-20,2025-11-20,63.62
2007-05-25,2025-11-20,2025-11-20,64.59
2007-05-28,2025-11-20,2025-11-20,
2007-05-29,2025-11-20,2025-11-20,63.19
2007-05-30,2025-11-20,2025-11-20,63.47
2007-05-31,2025-11-20,2025-11-20,64.02
2007-06-01,2025-11-20,2025-11-20,65.09
2007-06-04,2025-11-20,2025-11-20,66.17
2007-06-05,2025-11-20,2025-11-20,65.63
2007-06-06,2025-11-20,2025-11-20,65.97
2007-06-07,2025-11-20,2025-11-20,66.93
2007-06-08,2025-11-20,2025-11-20,64.78
2007-06-11,2025-11-20,2025-11-20,65.93
2007-06-12,2025-11-20,2025-11-20,65.36
2007-06-13,2025-11-20,2025-11-20,66.17
2007-06-14,2025-11-20,2025-11-20,67.62
2007-06-15,2025-11-20,2025-11-20,68.04
2007-06-18,2025-11-20,2025-11-20,69.06
2007-06-19,2025-11-20,2025-11-20,69.15
2007-06-20,2025-11-20,2025-11-20,68.5
2007-06-21,2025-11-20,2025-11-20,68.35
2007-06-22,2025-11-20,2025-11-20,68.85
2007-06-25,2025-11-20,2025-11-20,68.83
2007-06-26,2025-11-20,2025-11-20,67.78
2007-06-27,2025-11-20,2025-11-20,68.98
2007-06-28,2025-11-20,2025-11-20,69.61
2007-06-29,2025-11-20,2025-11-20,70.47
2007-07-02,2025-11-20,2025-11-20,71.11
2007-07-03,2025-11-20,2025-11-20,71.41
2007-07-04,2025-11-20,2025-11-20,
2007-07-05,2025-11-20,2025-11-20,71.81
2007-07-06,2025-11-20,2025-11-20,72.8
2007-07-09,2025-11-20,2025-11-20,72.14
2007-07-10,2025-11-20,2025-11-20,72.8
2007-07-11,2025-11-20,2025-11-20,72.58
2007-07-12,2025-11-20,2025-11-20,72.55
2007-07-13,2025-11-20,2025-11-20,73.89
2007-07-16,2025-11-20,2025-11-20,74.11
2007-07-17,2025-11-20,2025-11-20,74.03
2007-07-18,2025-11-20,2025-11-20,75.03
2007-07-19,2025-11-20,2025-11-20,75.9
2007-07-20,2025-11-20,2025-11-20,75.53
2007-07-23,2025-11-20,2025-11-20,74.65
2007-07-24,2025-11-20,2025-11-20,73.38
2007-07-25,2025-11-20,2025-11-20,75.74
2007-07-26,2025-11-20,2025-11-20,74.96
2007-07-27,2025-11-20,2025-11-20,77.03
2007-07-30,2025-11-20,2025-11-20,76.82
2007-07-31,2025-11-20,2025-11-20,78.2
2007-08-01,2025-11-20,2025-11-20,76.49
2007-08-02,2025-11-20,2025-11-20,76.84
2007-08-03,2025-11-20,2025-11-20,75.41
2007-08-06,2025-11-20,2025-11-20,72.03
2007-08-07,2025-11-20,2025-11-20,72.25
2007-08-08,2025-11-20,2025-11-20,72.23
2007-08-09,2025-11-20,2025-11-20,71.62
2007-08-10,2025-11-20,2025-11-20,71.49
2007-08-13,2025-11-20,2025-11-20,71.6
2007-08-14,2025-11-20,2025-11-20,72.4
2007-08-15,2025-11-20,2025-11-20,73.36
2007-08-16,2025-11-20,2025-11-20,70.99
2007-08-17,2025-11-20,2025-11-20,71.9
2007-08-20,2025-11-20,2025-11-20,71.12
2007-08-21,2025-11-20,2025-11-20,69.49
2007-08-22,2025-11-20,2025-11-20,69.3
2007-08-23,2025-11-20,2025-11-20,69.86
2007-08-24,2025-11-20,2025-11-20,71.17
2007-08-27,2025-11-20,2025-11-20,71.98
2007-08-28,2025-11-20,2025-11-20,71.79
2007-08-29,2025-11-20,2025-11-20,73.52
2007-08-30,2025-11-20,2025-11-20,73.37
2007-08-31,2025-11-20,2025-11-20,73.98
2007-09-03,2025-11-20,2025-11-20,
2007-09-04,2025-11-20,2025-11-20,75.07
2007-09-05,2025-11-20,2025-11-20,75.74
2007-09-06,2025-11-20,2025-11-20,76.34
2007-09-07,2025-11-20,2025-11-20,76.7
2007-09-10,2025-11-20,2025-11-20,77.53
2007-09-11,2025-11-20,2025-11-20,78.16
2007-09-12,2025-11-20,2025-11-20,79.85
2007-09-13,2025-11-20,2025-11-20,80.05
2007-09-14,2025-11-20,2025-11-20,79.14
2007-09-17,2025-11-20,2025-11-20,80.55
2007-09-18,2025-11-20,2025-11-20,81.51
2007-09-19,2025-11-20,2025-11-20,81.99
2007-09-20,2025-11-20,2025-11-20,83.85
2007-09-21,2025-11-20,2025-11-20,83.38
2007-09-24,2025-11-20,2025-11-20,82.51
2007-09-25,2025-11-20,2025-11-20,81.2
2007-09-26,2025-11-20,2025-11-20,80.31
2007-09-27,2025-11-20,2025-11-20,82.86
2007-09-28,2025-11-20,2025-11-20,81.64
2007-10-01,2025-11-20,2025-11-20,80.31
2007-10-02,2025-11-20,2025-11-20,80.0
2007-10-03,2025-11-20,2025-11-20,79.97
2007-10-04,2025-11-20,2025-11-20,81.48
2007-10-05,2025-11-20,2025-11-20,81.2
2007-10-08,2025-11-20,2025-11-20,78.97
2007-10-09,2025-11-20,2025-11-20,80.23
2007-10-10,2025-11-20,2025-11-20,81.3
2007-10-11,2025-11-20,2025-11-20,83.05
2007-10-12,2025-11-20,2025-11-20,83.73
2007-10-15,2025-11-20,2025-11-20,86.19
2007-10-16,2025-11-20,2025-11-20,87.58
2007-10-17,2025-11-20,2025-11-20,87.19
2007-10-18,2025-11-20,2025-11-20,89.48
2007-10-19,2025-11-20,2025-11-20,88.58
2007-10-22,2025-11-20,2025-11-20,87.6
2007-10-23,2025-11-20,2025-11-20,86.45
2007-10-24,2025-11-20,2025-11-20,88.3
2007-10-25,2025-11-20,2025-11-20,92.09
2007-10-26,2025-11-20,2025-11-20,91.73
2007-10-29,2025-11-20,2025-11-20,93.45
2007-10-30,2025-11-20,2025-11-20,90.33
2007-10-31,2025-11-20,2025-11-20,94.16
2007-11-01,2025-11-20,2025-11-20,93.53
2007-11-02,2025-11-20,2025-11-20,95.81
2007-11-05,2025-11-20,2025-11-20,94.06
2007-11-06,2025-11-20,2025-11-20,96.65
2007-11-07,2025-11-20,2025-11-20,96.46
2007-11-08,2025-11-20,2025-11-20,95.51
2007-11-09,2025-11-20,2025-11-20,96.36
2007-11-12,2025-11-20,2025-11-20,94.4
2007-11-13,2025-11-20,2025-11-20,91.18
2007-11-14,2025-11-20,2025-11-20,94.02
2007-11-15,2025-11-20,2025-11-20,93.37
2007-11-16,2025-11-20,2025-11-20,94.81
2007-11-19,2025-11-20,2025-11-20,95.75
2007-11-20,2025-11-20,2025-11-20,99.16
2007-11-21,2025-11-20,2025-11-20,98.57
2007-11-22,2025-11-20,2025-11-20,
2007-11-23,2025-11-20,2025-11-20,98.24
2007-11-26,2025-11-20,2025-11-20,97.66
2007-11-27,2025-11-20,2025-11-20,94.39
2007-11-28,2025-11-20,2025-11-20,90.71
2007-11-29,2025-11-20,2025-11-20,90.98
2007-11-30,2025-11-20,2025-11-20,88.6
2007-12-03,2025-11-20,2025-11-20,89.29
2007-12-04,2025-11-20,2025-11-20,88.31
2007-12-05,2025-11-20,2025-11-20,87.45
2007-12-06,2025-11-20,2025-11-20,90.25
2007-12-07,2025-11-20,2025-11-20,88.23
2007-12-10,2025-11-20,2025-11-20,87.72
2007-12-11,2025-11-20,2025-11-20,90.12
2007-12-12,2025-11-20,2025-11-20,94.41
2007-12-13,2025-11-20,2025-11-20,92.35
2007-12-14,2025-11-20,2025-11-20,91.31
2007-12-17,2025-11-20,2025-11-20,90.69
2007-12-18,2025-11-20,2025-11-20,89.93
2007-12-19,2025-11-20,2025-11-20,91.11
2007-12-20,2025-11-20,2025-11-20,90.88
2007-12-21,2025-11-20,2025-11-20,93.19
2007-12-24,2025-11-20,2025-11-20,94.0
2007-12-25,2025-11-20,2025-11-20,
2007-12-26,2025-11-20,2025-11-20,95.89
2007-12-27,2025-11-20,2025-11-20,96.63
2007-12-28,2025-11-20,2025-11-20,96.03
2007-12-31,2025-11-20,2025-11-20,95.95
2008-01-01,2025-11-20,2025-11-20,
2008-01-02,2025-11-20,2025-11-20,99.64
2008-01-03,2025-11-20,2025-11-20,99.17
2008-01-04,2025-11-20,2025-11-20,97.9
2008-01-07,2025-11-20,2025-11-20,95.08
2008-01-08,2025-11-20,2025-11-20,96.43
2008-01-09,2025-11-20,2025-11-20,95.64
2008-01-10,2025-11-20,2025-11-20,93.92
2008-01-11,2025-11-20,2025-11-20,92.74
2008-01-14,2025-11-20,2025-11-20,94.23
2008-01-15,2025-11-20,2025-11-20,91.87
2008-01-16,2025-11-20,2025-11-20,90.8
2008-01-17,2025-11-20,2025-11-20,90.11
2008-01-18,2025-11-20,2025-11-20,90.55
2008-01-21,2025-11-20,2025-11-20,
2008-01-22,2025-11-20,2025-11-20,89.64
2008-01-23,2025-11-20,2025-11-20,87.65
2008-01-24,2025-11-20,2025-11-20,89.98
2008-01-25,2025-11-20,2025-11-20,90.37
2008-01-28,2025-11-20,2025-11-20,90.99
2008-01-29,2025-11-20,2025-11-20,91.66
2008-01-30,2025-11-20,2025-11-20,92.34
2008-01-31,2025-11-20,2025-11-20,91.67
2008-02-01,2025-11-20,2025-11-20,89.03
2008-02-04,2025-11-20,2025-11-20,90.07
2008-02-05,2025-11-20,2025-11-20,88.32
2008-02-06,2025-11-20,2025-11-20,87.16
2008-02-07,2025-11-20,2025-11-20,88.07
2008-02-08,2025-11-20,2025-11-20,91.77
2008-02-11,2025-11-20,2025-11-20,93.56
2008-02-12,2025-11-20,2025-11-20,92.82
2008-02-13,2025-11-20,2025-11-20,93.28
2008-02-14,2025-11-20,2025-11-20,95.42
2008-02-15,2025-11-20,2025-11-20,95.57
2008-02-18,2025-11-20,2025-11-20,
2008-02-19,2025-11-20,2025-11-20,99.99
2008-02-20,2025-11-20,2025-11-20,100.86
2008-02-21,2025-11-20,2025-11-20,98.57
2008-02-22,2025-11-20,2025-11-20,99.03
2008-02-25,2025-11-20,2025-11-20,99.4
2008-02-26,2025-11-20,2025-11-20,100.83
2008-02-27,2025-11-20,2025-11-20,99.59
2008-02-28,2025-11-20,2025-11-20,102.6
2008-02-29,2025-11-20,2025-11-20,101.78
2008-03-03,2025-11-20,2025-11-20,102.42
2008-03-04,2025-11-20,2025-11-20,99.72
2008-03-05,2025-11-20,2025-11-20,104.45
2008-03-06,2025-11-20,2025-11-20,105.51
2008-03-07,2025-11-20,2025-11-20,105.12
2008-03-10,2025-11-20,2025-11-20,107.9
2008-03-11,2025-11-20,2025-11-20,108.73
2008-03-12,2025-11-20,2025-11-20,109.86
2008-03-13,2025-11-20,2025-11-20,110.21
2008-03-14,2025-11-20,2025-11-20,110.03
2008-03-17,2025-11-20,2025-11-20,105.74
2008-03-18,2025-11-20,2025-11-20,109.57
2008-03-19,2025-11-20,2025-11-20,103.25
2008-03-20,2025-11-20,2025-11-20,102.57
2008-03-21,2025-11-20,2025-11-20,
2008-03-24,2025-11-20,2025-11-20,101.7
2008-03-25,2025-11-20,2025-11-20,101.78
2008-03-26,2025-11-20,2025-11-20,105.83
2008-03-27,2025-11-20,2025-11-20,107.56
2008-03-28,2025-11-20,2025-11-20,105.59
2008-03-31,2025-11-20,2025-11-20,101.54
2008-04-01,2025-11-20,2025-11-20,100.92
2008-04-02,2025-11-20,2025-11-20,104.83
2008-04-03,2025-11-20,2025-11-20,103.92
2008-04-04,2025-11-20,2025-11-20,106.09
2008-04-07,2025-11-20,2025-11-20,108.91
2008-04-08,2025-11-20,2025-11-20,108.54
2008-04-09,2025-11-20,2025-11-20,110.89
2008-04-10,2025-11-20,2025-11-20,110.07
2008-04-11,2025-11-20,2025-11-20,110.14
2008-04-14,2025-11-20,2025-11-20,111.71
2008-04-15,2025-11-20,2025-11-20,113.77
2008-04-16,2025-11-20,2025-11-20,114.8
2008-04-17,2025-11-20,2025-11-20,114.8
2008-04-18,2025-11-20,2025-11-20,116.56
2008-04-21,2025-11-20,2025-11-20,117.48
2008-04-22,2025-11-20,2025-11-20,119.17
2008-04-23,2025-11-20,2025-11-20,119.28
2008-04-24,2025-11-20,2025-11-20,117.1
2008-04-25,2025-11-20,2025-11-20,119.64
2008-04-28,2025-11-20,2025-11-20,118.78
2008-04-29,2025-11-20,2025-11-20,115.67
2008-04-30,2025-11-20,2025-11-20,113.7
2008-05-01,2025-11-20,2025-11-20,112.6
2008-05-02,2025-11-20,2025-11-20,116.36
2008-05-05,2025-11-20,2025-11-20,119.94
2008-05-06,2025-11-20,2025-11-20,121.82
2008-05-07,2025-11-20,2025-11-20,123.56
2008-05-08,2025-11-20,2025-11-20,123.77
2008-05-09,2025-11-20,2025-11-20,125.94
2008-05-12,2025-11-20,2025-11-20,124.02
2008-05-13,2025-11-20,2025-11-20,125.83
2008-05-14,2025-11-20,2025-11-20,124.21
2008-05-15,2025-11-20,2025-11-20,124.25
2008-05-16,2025-11-20,2025-11-20,126.5
2008-05-19,2025-11-20,2025-11-20,127.15
2008-05-20,2025-11-20,2025-11-20,128.93
2008-05-21,2025-11-20,2025-11-20,132.99
2008-05-22,2025-11-20,2025-11-20,130.04
2008-05-23,2025-11-20,2025-11-20,131.58
2008-05-26,2025-11-20,2025-11-20,
2008-05-27,2025-11-20,2025-11-20,128.81
2008-05-28,2025-11-20,2025-11-20,131.0
2008-05-29,2025-11-20,2025-11-20,126.7
2008-05-30,2025-11-20,2025-11-20,127.35
2008-06-02,2025-11-20,2025-11-20,127.75
2008-06-03,2025-11-20,2025-11-20,124.33
2008-06-04,2025-11-20,2025-11-20,122.3
2008-06-05,2025-11-20,2025-11-20,127.93
2008-06-06,2025-11-20,2025-11-20,138.51
2008-06-09,2025-11-20,2025-11-20,134.44
2008-06-10,2025-11-20,2025-11-20,131.38
2008-06-11,2025-11-20,2025-11-20,136.43
2008-06-12,2025-11-20,2025-11-20,136.91
2008-06-13,2025-11-20,2025-11-20,134.84
2008-06-16,2025-11-20,2025-11-20,134.52
2008-06-17,2025-11-20,2025-11-20,133.99
2008-06-18,2025-11-20,2025-11-20,136.54
2008-06-19,2025-11-20,2025-11-20,131.88
2008-06-20,2025-11-20,2025-11-20,134.78
2008-06-23,2025-11-20,2025-11-20,135.98
2008-06-24,2025-11-20,2025-11-20,136.49
2008-06-25,2025-11-20,2025-11-20,133.92
2008-06-26,2025-11-20,2025-11-20,138.91
2008-06-27,2025-11-20,2025-11-20,139.69
2008-06-30,2025-11-20,2025-11-20,139.96
2008-07-01,2025-11-20,2025-11-20,141.06
2008-07-02,2025-11-20,2025-11-20,143.74
2008-07-03,2025-11-20,2025-11-20,145.31
2008-07-04,2025-11-20,2025-11-20,
2008-07-07,2025-11-20,2025-11-20,141.38
2008-07-08,2025-11-20,2025-11-20,136.06
2008-07-09,2025-11-20,2025-11-20,135.88
2008-07-10,2025-11-20,2025-11-20,141.47
2008-07-11,2025-11-20,2025-11-20,144.96
2008-07-14,2025-11-20,2025-11-20,145.16
2008-07-15,2025-11-20,2025-11-20,138.68
2008-07-16,2025-11-20,2025-11-20,134.63
2008-07-17,2025-11-20,2025-11-20,129.43
2008-07-18,2025-11-20,2025-11-20,128.94
2008-07-21,2025-11-20,2025-11-20,131.43
2008-07-22,2025-11-20,2025-11-20,127.25
2008-07-23,2025-11-20,2025-11-20,123.73
2008-07-24,2025-11-20,2025-11-20,124.62
2008-07-25,2025-11-20,2025-11-20,122.59
2008-07-28,2025-11-20,2025-11-20,124.72
2008-07-29,2025-11-20,2025-11-20,122.21
2008-07-30,2025-11-20,2025-11-20,126.74
2008-07-31,2025-11-20,2025-11-20,124.17
2008-08-01,2025-11-20,2025-11-20,125.03
2008-08-04,2025-11-20,2025-11-20,121.45
2008-08-05,2025-11-20,2025-11-20,118.71
2008-08-06,2025-11-20,2025-11-20,118.57
2008-08-07,2025-11-20,2025-11-20,119.84
2008-08-08,2025-11-20,2025-11-20,115.42
2008-08-11,2025-11-20,2025-11-20,114.44
2008-08-12,2025-11-20,2025-11-20,113.1
2008-08-13,2025-11-20,2025-11-20,115.96
2008-08-14,2025-11-20,2025-11-20,115.05
2008-08-15,2025-11-20,2025-11-20,113.46
2008-08-18,2025-11-20,2025-11-20,112.92
2008-08-19,2025-11-20,2025-11-20,114.39
2008-08-20,2025-11-20,2025-11-20,115.48
2008-08-21,2025-11-20,2025-11-20,121.23
2008-08-22,2025-11-20,2025-11-20,114.48
2008-08-25,2025-11-20,2025-11-20,114.85
2008-08-26,2025-11-20,2025-11-20,116.31
2008-08-27,2025-11-20,2025-11-20,118.17
2008-08-28,2025-11-20,2025-11-20,115.58
2008-08-29,2025-11-20,2025-11-20,115.55
2008-09-01,2025-11-20,2025-11-20,
2008-09-02,2025-11-20,2025-11-20,109.63
2008-09-03,2025-11-20,2025-11-20,109.38
2008-09-04,2025-11-20,2025-11-20,107.99
2008-09-05,2025-11-20,2025-11-20,106.47
2008-09-08,2025-11-20,2025-11-20,106.35
2008-09-09,2025-11-20,2025-11-20,103.23
2008-09-10,2025-11-20,2025-11-20,102.66
2008-09-11,2025-11-20,2025-11-20,100.95
2008-09-12,2025-11-20,2025-11-20,101.19
2008-09-15,2025-11-20,2025-11-20,95.52
2008-09-16,2025-11-20,2025-11-20,91.49
2008-09-17,2025-11-20,2025-11-20,97.39
2008-09-18,2025-11-20,2025-11-20,97.5
2008-09-19,2025-11-20,2025-11-20,104.05
2008-09-22,2025-11-20,2025-11-20,122.61
2008-09-23,2025-11-20,2025-11-20,107.85
2008-09-24,2025-11-20,2025-11-20,106.84
2008-09-25,2025-11-20,2025-11-20,111.54
2008-09-26,2025-11-20,2025-11-20,106.77
2008-09-29,2025-11-20,2025-11-20,96.29
2008-09-30,2025-11-20,2025-11-20,100.7
2008-10-01,2025-11-20,2025-11-20,98.23
2008-10-02,2025-11-20,2025-11-20,93.84
2008-10-03,2025-11-20,2025-11-20,93.91
2008-10-06,2025-11-20,2025-11-20,88.15
2008-10-07,2025-11-20,2025-11-20,90.18
2008-10-08,2025-11-20,2025-11-20,88.94
2008-10-09,2025-11-20,2025-11-20,86.5
2008-10-10,2025-11-20,2025-11-20,77.44
2008-10-13,2025-11-20,2025-11-20,81.17
2008-10-14,2025-11-20,2025-11-20,78.69
2008-10-15,2025-11-20,2025-11-20,74.38
2008-10-16,2025-11-20,2025-11-20,69.81
2008-10-17,2025-11-20,2025-11-20,71.9
2008-10-20,2025-11-20,2025-11-20,74.08
2008-10-21,2025-11-20,2025-11-20,71.29
2008-10-22,2025-11-20,2025-11-20,66.92
2008-10-23,2025-11-20,2025-11-20,67.17
2008-10-24,2025-11-20,2025-11-20,63.34
2008-10-27,2025-11-20,2025-11-20,61.92
2008-10-28,2025-11-20,2025-11-20,62.8
2008-10-29,2025-11-20,2025-11-20,67.45
2008-10-30,2025-11-20,2025-11-20,65.79
2008-10-31,2025-11-20,2025-11-20,68.1
2008-11-03,2025-11-20,2025-11-20,63.93
2008-11-04,2025-11-20,2025-11-20,70.41
2008-11-05,2025-11-20,2025-11-20,65.41
2008-11-06,2025-11-20,2025-11-20,60.72
2008-11-07,2025-11-20,2025-11-20,61.06
2008-11-10,2025-11-20,2025-11-20,62.19
2008-11-11,2025-11-20,2025-11-20,59.38
2008-11-12,2025-11-20,2025-11-20,55.95
2008-11-13,2025-11-20,2025-11-20,58.31
2008-11-14,2025-11-20,2025-11-20,57.18
2008-11-17,2025-11-20,2025-11-20,55.14
2008-11-18,2025-11-20,2025-11-20,54.42
2008-11-19,2025-11-20,2025-11-20,53.64
2008-11-20,2025-11-20,2025-11-20,48.86
2008-11-21,2025-11-20,2025-11-20,49.22
2008-11-24,2025-11-20,2025-11-20,53.63
2008-11-25,2025-11-20,2025-11-20,50.02
2008-11-26,2025-11-20,2025-11-20,54.2
2008-11-27,2025-11-20,2025-11-20,
2008-11-28,2025-11-20,2025-11-20,55.21
2008-12-01,2025-11-20,2025-11-20,49.34
2008-12-02,2025-11-20,2025-11-20,47.05
2008-12-03,2025-11-20,2025-11-20,46.79
2008-12-04,2025-11-20,2025-11-20,43.8
2008-12-05,2025-11-20,2025-11-20,41.01
2008-12-08,2025-11-20,2025-11-20,43.69
2008-12-09,2025-11-20,2025-11-20,42.0
2008-12-10,2025-11-20,2025-11-20,43.1
2008-12-11,2025-11-20,2025-11-20,47.77
2008-12-12,2025-11-20,2025-11-20,46.27
2008-12-15,2025-11-20,2025-11-20,44.61
2008-12-16,2025-11-20,2025-11-20,43.84
2008-12-17,2025-11-20,2025-11-20,40.17
2008-12-18,2025-11-20,2025-11-20,36.73
2008-12-19,2025-11-20,2025-11-20,33.17
2008-12-22,2025-11-20,2025-11-20,31.1
2008-12-23,2025-11-20,2025-11-20,30.28
2008-12-24,2025-11-20,2025-11-20,32.94
2008-12-25,2025-11-20,2025-11-20,
2008-12-26,2025-11-20,2025-11-20,37.58
2008-12-29,2025-11-20,2025-11-20,39.89
2008-12-30,2025-11-20,2025-11-20,38.95
2008-12-31,2025-11-20,2025-11-20,44.6
2009-01-01,2025-11-20,2025-11-20,
2009-01-02,2025-11-20,2025-11-20,46.17
2009-01-05,2025-11-20,2025-11-20,48.61
2009-01-06,2025-11-20,2025-11-20,48.56
2009-01-07,2025-11-20,2025-11-20,42.75
2009-01-08,2025-11-20,2025-11-20,41.68
2009-01-09,2025-11-20,2025-11-20,40.69
2009-01-12,2025-11-20,2025-11-20,37.65
2009-01-13,2025-11-20,2025-11-20,37.77
2009-01-14,2025-11-20,2025-11-20,37.43
2009-01-15,2025-11-20,2025-11-20,35.41
2009-01-16,2025-11-20,2025-11-20,35.38
2009-01-19,2025-11-20,2025-11-20,
2009-01-20,2025-11-20,2025-11-20,38.57
2009-01-21,2025-11-20,2025-11-20,42.56
2009-01-22,2025-11-20,2025-11-20,42.33
2009-01-23,2025-11-20,2025-11-20,45.12
2009-01-26,2025-11-20,2025-11-20,46.5
2009-01-27,2025-11-20,2025-11-20,41.67
2009-01-28,2025-11-20,2025-11-20,42.04
2009-01-29,2025-11-20,2025-11-20,41.58
2009-01-30,2025-11-20,2025-11-20,41.73
2009-02-02,2025-11-20,2025-11-20,41.35
2009-02-03,2025-11-20,2025-11-20,40.87
2009-02-04,2025-11-20,2025-11-20,40.27
2009-02-05,2025-11-20,2025-11-20,41.15
2009-02-06,2025-11-20,2025-11-20,40.24
2009-02-09,2025-11-20,2025-11-20,39.58
2009-02-10,2025-11-20,2025-11-20,37.54
2009-02-11,2025-11-20,2025-11-20,35.93
2009-02-12,2025-11-20,2025-11-20,34.03
2009-02-13,2025-11-20,2025-11-20,37.63
2009-02-16,2025-11-20,2025-11-20,
2009-02-17,2025-11-20,2025-11-20,34.96
2009-02-18,2025-11-20,2025-11-20,34.67
2009-02-19,2025-11-20,2025-11-20,39.6
2009-02-20,2025-11-20,2025-11-20,39.35
2009-02-23,2025-11-20,2025-11-20,37.66
2009-02-24,2025-11-20,2025-11-20,38.86
2009-02-25,2025-11-20,2025-11-20,41.64
2009-02-26,2025-11-20,2025-11-20,43.18
2009-02-27,2025-11-20,2025-11-20,44.15
2009-03-02,2025-11-20,2025-11-20,40.07
2009-03-03,2025-11-20,2025-11-20,41.57
2009-03-04,2025-11-20,2025-11-20,45.28
2009-03-05,2025-11-20,2025-11-20,43.54
2009-03-06,2025-11-20,2025-11-20,45.43
2009-03-09,2025-11-20,2025-11-20,47.01
2009-03-10,2025-11-20,2025-11-20,45.68
2009-03-11,2025-11-20,2025-11-20,42.46
2009-03-12,2025-11-20,2025-11-20,46.91
2009-03-13,2025-11-20,2025-11-20,46.22
2009-03-16,2025-11-20,2025-11-20,47.33
2009-03-17,2025-11-20,2025-11-20,48.97
2009-03-18,2025-11-20,2025-11-20,48.12
2009-03-19,2025-11-20,2025-11-20,51.46
2009-03-20,2025-11-20,2025-11-20,51.55
2009-03-23,2025-11-20,2025-11-20,53.05
2009-03-24,2025-11-20,2025-11-20,53.36
2009-03-25,2025-11-20,2025-11-20,52.24
2009-03-26,2025-11-20,2025-11-20,53.87
2009-03-27,2025-11-20,2025-11-20,52.41
2009-03-30,2025-11-20,2025-11-20,48.49
2009-03-31,2025-11-20,2025-11-20,49.64
2009-04-01,2025-11-20,2025-11-20,48.46
2009-04-02,2025-11-20,2025-11-20,52.61
2009-04-03,2025-11-20,2025-11-20,52.52
2009-04-06,2025-11-20,2025-11-20,51.1
2009-04-07,2025-11-20,2025-11-20,49.13
2009-04-08,2025-11-20,2025-11-20,49.37
2009-04-09,2025-11-20,2025-11-20,52.24
2009-04-10,2025-11-20,2025-11-20,
2009-04-13,2025-11-20,2025-11-20,50.22
2009-04-14,2025-11-20,2025-11-20,49.51
2009-04-15,2025-11-20,2025-11-20,49.26
2009-04-16,2025-11-20,2025-11-20,49.97
2009-04-17,2025-11-20,2025-11-20,50.36
2009-04-20,2025-11-20,2025-11-20,45.82
2009-04-21,2025-11-20,2025-11-20,46.65
2009-04-22,2025-11-20,2025-11-20,47.41
2009-04-23,2025-11-20,2025-11-20,48.46
2009-04-24,2025-11-20,2025-11-20,50.65
2009-04-27,2025-11-20,2025-11-20,49.29
2009-04-28,2025-11-20,2025-11-20,49.01
2009-04-29,2025-11-20,2025-11-20,50.19
2009-04-30,2025-11-20,2025-11-20,50.35
2009-05-01,2025-11-20,2025-11-20,52.18
2009-05-04,2025-11-20,2025-11-20,54.45
2009-05-05,2025-11-20,2025-11-20,53.81
2009-05-06,2025-11-20,2025-11-20,56.29
2009-05-07,2025-11-20,2025-11-20,56.67
2009-05-08,2025-11-20,2025-11-20,58.58
2009-05-11,2025-11-20,2025-11-20,57.79
2009-05-12,2025-11-20,2025-11-20,58.81
2009-05-13,2025-11-20,2025-11-20,58.0
2009-05-14,2025-11-20,2025-11-20,58.58
2009-05-15,2025-11-20,2025-11-20,56.52
2009-05-18,2025-11-20,2025-11-20,58.99
2009-05-19,2025-11-20,2025-11-20,59.52
2009-05-20,2025-11-20,2025-11-20,61.45
2009-05-21,2025-11-20,2025-11-20,60.49
2009-05-22,2025-11-20,2025-11-20,61.15
2009-05-25,2025-11-20,2025-11-20,
2009-05-26,2025-11-20,2025-11-20,62.48
2009-05-27,2025-11-20,2025-11-20,63.41
2009-05-28,2025-11-20,2025-11-20,65.09
2009-05-29,2025-11-20,2025-11-20,66.31
2009-06-01,2025-11-20,2025-11-20,68.59
2009-06-02,2025-11-20,2025-11-20,68.58
2009-06-03,2025-11-20,2025-11-20,66.14
2009-06-04,2025-11-20,2025-11-20,68.8
2009-06-05,2025-11-20,2025-11-20,68.43
2009-06-08,2025-11-20,2025-11-20,68.05
2009-06-09,2025-11-20,2025-11-20,70.02
2009-06-10,2025-11-20,2025-11-20,71.38
2009-06-11,2025-11-20,2025-11-20,72.69
2009-06-12,2025-11-20,2025-11-20,72.13
2009-06-15,2025-11-20,2025-11-20,70.54
2009-06-16,2025-11-20,2025-11-20,70.47
2009-06-17,2025-11-20,2025-11-20,71.07
2009-06-18,2025-11-20,2025-11-20,71.42
2009-06-19,2025-11-20,2025-11-20,69.6
2009-06-22,2025-11-20,2025-11-20,67.09
2009-06-23,2025-11-20,2025-11-20,68.81
2009-06-24,2025-11-20,2025-11-20,68.14
2009-06-25,2025-11-20,2025-11-20,69.7
2009-06-26,2025-11-20,2025-11-20,69.16
2009-06-29,2025-11-20,2025-11-20,71.47
2009-06-30,2025-11-20,2025-11-20,69.82
2009-07-01,2025-11-20,2025-11-20,69.32
2009-07-02,2025-11-20,2025-11-20,66.68
2009-07-03,2025-11-20,2025-11-20,
2009-07-06,2025-11-20,2025-11-20,64.06
2009-07-07,2025-11-20,2025-11-20,62.88
2009-07-08,2025-11-20,2025-11-20,60.15
2009-07-09,2025-11-20,2025-11-20,60.36
2009-07-10,2025-11-20,2025-11-20,59.93
2009-07-13,2025-11-20,2025-11-20,59.69
2009-07-14,2025-11-20,2025-11-20,59.62
2009-07-15,2025-11-20,2025-11-20,61.49
2009-07-16,2025-11-20,2025-11-20,62.07
2009-07-17,2025-11-20,2025-11-20,63.56
2009-07-20,2025-11-20,2025-11-20,63.93
2009-07-21,2025-11-20,2025-11-20,64.81
2009-07-22,2025-11-20,2025-11-20,64.58
2009-07-23,2025-11-20,2025-11-20,66.1
2009-07-24,2025-11-20,2025-11-20,66.96
2009-07-27,2025-11-20,2025-11-20,68.34
2009-07-28,2025-11-20,2025-11-20,67.24
2009-07-29,2025-11-20,2025-11-20,63.42
2009-07-30,2025-11-20,2025-11-20,66.9
2009-07-31,2025-11-20,2025-11-20,69.26
2009-08-03,2025-11-20,2025-11-20,71.59
2009-08-04,2025-11-20,2025-11-20,71.4
2009-08-05,2025-11-20,2025-11-20,71.97
2009-08-06,2025-11-20,2025-11-20,71.96
2009-08-07,2025-11-20,2025-11-20,70.97
2009-08-10,2025-11-20,2025-11-20,70.59
2009-08-11,2025-11-20,2025-11-20,69.46
2009-08-12,2025-11-20,2025-11-20,70.08
2009-08-13,2025-11-20,2025-11-20,70.57
2009-08-14,2025-11-20,2025-11-20,67.51
2009-08-17,2025-11-20,2025-11-20,66.72
2009-08-18,2025-11-20,2025-11-20,69.22
2009-08-19,2025-11-20,2025-11-20,72.54
2009-08-20,2025-11-20,2025-11-20,72.4
2009-08-21,2025-11-20,2025-11-20,73.12
2009-08-24,2025-11-20,2025-11-20,73.68
2009-08-25,2025-11-20,2025-11-20,71.6
2009-08-26,2025-11-20,2025-11-20,71.38
2009-08-27,2025-11-20,2025-11-20,72.49
2009-08-28,2025-11-20,2025-11-20,72.72
2009-08-31,2025-11-20,2025-11-20,69.97
2009-09-01,2025-11-20,2025-11-20,68.11
2009-09-02,2025-11-20,2025-11-20,68.03
2009-09-03,2025-11-20,2025-11-20,67.9
2009-09-04,2025-11-20,2025-11-20,67.95
2009-09-07,2025-11-20,2025-11-20,
2009-09-08,2025-11-20,2025-11-20,71.08
2009-09-09,2025-11-20,2025-11-20,71.27
2009-09-10,2025-11-20,2025-11-20,71.95
2009-09-11,2025-11-20,2025-11-20,69.34
2009-09-14,2025-11-20,2025-11-20,68.86
2009-09-15,2025-11-20,2025-11-20,70.81
2009-09-16,2025-11-20,2025-11-20,72.5
2009-09-17,2025-11-20,2025-11-20,72.48
2009-09-18,2025-11-20,2025-11-20,71.95
2009-09-21,2025-11-20,2025-11-20,69.74
2009-09-22,2025-11-20,2025-11-20,71.5
2009-09-23,2025-11-20,2025-11-20,68.74
2009-09-24,2025-11-20,2025-11-20,65.74
2009-09-25,2025-11-20,2025-11-20,65.91
2009-09-28,2025-11-20,2025-11-20,66.69
2009-09-29,2025-11-20,2025-11-20,66.56
2009-09-30,2025-11-20,2025-11-20,70.46
2009-10-01,2025-11-20,2025-11-20,70.67
2009-10-02,2025-11-20,2025-11-20,69.8
2009-10-05,2025-11-20,2025-11-20,70.26
2009-10-06,2025-11-20,2025-11-20,70.71
2009-10-07,2025-11-20,2025-11-20,69.6
2009-10-08,2025-11-20,2025-11-20,71.69
2009-10-09,2025-11-20,2025-11-20,71.75
2009-10-12,2025-11-20,2025-11-20,73.24
2009-10-13,2025-11-20,2025-11-20,74.1
2009-10-14,2025-11-20,2025-11-20,75.2
2009-10-15,2025-11-20,2025-11-20,77.55
2009-10-16,2025-11-20,2025-11-20,78.54
2009-10-19,2025-11-20,2025-11-20,79.47
2009-10-20,2025-11-20,2025-11-20,78.87
2009-10-21,2025-11-20,2025-11-20,81.03
2009-10-22,2025-11-20,2025-11-20,80.82
2009-10-23,2025-11-20,2025-11-20,80.11
2009-10-26,2025-11-20,2025-11-20,78.61
2009-10-27,2025-11-20,2025-11-20,79.45
2009-10-28,2025-11-20,2025-11-20,77.39
2009-10-29,2025-11-20,2025-11-20,79.84
2009-10-30,2025-11-20,2025-11-20,77.04
2009-11-02,2025-11-20,2025-11-20,78.08
2009-11-03,2025-11-20,2025-11-20,79.58
2009-11-04,2025-11-20,2025-11-20,80.3
2009-11-05,2025-11-20,2025-11-20,79.64
2009-11-06,2025-11-20,2025-11-20,77.4
2009-11-09,2025-11-20,2025-11-20,79.44
2009-11-10,2025-11-20,2025-11-20,79.01
2009-11-11,2025-11-20,2025-11-20,79.16
2009-11-12,2025-11-20,2025-11-20,77.25
2009-11-13,2025-11-20,2025-11-20,76.34
2009-11-16,2025-11-20,2025-11-20,78.91
2009-11-17,2025-11-20,2025-11-20,79.08
2009-11-18,2025-11-20,2025-11-20,79.55
2009-11-19,2025-11-20,2025-11-20,77.47
2009-11-20,2025-11-20,2025-11-20,76.83
2009-11-23,2025-11-20,2025-11-20,76.49
2009-11-24,2025-11-20,2025-11-20,74.88
2009-11-25,2025-11-20,2025-11-20,77.25
2009-11-26,2025-11-20,2025-11-20,
2009-11-27,2025-11-20,2025-11-20,75.95
2009-11-30,2025-11-20,2025-11-20,77.19
2009-12-01,2025-11-20,2025-11-20,78.39
2009-12-02,2025-11-20,2025-11-20,76.62
2009-12-03,2025-11-20,2025-11-20,76.42
2009-12-04,2025-11-20,2025-11-20,75.41
2009-12-07,2025-11-20,2025-11-20,73.89
2009-12-08,2025-11-20,2025-11-20,72.59
2009-12-09,2025-11-20,2025-11-20,70.67
2009-12-10,2025-11-20,2025-11-20,70.54
2009-12-11,2025-11-20,2025-11-20,69.86
2009-12-14,2025-11-20,2025-11-20,69.48
2009-12-15,2025-11-20,2025-11-20,70.62
2009-12-16,2025-11-20,2025-11-20,72.64
2009-12-17,2025-11-20,2025-11-20,72.58
2009-12-18,2025-11-20,2025-11-20,73.3
2009-12-21,2025-11-20,2025-11-20,72.71
2009-12-22,2025-11-20,2025-11-20,73.48
2009-12-23,2025-11-20,2025-11-20,76.03
2009-12-24,2025-11-20,2025-11-20,76.83
2009-12-25,2025-11-20,2025-11-20,
2009-12-28,2025-11-20,2025-11-20,78.67
2009-12-29,2025-11-20,2025-11-20,78.87
2009-12-30,2025-11-20,2025-11-20,79.35
2009-12-31,2025-11-20,2025-11-20,79.39
2010-01-01,2025-11-20,2025-11-20,
2010-01-04,2025-11-20,2025-11-20,81.52
2010-01-05,2025-11-20,2025-11-20,81.74
2010-01-06,2025-11-20,2025-11-20,83.12
2010-01-07,2025-11-20,2025-11-20,82.6
2010-01-08,2025-11-20,2025-11-20,82.74
2010-01-11,2025-11-20,2025-11-20,82.54
2010-01-12,2025-11-20,2025-11-20,80.79
2010-01-13,2025-11-20,2025-11-20,79.66
2010-01-14,2025-11-20,2025-11-20,79.35
2010-01-15,2025-11-20,2025-11-20,77.96
2010-01-18,2025-11-20,2025-11-20,
2010-01-19,2025-11-20,2025-11-20,78.98
2010-01-20,2025-11-20,2025-11-20,77.42
2010-01-21,2025-11-20,2025-11-20,75.84
2010-01-22,2025-11-20,2025-11-20,74.25
2010-01-25,2025-11-20,2025-11-20,74.9
2010-01-26,2025-11-20,2025-11-20,74.67
2010-01-27,2025-11-20,2025-11-20,73.64
2010-01-28,2025-11-20,2025-11-20,73.62
2010-01-29,2025-11-20,2025-11-20,72.85
2010-02-01,2025-11-20,2025-11-20,74.41
2010-02-02,2025-11-20,2025-11-20,77.21
2010-02-03,2025-11-20,2025-11-20,76.96
2010-02-04,2025-11-20,2025-11-20,73.13
2010-02-05,2025-11-20,2025-11-20,71.15
2010-02-08,2025-11-20,2025-11-20,71.87
2010-02-09,2025-11-20,2025-11-20,73.71
2010-02-10,2025-11-20,2025-11-20,74.48
2010-02-11,2025-11-20,2025-11-20,75.23
2010-02-12,2025-11-20,2025-11-20,74.11
2010-02-15,2025-11-20,2025-11-20,
2010-02-16,2025-11-20,2025-11-20,76.98
2010-02-17,2025-11-20,2025-11-20,77.27
2010-02-18,2025-11-20,2025-11-20,78.97
2010-02-19,2025-11-20,2025-11-20,79.77
2010-02-22,2025-11-20,2025-11-20,80.04
2010-02-23,2025-11-20,2025-11-20,78.61
2010-02-24,2025-11-20,2025-11-20,79.75
2010-02-25,2025-11-20,2025-11-20,77.99
2010-02-26,2025-11-20,2025-11-20,79.72
2010-03-01,2025-11-20,2025-11-20,78.71
2010-03-02,2025-11-20,2025-11-20,79.62
2010-03-03,2025-11-20,2025-11-20,80.91
2010-03-04,2025-11-20,2025-11-20,80.21
2010-03-05,2025-11-20,2025-11-20,81.5
2010-03-08,2025-11-20,2025-11-20,81.85
2010-03-09,2025-11-20,2025-11-20,81.5
2010-03-10,2025-11-20,2025-11-20,82.07
2010-03-11,2025-11-20,2025-11-20,82.1
2010-03-12,2025-11-20,2025-11-20,81.26
2010-03-15,2025-11-20,2025-11-20,79.79
2010-03-16,2025-11-20,2025-11-20,81.75
2010-03-17,2025-11-20,2025-11-20,82.93
2010-03-18,2025-11-20,2025-11-20,82.16
2010-03-19,2025-11-20,2025-11-20,80.58
2010-03-22,2025-11-20,2025-11-20,81.26
2010-03-23,2025-11-20,2025-11-20,81.68
2010-03-24,2025-11-20,2025-11-20,80.29
2010-03-25,2025-11-20,2025-11-20,80.25
2010-03-26,2025-11-20,2025-11-20,79.75
2010-03-29,2025-11-20,2025-11-20,81.92
2010-03-30,2025-11-20,2025-11-20,82.14
2010-03-31,2025-11-20,2025-11-20,83.45
2010-04-01,2025-11-20,2025-11-20,84.53
2010-04-02,2025-11-20,2025-11-20,
2010-04-05,2025-11-20,2025-11-20,86.36
2010-04-06,2025-11-20,2025-11-20,86.54
2010-04-07,2025-11-20,2025-11-20,85.64
2010-04-08,2025-11-20,2025-11-20,85.17
2010-04-09,2025-11-20,2025-11-20,84.6
2010-04-12,2025-11-20,2025-11-20,84.07
2010-04-13,2025-11-20,2025-11-20,83.8
2010-04-14,2025-11-20,2025-11-20,85.62
2010-04-15,2025-11-20,2025-11-20,85.25
2010-04-16,2025-11-20,2025-11-20,82.97
2010-04-19,2025-11-20,2025-11-20,81.52
2010-04-20,2025-11-20,2025-11-20,82.98
2010-04-21,2025-11-20,2025-11-20,82.78
2010-04-22,2025-11-20,2025-11-20,82.89
2010-04-23,2025-11-20,2025-11-20,84.34
2010-04-26,2025-11-20,2025-11-20,84.2
2010-04-27,2025-11-20,2025-11-20,82.43
2010-04-28,2025-11-20,2025-11-20,83.22
2010-04-29,2025-11-20,2025-11-20,85.17
2010-04-30,2025-11-20,2025-11-20,86.07
2010-05-03,2025-11-20,2025-11-20,86.19
2010-05-04,2025-11-20,2025-11-20,82.73
2010-05-05,2025-11-20,2025-11-20,80.0
2010-05-06,2025-11-20,2025-11-20,77.18
2010-05-07,2025-11-20,2025-11-20,75.1
2010-05-10,2025-11-20,2025-11-20,76.89
2010-05-11,2025-11-20,2025-11-20,76.37
2010-05-12,2025-11-20,2025-11-20,75.65
2010-05-13,2025-11-20,2025-11-20,74.38
2010-05-14,2025-11-20,2025-11-20,71.61
2010-05-17,2025-11-20,2025-11-20,70.08
2010-05-18,2025-11-20,2025-11-20,69.38
2010-05-19,2025-11-20,2025-11-20,69.91
2010-05-20,2025-11-20,2025-11-20,68.28
2010-05-21,2025-11-20,2025-11-20,68.03
2010-05-24,2025-11-20,2025-11-20,68.23
2010-05-25,2025-11-20,2025-11-20,64.78
2010-05-26,2025-11-20,2025-11-20,71.52
2010-05-27,2025-11-20,2025-11-20,74.56
2010-05-28,2025-11-20,2025-11-20,74.0
2010-05-31,2025-11-20,2025-11-20,
2010-06-01,2025-11-20,2025-11-20,72.7
2010-06-02,2025-11-20,2025-11-20,72.88
2010-06-03,2025-11-20,2025-11-20,74.62
2010-06-04,2025-11-20,2025-11-20,71.43
2010-06-07,2025-11-20,2025-11-20,71.55
2010-06-08,2025-11-20,2025-11-20,71.88
2010-06-09,2025-11-20,2025-11-20,74.38
2010-06-10,2025-11-20,2025-11-20,75.48
2010-06-11,2025-11-20,2025-11-20,73.89
2010-06-14,2025-11-20,2025-11-20,74.99
2010-06-15,2025-11-20,2025-11-20,76.84
2010-06-16,2025-11-20,2025-11-20,77.67
2010-06-17,2025-11-20,2025-11-20,76.82
2010-06-18,2025-11-20,2025-11-20,77.18
2010-06-21,2025-11-20,2025-11-20,77.84
2010-06-22,2025-11-20,2025-11-20,77.15
2010-06-23,2025-11-20,2025-11-20,75.9
2010-06-24,2025-11-20,2025-11-20,75.96
2010-06-25,2025-11-20,2025-11-20,78.45
2010-06-28,2025-11-20,2025-11-20,78.26
2010-06-29,2025-11-20,2025-11-20,75.93
2010-06-30,2025-11-20,2025-11-20,75.59
2010-07-01,2025-11-20,2025-11-20,72.95
2010-07-02,2025-11-20,2025-11-20,72.06
2010-07-05,2025-11-20,2025-11-20,
2010-07-06,2025-11-20,2025-11-20,71.96
2010-07-07,2025-11-20,2025-11-20,74.05
2010-07-08,2025-11-20,2025-11-20,75.46
2010-07-09,2025-11-20,2025-11-20,76.08
2010-07-12,2025-11-20,2025-11-20,74.93
2010-07-13,2025-11-20,2025-11-20,77.16
2010-07-14,2025-11-20,2025-11-20,77.02
2010-07-15,2025-11-20,2025-11-20,76.67
2010-07-16,2025-11-20,2025-11-20,75.96
2010-07-19,2025-11-20,2025-11-20,76.53
2010-07-20,2025-11-20,2025-11-20,77.32
2010-07-21,2025-11-20,2025-11-20,76.27
2010-07-22,2025-11-20,2025-11-20,79.01
2010-07-23,2025-11-20,2025-11-20,78.68
2010-07-26,2025-11-20,2025-11-20,78.93
2010-07-27,2025-11-20,2025-11-20,77.46
2010-07-28,2025-11-20,2025-11-20,77.06
2010-07-29,2025-11-20,2025-11-20,78.3
2010-07-30,2025-11-20,2025-11-20,78.85
2010-08-02,2025-11-20,2025-11-20,81.25
2010-08-03,2025-11-20,2025-11-20,82.52
2010-08-04,2025-11-20,2025-11-20,82.49
2010-08-05,2025-11-20,2025-11-20,82.0
2010-08-06,2025-11-20,2025-11-20,80.67
2010-08-09,2025-11-20,2025-11-20,81.46
2010-08-10,2025-11-20,2025-11-20,80.24
2010-08-11,2025-11-20,2025-11-20,78.09
2010-08-12,2025-11-20,2025-11-20,75.68
2010-08-13,2025-11-20,2025-11-20,75.39
2010-08-16,2025-11-20,2025-11-20,75.17
2010-08-17,2025-11-20,2025-11-20,75.76
2010-08-18,2025-11-20,2025-11-20,75.39
2010-08-19,2025-11-20,2025-11-20,74.45
2010-08-20,2025-11-20,2025-11-20,73.45
2010-08-23,2025-11-20,2025-11-20,72.71
2010-08-24,2025-11-20,2025-11-20,71.24
2010-08-25,2025-11-20,2025-11-20,72.07
2010-08-26,2025-11-20,2025-11-20,73.36
2010-08-27,2025-11-20,2025-11-20,75.17
2010-08-30,2025-11-20,2025-11-20,74.69
2010-08-31,2025-11-20,2025-11-20,71.93
2010-09-01,2025-11-20,2025-11-20,73.97
2010-09-02,2025-11-20,2025-11-20,74.99
2010-09-03,2025-11-20,2025-11-20,74.52
2010-09-06,2025-11-20,2025-11-20,
2010-09-07,2025-11-20,2025-11-20,73.98
2010-09-08,2025-11-20,2025-11-20,74.65
2010-09-09,2025-11-20,2025-11-20,74.25
2010-09-10,2025-11-20,2025-11-20,76.4
2010-09-13,2025-11-20,2025-11-20,77.17
2010-09-14,2025-11-20,2025-11-20,76.78
2010-09-15,2025-11-20,2025-11-20,75.92
2010-09-16,2025-11-20,2025-11-20,74.58
2010-09-17,2025-11-20,2025-11-20,73.63
2010-09-20,2025-11-20,2025-11-20,74.81
2010-09-21,2025-11-20,2025-11-20,72.96
2010-09-22,2025-11-20,2025-11-20,72.98
2010-09-23,2025-11-20,2025-11-20,73.4
2010-09-24,2025-11-20,2025-11-20,74.63
2010-09-27,2025-11-20,2025-11-20,76.51
2010-09-28,2025-11-20,2025-11-20,76.15
2010-09-29,2025-11-20,2025-11-20,77.85
2010-09-30,2025-11-20,2025-11-20,79.95
2010-10-01,2025-11-20,2025-11-20,81.57
2010-10-04,2025-11-20,2025-11-20,81.43
2010-10-05,2025-11-20,2025-11-20,82.83
2010-10-06,2025-11-20,2025-11-20,83.21
2010-10-07,2025-11-20,2025-11-20,81.34
2010-10-08,2025-11-20,2025-11-20,82.66
2010-10-11,2025-11-20,2025-11-20,82.18
2010-10-12,2025-11-20,2025-11-20,81.67
2010-10-13,2025-11-20,2025-11-20,83.03
2010-10-14,2025-11-20,2025-11-20,82.71
2010-10-15,2025-11-20,2025-11-20,81.23
2010-10-18,2025-11-20,2025-11-20,83.06
2010-10-19,2025-11-20,2025-11-20,79.57
2010-10-20,2025-11-20,2025-11-20,81.93
2010-10-21,2025-11-20,2025-11-20,80.03
2010-10-22,2025-11-20,2025-11-20,81.15
2010-10-25,2025-11-20,2025-11-20,82.0
2010-10-26,2025-11-20,2025-11-20,82.6
2010-10-27,2025-11-20,2025-11-20,81.9
2010-10-28,2025-11-20,2025-11-20,82.2
2010-10-29,2025-11-20,2025-11-20,81.45
2010-11-01,2025-11-20,2025-11-20,82.94
2010-11-02,2025-11-20,2025-11-20,83.91
2010-11-03,2025-11-20,2025-11-20,84.45
2010-11-04,2025-11-20,2025-11-20,86.49
2010-11-05,2025-11-20,2025-11-20,86.85
2010-11-08,2025-11-20,2025-11-20,87.07
2010-11-09,2025-11-20,2025-11-20,87.04
2010-11-10,2025-11-20,2025-11-20,87.77
2010-11-11,2025-11-20,2025-11-20,87.77
2010-11-12,2025-11-20,2025-11-20,84.89
2010-11-15,2025-11-20,2025-11-20,84.88
2010-11-16,2025-11-20,2025-11-20,82.33
2010-11-17,2025-11-20,2025-11-20,80.43
2010-11-18,2025-11-20,2025-11-20,81.88
2010-11-19,2025-11-20,2025-11-20,81.65
2010-11-22,2025-11-20,2025-11-20,81.24
2010-11-23,2025-11-20,2025-11-20,80.79
2010-11-24,2025-11-20,2025-11-20,83.21
2010-11-25,2025-11-20,2025-11-20,
2010-11-26,2025-11-20,2025-11-20,83.87
2010-11-29,2025-11-20,2025-11-20,85.73
2010-11-30,2025-11-20,2025-11-20,84.12
2010-12-01,2025-11-20,2025-11-20,86.75
2010-12-02,2025-11-20,2025-11-20,87.98
2010-12-03,2025-11-20,2025-11-20,89.18
2010-12-06,2025-11-20,2025-11-20,89.33
2010-12-07,2025-11-20,2025-11-20,88.69
2010-12-08,2025-11-20,2025-11-20,88.3
2010-12-09,2025-11-20,2025-11-20,88.35
2010-12-10,2025-11-20,2025-11-20,87.81
2010-12-13,2025-11-20,2025-11-20,88.62
2010-12-14,2025-11-20,2025-11-20,88.33
2010-12-15,2025-11-20,2025-11-20,88.66
2010-12-16,2025-11-20,2025-11-20,87.71
2010-12-17,2025-11-20,2025-11-20,88.02
2010-12-20,2025-11-20,2025-11-20,88.68
2010-12-21,2025-11-20,2025-11-20,89.3
2010-12-22,2025-11-20,2025-11-20,89.83
2010-12-23,2025-11-20,2025-11-20,90.84
2010-12-24,2025-11-20,2025-11-20,
2010-12-27,2025-11-20,2025-11-20,90.99
2010-12-28,2025-11-20,2025-11-20,91.48
2010-12-29,2025-11-20,2025-11-20,91.13
2010-12-30,2025-11-20,2025-11-20,89.85
2010-12-31,2025-11-20,2025-11-20,91.38
2011-01-03,2025-11-20,2025-11-20,91.59
2011-01-04,2025-11-20,2025-11-20,89.39
2011-01-05,2025-11-20,2025-11-20,90.3
2011-01-06,2025-11-20,2025-11-20,88.37
2011-01-07,2025-11-20,2025-11-20,88.07
2011-01-10,2025-11-20,2025-11-20,89.24
2011-01-11,2025-11-20,2025-11-20,91.11
2011-01-12,2025-11-20,2025-11-20,91.85
2011-01-13,2025-11-20,2025-11-20,91.39
2011-01-14,2025-11-20,2025-11-20,91.53
2011-01-17,2025-11-20,2025-11-20,
2011-01-18,2025-11-20,2025-11-20,91.38
2011-01-19,2025-11-20,2025-11-20,90.85
2011-01-20,2025-11-20,2025-11-20,88.56
2011-01-21,2025-11-20,2025-11-20,88.22
2011-01-24,2025-11-20,2025-11-20,86.74
2011-01-25,2025-11-20,2025-11-20,85.08
2011-01-26,2025-11-20,2025-11-20,86.15
2011-01-27,2025-11-20,2025-11-20,84.45
2011-01-28,2025-11-20,2025-11-20,88.15
2011-01-31,2025-11-20,2025-11-20,90.99
2011-02-01,2025-11-20,2025-11-20,89.54
2011-02-02,2025-11-20,2025-11-20,89.78
2011-02-03,2025-11-20,2025-11-20,89.42
2011-02-04,2025-11-20,2025-11-20,87.87
2011-02-07,2025-11-20,2025-11-20,86.3
2011-02-08,2025-11-20,2025-11-20,85.85
2011-02-09,2025-11-20,2025-11-20,85.59
2011-02-10,2025-11-20,2025-11-20,85.44
2011-02-11,2025-11-20,2025-11-20,84.39
2011-02-14,2025-11-20,2025-11-20,83.66
2011-02-15,2025-11-20,2025-11-20,83.13
2011-02-16,2025-11-20,2025-11-20,83.8
2011-02-17,2025-11-20,2025-11-20,85.05
2011-02-18,2025-11-20,2025-11-20,85.03
2011-02-21,2025-11-20,2025-11-20,
2011-02-22,2025-11-20,2025-11-20,92.65
2011-02-23,2025-11-20,2025-11-20,96.04
2011-02-24,2025-11-20,2025-11-20,95.83
2011-02-25,2025-11-20,2025-11-20,96.52
2011-02-28,2025-11-20,2025-11-20,97.1
2011-03-01,2025-11-20,2025-11-20,99.63
2011-03-02,2025-11-20,2025-11-20,102.27
2011-03-03,2025-11-20,2025-11-20,101.92
2011-03-04,2025-11-20,2025-11-20,104.34
2011-03-07,2025-11-20,2025-11-20,105.37
2011-03-08,2025-11-20,2025-11-20,105.06
2011-03-09,2025-11-20,2025-11-20,104.39
2011-03-10,2025-11-20,2025-11-20,102.73
2011-03-11,2025-11-20,2025-11-20,101.14
2011-03-14,2025-11-20,2025-11-20,101.2
2011-03-15,2025-11-20,2025-11-20,97.23
2011-03-16,2025-11-20,2025-11-20,97.99
2011-03-17,2025-11-20,2025-11-20,101.47
2011-03-18,2025-11-20,2025-11-20,101.06
2011-03-21,2025-11-20,2025-11-20,102.36
2011-03-22,2025-11-20,2025-11-20,104.53
2011-03-23,2025-11-20,2025-11-20,105.21
2011-03-24,2025-11-20,2025-11-20,105.04
2011-03-25,2025-11-20,2025-11-20,104.89
2011-03-28,2025-11-20,2025-11-20,103.54
2011-03-29,2025-11-20,2025-11-20,104.34
2011-03-30,2025-11-20,2025-11-20,103.8
2011-03-31,2025-11-20,2025-11-20,106.19
2011-04-01,2025-11-20,2025-11-20,107.55
2011-04-04,2025-11-20,2025-11-20,108.14
2011-04-05,2025-11-20,2025-11-20,107.82
2011-04-06,2025-11-20,2025-11-20,108.38
2011-04-07,2025-11-20,2025-11-20,109.82
2011-04-08,2025-11-20,2025-11-20,112.27
2011-04-11,2025-11-20,2025-11-20,109.5
2011-04-12,2025-11-20,2025-11-20,105.75
2011-04-13,2025-11-20,2025-11-20,106.6
2011-04-14,2025-11-20,2025-11-20,107.73
2011-04-15,2025-11-20,2025-11-20,109.17
2011-04-18,2025-11-20,2025-11-20,106.7
2011-04-19,2025-11-20,2025-11-20,107.18
2011-04-20,2025-11-20,2025-11-20,110.84
2011-04-21,2025-11-20,2025-11-20,111.72
2011-04-22,2025-11-20,2025-11-20,
2011-04-25,2025-11-20,2025-11-20,111.68
2011-04-26,2025-11-20,2025-11-20,111.72
2011-04-27,2025-11-20,2025-11-20,112.31
2011-04-28,2025-11-20,2025-11-20,112.38
2011-04-29,2025-11-20,2025-11-20,113.39
2011-05-02,2025-11-20,2025-11-20,113.03
2011-05-03,2025-11-20,2025-11-20,110.6
2011-05-04,2025-11-20,2025-11-20,108.79
2011-05-05,2025-11-20,2025-11-20,99.89
2011-05-06,2025-11-20,2025-11-20,96.87
2011-05-09,2025-11-20,2025-11-20,100.32
2011-05-10,2025-11-20,2025-11-20,103.39
2011-05-11,2025-11-20,2025-11-20,97.88
2011-05-12,2025-11-20,2025-11-20,98.53
2011-05-13,2025-11-20,2025-11-20,99.21
2011-05-16,2025-11-20,2025-11-20,96.91
2011-05-17,2025-11-20,2025-11-20,96.4
2011-05-18,2025-11-20,2025-11-20,99.52
2011-05-19,2025-11-20,2025-11-20,97.99
2011-05-20,2025-11-20,2025-11-20,99.15
2011-05-23,2025-11-20,2025-11-20,97.06
2011-05-24,2025-11-20,2025-11-20,99.13
2011-05-25,2025-11-20,2025-11-20,100.78
2011-05-26,2025-11-20,2025-11-20,100.18
2011-05-27,2025-11-20,2025-11-20,100.58
2011-05-30,2025-11-20,2025-11-20,
2011-05-31,2025-11-20,2025-11-20,102.7
2011-06-01,2025-11-20,2025-11-20,100.3
2011-06-02,2025-11-20,2025-11-20,100.41
2011-06-03,2025-11-20,2025-11-20,100.28
2011-06-06,2025-11-20,2025-11-20,99.07
2011-06-07,2025-11-20,2025-11-20,99.18
2011-06-08,2025-11-20,2025-11-20,100.77
2011-06-09,2025-11-20,2025-11-20,101.95
2011-06-10,2025-11-20,2025-11-20,99.3
2011-06-13,2025-11-20,2025-11-20,97.2
2011-06-14,2025-11-20,2025-11-20,99.37
2011-06-15,2025-11-20,2025-11-20,94.83
2011-06-16,2025-11-20,2025-11-20,94.95
2011-06-17,2025-11-20,2025-11-20,93.02
2011-06-20,2025-11-20,2025-11-20,93.23
2011-06-21,2025-11-20,2025-11-20,93.7
2011-06-22,2025-11-20,2025-11-20,94.96
2011-06-23,2025-11-20,2025-11-20,90.7
2011-06-24,2025-11-20,2025-11-20,90.89
2011-06-27,2025-11-20,2025-11-20,90.65
2011-06-28,2025-11-20,2025-11-20,92.9
2011-06-29,2025-11-20,2025-11-20,94.85
2011-06-30,2025-11-20,2025-11-20,95.3
2011-07-01,2025-11-20,2025-11-20,94.81
2011-07-04,2025-11-20,2025-11-20,
2011-07-05,2025-11-20,2025-11-20,96.92
2011-07-06,2025-11-20,2025-11-20,96.67
2011-07-07,2025-11-20,2025-11-20,98.7
2011-07-08,2025-11-20,2025-11-20,96.2
2011-07-11,2025-11-20,2025-11-20,95.16
2011-07-12,2025-11-20,2025-11-20,97.41
2011-07-13,2025-11-20,2025-11-20,98.04
2011-07-14,2025-11-20,2025-11-20,95.75
2011-07-15,2025-11-20,2025-11-20,97.24
2011-07-18,2025-11-20,2025-11-20,95.94
2011-07-19,2025-11-20,2025-11-20,97.49
2011-07-20,2025-11-20,2025-11-20,98.11
2011-07-21,2025-11-20,2025-11-20,98.96
2011-07-22,2025-11-20,2025-11-20,99.53
2011-07-25,2025-11-20,2025-11-20,98.97
2011-07-26,2025-11-20,2025-11-20,99.61
2011-07-27,2025-11-20,2025-11-20,97.4
2011-07-28,2025-11-20,2025-11-20,97.48
2011-07-29,2025-11-20,2025-11-20,95.68
2011-08-01,2025-11-20,2025-11-20,94.98
2011-08-02,2025-11-20,2025-11-20,93.78
2011-08-03,2025-11-20,2025-11-20,91.87
2011-08-04,2025-11-20,2025-11-20,86.75
2011-08-05,2025-11-20,2025-11-20,86.89
2011-08-08,2025-11-20,2025-11-20,81.27
2011-08-09,2025-11-20,2025-11-20,79.32
2011-08-10,2025-11-20,2025-11-20,83.05
2011-08-11,2025-11-20,2025-11-20,85.48
2011-08-12,2025-11-20,2025-11-20,85.19
2011-08-15,2025-11-20,2025-11-20,87.88
2011-08-16,2025-11-20,2025-11-20,86.65
2011-08-17,2025-11-20,2025-11-20,87.58
2011-08-18,2025-11-20,2025-11-20,82.38
2011-08-19,2025-11-20,2025-11-20,82.33
2011-08-22,2025-11-20,2025-11-20,84.42
2011-08-23,2025-11-20,2025-11-20,85.35
2011-08-24,2025-11-20,2025-11-20,84.99
2011-08-25,2025-11-20,2025-11-20,85.15
2011-08-26,2025-11-20,2025-11-20,85.37
2011-08-29,2025-11-20,2025-11-20,87.27
2011-08-30,2025-11-20,2025-11-20,88.9
2011-08-31,2025-11-20,2025-11-20,88.81
2011-09-01,2025-11-20,2025-11-20,88.93
2011-09-02,2025-11-20,2025-11-20,86.45
2011-09-05,2025-11-20,2025-11-20,
2011-09-06,2025-11-20,2025-11-20,85.99
2011-09-07,2025-11-20,2025-11-20,89.34
2011-09-08,2025-11-20,2025-11-20,89.05
2011-09-09,2025-11-20,2025-11-20,87.24
2011-09-12,2025-11-20,2025-11-20,88.19
2011-09-13,2025-11-20,2025-11-20,90.21
2011-09-14,2025-11-20,2025-11-20,88.91
2011-09-15,2025-11-20,2025-11-20,89.4
2011-09-16,2025-11-20,2025-11-20,87.96
2011-09-19,2025-11-20,2025-11-20,85.7
2011-09-20,2025-11-20,2025-11-20,86.92
2011-09-21,2025-11-20,2025-11-20,85.77
2011-09-22,2025-11-20,2025-11-20,80.29
2011-09-23,2025-11-20,2025-11-20,79.58
2011-09-26,2025-11-20,2025-11-20,79.97
2011-09-27,2025-11-20,2025-11-20,84.18
2011-09-28,2025-11-20,2025-11-20,80.94
2011-09-29,2025-11-20,2025-11-20,81.87
2011-09-30,2025-11-20,2025-11-20,78.93
2011-10-03,2025-11-20,2025-11-20,77.34
2011-10-04,2025-11-20,2025-11-20,75.4
2011-10-05,2025-11-20,2025-11-20,79.41
2011-10-06,2025-11-20,2025-11-20,82.32
2011-10-07,2025-11-20,2025-11-20,82.7
2011-10-10,2025-11-20,2025-11-20,85.14
2011-10-11,2025-11-20,2025-11-20,85.54
2011-10-12,2025-11-20,2025-11-20,85.3
2011-10-13,2025-11-20,2025-11-20,83.96
2011-10-14,2025-11-20,2025-11-20,86.8
2011-10-17,2025-11-20,2025-11-20,86.38
2011-10-18,2025-11-20,2025-11-20,88.34
2011-10-19,2025-11-20,2025-11-20,86.11
2011-10-20,2025-11-20,2025-11-20,86.07
2011-10-21,2025-11-20,2025-11-20,87.19
2011-10-24,2025-11-20,2025-11-20,91.12
2011-10-25,2025-11-20,2025-11-20,92.98
2011-10-26,2025-11-20,2025-11-20,90.2
2011-10-27,2025-11-20,2025-11-20,93.96
2011-10-28,2025-11-20,2025-11-20,93.32
2011-10-31,2025-11-20,2025-11-20,93.19
2011-11-01,2025-11-20,2025-11-20,92.19
2011-11-02,2025-11-20,2025-11-20,92.51
2011-11-03,2025-11-20,2025-11-20,94.07
2011-11-04,2025-11-20,2025-11-20,94.26
2011-11-07,2025-11-20,2025-11-20,95.52
2011-11-08,2025-11-20,2025-11-20,96.8
2011-11-09,2025-11-20,2025-11-20,95.74
2011-11-10,2025-11-20,2025-11-20,97.78
2011-11-11,2025-11-20,2025-11-20,98.99
2011-11-14,2025-11-20,2025-11-20,98.14
2011-11-15,2025-11-20,2025-11-20,99.37
2011-11-16,2025-11-20,2025-11-20,102.59
2011-11-17,2025-11-20,2025-11-20,98.82
2011-11-18,2025-11-20,2025-11-20,97.67
2011-11-21,2025-11-20,2025-11-20,96.73
2011-11-22,2025-11-20,2025-11-20,97.76
2011-11-23,2025-11-20,2025-11-20,96.16
2011-11-24,2025-11-20,2025-11-20,
2011-11-25,2025-11-20,2025-11-20,96.91
2011-11-28,2025-11-20,2025-11-20,98.21
2011-11-29,2025-11-20,2025-11-20,99.79
2011-11-30,2025-11-20,2025-11-20,100.36
2011-12-01,2025-11-20,2025-11-20,100.2
2011-12-02,2025-11-20,2025-11-20,100.97
2011-12-05,2025-11-20,2025-11-20,100.94
2011-12-06,2025-11-20,2025-11-20,101.25
2011-12-07,2025-11-20,2025-11-20,100.45
2011-12-08,2025-11-20,2025-11-20,98.35
2011-12-09,2025-11-20,2025-11-20,99.4
2011-12-12,2025-11-20,2025-11-20,97.77
2011-12-13,2025-11-20,2025-11-20,100.24
2011-12-14,2025-11-20,2025-11-20,94.92
2011-12-15,2025-11-20,2025-11-20,93.84
2011-12-16,2025-11-20,2025-11-20,93.55
2011-12-19,2025-11-20,2025-11-20,93.86
2011-12-20,2025-11-20,2025-11-20,97.16
2011-12-21,2025-11-20,2025-11-20,98.54
2011-12-22,2025-11-20,2025-11-20,99.42
2011-12-23,2025-11-20,2025-11-20,99.72
2011-12-26,2025-11-20,2025-11-20,
2011-12-27,2025-11-20,2025-11-20,101.29
2011-12-28,2025-11-20,2025-11-20,99.44
2011-12-29,2025-11-20,2025-11-20,99.68
2011-12-30,2025-11-20,2025-11-20,98.83
2012-01-02,2025-11-20,2025-11-20,
2012-01-03,2025-11-20,2025-11-20,102.96
2012-01-04,2025-11-20,2025-11-20,103.22
2012-01-05,2025-11-20,2025-11-20,101.81
2012-01-06,2025-11-20,2025-11-20,101.56
2012-01-09,2025-11-20,2025-11-20,101.31
2012-01-10,2025-11-20,2025-11-20,102.24
2012-01-11,2025-11-20,2025-11-20,100.89
2012-01-12,2025-11-20,2025-11-20,99.03
2012-01-13,2025-11-20,2025-11-20,98.69
2012-01-16,2025-11-20,2025-11-20,
2012-01-17,2025-11-20,2025-11-20,100.7
2012-01-18,2025-11-20,2025-11-20,100.61
2012-01-19,2025-11-20,2025-11-20,100.32
2012-01-20,2025-11-20,2025-11-20,98.15
2012-01-23,2025-11-20,2025-11-20,99.47
2012-01-24,2025-11-20,2025-11-20,98.84
2012-01-25,2025-11-20,2025-11-20,99.23
2012-01-26,2025-11-20,2025-11-20,99.76
2012-01-27,2025-11-20,2025-11-20,99.47
2012-01-30,2025-11-20,2025-11-20,98.75
2012-01-31,2025-11-20,2025-11-20,98.46
2012-02-01,2025-11-20,2025-11-20,97.63
2012-02-02,2025-11-20,2025-11-20,96.36
2012-02-03,2025-11-20,2025-11-20,97.8
2012-02-06,2025-11-20,2025-11-20,96.89
2012-02-07,2025-11-20,2025-11-20,98.55
2012-02-08,2025-11-20,2025-11-20,98.8
2012-02-09,2025-11-20,2025-11-20,99.88
2012-02-10,2025-11-20,2025-11-20,98.68
2012-02-13,2025-11-20,2025-11-20,100.39
2012-02-14,2025-11-20,2025-11-20,100.82
2012-02-15,2025-11-20,2025-11-20,101.82
2012-02-16,2025-11-20,2025-11-20,102.33
2012-02-17,2025-11-20,2025-11-20,103.27
2012-02-20,2025-11-20,2025-11-20,
2012-02-21,2025-11-20,2025-11-20,105.88
2012-02-22,2025-11-20,2025-11-20,105.99
2012-02-23,2025-11-20,2025-11-20,107.44
2012-02-24,2025-11-20,2025-11-20,109.39
2012-02-27,2025-11-20,2025-11-20,108.49
2012-02-28,2025-11-20,2025-11-20,106.59
2012-02-29,2025-11-20,2025-11-20,107.08
2012-03-01,2025-11-20,2025-11-20,108.76
2012-03-02,2025-11-20,2025-11-20,106.68
2012-03-05,2025-11-20,2025-11-20,106.7
2012-03-06,2025-11-20,2025-11-20,104.71
2012-03-07,2025-11-20,2025-11-20,106.16
2012-03-08,2025-11-20,2025-11-20,106.65
2012-03-09,2025-11-20,2025-11-20,107.4
2012-03-12,2025-11-20,2025-11-20,106.34
2012-03-13,2025-11-20,2025-11-20,106.7
2012-03-14,2025-11-20,2025-11-20,105.49
2012-03-15,2025-11-20,2025-11-20,105.19
2012-03-16,2025-11-20,2025-11-20,107.03
2012-03-19,2025-11-20,2025-11-20,108.09
2012-03-20,2025-11-20,2025-11-20,105.68
2012-03-21,2025-11-20,2025-11-20,106.87
2012-03-22,2025-11-20,2025-11-20,104.98
2012-03-23,2025-11-20,2025-11-20,106.43
2012-03-26,2025-11-20,2025-11-20,107.07
2012-03-27,2025-11-20,2025-11-20,107.32
2012-03-28,2025-11-20,2025-11-20,105.4
2012-03-29,2025-11-20,2025-11-20,102.79
2012-03-30,2025-11-20,2025-11-20,103.03
2012-04-02,2025-11-20,2025-11-20,105.25
2012-04-03,2025-11-20,2025-11-20,104.02
2012-04-04,2025-11-20,2025-11-20,101.53
2012-04-05,2025-11-20,2025-11-20,103.29
2012-04-06,2025-11-20,2025-11-20,
2012-04-09,2025-11-20,2025-11-20,102.45
2012-04-10,2025-11-20,2025-11-20,101.12
2012-04-11,2025-11-20,2025-11-20,102.66
2012-04-12,2025-11-20,2025-11-20,103.69
2012-04-13,2025-11-20,2025-11-20,102.84
2012-04-16,2025-11-20,2025-11-20,102.92
2012-04-17,2025-11-20,2025-11-20,104.23
2012-04-18,2025-11-20,2025-11-20,102.65
2012-04-19,2025-11-20,2025-11-20,102.38
2012-04-20,2025-11-20,2025-11-20,103.58
2012-04-23,2025-11-20,2025-11-20,102.68
2012-04-24,2025-11-20,2025-11-20,103.1
2012-04-25,2025-11-20,2025-11-20,103.72
2012-04-26,2025-11-20,2025-11-20,104.56
2012-04-27,2025-11-20,2025-11-20,104.86
2012-04-30,2025-11-20,2025-11-20,104.89
2012-05-01,2025-11-20,2025-11-20,106.17
2012-05-02,2025-11-20,2025-11-20,105.25
2012-05-03,2025-11-20,2025-11-20,102.56
2012-05-04,2025-11-20,2025-11-20,98.49
2012-05-07,2025-11-20,2025-11-20,97.86
2012-05-08,2025-11-20,2025-11-20,97.13
2012-05-09,2025-11-20,2025-11-20,96.8
2012-05-10,2025-11-20,2025-11-20,97.1
2012-05-11,2025-11-20,2025-11-20,96.03
2012-05-14,2025-11-20,2025-11-20,94.75
2012-05-15,2025-11-20,2025-11-20,93.97
2012-05-16,2025-11-20,2025-11-20,92.78
2012-05-17,2025-11-20,2025-11-20,92.53
2012-05-18,2025-11-20,2025-11-20,91.51
2012-05-21,2025-11-20,2025-11-20,92.57
2012-05-22,2025-11-20,2025-11-20,91.44
2012-05-23,2025-11-20,2025-11-20,89.4
2012-05-24,2025-11-20,2025-11-20,90.36
2012-05-25,2025-11-20,2025-11-20,90.64
2012-05-28,2025-11-20,2025-11-20,
2012-05-29,2025-11-20,2025-11-20,90.75
2012-05-30,2025-11-20,2025-11-20,87.79
2012-05-31,2025-11-20,2025-11-20,86.52
2012-06-01,2025-11-20,2025-11-20,83.17
2012-06-04,2025-11-20,2025-11-20,83.95
2012-06-05,2025-11-20,2025-11-20,84.31
2012-06-06,2025-11-20,2025-11-20,85.05
2012-06-07,2025-11-20,2025-11-20,84.78
2012-06-08,2025-11-20,2025-11-20,84.08
2012-06-11,2025-11-20,2025-11-20,82.58
2012-06-12,2025-11-20,2025-11-20,83.35
2012-06-13,2025-11-20,2025-11-20,82.56
2012-06-14,2025-11-20,2025-11-20,83.83
2012-06-15,2025-11-20,2025-11-20,84.03
2012-06-18,2025-11-20,2025-11-20,83.26
2012-06-19,2025-11-20,2025-11-20,83.99
2012-06-20,2025-11-20,2025-11-20,81.06
2012-06-21,2025-11-20,2025-11-20,77.91
2012-06-22,2025-11-20,2025-11-20,79.33
2012-06-25,2025-11-20,2025-11-20,78.76
2012-06-26,2025-11-20,2025-11-20,79.34
2012-06-27,2025-11-20,2025-11-20,80.27
2012-06-28,2025-11-20,2025-11-20,77.72
2012-06-29,2025-11-20,2025-11-20,85.04
2012-07-02,2025-11-20,2025-11-20,83.72
2012-07-03,2025-11-20,2025-11-20,87.74
2012-07-04,2025-11-20,2025-11-20,
2012-07-05,2025-11-20,2025-11-20,87.11
2012-07-06,2025-11-20,2025-11-20,84.37
2012-07-09,2025-11-20,2025-11-20,85.93
2012-07-10,2025-11-20,2025-11-20,83.92
2012-07-11,2025-11-20,2025-11-20,85.88
2012-07-12,2025-11-20,2025-11-20,86.02
2012-07-13,2025-11-20,2025-11-20,87.15
2012-07-16,2025-11-20,2025-11-20,88.41
2012-07-17,2025-11-20,2025-11-20,89.07
2012-07-18,2025-11-20,2025-11-20,89.88
2012-07-19,2025-11-20,2025-11-20,92.78
2012-07-20,2025-11-20,2025-11-20,91.56
2012-07-23,2025-11-20,2025-11-20,87.77
2012-07-24,2025-11-20,2025-11-20,88.28
2012-07-25,2025-11-20,2025-11-20,88.8
2012-07-26,2025-11-20,2025-11-20,89.4
2012-07-27,2025-11-20,2025-11-20,90.13
2012-07-30,2025-11-20,2025-11-20,89.8
2012-07-31,2025-11-20,2025-11-20,88.08
2012-08-01,2025-11-20,2025-11-20,88.99
2012-08-02,2025-11-20,2025-11-20,87.22
2012-08-03,2025-11-20,2025-11-20,91.4
2012-08-06,2025-11-20,2025-11-20,92.3
2012-08-07,2025-11-20,2025-11-20,93.68
2012-08-08,2025-11-20,2025-11-20,93.39
2012-08-09,2025-11-20,2025-11-20,93.39
2012-08-10,2025-11-20,2025-11-20,92.94
2012-08-13,2025-11-20,2025-11-20,92.76
2012-08-14,2025-11-20,2025-11-20,93.4
2012-08-15,2025-11-20,2025-11-20,94.35
2012-08-16,2025-11-20,2025-11-20,95.66
2012-08-17,2025-11-20,2025-11-20,96.0
2012-08-20,2025-11-20,2025-11-20,96.03
2012-08-21,2025-11-20,2025-11-20,96.55
2012-08-22,2025-11-20,2025-11-20,96.89
2012-08-23,2025-11-20,2025-11-20,95.87
2012-08-24,2025-11-20,2025-11-20,95.78
2012-08-27,2025-11-20,2025-11-20,95.54
2012-08-28,2025-11-20,2025-11-20,96.3
2012-08-29,2025-11-20,2025-11-20,95.5
2012-08-30,2025-11-20,2025-11-20,94.61
2012-08-31,2025-11-20,2025-11-20,96.47
2012-09-03,2025-11-20,2025-11-20,
2012-09-04,2025-11-20,2025-11-20,95.34
2012-09-05,2025-11-20,2025-11-20,95.37
2012-09-06,2025-11-20,2025-11-20,95.58
2012-09-07,2025-11-20,2025-11-20,96.41
2012-09-10,2025-11-20,2025-11-20,96.52
2012-09-11,2025-11-20,2025-11-20,97.03
2012-09-12,2025-11-20,2025-11-20,97.02
2012-09-13,2025-11-20,2025-11-20,98.3
2012-09-14,2025-11-20,2025-11-20,98.94
2012-09-17,2025-11-20,2025-11-20,96.51
2012-09-18,2025-11-20,2025-11-20,95.25
2012-09-19,2025-11-20,2025-11-20,91.97
2012-09-20,2025-11-20,2025-11-20,92.14
2012-09-21,2025-11-20,2025-11-20,92.64
2012-09-24,2025-11-20,2025-11-20,91.68
2012-09-25,2025-11-20,2025-11-20,91.07
2012-09-26,2025-11-20,2025-11-20,89.92
2012-09-27,2025-11-20,2025-11-20,91.89
2012-09-28,2025-11-20,2025-11-20,92.18
2012-10-01,2025-11-20,2025-11-20,92.44
2012-10-02,2025-11-20,2025-11-20,91.88
2012-10-03,2025-11-20,2025-11-20,88.19
2012-10-04,2025-11-20,2025-11-20,91.69
2012-10-05,2025-11-20,2025-11-20,89.87
2012-10-08,2025-11-20,2025-11-20,89.43
2012-10-09,2025-11-20,2025-11-20,92.42
2012-10-10,2025-11-20,2025-11-20,91.24
2012-10-11,2025-11-20,2025-11-20,92.19
2012-10-12,2025-11-20,2025-11-20,91.83
2012-10-15,2025-11-20,2025-11-20,91.84
2012-10-16,2025-11-20,2025-11-20,92.07
2012-10-17,2025-11-20,2025-11-20,92.04
2012-10-18,2025-11-20,2025-11-20,92.0
2012-10-19,2025-11-20,2025-11-20,90.0
2012-10-22,2025-11-20,2025-11-20,88.3
2012-10-23,2025-11-20,2025-11-20,86.65
2012-10-24,2025-11-20,2025-11-20,85.39
2012-10-25,2025-11-20,2025-11-20,85.59
2012-10-26,2025-11-20,2025-11-20,85.84
2012-10-29,2025-11-20,2025-11-20,85.52
2012-10-30,2025-11-20,2025-11-20,85.65
2012-10-31,2025-11-20,2025-11-20,86.23
2012-11-01,2025-11-20,2025-11-20,87.05
2012-11-02,2025-11-20,2025-11-20,84.9
2012-11-05,2025-11-20,2025-11-20,85.64
2012-11-06,2025-11-20,2025-11-20,88.62
2012-11-07,2025-11-20,2025-11-20,84.5
2012-11-08,2025-11-20,2025-11-20,85.07
2012-11-09,2025-11-20,2025-11-20,86.08
2012-11-12,2025-11-20,2025-11-20,85.56
2012-11-13,2025-11-20,2025-11-20,85.38
2012-11-14,2025-11-20,2025-11-20,86.32
2012-11-15,2025-11-20,2025-11-20,85.45
2012-11-16,2025-11-20,2025-11-20,86.62
2012-11-19,2025-11-20,2025-11-20,89.05
2012-11-20,2025-11-20,2025-11-20,86.46
2012-11-21,2025-11-20,2025-11-20,87.08
2012-11-22,2025-11-20,2025-11-20,
2012-11-23,2025-11-20,2025-11-20,87.01
2012-11-26,2025-11-20,2025-11-20,87.28
2012-11-27,2025-11-20,2025-11-20,86.81
2012-11-28,2025-11-20,2025-11-20,86.1
2012-11-29,2025-11-20,2025-11-20,87.64
2012-11-30,2025-11-20,2025-11-20,88.54
2012-12-03,2025-11-20,2025-11-20,88.69
2012-12-04,2025-11-20,2025-11-20,88.04
2012-12-05,2025-11-20,2025-11-20,87.36
2012-12-06,2025-11-20,2025-11-20,85.47
2012-12-07,2025-11-20,2025-11-20,85.45
2012-12-10,2025-11-20,2025-11-20,85.14
2012-12-11,2025-11-20,2025-11-20,85.36
2012-12-12,2025-11-20,2025-11-20,86.35
2012-12-13,2025-11-20,2025-11-20,85.39
2012-12-14,2025-11-20,2025-11-20,86.32
2012-12-17,2025-11-20,2025-11-20,86.71
2012-12-18,2025-11-20,2025-11-20,87.46
2012-12-19,2025-11-20,2025-11-20,89.09
2012-12-20,2025-11-20,2025-11-20,89.76
2012-12-21,2025-11-20,2025-11-20,88.2
2012-12-24,2025-11-20,2025-11-20,88.29
2012-12-25,2025-11-20,2025-11-20,
2012-12-26,2025-11-20,2025-11-20,90.71
2012-12-27,2025-11-20,2025-11-20,90.91
2012-12-28,2025-11-20,2025-11-20,90.66
2012-12-31,2025-11-20,2025-11-20,91.83
2013-01-01,2025-11-20,2025-11-20,
2013-01-02,2025-11-20,2025-11-20,93.14
2013-01-03,2025-11-20,2025-11-20,92.97
2013-01-04,2025-11-20,2025-11-20,93.12
2013-01-07,2025-11-20,2025-11-20,93.2
2013-01-08,2025-11-20,2025-11-20,93.21
2013-01-09,2025-11-20,2025-11-20,93.08
2013-01-10,2025-11-20,2025-11-20,93.81
2013-01-11,2025-11-20,2025-11-20,93.6
2013-01-14,2025-11-20,2025-11-20,94.27
2013-01-15,2025-11-20,2025-11-20,93.26
2013-01-16,2025-11-20,2025-11-20,94.28
2013-01-17,2025-11-20,2025-11-20,95.49
2013-01-18,2025-11-20,2025-11-20,95.61
2013-01-21,2025-11-20,2025-11-20,
2013-01-22,2025-11-20,2025-11-20,96.09
2013-01-23,2025-11-20,2025-11-20,95.06
2013-01-24,2025-11-20,2025-11-20,95.35
2013-01-25,2025-11-20,2025-11-20,95.15
2013-01-28,2025-11-20,2025-11-20,95.95
2013-01-29,2025-11-20,2025-11-20,97.62
2013-01-30,2025-11-20,2025-11-20,97.98
2013-01-31,2025-11-20,2025-11-20,97.65
2013-02-01,2025-11-20,2025-11-20,97.46
2013-02-04,2025-11-20,2025-11-20,96.21
2013-02-05,2025-11-20,2025-11-20,96.68
2013-02-06,2025-11-20,2025-11-20,96.44
2013-02-07,2025-11-20,2025-11-20,95.84
2013-02-08,2025-11-20,2025-11-20,95.71
2013-02-11,2025-11-20,2025-11-20,97.01
2013-02-12,2025-11-20,2025-11-20,97.48
2013-02-13,2025-11-20,2025-11-20,97.03
2013-02-14,2025-11-20,2025-11-20,97.3
2013-02-15,2025-11-20,2025-11-20,95.95
2013-02-18,2025-11-20,2025-11-20,
2013-02-19,2025-11-20,2025-11-20,96.69
2013-02-20,2025-11-20,2025-11-20,94.92
2013-02-21,2025-11-20,2025-11-20,92.79
2013-02-22,2025-11-20,2025-11-20,93.12
2013-02-25,2025-11-20,2025-11-20,92.74
2013-02-26,2025-11-20,2025-11-20,92.63
2013-02-27,2025-11-20,2025-11-20,92.84
2013-02-28,2025-11-20,2025-11-20,92.03
2013-03-01,2025-11-20,2025-11-20,90.71
2013-03-04,2025-11-20,2025-11-20,90.13
2013-03-05,2025-11-20,2025-11-20,90.88
2013-03-06,2025-11-20,2025-11-20,90.47
2013-03-07,2025-11-20,2025-11-20,91.53
2013-03-08,2025-11-20,2025-11-20,92.01
2013-03-11,2025-11-20,2025-11-20,92.07
2013-03-12,2025-11-20,2025-11-20,92.44
2013-03-13,2025-11-20,2025-11-20,92.47
2013-03-14,2025-11-20,2025-11-20,93.03
2013-03-15,2025-11-20,2025-11-20,93.49
2013-03-18,2025-11-20,2025-11-20,93.71
2013-03-19,2025-11-20,2025-11-20,92.44
2013-03-20,2025-11-20,2025-11-20,93.21
2013-03-21,2025-11-20,2025-11-20,92.46
2013-03-22,2025-11-20,2025-11-20,93.41
2013-03-25,2025-11-20,2025-11-20,94.55
2013-03-26,2025-11-20,2025-11-20,95.99
2013-03-27,2025-11-20,2025-11-20,96.53
2013-03-28,2025-11-20,2025-11-20,97.24
2013-03-29,2025-11-20,2025-11-20,
2013-04-01,2025-11-20,2025-11-20,97.1
2013-04-02,2025-11-20,2025-11-20,97.23
2013-04-03,2025-11-20,2025-11-20,95.02
2013-04-04,2025-11-20,2025-11-20,93.26
2013-04-05,2025-11-20,2025-11-20,92.76
2013-04-08,2025-11-20,2025-11-20,93.36
2013-04-09,2025-11-20,2025-11-20,94.18
2013-04-10,2025-11-20,2025-11-20,94.59
2013-04-11,2025-11-20,2025-11-20,93.44
2013-04-12,2025-11-20,2025-11-20,91.23
2013-04-15,2025-11-20,2025-11-20,88.75
2013-04-16,2025-11-20,2025-11-20,88.73
2013-04-17,2025-11-20,2025-11-20,86.65
2013-04-18,2025-11-20,2025-11-20,87.83
2013-04-19,2025-11-20,2025-11-20,88.04
2013-04-22,2025-11-20,2025-11-20,88.81
2013-04-23,2025-11-20,2025-11-20,89.21
2013-04-24,2025-11-20,2025-11-20,91.07
2013-04-25,2025-11-20,2025-11-20,93.27
2013-04-26,2025-11-20,2025-11-20,92.63
2013-04-29,2025-11-20,2025-11-20,94.09
2013-04-30,2025-11-20,2025-11-20,93.22
2013-05-01,2025-11-20,2025-11-20,90.74
2013-05-02,2025-11-20,2025-11-20,93.7
2013-05-03,2025-11-20,2025-11-20,95.25
2013-05-06,2025-11-20,2025-11-20,95.8
2013-05-07,2025-11-20,2025-11-20,95.28
2013-05-08,2025-11-20,2025-11-20,96.24
2013-05-09,2025-11-20,2025-11-20,96.09
2013-05-10,2025-11-20,2025-11-20,95.81
2013-05-13,2025-11-20,2025-11-20,94.76
2013-05-14,2025-11-20,2025-11-20,93.96
2013-05-15,2025-11-20,2025-11-20,93.95
2013-05-16,2025-11-20,2025-11-20,94.85
2013-05-17,2025-11-20,2025-11-20,95.72
2013-05-20,2025-11-20,2025-11-20,96.29
2013-05-21,2025-11-20,2025-11-20,95.55
2013-05-22,2025-11-20,2025-11-20,93.98
2013-05-23,2025-11-20,2025-11-20,94.12
2013-05-24,2025-11-20,2025-11-20,93.84
2013-05-27,2025-11-20,2025-11-20,
2013-05-28,2025-11-20,2025-11-20,94.65
2013-05-29,2025-11-20,2025-11-20,93.13
2013-05-30,2025-11-20,2025-11-20,93.57
2013-05-31,2025-11-20,2025-11-20,91.93
2013-06-03,2025-11-20,2025-11-20,93.41
2013-06-04,2025-11-20,2025-11-20,93.36
2013-06-05,2025-11-20,2025-11-20,93.66
2013-06-06,2025-11-20,2025-11-20,94.71
2013-06-07,2025-11-20,2025-11-20,96.11
2013-06-10,2025-11-20,2025-11-20,95.82
2013-06-11,2025-11-20,2025-11-20,95.5
2013-06-12,2025-11-20,2025-11-20,95.98
2013-06-13,2025-11-20,2025-11-20,96.66
2013-06-14,2025-11-20,2025-11-20,97.83
2013-06-17,2025-11-20,2025-11-20,97.86
2013-06-18,2025-11-20,2025-11-20,98.46
2013-06-19,2025-11-20,2025-11-20,98.24
2013-06-20,2025-11-20,2025-11-20,94.89
2013-06-21,2025-11-20,2025-11-20,93.81
2013-06-24,2025-11-20,2025-11-20,95.07
2013-06-25,2025-11-20,2025-11-20,95.25
2013-06-26,2025-11-20,2025-11-20,95.47
2013-06-27,2025-11-20,2025-11-20,97.0
2013-06-28,2025-11-20,2025-11-20,96.36
2013-07-01,2025-11-20,2025-11-20,97.94
2013-07-02,2025-11-20,2025-11-20,99.65
2013-07-03,2025-11-20,2025-11-20,101.92
2013-07-04,2025-11-20,2025-11-20,
2013-07-05,2025-11-20,2025-11-20,103.09
2013-07-08,2025-11-20,2025-11-20,103.03
2013-07-09,2025-11-20,2025-11-20,103.46
2013-07-10,2025-11-20,2025-11-20,106.41
2013-07-11,2025-11-20,2025-11-20,104.77
2013-07-12,2025-11-20,2025-11-20,105.85
2013-07-15,2025-11-20,2025-11-20,106.2
2013-07-16,2025-11-20,2025-11-20,105.88
2013-07-17,2025-11-20,2025-11-20,106.39
2013-07-18,2025-11-20,2025-11-20,107.94
2013-07-19,2025-11-20,2025-11-20,108.0
2013-07-22,2025-11-20,2025-11-20,106.61
2013-07-23,2025-11-20,2025-11-20,107.13
2013-07-24,2025-11-20,2025-11-20,105.41
2013-07-25,2025-11-20,2025-11-20,105.47
2013-07-26,2025-11-20,2025-11-20,104.76
2013-07-29,2025-11-20,2025-11-20,104.61
2013-07-30,2025-11-20,2025-11-20,103.14
2013-07-31,2025-11-20,2025-11-20,105.1
2013-08-01,2025-11-20,2025-11-20,107.93
2013-08-02,2025-11-20,2025-11-20,106.94
2013-08-05,2025-11-20,2025-11-20,106.61
2013-08-06,2025-11-20,2025-11-20,105.32
2013-08-07,2025-11-20,2025-11-20,104.41
2013-08-08,2025-11-20,2025-11-20,103.45
2013-08-09,2025-11-20,2025-11-20,106.04
2013-08-12,2025-11-20,2025-11-20,106.19
2013-08-13,2025-11-20,2025-11-20,106.78
2013-08-14,2025-11-20,2025-11-20,106.89
2013-08-15,2025-11-20,2025-11-20,107.43
2013-08-16,2025-11-20,2025-11-20,107.58
2013-08-19,2025-11-20,2025-11-20,107.14
2013-08-20,2025-11-20,2025-11-20,104.9
2013-08-21,2025-11-20,2025-11-20,103.93
2013-08-22,2025-11-20,2025-11-20,104.93
2013-08-23,2025-11-20,2025-11-20,106.48
2013-08-26,2025-11-20,2025-11-20,105.88
2013-08-27,2025-11-20,2025-11-20,109.11
2013-08-28,2025-11-20,2025-11-20,110.17
2013-08-29,2025-11-20,2025-11-20,108.51
2013-08-30,2025-11-20,2025-11-20,107.98
2013-09-02,2025-11-20,2025-11-20,
2013-09-03,2025-11-20,2025-11-20,108.67
2013-09-04,2025-11-20,2025-11-20,107.29
2013-09-05,2025-11-20,2025-11-20,108.5
2013-09-06,2025-11-20,2025-11-20,110.62
2013-09-09,2025-11-20,2025-11-20,109.62
2013-09-10,2025-11-20,2025-11-20,107.48
2013-09-11,2025-11-20,2025-11-20,107.65
2013-09-12,2025-11-20,2025-11-20,108.72
2013-09-13,2025-11-20,2025-11-20,108.31
2013-09-16,2025-11-20,2025-11-20,106.54
2013-09-17,2025-11-20,2025-11-20,105.36
2013-09-18,2025-11-20,2025-11-20,108.23
2013-09-19,2025-11-20,2025-11-20,106.26
2013-09-20,2025-11-20,2025-11-20,104.7
2013-09-23,2025-11-20,2025-11-20,103.62
2013-09-24,2025-11-20,2025-11-20,103.22
2013-09-25,2025-11-20,2025-11-20,102.68
2013-09-26,2025-11-20,2025-11-20,103.1
2013-09-27,2025-11-20,2025-11-20,102.86
2013-09-30,2025-11-20,2025-11-20,102.36
2013-10-01,2025-11-20,2025-11-20,102.09
2013-10-02,2025-11-20,2025-11-20,104.15
2013-10-03,2025-11-20,2025-11-20,103.29
2013-10-04,2025-11-20,2025-11-20,103.83
2013-10-07,2025-11-20,2025-11-20,103.07
2013-10-08,2025-11-20,2025-11-20,103.54
2013-10-09,2025-11-20,2025-11-20,101.63
2013-10-10,2025-11-20,2025-11-20,103.08
2013-10-11,2025-11-20,2025-11-20,102.17
2013-10-14,2025-11-20,2025-11-20,102.46
2013-10-15,2025-11-20,2025-11-20,101.15
2013-10-16,2025-11-20,2025-11-20,102.34
2013-10-17,2025-11-20,2025-11-20,100.72
2013-10-18,2025-11-20,2025-11-20,100.87
2013-10-21,2025-11-20,2025-11-20,99.28
2013-10-22,2025-11-20,2025-11-20,97.63
2013-10-23,2025-11-20,2025-11-20,96.9
2013-10-24,2025-11-20,2025-11-20,96.65
2013-10-25,2025-11-20,2025-11-20,97.4
2013-10-28,2025-11-20,2025-11-20,98.74
2013-10-29,2025-11-20,2025-11-20,98.29
2013-10-30,2025-11-20,2025-11-20,96.81
2013-10-31,2025-11-20,2025-11-20,96.29
2013-11-01,2025-11-20,2025-11-20,94.56
2013-11-04,2025-11-20,2025-11-20,94.58
2013-11-05,2025-11-20,2025-11-20,93.4
2013-11-06,2025-11-20,2025-11-20,94.74
2013-11-07,2025-11-20,2025-11-20,94.25
2013-11-08,2025-11-20,2025-11-20,94.56
2013-11-11,2025-11-20,2025-11-20,95.13
2013-11-12,2025-11-20,2025-11-20,93.12
2013-11-13,2025-11-20,2025-11-20,93.91
2013-11-14,2025-11-20,2025-11-20,93.76
2013-11-15,2025-11-20,2025-11-20,93.8
2013-11-18,2025-11-20,2025-11-20,93.03
2013-11-19,2025-11-20,2025-11-20,93.35
2013-11-20,2025-11-20,2025-11-20,93.34
2013-11-21,2025-11-20,2025-11-20,95.35
2013-11-22,2025-11-20,2025-11-20,94.53
2013-11-25,2025-11-20,2025-11-20,93.86
2013-11-26,2025-11-20,2025-11-20,93.41
2013-11-27,2025-11-20,2025-11-20,92.05
2013-11-28,2025-11-20,2025-11-20,
2013-11-29,2025-11-20,2025-11-20,92.55
2013-12-02,2025-11-20,2025-11-20,93.61
2013-12-03,2025-11-20,2025-11-20,95.83
2013-12-04,2025-11-20,2025-11-20,96.97
2013-12-05,2025-11-20,2025-11-20,97.14
2013-12-06,2025-11-20,2025-11-20,97.48
2013-12-09,2025-11-20,2025-11-20,97.1
2013-12-10,2025-11-20,2025-11-20,98.32
2013-12-11,2025-11-20,2025-11-20,97.25
2013-12-12,2025-11-20,2025-11-20,97.21
2013-12-13,2025-11-20,2025-11-20,96.27
2013-12-16,2025-11-20,2025-11-20,97.18
2013-12-17,2025-11-20,2025-11-20,96.99
2013-12-18,2025-11-20,2025-11-20,97.59
2013-12-19,2025-11-20,2025-11-20,98.4
2013-12-20,2025-11-20,2025-11-20,99.11
2013-12-23,2025-11-20,2025-11-20,98.62
2013-12-24,2025-11-20,2025-11-20,98.87
2013-12-25,2025-11-20,2025-11-20,
2013-12-26,2025-11-20,2025-11-20,99.18
2013-12-27,2025-11-20,2025-11-20,99.94
2013-12-30,2025-11-20,2025-11-20,98.9
2013-12-31,2025-11-20,2025-11-20,98.17
2014-01-01,2025-11-20,2025-11-20,
2014-01-02,2025-11-20,2025-11-20,95.14
2014-01-03,2025-11-20,2025-11-20,93.66
2014-01-06,2025-11-20,2025-11-20,93.12
2014-01-07,2025-11-20,2025-11-20,93.31
2014-01-08,2025-11-20,2025-11-20,91.9
2014-01-09,2025-11-20,2025-11-20,91.36
2014-01-10,2025-11-20,2025-11-20,92.39
2014-01-13,2025-11-20,2025-11-20,91.45
2014-01-14,2025-11-20,2025-11-20,92.15
2014-01-15,2025-11-20,2025-11-20,93.78
2014-01-16,2025-11-20,2025-11-20,93.54
2014-01-17,2025-11-20,2025-11-20,93.96
2014-01-20,2025-11-20,2025-11-20,
2014-01-21,2025-11-20,2025-11-20,94.51
2014-01-22,2025-11-20,2025-11-20,96.35
2014-01-23,2025-11-20,2025-11-20,97.23
2014-01-24,2025-11-20,2025-11-20,96.66
2014-01-27,2025-11-20,2025-11-20,95.82
2014-01-28,2025-11-20,2025-11-20,97.49
2014-01-29,2025-11-20,2025-11-20,97.34
2014-01-30,2025-11-20,2025-11-20,98.25
2014-01-31,2025-11-20,2025-11-20,97.55
2014-02-03,2025-11-20,2025-11-20,96.44
2014-02-04,2025-11-20,2025-11-20,97.24
2014-02-05,2025-11-20,2025-11-20,97.4
2014-02-06,2025-11-20,2025-11-20,97.84
2014-02-07,2025-11-20,2025-11-20,99.98
2014-02-10,2025-11-20,2025-11-20,100.12
2014-02-11,2025-11-20,2025-11-20,99.96
2014-02-12,2025-11-20,2025-11-20,100.38
2014-02-13,2025-11-20,2025-11-20,100.27
2014-02-14,2025-11-20,2025-11-20,100.31
2014-02-17,2025-11-20,2025-11-20,
2014-02-18,2025-11-20,2025-11-20,102.54
2014-02-19,2025-11-20,2025-11-20,103.46
2014-02-20,2025-11-20,2025-11-20,103.2
2014-02-21,2025-11-20,2025-11-20,102.53
2014-02-24,2025-11-20,2025-11-20,103.17
2014-02-25,2025-11-20,2025-11-20,102.2
2014-02-26,2025-11-20,2025-11-20,102.93
2014-02-27,2025-11-20,2025-11-20,102.68
2014-02-28,2025-11-20,2025-11-20,102.88
2014-03-03,2025-11-20,2025-11-20,105.34
2014-03-04,2025-11-20,2025-11-20,103.64
2014-03-05,2025-11-20,2025-11-20,101.75
2014-03-06,2025-11-20,2025-11-20,101.82
2014-03-07,2025-11-20,2025-11-20,102.82
2014-03-10,2025-11-20,2025-11-20,101.39
2014-03-11,2025-11-20,2025-11-20,100.29
2014-03-12,2025-11-20,2025-11-20,98.29
2014-03-13,2025-11-20,2025-11-20,98.57
2014-03-14,2025-11-20,2025-11-20,99.23
2014-03-17,2025-11-20,2025-11-20,98.43
2014-03-18,2025-11-20,2025-11-20,100.08
2014-03-19,2025-11-20,2025-11-20,100.71
2014-03-20,2025-11-20,2025-11-20,99.68
2014-03-21,2025-11-20,2025-11-20,99.97
2014-03-24,2025-11-20,2025-11-20,100.05
2014-03-25,2025-11-20,2025-11-20,99.66
2014-03-26,2025-11-20,2025-11-20,100.61
2014-03-27,2025-11-20,2025-11-20,101.25
2014-03-28,2025-11-20,2025-11-20,101.73
2014-03-31,2025-11-20,2025-11-20,101.57
2014-04-01,2025-11-20,2025-11-20,99.69
2014-04-02,2025-11-20,2025-11-20,99.6
2014-04-03,2025-11-20,2025-11-20,100.29
2014-04-04,2025-11-20,2025-11-20,101.16
2014-04-07,2025-11-20,2025-11-20,100.43
2014-04-08,2025-11-20,2025-11-20,102.57
2014-04-09,2025-11-20,2025-11-20,103.55
2014-04-10,2025-11-20,2025-11-20,103.37
2014-04-11,2025-11-20,2025-11-20,103.68
2014-04-14,2025-11-20,2025-11-20,104.05
2014-04-15,2025-11-20,2025-11-20,103.7
2014-04-16,2025-11-20,2025-11-20,103.71
2014-04-17,2025-11-20,2025-11-20,104.33
2014-04-18,2025-11-20,2025-11-20,
2014-04-21,2025-11-20,2025-11-20,104.35
2014-04-22,2025-11-20,2025-11-20,101.69
2014-04-23,2025-11-20,2025-11-20,101.47
2014-04-24,2025-11-20,2025-11-20,102.2
2014-04-25,2025-11-20,2025-11-20,100.85
2014-04-28,2025-11-20,2025-11-20,101.13
2014-04-29,2025-11-20,2025-11-20,101.56
2014-04-30,2025-11-20,2025-11-20,100.07
2014-05-01,2025-11-20,2025-11-20,99.69
2014-05-02,2025-11-20,2025-11-20,100.09
2014-05-05,2025-11-20,2025-11-20,99.74
2014-05-06,2025-11-20,2025-11-20,99.81
2014-05-07,2025-11-20,2025-11-20,101.06
2014-05-08,2025-11-20,2025-11-20,100.52
2014-05-09,2025-11-20,2025-11-20,100.32
2014-05-12,2025-11-20,2025-11-20,100.89
2014-05-13,2025-11-20,2025-11-20,102.01
2014-05-14,2025-11-20,2025-11-20,102.63
2014-05-15,2025-11-20,2025-11-20,101.74
2014-05-16,2025-11-20,2025-11-20,102.31
2014-05-19,2025-11-20,2025-11-20,102.95
2014-05-20,2025-11-20,2025-11-20,102.8
2014-05-21,2025-11-20,2025-11-20,104.31
2014-05-22,2025-11-20,2025-11-20,104.03
2014-05-23,2025-11-20,2025-11-20,105.01
2014-05-26,2025-11-20,2025-11-20,
2014-05-27,2025-11-20,2025-11-20,104.78
2014-05-28,2025-11-20,2025-11-20,103.37
2014-05-29,2025-11-20,2025-11-20,104.26
2014-05-30,2025-11-20,2025-11-20,103.4
2014-06-02,2025-11-20,2025-11-20,103.07
2014-06-03,2025-11-20,2025-11-20,103.34
2014-06-04,2025-11-20,2025-11-20,103.27
2014-06-05,2025-11-20,2025-11-20,103.17
2014-06-06,2025-11-20,2025-11-20,103.32
2014-06-09,2025-11-20,2025-11-20,105.09
2014-06-10,2025-11-20,2025-11-20,105.02
2014-06-11,2025-11-20,2025-11-20,105.04
2014-06-12,2025-11-20,2025-11-20,107.2
2014-06-13,2025-11-20,2025-11-20,107.49
2014-06-16,2025-11-20,2025-11-20,107.52
2014-06-17,2025-11-20,2025-11-20,106.95
2014-06-18,2025-11-20,2025-11-20,106.64
2014-06-19,2025-11-20,2025-11-20,107.08
2014-06-20,2025-11-20,2025-11-20,107.95
2014-06-23,2025-11-20,2025-11-20,106.83
2014-06-24,2025-11-20,2025-11-20,106.64
2014-06-25,2025-11-20,2025-11-20,107.04
2014-06-26,2025-11-20,2025-11-20,106.49
2014-06-27,2025-11-20,2025-11-20,106.46
2014-06-30,2025-11-20,2025-11-20,106.07
2014-07-01,2025-11-20,2025-11-20,106.06
2014-07-02,2025-11-20,2025-11-20,105.18
2014-07-03,2025-11-20,2025-11-20,104.76
2014-07-04,2025-11-20,2025-11-20,
2014-07-07,2025-11-20,2025-11-20,104.19
2014-07-08,2025-11-20,2025-11-20,104.06
2014-07-09,2025-11-20,2025-11-20,102.93
2014-07-10,2025-11-20,2025-11-20,103.61
2014-07-11,2025-11-20,2025-11-20,101.48
2014-07-14,2025-11-20,2025-11-20,101.73
2014-07-15,2025-11-20,2025-11-20,100.56
2014-07-16,2025-11-20,2025-11-20,101.88
2014-07-17,2025-11-20,2025-11-20,103.84
2014-07-18,2025-11-20,2025-11-20,103.83
2014-07-21,2025-11-20,2025-11-20,105.34
2014-07-22,2025-11-20,2025-11-20,104.59
2014-07-23,2025-11-20,2025-11-20,103.81
2014-07-24,2025-11-20,2025-11-20,102.76
2014-07-25,2025-11-20,2025-11-20,105.23
2014-07-28,2025-11-20,2025-11-20,105.68
2014-07-29,2025-11-20,2025-11-20,104.91
2014-07-30,2025-11-20,2025-11-20,104.29
2014-07-31,2025-11-20,2025-11-20,98.23
2014-08-01,2025-11-20,2025-11-20,97.86
2014-08-04,2025-11-20,2025-11-20,98.26
2014-08-05,2025-11-20,2025-11-20,97.34
2014-08-06,2025-11-20,2025-11-20,96.93
2014-08-07,2025-11-20,2025-11-20,97.34
2014-08-08,2025-11-20,2025-11-20,97.61
2014-08-11,2025-11-20,2025-11-20,98.09
2014-08-12,2025-11-20,2025-11-20,97.36
2014-08-13,2025-11-20,2025-11-20,97.57
2014-08-14,2025-11-20,2025-11-20,95.54
2014-08-15,2025-11-20,2025-11-20,97.3
2014-08-18,2025-11-20,2025-11-20,96.44
2014-08-19,2025-11-20,2025-11-20,94.35
2014-08-20,2025-11-20,2025-11-20,96.4
2014-08-21,2025-11-20,2025-11-20,93.97
2014-08-22,2025-11-20,2025-11-20,93.61
2014-08-25,2025-11-20,2025-11-20,95.39
2014-08-26,2025-11-20,2025-11-20,95.78
2014-08-27,2025-11-20,2025-11-20,95.82
2014-08-28,2025-11-20,2025-11-20,96.44
2014-08-29,2025-11-20,2025-11-20,97.86
2014-09-01,2025-11-20,2025-11-20,
2014-09-02,2025-11-20,2025-11-20,92.92
2014-09-03,2025-11-20,2025-11-20,95.5
2014-09-04,2025-11-20,2025-11-20,94.51
2014-09-05,2025-11-20,2025-11-20,93.32
2014-09-08,2025-11-20,2025-11-20,92.64
2014-09-09,2025-11-20,2025-11-20,92.73
2014-09-10,2025-11-20,2025-11-20,91.71
2014-09-11,2025-11-20,2025-11-20,92.89
2014-09-12,2025-11-20,2025-11-20,92.18
2014-09-15,2025-11-20,2025-11-20,92.86
2014-09-16,2025-11-20,2025-11-20,94.91
2014-09-17,2025-11-20,2025-11-20,94.33
2014-09-18,2025-11-20,2025-11-20,93.07
2014-09-19,2025-11-20,2025-11-20,92.43
2014-09-22,2025-11-20,2025-11-20,91.46
2014-09-23,2025-11-20,2025-11-20,91.55
2014-09-24,2025-11-20,2025-11-20,93.6
2014-09-25,2025-11-20,2025-11-20,93.59
2014-09-26,2025-11-20,2025-11-20,95.55
2014-09-29,2025-11-20,2025-11-20,94.53
2014-09-30,2025-11-20,2025-11-20,91.17
2014-10-01,2025-11-20,2025-11-20,90.74
2014-10-02,2025-11-20,2025-11-20,91.02
2014-10-03,2025-11-20,2025-11-20,89.76
2014-10-06,2025-11-20,2025-11-20,90.33
2014-10-07,2025-11-20,2025-11-20,88.89
2014-10-08,2025-11-20,2025-11-20,87.29
2014-10-09,2025-11-20,2025-11-20,85.76
2014-10-10,2025-11-20,2025-11-20,85.87
2014-10-13,2025-11-20,2025-11-20,85.73
2014-10-14,2025-11-20,2025-11-20,81.72
2014-10-15,2025-11-20,2025-11-20,81.82
2014-10-16,2025-11-20,2025-11-20,82.33
2014-10-17,2025-11-20,2025-11-20,82.8
2014-10-20,2025-11-20,2025-11-20,82.76
2014-10-21,2025-11-20,2025-11-20,83.25
2014-10-22,2025-11-20,2025-11-20,80.52
2014-10-23,2025-11-20,2025-11-20,82.81
2014-10-24,2025-11-20,2025-11-20,81.27
2014-10-27,2025-11-20,2025-11-20,81.26
2014-10-28,2025-11-20,2025-11-20,81.36
2014-10-29,2025-11-20,2025-11-20,82.25
2014-10-30,2025-11-20,2025-11-20,81.06
2014-10-31,2025-11-20,2025-11-20,80.53
2014-11-03,2025-11-20,2025-11-20,78.77
2014-11-04,2025-11-20,2025-11-20,77.15
2014-11-05,2025-11-20,2025-11-20,78.71
2014-11-06,2025-11-20,2025-11-20,77.87
2014-11-07,2025-11-20,2025-11-20,78.71
2014-11-10,2025-11-20,2025-11-20,77.43
2014-11-11,2025-11-20,2025-11-20,77.85
2014-11-12,2025-11-20,2025-11-20,77.16
2014-11-13,2025-11-20,2025-11-20,74.13
2014-11-14,2025-11-20,2025-11-20,75.91
2014-11-17,2025-11-20,2025-11-20,75.64
2014-11-18,2025-11-20,2025-11-20,74.55
2014-11-19,2025-11-20,2025-11-20,74.55
2014-11-20,2025-11-20,2025-11-20,75.63
2014-11-21,2025-11-20,2025-11-20,76.52
2014-11-24,2025-11-20,2025-11-20,75.74
2014-11-25,2025-11-20,2025-11-20,74.04
2014-11-26,2025-11-20,2025-11-20,73.7
2014-11-27,2025-11-20,2025-11-20,
2014-11-28,2025-11-20,2025-11-20,65.94
2014-12-01,2025-11-20,2025-11-20,68.98
2014-12-02,2025-11-20,2025-11-20,66.99
2014-12-03,2025-11-20,2025-11-20,67.3
2014-12-04,2025-11-20,2025-11-20,66.73
2014-12-05,2025-11-20,2025-11-20,65.89
2014-12-08,2025-11-20,2025-11-20,63.13
2014-12-09,2025-11-20,2025-11-20,63.74
2014-12-10,2025-11-20,2025-11-20,60.99
2014-12-11,2025-11-20,2025-11-20,60.01
2014-12-12,2025-11-20,2025-11-20,57.81
2014-12-15,2025-11-20,2025-11-20,55.96
2014-12-16,2025-11-20,2025-11-20,55.97
2014-12-17,2025-11-20,2025-11-20,56.43
2014-12-18,2025-11-20,2025-11-20,54.18
2014-12-19,2025-11-20,2025-11-20,56.91
2014-12-22,2025-11-20,2025-11-20,55.25
2014-12-23,2025-11-20,2025-11-20,56.78
2014-12-24,2025-11-20,2025-11-20,55.7
2014-12-25,2025-11-20,2025-11-20,
2014-12-26,2025-11-20,2025-11-20,54.59
2014-12-29,2025-11-20,2025-11-20,53.46
2014-12-30,2025-11-20,2025-11-20,54.14
2014-12-31,2025-11-20,2025-11-20,53.45
2015-01-01,2025-11-20,2025-11-20,
2015-01-02,2025-11-20,2025-11-20,52.72
2015-01-05,2025-11-20,2025-11-20,50.05
2015-01-06,2025-11-20,2025-11-20,47.98
2015-01-07,2025-11-20,2025-11-20,48.69
2015-01-08,2025-11-20,2025-11-20,48.8
2015-01-09,2025-11-20,2025-11-20,48.35
2015-01-12,2025-11-20,2025-11-20,46.06
2015-01-13,2025-11-20,2025-11-20,45.92
2015-01-14,2025-11-20,2025-11-20,48.49
2015-01-15,2025-11-20,2025-11-20,46.37
2015-01-16,2025-11-20,2025-11-20,48.49
2015-01-19,2025-11-20,2025-11-20,
2015-01-20,2025-11-20,2025-11-20,46.79
2015-01-21,2025-11-20,2025-11-20,47.85
2015-01-22,2025-11-20,2025-11-20,45.93
2015-01-23,2025-11-20,2025-11-20,45.26
2015-01-26,2025-11-20,2025-11-20,44.8
2015-01-27,2025-11-20,2025-11-20,45.84
2015-01-28,2025-11-20,2025-11-20,44.08
2015-01-29,2025-11-20,2025-11-20,44.12
2015-01-30,2025-11-20,2025-11-20,47.79
2015-02-02,2025-11-20,2025-11-20,49.25
2015-02-03,2025-11-20,2025-11-20,53.04
2015-02-04,2025-11-20,2025-11-20,48.45
2015-02-05,2025-11-20,2025-11-20,50.48
2015-02-06,2025-11-20,2025-11-20,51.66
2015-02-09,2025-11-20,2025-11-20,52.99
2015-02-10,2025-11-20,2025-11-20,50.06
2015-02-11,2025-11-20,2025-11-20,48.8
2015-02-12,2025-11-20,2025-11-20,51.17
2015-02-13,2025-11-20,2025-11-20,52.66
2015-02-16,2025-11-20,2025-11-20,
2015-02-17,2025-11-20,2025-11-20,53.56
2015-02-18,2025-11-20,2025-11-20,52.13
2015-02-19,2025-11-20,2025-11-20,51.12
2015-02-20,2025-11-20,2025-11-20,49.95
2015-02-23,2025-11-20,2025-11-20,49.56
2015-02-24,2025-11-20,2025-11-20,48.48
2015-02-25,2025-11-20,2025-11-20,50.25
2015-02-26,2025-11-20,2025-11-20,47.65
2015-02-27,2025-11-20,2025-11-20,49.84
2015-03-02,2025-11-20,2025-11-20,49.59
2015-03-03,2025-11-20,2025-11-20,50.43
2015-03-04,2025-11-20,2025-11-20,51.53
2015-03-05,2025-11-20,2025-11-20,50.76
2015-03-06,2025-11-20,2025-11-20,49.61
2015-03-09,2025-11-20,2025-11-20,49.95
2015-03-10,2025-11-20,2025-11-20,48.42
2015-03-11,2025-11-20,2025-11-20,48.06
2015-03-12,2025-11-20,2025-11-20,47.12
2015-03-13,2025-11-20,2025-11-20,44.88
2015-03-16,2025-11-20,2025-11-20,43.93
2015-03-17,2025-11-20,2025-11-20,43.39
2015-03-18,2025-11-20,2025-11-20,44.63
2015-03-19,2025-11-20,2025-11-20,44.02
2015-03-20,2025-11-20,2025-11-20,46.0
2015-03-23,2025-11-20,2025-11-20,47.4
2015-03-24,2025-11-20,2025-11-20,47.03
2015-03-25,2025-11-20,2025-11-20,48.75
2015-03-26,2025-11-20,2025-11-20,51.41
2015-03-27,2025-11-20,2025-11-20,48.83
2015-03-30,2025-11-20,2025-11-20,48.66
2015-03-31,2025-11-20,2025-11-20,47.72
2015-04-01,2025-11-20,2025-11-20,50.12
2015-04-02,2025-11-20,2025-11-20,49.13
2015-04-03,2025-11-20,2025-11-20,
2015-04-06,2025-11-20,2025-11-20,52.08
2015-04-07,2025-11-20,2025-11-20,53.95
2015-04-08,2025-11-20,2025-11-20,50.44
2015-04-09,2025-11-20,2025-11-20,50.79
2015-04-10,2025-11-20,2025-11-20,51.63
2015-04-13,2025-11-20,2025-11-20,51.95
2015-04-14,2025-11-20,2025-11-20,53.3
2015-04-15,2025-11-20,2025-11-20,56.25
2015-04-16,2025-11-20,2025-11-20,56.69
2015-04-17,2025-11-20,2025-11-20,55.71
2015-04-20,2025-11-20,2025-11-20,56.37
2015-04-21,2025-11-20,2025-11-20,55.58
2015-04-22,2025-11-20,2025-11-20,56.17
2015-04-23,2025-11-20,2025-11-20,56.59
2015-04-24,2025-11-20,2025-11-20,55.98
2015-04-27,2025-11-20,2025-11-20,55.56
2015-04-28,2025-11-20,2025-11-20,57.05
2015-04-29,2025-11-20,2025-11-20,58.55
2015-04-30,2025-11-20,2025-11-20,59.62
2015-05-01,2025-11-20,2025-11-20,59.1
2015-05-04,2025-11-20,2025-11-20,58.92
2015-05-05,2025-11-20,2025-11-20,60.38
2015-05-06,2025-11-20,2025-11-20,60.93
2015-05-07,2025-11-20,2025-11-20,58.99
2015-05-08,2025-11-20,2025-11-20,59.41
2015-05-11,2025-11-20,2025-11-20,59.23
2015-05-12,2025-11-20,2025-11-20,60.72
2015-05-13,2025-11-20,2025-11-20,60.5
2015-05-14,2025-11-20,2025-11-20,59.89
2015-05-15,2025-11-20,2025-11-20,59.73
2015-05-18,2025-11-20,2025-11-20,59.44
2015-05-19,2025-11-20,2025-11-20,57.3
2015-05-20,2025-11-20,2025-11-20,58.96
2015-05-21,2025-11-20,2025-11-20,60.18
2015-05-22,2025-11-20,2025-11-20,58.88
2015-05-25,2025-11-20,2025-11-20,
2015-05-26,2025-11-20,2025-11-20,57.29
2015-05-27,2025-11-20,2025-11-20,57.51
2015-05-28,2025-11-20,2025-11-20,57.69
2015-05-29,2025-11-20,2025-11-20,60.25
2015-06-01,2025-11-20,2025-11-20,60.24
2015-06-02,2025-11-20,2025-11-20,61.3
2015-06-03,2025-11-20,2025-11-20,59.67
2015-06-04,2025-11-20,2025-11-20,58.0
2015-06-05,2025-11-20,2025-11-20,59.11
2015-06-08,2025-11-20,2025-11-20,58.15
2015-06-09,2025-11-20,2025-11-20,60.15
2015-06-10,2025-11-20,2025-11-20,61.36
2015-06-11,2025-11-20,2025-11-20,60.74
2015-06-12,2025-11-20,2025-11-20,59.96
2015-06-15,2025-11-20,2025-11-20,59.53
2015-06-16,2025-11-20,2025-11-20,60.01
2015-06-17,2025-11-20,2025-11-20,59.89
2015-06-18,2025-11-20,2025-11-20,60.41
2015-06-19,2025-11-20,2025-11-20,59.62
2015-06-22,2025-11-20,2025-11-20,60.01
2015-06-23,2025-11-20,2025-11-20,61.05
2015-06-24,2025-11-20,2025-11-20,60.01
2015-06-25,2025-11-20,2025-11-20,59.59
2015-06-26,2025-11-20,2025-11-20,59.41
2015-06-29,2025-11-20,2025-11-20,58.34
2015-06-30,2025-11-20,2025-11-20,59.48
2015-07-01,2025-11-20,2025-11-20,56.94
2015-07-02,2025-11-20,2025-11-20,56.93
2015-07-03,2025-11-20,2025-11-20,
2015-07-06,2025-11-20,2025-11-20,52.48
2015-07-07,2025-11-20,2025-11-20,52.33
2015-07-08,2025-11-20,2025-11-20,51.61
2015-07-09,2025-11-20,2025-11-20,52.76
2015-07-10,2025-11-20,2025-11-20,52.74
2015-07-13,2025-11-20,2025-11-20,52.19
2015-07-14,2025-11-20,2025-11-20,53.05
2015-07-15,2025-11-20,2025-11-20,51.4
2015-07-16,2025-11-20,2025-11-20,50.9
2015-07-17,2025-11-20,2025-11-20,50.88
2015-07-20,2025-11-20,2025-11-20,50.11
2015-07-21,2025-11-20,2025-11-20,50.59
2015-07-22,2025-11-20,2025-11-20,49.27
2015-07-23,2025-11-20,2025-11-20,48.11
2015-07-24,2025-11-20,2025-11-20,47.98
2015-07-27,2025-11-20,2025-11-20,47.17
2015-07-28,2025-11-20,2025-11-20,47.97
2015-07-29,2025-11-20,2025-11-20,48.77
2015-07-30,2025-11-20,2025-11-20,48.53
2015-07-31,2025-11-20,2025-11-20,47.11
2015-08-03,2025-11-20,2025-11-20,45.25
2015-08-04,2025-11-20,2025-11-20,45.75
2015-08-05,2025-11-20,2025-11-20,45.13
2015-08-06,2025-11-20,2025-11-20,44.69
2015-08-07,2025-11-20,2025-11-20,43.87
2015-08-10,2025-11-20,2025-11-20,44.94
2015-08-11,2025-11-20,2025-11-20,43.11
2015-08-12,2025-11-20,2025-11-20,43.22
2015-08-13,2025-11-20,2025-11-20,42.27
2015-08-14,2025-11-20,2025-11-20,42.45
2015-08-17,2025-11-20,2025-11-20,41.93
2015-08-18,2025-11-20,2025-11-20,42.58
2015-08-19,2025-11-20,2025-11-20,40.75
2015-08-20,2025-11-20,2025-11-20,41.0
2015-08-21,2025-11-20,2025-11-20,40.45
2015-08-24,2025-11-20,2025-11-20,38.22
2015-08-25,2025-11-20,2025-11-20,39.15
2015-08-26,2025-11-20,2025-11-20,38.5
2015-08-27,2025-11-20,2025-11-20,42.47
2015-08-28,2025-11-20,2025-11-20,45.29
2015-08-31,2025-11-20,2025-11-20,49.2
2015-09-01,2025-11-20,2025-11-20,45.38
2015-09-02,2025-11-20,2025-11-20,46.3
2015-09-03,2025-11-20,2025-11-20,46.75
2015-09-04,2025-11-20,2025-11-20,46.02
2015-09-07,2025-11-20,2025-11-20,
2015-09-08,2025-11-20,2025-11-20,45.92
2015-09-09,2025-11-20,2025-11-20,44.13
2015-09-10,2025-11-20,2025-11-20,45.85
2015-09-11,2025-11-20,2025-11-20,44.75
2015-09-14,2025-11-20,2025-11-20,44.07
2015-09-15,2025-11-20,2025-11-20,44.58
2015-09-16,2025-11-20,2025-11-20,47.12
2015-09-17,2025-11-20,2025-11-20,46.93
2015-09-18,2025-11-20,2025-11-20,44.71
2015-09-21,2025-11-20,2025-11-20,46.67
2015-09-22,2025-11-20,2025-11-20,46.17
2015-09-23,2025-11-20,2025-11-20,44.53
2015-09-24,2025-11-20,2025-11-20,44.94
2015-09-25,2025-11-20,2025-11-20,45.55
2015-09-28,2025-11-20,2025-11-20,44.4
2015-09-29,2025-11-20,2025-11-20,45.24
2015-09-30,2025-11-20,2025-11-20,45.06
2015-10-01,2025-11-20,2025-11-20,44.75
2015-10-02,2025-11-20,2025-11-20,45.54
2015-10-05,2025-11-20,2025-11-20,46.28
2015-10-06,2025-11-20,2025-11-20,48.53
2015-10-07,2025-11-20,2025-11-20,47.86
2015-10-08,2025-11-20,2025-11-20,49.46
2015-10-09,2025-11-20,2025-11-20,49.67
2015-10-12,2025-11-20,2025-11-20,47.09
2015-10-13,2025-11-20,2025-11-20,46.7
2015-10-14,2025-11-20,2025-11-20,46.63
2015-10-15,2025-11-20,2025-11-20,46.38
2015-10-16,2025-11-20,2025-11-20,47.3
2015-10-19,2025-11-20,2025-11-20,45.91
2015-10-20,2025-11-20,2025-11-20,45.84
2015-10-21,2025-11-20,2025-11-20,45.22
2015-10-22,2025-11-20,2025-11-20,44.9
2015-10-23,2025-11-20,2025-11-20,43.91
2015-10-26,2025-11-20,2025-11-20,43.19
2015-10-27,2025-11-20,2025-11-20,43.21
2015-10-28,2025-11-20,2025-11-20,45.93
2015-10-29,2025-11-20,2025-11-20,46.02
2015-10-30,2025-11-20,2025-11-20,46.6
2015-11-02,2025-11-20,2025-11-20,46.12
2015-11-03,2025-11-20,2025-11-20,47.88
2015-11-04,2025-11-20,2025-11-20,46.32
2015-11-05,2025-11-20,2025-11-20,45.27
2015-11-06,2025-11-20,2025-11-20,44.32
2015-11-09,2025-11-20,2025-11-20,43.87
2015-11-10,2025-11-20,2025-11-20,44.23
2015-11-11,2025-11-20,2025-11-20,42.95
2015-11-12,2025-11-20,2025-11-20,41.74
2015-11-13,2025-11-20,2025-11-20,40.69
2015-11-16,2025-11-20,2025-11-20,41.68
2015-11-17,2025-11-20,2025-11-20,40.73
2015-11-18,2025-11-20,2025-11-20,40.75
2015-11-19,2025-11-20,2025-11-20,40.55
2015-11-20,2025-11-20,2025-11-20,39.39
2015-11-23,2025-11-20,2025-11-20,39.27
2015-11-24,2025-11-20,2025-11-20,40.89
2015-11-25,2025-11-20,2025-11-20,41.22
2015-11-26,2025-11-20,2025-11-20,
2015-11-27,2025-11-20,2025-11-20,40.57
2015-11-30,2025-11-20,2025-11-20,40.43
2015-12-01,2025-11-20,2025-11-20,40.58
2015-12-02,2025-11-20,2025-11-20,39.93
2015-12-03,2025-11-20,2025-11-20,41.08
2015-12-04,2025-11-20,2025-11-20,40.0
2015-12-07,2025-11-20,2025-11-20,37.64
2015-12-08,2025-11-20,2025-11-20,37.46
2015-12-09,2025-11-20,2025-11-20,37.16
2015-12-10,2025-11-20,2025-11-20,36.76
2015-12-11,2025-11-20,2025-11-20,35.65
2015-12-14,2025-11-20,2025-11-20,36.31
2015-12-15,2025-11-20,2025-11-20,37.32
2015-12-16,2025-11-20,2025-11-20,35.55
2015-12-17,2025-11-20,2025-11-20,34.98
2015-12-18,2025-11-20,2025-11-20,34.72
2015-12-21,2025-11-20,2025-11-20,34.55
2015-12-22,2025-11-20,2025-11-20,36.12
2015-12-23,2025-11-20,2025-11-20,36.76
2015-12-24,2025-11-20,2025-11-20,37.62
2015-12-25,2025-11-20,2025-11-20,
2015-12-28,2025-11-20,2025-11-20,36.36
2015-12-29,2025-11-20,2025-11-20,37.88
2015-12-30,2025-11-20,2025-11-20,36.59
2015-12-31,2025-11-20,2025-11-20,37.13
2016-01-01,2025-11-20,2025-11-20,
2016-01-04,2025-11-20,2025-11-20,36.81
2016-01-05,2025-11-20,2025-11-20,35.97
2016-01-06,2025-11-20,2025-11-20,33.97
2016-01-07,2025-11-20,2025-11-20,33.29
2016-01-08,2025-11-20,2025-11-20,33.2
2016-01-11,2025-11-20,2025-11-20,31.42
2016-01-12,2025-11-20,2025-11-20,30.42
2016-01-13,2025-11-20,2025-11-20,30.42
2016-01-14,2025-11-20,2025-11-20,31.22
2016-01-15,2025-11-20,2025-11-20,29.45
2016-01-18,2025-11-20,2025-11-20,
2016-01-19,2025-11-20,2025-11-20,28.47
2016-01-20,2025-11-20,2025-11-20,26.68
2016-01-21,2025-11-20,2025-11-20,29.55
2016-01-22,2025-11-20,2025-11-20,32.07
2016-01-25,2025-11-20,2025-11-20,30.31
2016-01-26,2025-11-20,2025-11-20,29.54
2016-01-27,2025-11-20,2025-11-20,32.32
2016-01-28,2025-11-20,2025-11-20,33.21
2016-01-29,2025-11-20,2025-11-20,33.66
2016-02-01,2025-11-20,2025-11-20,31.62
2016-02-02,2025-11-20,2025-11-20,29.9
2016-02-03,2025-11-20,2025-11-20,32.29
2016-02-04,2025-11-20,2025-11-20,31.63
2016-02-05,2025-11-20,2025-11-20,30.86
2016-02-08,2025-11-20,2025-11-20,29.71
2016-02-09,2025-11-20,2025-11-20,27.96
2016-02-10,2025-11-20,2025-11-20,27.54
2016-02-11,2025-11-20,2025-11-20,26.19
2016-02-12,2025-11-20,2025-11-20,29.32
2016-02-15,2025-11-20,2025-11-20,
2016-02-16,2025-11-20,2025-11-20,29.05
2016-02-17,2025-11-20,2025-11-20,30.68
2016-02-18,2025-11-20,2025-11-20,30.77
2016-02-19,2025-11-20,2025-11-20,29.59
2016-02-22,2025-11-20,2025-11-20,31.37
2016-02-23,2025-11-20,2025-11-20,31.84
2016-02-24,2025-11-20,2025-11-20,30.35
2016-02-25,2025-11-20,2025-11-20,31.4
2016-02-26,2025-11-20,2025-11-20,31.65
2016-02-29,2025-11-20,2025-11-20,32.74
2016-03-01,2025-11-20,2025-11-20,34.39
2016-03-02,2025-11-20,2025-11-20,34.57
2016-03-03,2025-11-20,2025-11-20,34.56
2016-03-04,2025-11-20,2025-11-20,35.91
2016-03-07,2025-11-20,2025-11-20,37.9
2016-03-08,2025-11-20,2025-11-20,36.67
2016-03-09,2025-11-20,2025-11-20,37.62
2016-03-10,2025-11-20,2025-11-20,37.77
2016-03-11,2025-11-20,2025-11-20,38.51
2016-03-14,2025-11-20,2025-11-20,37.2
2016-03-15,2025-11-20,2025-11-20,36.32
2016-03-16,2025-11-20,2025-11-20,38.43
2016-03-17,2025-11-20,2025-11-20,40.17
2016-03-18,2025-11-20,2025-11-20,39.47
2016-03-21,2025-11-20,2025-11-20,39.91
2016-03-22,2025-11-20,2025-11-20,41.45
2016-03-23,2025-11-20,2025-11-20,38.28
2016-03-24,2025-11-20,2025-11-20,38.14
2016-03-25,2025-11-20,2025-11-20,
2016-03-28,2025-11-20,2025-11-20,37.99
2016-03-29,2025-11-20,2025-11-20,36.91
2016-03-30,2025-11-20,2025-11-20,36.91
2016-03-31,2025-11-20,2025-11-20,36.94
2016-04-01,2025-11-20,2025-11-20,35.36
2016-04-04,2025-11-20,2025-11-20,34.3
2016-04-05,2025-11-20,2025-11-20,34.52
2016-04-06,2025-11-20,2025-11-20,37.74
2016-04-07,2025-11-20,2025-11-20,37.3
2016-04-08,2025-11-20,2025-11-20,39.74
2016-04-11,2025-11-20,2025-11-20,40.46
2016-04-12,2025-11-20,2025-11-20,42.12
2016-04-13,2025-11-20,2025-11-20,41.7
2016-04-14,2025-11-20,2025-11-20,41.45
2016-04-15,2025-11-20,2025-11-20,40.4
2016-04-18,2025-11-20,2025-11-20,39.74
2016-04-19,2025-11-20,2025-11-20,40.88
2016-04-20,2025-11-20,2025-11-20,42.72
2016-04-21,2025-11-20,2025-11-20,43.18
2016-04-22,2025-11-20,2025-11-20,42.76
2016-04-25,2025-11-20,2025-11-20,41.67
2016-04-26,2025-11-20,2025-11-20,42.52
2016-04-27,2025-11-20,2025-11-20,45.29
2016-04-28,2025-11-20,2025-11-20,46.03
2016-04-29,2025-11-20,2025-11-20,45.98
2016-05-02,2025-11-20,2025-11-20,44.75
2016-05-03,2025-11-20,2025-11-20,43.65
2016-05-04,2025-11-20,2025-11-20,43.77
2016-05-05,2025-11-20,2025-11-20,44.33
2016-05-06,2025-11-20,2025-11-20,44.58
2016-05-09,2025-11-20,2025-11-20,43.45
2016-05-10,2025-11-20,2025-11-20,44.68
2016-05-11,2025-11-20,2025-11-20,46.21
2016-05-12,2025-11-20,2025-11-20,46.64
2016-05-13,2025-11-20,2025-11-20,46.22
2016-05-16,2025-11-20,2025-11-20,47.72
2016-05-17,2025-11-20,2025-11-20,48.29
2016-05-18,2025-11-20,2025-11-20,48.12
2016-05-19,2025-11-20,2025-11-20,48.16
2016-05-20,2025-11-20,2025-11-20,47.67
2016-05-23,2025-11-20,2025-11-20,48.12
2016-05-24,2025-11-20,2025-11-20,48.04
2016-05-25,2025-11-20,2025-11-20,49.1
2016-05-26,2025-11-20,2025-11-20,49.0
2016-05-27,2025-11-20,2025-11-20,49.36
2016-05-30,2025-11-20,2025-11-20,
2016-05-31,2025-11-20,2025-11-20,49.1
2016-06-01,2025-11-20,2025-11-20,49.07
2016-06-02,2025-11-20,2025-11-20,49.14
2016-06-03,2025-11-20,2025-11-20,48.69
2016-06-06,2025-11-20,2025-11-20,49.71
2016-06-07,2025-11-20,2025-11-20,50.37
2016-06-08,2025-11-20,2025-11-20,51.23
2016-06-09,2025-11-20,2025-11-20,50.52
2016-06-10,2025-11-20,2025-11-20,49.09
2016-06-13,2025-11-20,2025-11-20,48.89
2016-06-14,2025-11-20,2025-11-20,48.49
2016-06-15,2025-11-20,2025-11-20,47.92
2016-06-16,2025-11-20,2025-11-20,46.14
2016-06-17,2025-11-20,2025-11-20,48.0
2016-06-20,2025-11-20,2025-11-20,49.4
2016-06-21,2025-11-20,2025-11-20,48.95
2016-06-22,2025-11-20,2025-11-20,49.16
2016-06-23,2025-11-20,2025-11-20,49.34
2016-06-24,2025-11-20,2025-11-20,46.7
2016-06-27,2025-11-20,2025-11-20,45.8
2016-06-28,2025-11-20,2025-11-20,47.93
2016-06-29,2025-11-20,2025-11-20,49.85
2016-06-30,2025-11-20,2025-11-20,48.27
2016-07-01,2025-11-20,2025-11-20,49.02
2016-07-04,2025-11-20,2025-11-20,
2016-07-05,2025-11-20,2025-11-20,46.73
2016-07-06,2025-11-20,2025-11-20,47.37
2016-07-07,2025-11-20,2025-11-20,45.22
2016-07-08,2025-11-20,2025-11-20,45.37
2016-07-11,2025-11-20,2025-11-20,44.73
2016-07-12,2025-11-20,2025-11-20,46.82
2016-07-13,2025-11-20,2025-11-20,44.87
2016-07-14,2025-11-20,2025-11-20,45.64
2016-07-15,2025-11-20,2025-11-20,45.93
2016-07-18,2025-11-20,2025-11-20,45.23
2016-07-19,2025-11-20,2025-11-20,44.64
2016-07-20,2025-11-20,2025-11-20,44.96
2016-07-21,2025-11-20,2025-11-20,43.96
2016-07-22,2025-11-20,2025-11-20,43.41
2016-07-25,2025-11-20,2025-11-20,42.4
2016-07-26,2025-11-20,2025-11-20,42.16
2016-07-27,2025-11-20,2025-11-20,41.9
2016-07-28,2025-11-20,2025-11-20,41.13
2016-07-29,2025-11-20,2025-11-20,41.54
2016-08-01,2025-11-20,2025-11-20,40.05
2016-08-02,2025-11-20,2025-11-20,39.5
2016-08-03,2025-11-20,2025-11-20,40.8
2016-08-04,2025-11-20,2025-11-20,41.92
2016-08-05,2025-11-20,2025-11-20,41.83
2016-08-08,2025-11-20,2025-11-20,43.06
2016-08-09,2025-11-20,2025-11-20,42.78
2016-08-10,2025-11-20,2025-11-20,41.75
2016-08-11,2025-11-20,2025-11-20,43.51
2016-08-12,2025-11-20,2025-11-20,44.47
2016-08-15,2025-11-20,2025-11-20,45.72
2016-08-16,2025-11-20,2025-11-20,46.57
2016-08-17,2025-11-20,2025-11-20,46.81
2016-08-18,2025-11-20,2025-11-20,48.2
2016-08-19,2025-11-20,2025-11-20,48.48
2016-08-22,2025-11-20,2025-11-20,46.8
2016-08-23,2025-11-20,2025-11-20,47.54
2016-08-24,2025-11-20,2025-11-20,46.29
2016-08-25,2025-11-20,2025-11-20,46.97
2016-08-26,2025-11-20,2025-11-20,47.64
2016-08-29,2025-11-20,2025-11-20,46.97
2016-08-30,2025-11-20,2025-11-20,46.32
2016-08-31,2025-11-20,2025-11-20,44.68
2016-09-01,2025-11-20,2025-11-20,43.17
2016-09-02,2025-11-20,2025-11-20,44.39
2016-09-05,2025-11-20,2025-11-20,
2016-09-06,2025-11-20,2025-11-20,44.85
2016-09-07,2025-11-20,2025-11-20,45.47
2016-09-08,2025-11-20,2025-11-20,47.63
2016-09-09,2025-11-20,2025-11-20,45.88
2016-09-12,2025-11-20,2025-11-20,46.28
2016-09-13,2025-11-20,2025-11-20,44.91
2016-09-14,2025-11-20,2025-11-20,43.62
2016-09-15,2025-11-20,2025-11-20,43.85
2016-09-16,2025-11-20,2025-11-20,43.04
2016-09-19,2025-11-20,2025-11-20,43.34
2016-09-20,2025-11-20,2025-11-20,43.85
2016-09-21,2025-11-20,2025-11-20,45.33
2016-09-22,2025-11-20,2025-11-20,46.1
2016-09-23,2025-11-20,2025-11-20,44.36
2016-09-26,2025-11-20,2025-11-20,45.6
2016-09-27,2025-11-20,2025-11-20,44.65
2016-09-28,2025-11-20,2025-11-20,47.07
2016-09-29,2025-11-20,2025-11-20,47.72
2016-09-30,2025-11-20,2025-11-20,47.72
2016-10-03,2025-11-20,2025-11-20,48.8
2016-10-04,2025-11-20,2025-11-20,48.67
2016-10-05,2025-11-20,2025-11-20,49.75
2016-10-06,2025-11-20,2025-11-20,50.44
2016-10-07,2025-11-20,2025-11-20,49.76
2016-10-10,2025-11-20,2025-11-20,49.76
2016-10-11,2025-11-20,2025-11-20,50.72
2016-10-12,2025-11-20,2025-11-20,50.14
2016-10-13,2025-11-20,2025-11-20,50.47
2016-10-14,2025-11-20,2025-11-20,50.35
2016-10-17,2025-11-20,2025-11-20,49.97
2016-10-18,2025-11-20,2025-11-20,50.3
2016-10-19,2025-11-20,2025-11-20,51.59
2016-10-20,2025-11-20,2025-11-20,50.31
2016-10-21,2025-11-20,2025-11-20,50.61
2016-10-24,2025-11-20,2025-11-20,50.18
2016-10-25,2025-11-20,2025-11-20,49.45
2016-10-26,2025-11-20,2025-11-20,48.75
2016-10-27,2025-11-20,2025-11-20,49.71
2016-10-28,2025-11-20,2025-11-20,48.72
2016-10-31,2025-11-20,2025-11-20,46.83
2016-11-01,2025-11-20,2025-11-20,46.66
2016-11-02,2025-11-20,2025-11-20,45.32
2016-11-03,2025-11-20,2025-11-20,44.66
2016-11-04,2025-11-20,2025-11-20,44.07
2016-11-07,2025-11-20,2025-11-20,44.88
2016-11-08,2025-11-20,2025-11-20,44.96
2016-11-09,2025-11-20,2025-11-20,45.2
2016-11-10,2025-11-20,2025-11-20,44.62
2016-11-11,2025-11-20,2025-11-20,43.39
2016-11-14,2025-11-20,2025-11-20,43.29
2016-11-15,2025-11-20,2025-11-20,45.86
2016-11-16,2025-11-20,2025-11-20,45.56
2016-11-17,2025-11-20,2025-11-20,45.37
2016-11-18,2025-11-20,2025-11-20,45.69
2016-11-21,2025-11-20,2025-11-20,47.48
2016-11-22,2025-11-20,2025-11-20,48.07
2016-11-23,2025-11-20,2025-11-20,46.72
2016-11-24,2025-11-20,2025-11-20,
2016-11-25,2025-11-20,2025-11-20,46.72
2016-11-28,2025-11-20,2025-11-20,45.66
2016-11-29,2025-11-20,2025-11-20,45.29
2016-11-30,2025-11-20,2025-11-20,49.41
2016-12-01,2025-11-20,2025-11-20,51.08
2016-12-02,2025-11-20,2025-11-20,51.7
2016-12-05,2025-11-20,2025-11-20,51.72
2016-12-06,2025-11-20,2025-11-20,50.95
2016-12-07,2025-11-20,2025-11-20,49.85
2016-12-08,2025-11-20,2025-11-20,50.84
2016-12-09,2025-11-20,2025-11-20,51.51
2016-12-12,2025-11-20,2025-11-20,52.74
2016-12-13,2025-11-20,2025-11-20,52.99
2016-12-14,2025-11-20,2025-11-20,51.01
2016-12-15,2025-11-20,2025-11-20,50.9
2016-12-16,2025-11-20,2025-11-20,51.93
2016-12-19,2025-11-20,2025-11-20,52.13
2016-12-20,2025-11-20,2025-11-20,52.22
2016-12-21,2025-11-20,2025-11-20,51.44
2016-12-22,2025-11-20,2025-11-20,51.98
2016-12-23,2025-11-20,2025-11-20,52.01
2016-12-26,2025-11-20,2025-11-20,
2016-12-27,2025-11-20,2025-11-20,52.82
2016-12-28,2025-11-20,2025-11-20,54.01
2016-12-29,2025-11-20,2025-11-20,53.8
2016-12-30,2025-11-20,2025-11-20,53.75
2017-01-02,2025-11-20,2025-11-20,
2017-01-03,2025-11-20,2025-11-20,52.36
2017-01-04,2025-11-20,2025-11-20,53.26
2017-01-05,2025-11-20,2025-11-20,53.77
2017-01-06,2025-11-20,2025-11-20,53.98
2017-01-09,2025-11-20,2025-11-20,51.95
2017-01-10,2025-11-20,2025-11-20,50.82
2017-01-11,2025-11-20,2025-11-20,52.19
2017-01-12,2025-11-20,2025-11-20,53.01
2017-01-13,2025-11-20,2025-11-20,52.36
2017-01-16,2025-11-20,2025-11-20,
2017-01-17,2025-11-20,2025-11-20,52.45
2017-01-18,2025-11-20,2025-11-20,51.12
2017-01-19,2025-11-20,2025-11-20,51.39
2017-01-20,2025-11-20,2025-11-20,52.33
2017-01-23,2025-11-20,2025-11-20,52.77
2017-01-24,2025-11-20,2025-11-20,52.38
2017-01-25,2025-11-20,2025-11-20,52.14
2017-01-26,2025-11-20,2025-11-20,53.24
2017-01-27,2025-11-20,2025-11-20,53.18
2017-01-30,2025-11-20,2025-11-20,52.63
2017-01-31,2025-11-20,2025-11-20,52.75
2017-02-01,2025-11-20,2025-11-20,53.9
2017-02-02,2025-11-20,2025-11-20,53.55
2017-02-03,2025-11-20,2025-11-20,53.81
2017-02-06,2025-11-20,2025-11-20,53.01
2017-02-07,2025-11-20,2025-11-20,52.19
2017-02-08,2025-11-20,2025-11-20,52.37
2017-02-09,2025-11-20,2025-11-20,52.99
2017-02-10,2025-11-20,2025-11-20,53.84
2017-02-13,2025-11-20,2025-11-20,52.96
2017-02-14,2025-11-20,2025-11-20,53.21
2017-02-15,2025-11-20,2025-11-20,53.11
2017-02-16,2025-11-20,2025-11-20,53.41
2017-02-17,2025-11-20,2025-11-20,53.41
2017-02-20,2025-11-20,2025-11-20,
2017-02-21,2025-11-20,2025-11-20,54.02
2017-02-22,2025-11-20,2025-11-20,53.61
2017-02-23,2025-11-20,2025-11-20,54.48
2017-02-24,2025-11-20,2025-11-20,53.99
2017-02-27,2025-11-20,2025-11-20,54.04
2017-02-28,2025-11-20,2025-11-20,54.0
2017-03-01,2025-11-20,2025-11-20,53.82
2017-03-02,2025-11-20,2025-11-20,52.63
2017-03-03,2025-11-20,2025-11-20,53.33
2017-03-06,2025-11-20,2025-11-20,53.19
2017-03-07,2025-11-20,2025-11-20,52.68
2017-03-08,2025-11-20,2025-11-20,49.83
2017-03-09,2025-11-20,2025-11-20,48.75
2017-03-10,2025-11-20,2025-11-20,48.05
2017-03-13,2025-11-20,2025-11-20,47.95
2017-03-14,2025-11-20,2025-11-20,47.24
2017-03-15,2025-11-20,2025-11-20,48.34
2017-03-16,2025-11-20,2025-11-20,48.3
2017-03-17,2025-11-20,2025-11-20,48.34
2017-03-20,2025-11-20,2025-11-20,47.79
2017-03-21,2025-11-20,2025-11-20,47.02
2017-03-22,2025-11-20,2025-11-20,47.29
2017-03-23,2025-11-20,2025-11-20,47.0
2017-03-24,2025-11-20,2025-11-20,47.3
2017-03-27,2025-11-20,2025-11-20,47.02
2017-03-28,2025-11-20,2025-11-20,48.36
2017-03-29,2025-11-20,2025-11-20,49.47
2017-03-30,2025-11-20,2025-11-20,50.3
2017-03-31,2025-11-20,2025-11-20,50.54
2017-04-03,2025-11-20,2025-11-20,50.25
2017-04-04,2025-11-20,2025-11-20,50.99
2017-04-05,2025-11-20,2025-11-20,51.14
2017-04-06,2025-11-20,2025-11-20,51.69
2017-04-07,2025-11-20,2025-11-20,52.25
2017-04-10,2025-11-20,2025-11-20,53.06
2017-04-11,2025-11-20,2025-11-20,53.38
2017-04-12,2025-11-20,2025-11-20,53.12
2017-04-13,2025-11-20,2025-11-20,53.19
2017-04-14,2025-11-20,2025-11-20,
2017-04-17,2025-11-20,2025-11-20,52.62
2017-04-18,2025-11-20,2025-11-20,52.46
2017-04-19,2025-11-20,2025-11-20,50.49
2017-04-20,2025-11-20,2025-11-20,50.26
2017-04-21,2025-11-20,2025-11-20,49.64
2017-04-24,2025-11-20,2025-11-20,48.9
2017-04-25,2025-11-20,2025-11-20,49.22
2017-04-26,2025-11-20,2025-11-20,49.22
2017-04-27,2025-11-20,2025-11-20,48.96
2017-04-28,2025-11-20,2025-11-20,49.31
2017-05-01,2025-11-20,2025-11-20,48.83
2017-05-02,2025-11-20,2025-11-20,47.65
2017-05-03,2025-11-20,2025-11-20,47.79
2017-05-04,2025-11-20,2025-11-20,45.55
2017-05-05,2025-11-20,2025-11-20,46.23
2017-05-08,2025-11-20,2025-11-20,46.46
2017-05-09,2025-11-20,2025-11-20,45.84
2017-05-10,2025-11-20,2025-11-20,47.28
2017-05-11,2025-11-20,2025-11-20,47.81
2017-05-12,2025-11-20,2025-11-20,47.83
2017-05-15,2025-11-20,2025-11-20,48.86
2017-05-16,2025-11-20,2025-11-20,48.64
2017-05-17,2025-11-20,2025-11-20,49.04
2017-05-18,2025-11-20,2025-11-20,49.36
2017-05-19,2025-11-20,2025-11-20,50.32
2017-05-22,2025-11-20,2025-11-20,50.81
2017-05-23,2025-11-20,2025-11-20,51.12
2017-05-24,2025-11-20,2025-11-20,50.99
2017-05-25,2025-11-20,2025-11-20,48.57
2017-05-26,2025-11-20,2025-11-20,49.58
2017-05-29,2025-11-20,2025-11-20,
2017-05-30,2025-11-20,2025-11-20,49.63
2017-05-31,2025-11-20,2025-11-20,48.29
2017-06-01,2025-11-20,2025-11-20,48.32
2017-06-02,2025-11-20,2025-11-20,47.68
2017-06-05,2025-11-20,2025-11-20,47.4
2017-06-06,2025-11-20,2025-11-20,48.13
2017-06-07,2025-11-20,2025-11-20,45.8
2017-06-08,2025-11-20,2025-11-20,45.68
2017-06-09,2025-11-20,2025-11-20,45.82
2017-06-12,2025-11-20,2025-11-20,46.1
2017-06-13,2025-11-20,2025-11-20,46.41
2017-06-14,2025-11-20,2025-11-20,44.79
2017-06-15,2025-11-20,2025-11-20,44.47
2017-06-16,2025-11-20,2025-11-20,44.73
2017-06-19,2025-11-20,2025-11-20,44.24
2017-06-20,2025-11-20,2025-11-20,43.34
2017-06-21,2025-11-20,2025-11-20,42.48
2017-06-22,2025-11-20,2025-11-20,42.53
2017-06-23,2025-11-20,2025-11-20,42.86
2017-06-26,2025-11-20,2025-11-20,43.24
2017-06-27,2025-11-20,2025-11-20,44.25
2017-06-28,2025-11-20,2025-11-20,44.74
2017-06-29,2025-11-20,2025-11-20,44.88
2017-06-30,2025-11-20,2025-11-20,46.02
2017-07-03,2025-11-20,2025-11-20,
2017-07-04,2025-11-20,2025-11-20,
2017-07-05,2025-11-20,2025-11-20,45.11
2017-07-06,2025-11-20,2025-11-20,45.52
2017-07-07,2025-11-20,2025-11-20,44.25
2017-07-10,2025-11-20,2025-11-20,44.4
2017-07-11,2025-11-20,2025-11-20,45.06
2017-07-12,2025-11-20,2025-11-20,45.48
2017-07-13,2025-11-20,2025-11-20,46.06
2017-07-14,2025-11-20,2025-11-20,46.53
2017-07-17,2025-11-20,2025-11-20,46.02
2017-07-18,2025-11-20,2025-11-20,46.4
2017-07-19,2025-11-20,2025-11-20,47.1
2017-07-20,2025-11-20,2025-11-20,46.73
2017-07-21,2025-11-20,2025-11-20,45.78
2017-07-24,2025-11-20,2025-11-20,46.21
2017-07-25,2025-11-20,2025-11-20,47.77
2017-07-26,2025-11-20,2025-11-20,48.58
2017-07-27,2025-11-20,2025-11-20,49.05
2017-07-28,2025-11-20,2025-11-20,49.72
2017-07-31,2025-11-20,2025-11-20,50.21
2017-08-01,2025-11-20,2025-11-20,49.19
2017-08-02,2025-11-20,2025-11-20,49.6
2017-08-03,2025-11-20,2025-11-20,49.03
2017-08-04,2025-11-20,2025-11-20,49.57
2017-08-07,2025-11-20,2025-11-20,49.37
2017-08-08,2025-11-20,2025-11-20,49.07
2017-08-09,2025-11-20,2025-11-20,49.59
2017-08-10,2025-11-20,2025-11-20,48.54
2017-08-11,2025-11-20,2025-11-20,48.81
2017-08-14,2025-11-20,2025-11-20,47.59
2017-08-15,2025-11-20,2025-11-20,47.57
2017-08-16,2025-11-20,2025-11-20,46.8
2017-08-17,2025-11-20,2025-11-20,47.07
2017-08-18,2025-11-20,2025-11-20,48.59
2017-08-21,2025-11-20,2025-11-20,47.39
2017-08-22,2025-11-20,2025-11-20,47.65
2017-08-23,2025-11-20,2025-11-20,48.45
2017-08-24,2025-11-20,2025-11-20,47.24
2017-08-25,2025-11-20,2025-11-20,47.65
2017-08-28,2025-11-20,2025-11-20,46.4
2017-08-29,2025-11-20,2025-11-20,46.46
2017-08-30,2025-11-20,2025-11-20,45.96
2017-08-31,2025-11-20,2025-11-20,47.26
2017-09-01,2025-11-20,2025-11-20,47.32
2017-09-04,2025-11-20,2025-11-20,
2017-09-05,2025-11-20,2025-11-20,48.63
2017-09-06,2025-11-20,2025-11-20,49.13
2017-09-07,2025-11-20,2025-11-20,49.1
2017-09-08,2025-11-20,2025-11-20,47.44
2017-09-11,2025-11-20,2025-11-20,48.06
2017-09-12,2025-11-20,2025-11-20,48.21
2017-09-13,2025-11-20,2025-11-20,49.3
2017-09-14,2025-11-20,2025-11-20,49.86
2017-09-15,2025-11-20,2025-11-20,49.9
2017-09-18,2025-11-20,2025-11-20,49.88
2017-09-19,2025-11-20,2025-11-20,49.54
2017-09-20,2025-11-20,2025-11-20,50.29
2017-09-21,2025-11-20,2025-11-20,50.58
2017-09-22,2025-11-20,2025-11-20,50.33
2017-09-25,2025-11-20,2025-11-20,51.85
2017-09-26,2025-11-20,2025-11-20,51.59
2017-09-27,2025-11-20,2025-11-20,52.14
2017-09-28,2025-11-20,2025-11-20,51.62
2017-09-29,2025-11-20,2025-11-20,51.67
2017-10-02,2025-11-20,2025-11-20,50.59
2017-10-03,2025-11-20,2025-11-20,50.44
2017-10-04,2025-11-20,2025-11-20,50.0
2017-10-05,2025-11-20,2025-11-20,50.79
2017-10-06,2025-11-20,2025-11-20,49.34
2017-10-09,2025-11-20,2025-11-20,49.58
2017-10-10,2025-11-20,2025-11-20,50.93
2017-10-11,2025-11-20,2025-11-20,51.3
2017-10-12,2025-11-20,2025-11-20,50.61
2017-10-13,2025-11-20,2025-11-20,51.43
2017-10-16,2025-11-20,2025-11-20,51.86
2017-10-17,2025-11-20,2025-11-20,51.87
2017-10-18,2025-11-20,2025-11-20,52.05
2017-10-19,2025-11-20,2025-11-20,51.29
2017-10-20,2025-11-20,2025-11-20,51.63
2017-10-23,2025-11-20,2025-11-20,51.91
2017-10-24,2025-11-20,2025-11-20,52.32
2017-10-25,2025-11-20,2025-11-20,51.97
2017-10-26,2025-11-20,2025-11-20,52.41
2017-10-27,2025-11-20,2025-11-20,53.92
2017-10-30,2025-11-20,2025-11-20,54.11
2017-10-31,2025-11-20,2025-11-20,54.36
2017-11-01,2025-11-20,2025-11-20,54.32
2017-11-02,2025-11-20,2025-11-20,54.55
2017-11-03,2025-11-20,2025-11-20,55.63
2017-11-06,2025-11-20,2025-11-20,57.34
2017-11-07,2025-11-20,2025-11-20,57.19
2017-11-08,2025-11-20,2025-11-20,56.82
2017-11-09,2025-11-20,2025-11-20,57.16
2017-11-10,2025-11-20,2025-11-20,56.75
2017-11-13,2025-11-20,2025-11-20,56.77
2017-11-14,2025-11-20,2025-11-20,55.67
2017-11-15,2025-11-20,2025-11-20,55.28
2017-11-16,2025-11-20,2025-11-20,55.14
2017-11-17,2025-11-20,2025-11-20,56.21
2017-11-20,2025-11-20,2025-11-20,56.21
2017-11-21,2025-11-20,2025-11-20,56.84
2017-11-22,2025-11-20,2025-11-20,57.88
2017-11-23,2025-11-20,2025-11-20,
2017-11-24,2025-11-20,2025-11-20,58.94
2017-11-27,2025-11-20,2025-11-20,58.1
2017-11-28,2025-11-20,2025-11-20,57.96
2017-11-29,2025-11-20,2025-11-20,57.25
2017-11-30,2025-11-20,2025-11-20,57.4
2017-12-01,2025-11-20,2025-11-20,58.35
2017-12-04,2025-11-20,2025-11-20,57.48
2017-12-05,2025-11-20,2025-11-20,57.66
2017-12-06,2025-11-20,2025-11-20,55.79
2017-12-07,2025-11-20,2025-11-20,56.5
2017-12-08,2025-11-20,2025-11-20,57.15
2017-12-11,2025-11-20,2025-11-20,57.84
2017-12-12,2025-11-20,2025-11-20,57.12
2017-12-13,2025-11-20,2025-11-20,56.59
2017-12-14,2025-11-20,2025-11-20,57.0
2017-12-15,2025-11-20,2025-11-20,57.29
2017-12-18,2025-11-20,2025-11-20,57.17
2017-12-19,2025-11-20,2025-11-20,57.49
2017-12-20,2025-11-20,2025-11-20,58.09
2017-12-21,2025-11-20,2025-11-20,58.34
2017-12-22,2025-11-20,2025-11-20,58.25
2017-12-25,2025-11-20,2025-11-20,
2017-12-26,2025-11-20,2025-11-20,59.55
2017-12-27,2025-11-20,2025-11-20,59.67
2017-12-28,2025-11-20,2025-11-20,59.84
2017-12-29,2025-11-20,2025-11-20,60.46
2018-01-01,2025-11-20,2025-11-20,
2018-01-02,2025-11-20,2025-11-20,60.37
2018-01-03,2025-11-20,2025-11-20,61.61
2018-01-04,2025-11-20,2025-11-20,61.98
2018-01-05,2025-11-20,2025-11-20,61.49
2018-01-08,2025-11-20,2025-11-20,61.73
2018-01-09,2025-11-20,2025-11-20,62.92
2018-01-10,2025-11-20,2025-11-20,63.6
2018-01-11,2025-11-20,2025-11-20,63.81
2018-01-12,2025-11-20,2025-11-20,64.22
2018-01-15,2025-11-20,2025-11-20,
2018-01-16,2025-11-20,2025-11-20,63.82
2018-01-17,2025-11-20,2025-11-20,63.92
2018-01-18,2025-11-20,2025-11-20,63.96
2018-01-19,2025-11-20,2025-11-20,63.38
2018-01-22,2025-11-20,2025-11-20,63.66
2018-01-23,2025-11-20,2025-11-20,64.45
2018-01-24,2025-11-20,2025-11-20,65.69
2018-01-25,2025-11-20,2025-11-20,65.62
2018-01-26,2025-11-20,2025-11-20,66.27
2018-01-29,2025-11-20,2025-11-20,65.71
2018-01-30,2025-11-20,2025-11-20,64.64
2018-01-31,2025-11-20,2025-11-20,64.82
2018-02-01,2025-11-20,2025-11-20,65.92
2018-02-02,2025-11-20,2025-11-20,65.5
2018-02-05,2025-11-20,2025-11-20,64.18
2018-02-06,2025-11-20,2025-11-20,63.48
2018-02-07,2025-11-20,2025-11-20,61.91
2018-02-08,2025-11-20,2025-11-20,61.3
2018-02-09,2025-11-20,2025-11-20,59.2
2018-02-12,2025-11-20,2025-11-20,59.41
2018-02-13,2025-11-20,2025-11-20,59.33
2018-02-14,2025-11-20,2025-11-20,60.7
2018-02-15,2025-11-20,2025-11-20,61.48
2018-02-16,2025-11-20,2025-11-20,61.89
2018-02-19,2025-11-20,2025-11-20,
2018-02-20,2025-11-20,2025-11-20,61.91
2018-02-21,2025-11-20,2025-11-20,61.73
2018-02-22,2025-11-20,2025-11-20,62.72
2018-02-23,2025-11-20,2025-11-20,63.52
2018-02-26,2025-11-20,2025-11-20,63.81
2018-02-27,2025-11-20,2025-11-20,62.94
2018-02-28,2025-11-20,2025-11-20,61.43
2018-03-01,2025-11-20,2025-11-20,60.98
2018-03-02,2025-11-20,2025-11-20,61.19
2018-03-05,2025-11-20,2025-11-20,62.49
2018-03-06,2025-11-20,2025-11-20,62.54
2018-03-07,2025-11-20,2025-11-20,61.09
2018-03-08,2025-11-20,2025-11-20,60.13
2018-03-09,2025-11-20,2025-11-20,62.02
2018-03-12,2025-11-20,2025-11-20,61.35
2018-03-13,2025-11-20,2025-11-20,60.69
2018-03-14,2025-11-20,2025-11-20,60.89
2018-03-15,2025-11-20,2025-11-20,61.16
2018-03-16,2025-11-20,2025-11-20,62.29
2018-03-19,2025-11-20,2025-11-20,62.01
2018-03-20,2025-11-20,2025-11-20,63.37
2018-03-21,2025-11-20,2025-11-20,65.1
2018-03-22,2025-11-20,2025-11-20,64.25
2018-03-23,2025-11-20,2025-11-20,65.8
2018-03-26,2025-11-20,2025-11-20,65.49
2018-03-27,2025-11-20,2025-11-20,65.21
2018-03-28,2025-11-20,2025-11-20,64.3
2018-03-29,2025-11-20,2025-11-20,64.87
2018-03-30,2025-11-20,2025-11-20,
2018-04-02,2025-11-20,2025-11-20,63.05
2018-04-03,2025-11-20,2025-11-20,63.41
2018-04-04,2025-11-20,2025-11-20,63.35
2018-04-05,2025-11-20,2025-11-20,63.53
2018-04-06,2025-11-20,2025-11-20,62.03
2018-04-09,2025-11-20,2025-11-20,63.4
2018-04-10,2025-11-20,2025-11-20,65.48
2018-04-11,2025-11-20,2025-11-20,66.81
2018-04-12,2025-11-20,2025-11-20,67.07
2018-04-13,2025-11-20,2025-11-20,67.35
2018-04-16,2025-11-20,2025-11-20,66.23
2018-04-17,2025-11-20,2025-11-20,66.5
2018-04-18,2025-11-20,2025-11-20,68.44
2018-04-19,2025-11-20,2025-11-20,68.3
2018-04-20,2025-11-20,2025-11-20,68.26
2018-04-23,2025-11-20,2025-11-20,67.61
2018-04-24,2025-11-20,2025-11-20,67.66
2018-04-25,2025-11-20,2025-11-20,68.0
2018-04-26,2025-11-20,2025-11-20,68.18
2018-04-27,2025-11-20,2025-11-20,68.11
2018-04-30,2025-11-20,2025-11-20,68.56
2018-05-01,2025-11-20,2025-11-20,67.28
2018-05-02,2025-11-20,2025-11-20,67.91
2018-05-03,2025-11-20,2025-11-20,68.45
2018-05-04,2025-11-20,2025-11-20,69.71
2018-05-07,2025-11-20,2025-11-20,70.74
2018-05-08,2025-11-20,2025-11-20,68.83
2018-05-09,2025-11-20,2025-11-20,71.16
2018-05-10,2025-11-20,2025-11-20,71.36
2018-05-11,2025-11-20,2025-11-20,70.69
2018-05-14,2025-11-20,2025-11-20,71.01
2018-05-15,2025-11-20,2025-11-20,71.34
2018-05-16,2025-11-20,2025-11-20,71.43
2018-05-17,2025-11-20,2025-11-20,71.47
2018-05-18,2025-11-20,2025-11-20,71.23
2018-05-21,2025-11-20,2025-11-20,72.26
2018-05-22,2025-11-20,2025-11-20,72.09
2018-05-23,2025-11-20,2025-11-20,71.85
2018-05-24,2025-11-20,2025-11-20,70.77
2018-05-25,2025-11-20,2025-11-20,67.92
2018-05-28,2025-11-20,2025-11-20,
2018-05-29,2025-11-20,2025-11-20,66.8
2018-05-30,2025-11-20,2025-11-20,68.24
2018-05-31,2025-11-20,2025-11-20,66.98
2018-06-01,2025-11-20,2025-11-20,65.81
2018-06-04,2025-11-20,2025-11-20,64.76
2018-06-05,2025-11-20,2025-11-20,65.51
2018-06-06,2025-11-20,2025-11-20,64.75
2018-06-07,2025-11-20,2025-11-20,65.96
2018-06-08,2025-11-20,2025-11-20,65.77
2018-06-11,2025-11-20,2025-11-20,66.1
2018-06-12,2025-11-20,2025-11-20,66.38
2018-06-13,2025-11-20,2025-11-20,66.63
2018-06-14,2025-11-20,2025-11-20,66.91
2018-06-15,2025-11-20,2025-11-20,65.01
2018-06-18,2025-11-20,2025-11-20,65.91
2018-06-19,2025-11-20,2025-11-20,65.09
2018-06-20,2025-11-20,2025-11-20,65.92
2018-06-21,2025-11-20,2025-11-20,65.68
2018-06-22,2025-11-20,2025-11-20,69.02
2018-06-25,2025-11-20,2025-11-20,69.91
2018-06-26,2025-11-20,2025-11-20,75.23
2018-06-27,2025-11-20,2025-11-20,77.41
2018-06-28,2025-11-20,2025-11-20,73.45
2018-06-29,2025-11-20,2025-11-20,74.13
2018-07-02,2025-11-20,2025-11-20,73.89
2018-07-03,2025-11-20,2025-11-20,74.19
2018-07-04,2025-11-20,2025-11-20,
2018-07-05,2025-11-20,2025-11-20,73.05
2018-07-06,2025-11-20,2025-11-20,73.78
2018-07-09,2025-11-20,2025-11-20,73.93
2018-07-10,2025-11-20,2025-11-20,74.11
2018-07-11,2025-11-20,2025-11-20,70.47
2018-07-12,2025-11-20,2025-11-20,70.28
2018-07-13,2025-11-20,2025-11-20,71.03
2018-07-16,2025-11-20,2025-11-20,68.22
2018-07-17,2025-11-20,2025-11-20,68.03
2018-07-18,2025-11-20,2025-11-20,68.78
2018-07-19,2025-11-20,2025-11-20,69.42
2018-07-20,2025-11-20,2025-11-20,70.31
2018-07-23,2025-11-20,2025-11-20,67.9
2018-07-24,2025-11-20,2025-11-20,70.77
2018-07-25,2025-11-20,2025-11-20,71.13
2018-07-26,2025-11-20,2025-11-20,71.59
2018-07-27,2025-11-20,2025-11-20,68.66
2018-07-30,2025-11-20,2025-11-20,71.19
2018-07-31,2025-11-20,2025-11-20,69.88
2018-08-01,2025-11-20,2025-11-20,68.8
2018-08-02,2025-11-20,2025-11-20,68.95
2018-08-03,2025-11-20,2025-11-20,68.49
2018-08-06,2025-11-20,2025-11-20,69.01
2018-08-07,2025-11-20,2025-11-20,69.17
2018-08-08,2025-11-20,2025-11-20,66.92
2018-08-09,2025-11-20,2025-11-20,66.81
2018-08-10,2025-11-20,2025-11-20,67.61
2018-08-13,2025-11-20,2025-11-20,67.25
2018-08-14,2025-11-20,2025-11-20,67.04
2018-08-15,2025-11-20,2025-11-20,65.07
2018-08-16,2025-11-20,2025-11-20,65.44
2018-08-17,2025-11-20,2025-11-20,65.93
2018-08-20,2025-11-20,2025-11-20,66.5
2018-08-21,2025-11-20,2025-11-20,67.32
2018-08-22,2025-11-20,2025-11-20,67.85
2018-08-23,2025-11-20,2025-11-20,69.13
2018-08-24,2025-11-20,2025-11-20,69.71
2018-08-27,2025-11-20,2025-11-20,69.97
2018-08-28,2025-11-20,2025-11-20,68.54
2018-08-29,2025-11-20,2025-11-20,69.68
2018-08-30,2025-11-20,2025-11-20,70.25
2018-08-31,2025-11-20,2025-11-20,69.84
2018-09-03,2025-11-20,2025-11-20,
2018-09-04,2025-11-20,2025-11-20,69.82
2018-09-05,2025-11-20,2025-11-20,68.69
2018-09-06,2025-11-20,2025-11-20,67.81
2018-09-07,2025-11-20,2025-11-20,67.73
2018-09-10,2025-11-20,2025-11-20,67.55
2018-09-11,2025-11-20,2025-11-20,69.29
2018-09-12,2025-11-20,2025-11-20,70.37
2018-09-13,2025-11-20,2025-11-20,68.6
2018-09-14,2025-11-20,2025-11-20,68.98
2018-09-17,2025-11-20,2025-11-20,68.86
2018-09-18,2025-11-20,2025-11-20,69.87
2018-09-19,2025-11-20,2025-11-20,71.08
2018-09-20,2025-11-20,2025-11-20,70.77
2018-09-21,2025-11-20,2025-11-20,70.8
2018-09-24,2025-11-20,2025-11-20,73.23
2018-09-25,2025-11-20,2025-11-20,73.4
2018-09-26,2025-11-20,2025-11-20,72.22
2018-09-27,2025-11-20,2025-11-20,72.18
2018-09-28,2025-11-20,2025-11-20,73.16
2018-10-01,2025-11-20,2025-11-20,75.37
2018-10-02,2025-11-20,2025-11-20,75.16
2018-10-03,2025-11-20,2025-11-20,76.4
2018-10-04,2025-11-20,2025-11-20,74.44
2018-10-05,2025-11-20,2025-11-20,74.26
2018-10-08,2025-11-20,2025-11-20,74.27
2018-10-09,2025-11-20,2025-11-20,74.95
2018-10-10,2025-11-20,2025-11-20,73.18
2018-10-11,2025-11-20,2025-11-20,70.97
2018-10-12,2025-11-20,2025-11-20,71.41
2018-10-15,2025-11-20,2025-11-20,71.84
2018-10-16,2025-11-20,2025-11-20,71.93
2018-10-17,2025-11-20,2025-11-20,69.63
2018-10-18,2025-11-20,2025-11-20,68.63
2018-10-19,2025-11-20,2025-11-20,69.16
2018-10-22,2025-11-20,2025-11-20,69.25
2018-10-23,2025-11-20,2025-11-20,66.49
2018-10-24,2025-11-20,2025-11-20,66.56
2018-10-25,2025-11-20,2025-11-20,67.25
2018-10-26,2025-11-20,2025-11-20,67.58
2018-10-29,2025-11-20,2025-11-20,67.0
2018-10-30,2025-11-20,2025-11-20,66.18
2018-10-31,2025-11-20,2025-11-20,65.31
2018-11-01,2025-11-20,2025-11-20,63.67
2018-11-02,2025-11-20,2025-11-20,63.12
2018-11-05,2025-11-20,2025-11-20,63.12
2018-11-06,2025-11-20,2025-11-20,62.16
2018-11-07,2025-11-20,2025-11-20,61.69
2018-11-08,2025-11-20,2025-11-20,60.71
2018-11-09,2025-11-20,2025-11-20,60.19
2018-11-12,2025-11-20,2025-11-20,59.85
2018-11-13,2025-11-20,2025-11-20,55.63
2018-11-14,2025-11-20,2025-11-20,56.16
2018-11-15,2025-11-20,2025-11-20,56.45
2018-11-16,2025-11-20,2025-11-20,56.49
2018-11-19,2025-11-20,2025-11-20,57.16
2018-11-20,2025-11-20,2025-11-20,53.39
2018-11-21,2025-11-20,2025-11-20,54.41
2018-11-22,2025-11-20,2025-11-20,
2018-11-23,2025-11-20,2025-11-20,
2018-11-26,2025-11-20,2025-11-20,51.46
2018-11-27,2025-11-20,2025-11-20,51.31
2018-11-28,2025-11-20,2025-11-20,50.06
2018-11-29,2025-11-20,2025-11-20,51.46
2018-11-30,2025-11-20,2025-11-20,50.78
2018-12-03,2025-11-20,2025-11-20,52.98
2018-12-04,2025-11-20,2025-11-20,53.21
2018-12-05,2025-11-20,2025-11-20,52.64
2018-12-06,2025-11-20,2025-11-20,51.54
2018-12-07,2025-11-20,2025-11-20,52.76
2018-12-10,2025-11-20,2025-11-20,51.07
2018-12-11,2025-11-20,2025-11-20,51.65
2018-12-12,2025-11-20,2025-11-20,51.04
2018-12-13,2025-11-20,2025-11-20,52.69
2018-12-14,2025-11-20,2025-11-20,51.26
2018-12-17,2025-11-20,2025-11-20,49.8
2018-12-18,2025-11-20,2025-11-20,46.12
2018-12-19,2025-11-20,2025-11-20,47.96
2018-12-20,2025-11-20,2025-11-20,45.64
2018-12-21,2025-11-20,2025-11-20,45.38
2018-12-24,2025-11-20,2025-11-20,
2018-12-25,2025-11-20,2025-11-20,
2018-12-26,2025-11-20,2025-11-20,46.04
2018-12-27,2025-11-20,2025-11-20,44.48
2018-12-28,2025-11-20,2025-11-20,45.15
2018-12-31,2025-11-20,2025-11-20,
2019-01-01,2025-11-20,2025-11-20,
2019-01-02,2025-11-20,2025-11-20,46.31
2019-01-03,2025-11-20,2025-11-20,46.92
2019-01-04,2025-11-20,2025-11-20,47.76
2019-01-07,2025-11-20,2025-11-20,48.27
2019-01-08,2025-11-20,2025-11-20,49.58
2019-01-09,2025-11-20,2025-11-20,52.19
2019-01-10,2025-11-20,2025-11-20,52.42
2019-01-11,2025-11-20,2025-11-20,51.44
2019-01-14,2025-11-20,2025-11-20,50.31
2019-01-15,2025-11-20,2025-11-20,51.8
2019-01-16,2025-11-20,2025-11-20,52.08
2019-01-17,2025-11-20,2025-11-20,51.83
2019-01-18,2025-11-20,2025-11-20,53.6
2019-01-21,2025-11-20,2025-11-20,
2019-01-22,2025-11-20,2025-11-20,52.59
2019-01-23,2025-11-20,2025-11-20,52.44
2019-01-24,2025-11-20,2025-11-20,52.94
2019-01-25,2025-11-20,2025-11-20,53.53
2019-01-28,2025-11-20,2025-11-20,51.79
2019-01-29,2025-11-20,2025-11-20,53.07
2019-01-30,2025-11-20,2025-11-20,54.18
2019-01-31,2025-11-20,2025-11-20,53.84
2019-02-01,2025-11-20,2025-11-20,55.29
2019-02-04,2025-11-20,2025-11-20,54.57
2019-02-05,2025-11-20,2025-11-20,53.69
2019-02-06,2025-11-20,2025-11-20,53.94
2019-02-07,2025-11-20,2025-11-20,52.68
2019-02-08,2025-11-20,2025-11-20,52.75
2019-02-11,2025-11-20,2025-11-20,52.43
2019-02-12,2025-11-20,2025-11-20,53.14
2019-02-13,2025-11-20,2025-11-20,53.84
2019-02-14,2025-11-20,2025-11-20,54.4
2019-02-15,2025-11-20,2025-11-20,55.58
2019-02-18,2025-11-20,2025-11-20,
2019-02-19,2025-11-20,2025-11-20,56.12
2019-02-20,2025-11-20,2025-11-20,56.9
2019-02-21,2025-11-20,2025-11-20,56.95
2019-02-22,2025-11-20,2025-11-20,57.01
2019-02-25,2025-11-20,2025-11-20,55.32
2019-02-26,2025-11-20,2025-11-20,55.4
2019-02-27,2025-11-20,2025-11-20,56.92
2019-02-28,2025-11-20,2025-11-20,57.21
2019-03-01,2025-11-20,2025-11-20,55.76
2019-03-04,2025-11-20,2025-11-20,56.6
2019-03-05,2025-11-20,2025-11-20,56.55
2019-03-06,2025-11-20,2025-11-20,56.22
2019-03-07,2025-11-20,2025-11-20,56.6
2019-03-08,2025-11-20,2025-11-20,55.77
2019-03-11,2025-11-20,2025-11-20,56.79
2019-03-12,2025-11-20,2025-11-20,56.89
2019-03-13,2025-11-20,2025-11-20,58.27
2019-03-14,2025-11-20,2025-11-20,58.59
2019-03-15,2025-11-20,2025-11-20,58.51
2019-03-18,2025-11-20,2025-11-20,59.09
2019-03-19,2025-11-20,2025-11-20,59.12
2019-03-20,2025-11-20,2025-11-20,60.12
2019-03-21,2025-11-20,2025-11-20,59.98
2019-03-22,2025-11-20,2025-11-20,58.87
2019-03-25,2025-11-20,2025-11-20,58.71
2019-03-26,2025-11-20,2025-11-20,59.87
2019-03-27,2025-11-20,2025-11-20,59.39
2019-03-28,2025-11-20,2025-11-20,59.29
2019-03-29,2025-11-20,2025-11-20,60.19
2019-04-01,2025-11-20,2025-11-20,61.59
2019-04-02,2025-11-20,2025-11-20,62.53
2019-04-03,2025-11-20,2025-11-20,62.46
2019-04-04,2025-11-20,2025-11-20,62.12
2019-04-05,2025-11-20,2025-11-20,63.1
2019-04-08,2025-11-20,2025-11-20,64.37
2019-04-09,2025-11-20,2025-11-20,64.05
2019-04-10,2025-11-20,2025-11-20,64.62
2019-04-11,2025-11-20,2025-11-20,63.61
2019-04-12,2025-11-20,2025-11-20,63.86
2019-04-15,2025-11-20,2025-11-20,63.43
2019-04-16,2025-11-20,2025-11-20,64.01
2019-04-17,2025-11-20,2025-11-20,63.74
2019-04-18,2025-11-20,2025-11-20,64.02
2019-04-19,2025-11-20,2025-11-20,
2019-04-22,2025-11-20,2025-11-20,65.66
2019-04-23,2025-11-20,2025-11-20,66.24
2019-04-24,2025-11-20,2025-11-20,65.96
2019-04-25,2025-11-20,2025-11-20,65.23
2019-04-26,2025-11-20,2025-11-20,63.29
2019-04-29,2025-11-20,2025-11-20,63.39
2019-04-30,2025-11-20,2025-11-20,63.83
2019-05-01,2025-11-20,2025-11-20,63.55
2019-05-02,2025-11-20,2025-11-20,61.75
2019-05-03,2025-11-20,2025-11-20,61.98
2019-05-06,2025-11-20,2025-11-20,62.3
2019-05-07,2025-11-20,2025-11-20,61.41
2019-05-08,2025-11-20,2025-11-20,62.13
2019-05-09,2025-11-20,2025-11-20,61.58
2019-05-10,2025-11-20,2025-11-20,61.65
2019-05-13,2025-11-20,2025-11-20,60.97
2019-05-14,2025-11-20,2025-11-20,61.82
2019-05-15,2025-11-20,2025-11-20,62.03
2019-05-16,2025-11-20,2025-11-20,62.93
2019-05-17,2025-11-20,2025-11-20,62.77
2019-05-20,2025-11-20,2025-11-20,63.12
2019-05-21,2025-11-20,2025-11-20,63.02
2019-05-22,2025-11-20,2025-11-20,61.42
2019-05-23,2025-11-20,2025-11-20,57.65
2019-05-24,2025-11-20,2025-11-20,58.4
2019-05-27,2025-11-20,2025-11-20,
2019-05-28,2025-11-20,2025-11-20,58.91
2019-05-29,2025-11-20,2025-11-20,58.84
2019-05-30,2025-11-20,2025-11-20,56.47
2019-05-31,2025-11-20,2025-11-20,53.49
2019-06-03,2025-11-20,2025-11-20,53.25
2019-06-04,2025-11-20,2025-11-20,53.5
2019-06-05,2025-11-20,2025-11-20,51.57
2019-06-06,2025-11-20,2025-11-20,52.59
2019-06-07,2025-11-20,2025-11-20,53.95
2019-06-10,2025-11-20,2025-11-20,53.33
2019-06-11,2025-11-20,2025-11-20,53.3
2019-06-12,2025-11-20,2025-11-20,51.13
2019-06-13,2025-11-20,2025-11-20,52.38
2019-06-14,2025-11-20,2025-11-20,52.47
2019-06-17,2025-11-20,2025-11-20,51.94
2019-06-18,2025-11-20,2025-11-20,53.86
2019-06-19,2025-11-20,2025-11-20,53.74
2019-06-20,2025-11-20,2025-11-20,56.88
2019-06-21,2025-11-20,2025-11-20,57.35
2019-06-24,2025-11-20,2025-11-20,57.73
2019-06-25,2025-11-20,2025-11-20,57.63
2019-06-26,2025-11-20,2025-11-20,59.17
2019-06-27,2025-11-20,2025-11-20,59.18
2019-06-28,2025-11-20,2025-11-20,58.2
2019-07-01,2025-11-20,2025-11-20,58.91
2019-07-02,2025-11-20,2025-11-20,56.0
2019-07-03,2025-11-20,2025-11-20,57.06
2019-07-04,2025-11-20,2025-11-20,
2019-07-05,2025-11-20,2025-11-20,
2019-07-08,2025-11-20,2025-11-20,57.35
2019-07-09,2025-11-20,2025-11-20,57.57
2019-07-10,2025-11-20,2025-11-20,60.28
2019-07-11,2025-11-20,2025-11-20,59.93
2019-07-12,2025-11-20,2025-11-20,59.99
2019-07-15,2025-11-20,2025-11-20,59.3
2019-07-16,2025-11-20,2025-11-20,57.44
2019-07-17,2025-11-20,2025-11-20,56.5
2019-07-18,2025-11-20,2025-11-20,55.08
2019-07-19,2025-11-20,2025-11-20,55.42
2019-07-22,2025-11-20,2025-11-20,55.87
2019-07-23,2025-11-20,2025-11-20,56.58
2019-07-24,2025-11-20,2025-11-20,55.9
2019-07-25,2025-11-20,2025-11-20,55.88
2019-07-26,2025-11-20,2025-11-20,56.04
2019-07-29,2025-11-20,2025-11-20,56.85
2019-07-30,2025-11-20,2025-11-20,58.04
2019-07-31,2025-11-20,2025-11-20,58.53
2019-08-01,2025-11-20,2025-11-20,53.64
2019-08-02,2025-11-20,2025-11-20,55.67
2019-08-05,2025-11-20,2025-11-20,54.63
2019-08-06,2025-11-20,2025-11-20,53.6
2019-08-07,2025-11-20,2025-11-20,51.14
2019-08-08,2025-11-20,2025-11-20,52.6
2019-08-09,2025-11-20,2025-11-20,54.41
2019-08-12,2025-11-20,2025-11-20,54.98
2019-08-13,2025-11-20,2025-11-20,57.05
2019-08-14,2025-11-20,2025-11-20,55.16
2019-08-15,2025-11-20,2025-11-20,54.51
2019-08-16,2025-11-20,2025-11-20,54.83
2019-08-19,2025-11-20,2025-11-20,56.24
2019-08-20,2025-11-20,2025-11-20,56.18
2019-08-21,2025-11-20,2025-11-20,55.65
2019-08-22,2025-11-20,2025-11-20,55.33
2019-08-23,2025-11-20,2025-11-20,54.08
2019-08-26,2025-11-20,2025-11-20,53.54
2019-08-27,2025-11-20,2025-11-20,54.99
2019-08-28,2025-11-20,2025-11-20,55.76
2019-08-29,2025-11-20,2025-11-20,56.67
2019-08-30,2025-11-20,2025-11-20,55.07
2019-09-02,2025-11-20,2025-11-20,
2019-09-03,2025-11-20,2025-11-20,53.91
2019-09-04,2025-11-20,2025-11-20,56.22
2019-09-05,2025-11-20,2025-11-20,56.33
2019-09-06,2025-11-20,2025-11-20,56.45
2019-09-09,2025-11-20,2025-11-20,57.88
2019-09-10,2025-11-20,2025-11-20,57.37
2019-09-11,2025-11-20,2025-11-20,55.66
2019-09-12,2025-11-20,2025-11-20,55.13
2019-09-13,2025-11-20,2025-11-20,54.76
2019-09-16,2025-11-20,2025-11-20,63.1
2019-09-17,2025-11-20,2025-11-20,59.26
2019-09-18,2025-11-20,2025-11-20,58.19
2019-09-19,2025-11-20,2025-11-20,58.19
2019-09-20,2025-11-20,2025-11-20,57.92
2019-09-23,2025-11-20,2025-11-20,58.69
2019-09-24,2025-11-20,2025-11-20,57.22
2019-09-25,2025-11-20,2025-11-20,56.38
2019-09-26,2025-11-20,2025-11-20,56.24
2019-09-27,2025-11-20,2025-11-20,55.95
2019-09-30,2025-11-20,2025-11-20,54.09
2019-10-01,2025-11-20,2025-11-20,53.6
2019-10-02,2025-11-20,2025-11-20,52.67
2019-10-03,2025-11-20,2025-11-20,52.41
2019-10-04,2025-11-20,2025-11-20,52.84
2019-10-07,2025-11-20,2025-11-20,52.76
2019-10-08,2025-11-20,2025-11-20,52.64
2019-10-09,2025-11-20,2025-11-20,52.63
2019-10-10,2025-11-20,2025-11-20,53.57
2019-10-11,2025-11-20,2025-11-20,54.76
2019-10-14,2025-11-20,2025-11-20,53.57
2019-10-15,2025-11-20,2025-11-20,52.81
2019-10-16,2025-11-20,2025-11-20,53.42
2019-10-17,2025-11-20,2025-11-20,53.89
2019-10-18,2025-11-20,2025-11-20,53.75
2019-10-21,2025-11-20,2025-11-20,53.28
2019-10-22,2025-11-20,2025-11-20,54.21
2019-10-23,2025-11-20,2025-11-20,55.9
2019-10-24,2025-11-20,2025-11-20,56.11
2019-10-25,2025-11-20,2025-11-20,56.52
2019-10-28,2025-11-20,2025-11-20,55.6
2019-10-29,2025-11-20,2025-11-20,55.34
2019-10-30,2025-11-20,2025-11-20,54.85
2019-10-31,2025-11-20,2025-11-20,54.02
2019-11-01,2025-11-20,2025-11-20,56.04
2019-11-04,2025-11-20,2025-11-20,56.33
2019-11-05,2025-11-20,2025-11-20,57.04
2019-11-06,2025-11-20,2025-11-20,56.15
2019-11-07,2025-11-20,2025-11-20,56.91
2019-11-08,2025-11-20,2025-11-20,57.02
2019-11-11,2025-11-20,2025-11-20,
2019-11-12,2025-11-20,2025-11-20,56.67
2019-11-13,2025-11-20,2025-11-20,56.88
2019-11-14,2025-11-20,2025-11-20,56.57
2019-11-15,2025-11-20,2025-11-20,57.54
2019-11-18,2025-11-20,2025-11-20,56.82
2019-11-19,2025-11-20,2025-11-20,54.93
2019-11-20,2025-11-20,2025-11-20,56.71
2019-11-21,2025-11-20,2025-11-20,58.36
2019-11-22,2025-11-20,2025-11-20,57.68
2019-11-25,2025-11-20,2025-11-20,57.79
2019-11-26,2025-11-20,2025-11-20,58.25
2019-11-27,2025-11-20,2025-11-20,58.12
2019-11-28,2025-11-20,2025-11-20,
2019-11-29,2025-11-20,2025-11-20,58.12
2019-12-02,2025-11-20,2025-11-20,55.97
2019-12-03,2025-11-20,2025-11-20,56.15
2019-12-04,2025-11-20,2025-11-20,58.46
2019-12-05,2025-11-20,2025-11-20,58.42
2019-12-06,2025-11-20,2025-11-20,59.2
2019-12-09,2025-11-20,2025-11-20,58.99
2019-12-10,2025-11-20,2025-11-20,59.22
2019-12-11,2025-11-20,2025-11-20,58.74
2019-12-12,2025-11-20,2025-11-20,59.18
2019-12-13,2025-11-20,2025-11-20,60.11
2019-12-16,2025-11-20,2025-11-20,60.21
2019-12-17,2025-11-20,2025-11-20,60.88
2019-12-18,2025-11-20,2025-11-20,60.93
2019-12-19,2025-11-20,2025-11-20,61.3
2019-12-20,2025-11-20,2025-11-20,60.43
2019-12-23,2025-11-20,2025-11-20,60.51
2019-12-24,2025-11-20,2025-11-20,61.17
2019-12-25,2025-11-20,2025-11-20,
2019-12-26,2025-11-20,2025-11-20,61.72
2019-12-27,2025-11-20,2025-11-20,61.76
2019-12-30,2025-11-20,2025-11-20,61.66
2019-12-31,2025-11-20,2025-11-20,61.14
2020-01-01,2025-11-20,2025-11-20,
2020-01-02,2025-11-20,2025-11-20,61.17
2020-01-03,2025-11-20,2025-11-20,63.0
2020-01-06,2025-11-20,2025-11-20,63.27
2020-01-07,2025-11-20,2025-11-20,62.7
2020-01-08,2025-11-20,2025-11-20,59.65
2020-01-09,2025-11-20,2025-11-20,59.56
2020-01-10,2025-11-20,2025-11-20,59.02
2020-01-13,2025-11-20,2025-11-20,58.17
2020-01-14,2025-11-20,2025-11-20,58.34
2020-01-15,2025-11-20,2025-11-20,57.86
2020-01-16,2025-11-20,2025-11-20,58.52
2020-01-17,2025-11-20,2025-11-20,58.55
2020-01-20,2025-11-20,2025-11-20,
2020-01-21,2025-11-20,2025-11-20,58.25
2020-01-22,2025-11-20,2025-11-20,56.76
2020-01-23,2025-11-20,2025-11-20,55.51
2020-01-24,2025-11-20,2025-11-20,54.09
2020-01-27,2025-11-20,2025-11-20,53.09
2020-01-28,2025-11-20,2025-11-20,53.33
2020-01-29,2025-11-20,2025-11-20,53.29
2020-01-30,2025-11-20,2025-11-20,52.19
2020-01-31,2025-11-20,2025-11-20,51.58
2020-02-03,2025-11-20,2025-11-20,50.06
2020-02-04,2025-11-20,2025-11-20,49.59
2020-02-05,2025-11-20,2025-11-20,50.87
2020-02-06,2025-11-20,2025-11-20,50.94
2020-02-07,2025-11-20,2025-11-20,50.34
2020-02-10,2025-11-20,2025-11-20,49.59
2020-02-11,2025-11-20,2025-11-20,50.0
2020-02-12,2025-11-20,2025-11-20,51.13
2020-02-13,2025-11-20,2025-11-20,51.41
2020-02-14,2025-11-20,2025-11-20,52.03
2020-02-17,2025-11-20,2025-11-20,
2020-02-18,2025-11-20,2025-11-20,52.1
2020-02-19,2025-11-20,2025-11-20,53.31
2020-02-20,2025-11-20,2025-11-20,53.77
2020-02-21,2025-11-20,2025-11-20,53.36
2020-02-24,2025-11-20,2025-11-20,51.36
2020-02-25,2025-11-20,2025-11-20,49.78
2020-02-26,2025-11-20,2025-11-20,48.67
2020-02-27,2025-11-20,2025-11-20,47.17
2020-02-28,2025-11-20,2025-11-20,44.83
2020-03-02,2025-11-20,2025-11-20,46.78
2020-03-03,2025-11-20,2025-11-20,47.27
2020-03-04,2025-11-20,2025-11-20,46.78
2020-03-05,2025-11-20,2025-11-20,45.9
2020-03-06,2025-11-20,2025-11-20,41.14
2020-03-09,2025-11-20,2025-11-20,31.05
2020-03-10,2025-11-20,2025-11-20,34.47
2020-03-11,2025-11-20,2025-11-20,33.13
2020-03-12,2025-11-20,2025-11-20,31.56
2020-03-13,2025-11-20,2025-11-20,31.72
2020-03-16,2025-11-20,2025-11-20,28.96
2020-03-17,2025-11-20,2025-11-20,26.96
2020-03-18,2025-11-20,2025-11-20,20.48
2020-03-19,2025-11-20,2025-11-20,25.09
2020-03-20,2025-11-20,2025-11-20,19.48
2020-03-23,2025-11-20,2025-11-20,23.33
2020-03-24,2025-11-20,2025-11-20,21.03
2020-03-25,2025-11-20,2025-11-20,20.75
2020-03-26,2025-11-20,2025-11-20,16.6
2020-03-27,2025-11-20,2025-11-20,15.48
2020-03-30,2025-11-20,2025-11-20,14.1
2020-03-31,2025-11-20,2025-11-20,20.51
2020-04-01,2025-11-20,2025-11-20,20.28
2020-04-02,2025-11-20,2025-11-20,25.18
2020-04-03,2025-11-20,2025-11-20,28.36
2020-04-06,2025-11-20,2025-11-20,26.21
2020-04-07,2025-11-20,2025-11-20,23.54
2020-04-08,2025-11-20,2025-11-20,24.97
2020-04-09,2025-11-20,2025-11-20,22.9
2020-04-10,2025-11-20,2025-11-20,
2020-04-13,2025-11-20,2025-11-20,22.36
2020-04-14,2025-11-20,2025-11-20,20.15
2020-04-15,2025-11-20,2025-11-20,19.96
2020-04-16,2025-11-20,2025-11-20,19.82
2020-04-17,2025-11-20,2025-11-20,18.31
2020-04-20,2025-11-20,2025-11-20,-36.98
2020-04-21,2025-11-20,2025-11-20,8.91
2020-04-22,2025-11-20,2025-11-20,13.64
2020-04-23,2025-11-20,2025-11-20,15.06
2020-04-24,2025-11-20,2025-11-20,15.99
2020-04-27,2025-11-20,2025-11-20,12.17
2020-04-28,2025-11-20,2025-11-20,12.4
2020-04-29,2025-11-20,2025-11-20,15.04
2020-04-30,2025-11-20,2025-11-20,19.23
2020-05-01,2025-11-20,2025-11-20,19.72
2020-05-04,2025-11-20,2025-11-20,20.47
2020-05-05,2025-11-20,2025-11-20,24.56
2020-05-06,2025-11-20,2025-11-20,23.88
2020-05-07,2025-11-20,2025-11-20,23.68
2020-05-08,2025-11-20,2025-11-20,24.73
2020-05-11,2025-11-20,2025-11-20,24.02
2020-05-12,2025-11-20,2025-11-20,25.76
2020-05-13,2025-11-20,2025-11-20,25.37
2020-05-14,2025-11-20,2025-11-20,27.4
2020-05-15,2025-11-20,2025-11-20,29.44
2020-05-18,2025-11-20,2025-11-20,31.83
2020-05-19,2025-11-20,2025-11-20,32.3
2020-05-20,2025-11-20,2025-11-20,33.56
2020-05-21,2025-11-20,2025-11-20,34.3
2020-05-22,2025-11-20,2025-11-20,33.49
2020-05-25,2025-11-20,2025-11-20,
2020-05-26,2025-11-20,2025-11-20,34.7
2020-05-27,2025-11-20,2025-11-20,32.8
2020-05-28,2025-11-20,2025-11-20,33.67
2020-05-29,2025-11-20,2025-11-20,35.57
2020-06-01,2025-11-20,2025-11-20,35.49
2020-06-02,2025-11-20,2025-11-20,36.88
2020-06-03,2025-11-20,2025-11-20,37.33
2020-06-04,2025-11-20,2025-11-20,37.42
2020-06-05,2025-11-20,2025-11-20,39.49
2020-06-08,2025-11-20,2025-11-20,38.17
2020-06-09,2025-11-20,2025-11-20,38.98
2020-06-10,2025-11-20,2025-11-20,39.54
2020-06-11,2025-11-20,2025-11-20,36.43
2020-06-12,2025-11-20,2025-11-20,36.24
2020-06-15,2025-11-20,2025-11-20,37.07
2020-06-16,2025-11-20,2025-11-20,38.26
2020-06-17,2025-11-20,2025-11-20,37.91
2020-06-18,2025-11-20,2025-11-20,38.79
2020-06-19,2025-11-20,2025-11-20,39.72
2020-06-22,2025-11-20,2025-11-20,40.6
2020-06-23,2025-11-20,2025-11-20,40.4
2020-06-24,2025-11-20,2025-11-20,37.91
2020-06-25,2025-11-20,2025-11-20,38.66
2020-06-26,2025-11-20,2025-11-20,38.53
2020-06-29,2025-11-20,2025-11-20,39.67
2020-06-30,2025-11-20,2025-11-20,39.27
2020-07-01,2025-11-20,2025-11-20,39.88
2020-07-02,2025-11-20,2025-11-20,40.57
2020-07-03,2025-11-20,2025-11-20,
2020-07-06,2025-11-20,2025-11-20,40.51
2020-07-07,2025-11-20,2025-11-20,40.59
2020-07-08,2025-11-20,2025-11-20,40.91
2020-07-09,2025-11-20,2025-11-20,39.64
2020-07-10,2025-11-20,2025-11-20,40.56
2020-07-13,2025-11-20,2025-11-20,40.06
2020-07-14,2025-11-20,2025-11-20,40.3
2020-07-15,2025-11-20,2025-11-20,41.2
2020-07-16,2025-11-20,2025-11-20,40.74
2020-07-17,2025-11-20,2025-11-20,40.55
2020-07-20,2025-11-20,2025-11-20,40.83
2020-07-21,2025-11-20,2025-11-20,41.76
2020-07-22,2025-11-20,2025-11-20,41.88
2020-07-23,2025-11-20,2025-11-20,40.99
2020-07-24,2025-11-20,2025-11-20,41.23
2020-07-27,2025-11-20,2025-11-20,41.46
2020-07-28,2025-11-20,2025-11-20,40.89
2020-07-29,2025-11-20,2025-11-20,41.13
2020-07-30,2025-11-20,2025-11-20,39.85
2020-07-31,2025-11-20,2025-11-20,40.1
2020-08-03,2025-11-20,2025-11-20,40.83
2020-08-04,2025-11-20,2025-11-20,41.67
2020-08-05,2025-11-20,2025-11-20,42.25
2020-08-06,2025-11-20,2025-11-20,41.93
2020-08-07,2025-11-20,2025-11-20,41.16
2020-08-10,2025-11-20,2025-11-20,41.94
2020-08-11,2025-11-20,2025-11-20,41.53
2020-08-12,2025-11-20,2025-11-20,42.6
2020-08-13,2025-11-20,2025-11-20,42.26
2020-08-14,2025-11-20,2025-11-20,42.05
2020-08-17,2025-11-20,2025-11-20,42.89
2020-08-18,2025-11-20,2025-11-20,42.89
2020-08-19,2025-11-20,2025-11-20,42.91
2020-08-20,2025-11-20,2025-11-20,42.62
2020-08-21,2025-11-20,2025-11-20,42.32
2020-08-24,2025-11-20,2025-11-20,42.44
2020-08-25,2025-11-20,2025-11-20,43.17
2020-08-26,2025-11-20,2025-11-20,43.21
2020-08-27,2025-11-20,2025-11-20,42.88
2020-08-28,2025-11-20,2025-11-20,42.96
2020-08-31,2025-11-20,2025-11-20,42.61
2020-09-01,2025-11-20,2025-11-20,42.76
2020-09-02,2025-11-20,2025-11-20,42.76
2020-09-03,2025-11-20,2025-11-20,41.39
2020-09-04,2025-11-20,2025-11-20,39.69
2020-09-07,2025-11-20,2025-11-20,
2020-09-08,2025-11-20,2025-11-20,36.87
2020-09-09,2025-11-20,2025-11-20,38.05
2020-09-10,2025-11-20,2025-11-20,37.25
2020-09-11,2025-11-20,2025-11-20,37.33
2020-09-14,2025-11-20,2025-11-20,37.23
2020-09-15,2025-11-20,2025-11-20,38.29
2020-09-16,2025-11-20,2025-11-20,40.17
2020-09-17,2025-11-20,2025-11-20,40.99
2020-09-18,2025-11-20,2025-11-20,41.09
2020-09-21,2025-11-20,2025-11-20,39.26
2020-09-22,2025-11-20,2025-11-20,39.55
2020-09-23,2025-11-20,2025-11-20,39.92
2020-09-24,2025-11-20,2025-11-20,40.11
2020-09-25,2025-11-20,2025-11-20,40.06
2020-09-28,2025-11-20,2025-11-20,40.47
2020-09-29,2025-11-20,2025-11-20,39.03
2020-09-30,2025-11-20,2025-11-20,40.05
2020-10-01,2025-11-20,2025-11-20,38.51
2020-10-02,2025-11-20,2025-11-20,36.9
2020-10-05,2025-11-20,2025-11-20,39.12
2020-10-06,2025-11-20,2025-11-20,40.52
2020-10-07,2025-11-20,2025-11-20,39.82
2020-10-08,2025-11-20,2025-11-20,41.04
2020-10-09,2025-11-20,2025-11-20,40.44
2020-10-12,2025-11-20,2025-11-20,39.22
2020-10-13,2025-11-20,2025-11-20,40.03
2020-10-14,2025-11-20,2025-11-20,40.86
2020-10-15,2025-11-20,2025-11-20,40.84
2020-10-16,2025-11-20,2025-11-20,40.7
2020-10-19,2025-11-20,2025-11-20,40.69
2020-10-20,2025-11-20,2025-11-20,41.37
2020-10-21,2025-11-20,2025-11-20,39.88
2020-10-22,2025-11-20,2025-11-20,40.46
2020-10-23,2025-11-20,2025-11-20,39.73
2020-10-26,2025-11-20,2025-11-20,38.39
2020-10-27,2025-11-20,2025-11-20,39.34
2020-10-28,2025-11-20,2025-11-20,37.27
2020-10-29,2025-11-20,2025-11-20,35.94
2020-10-30,2025-11-20,2025-11-20,35.64
2020-11-02,2025-11-20,2025-11-20,36.6
2020-11-03,2025-11-20,2025-11-20,37.44
2020-11-04,2025-11-20,2025-11-20,38.97
2020-11-05,2025-11-20,2025-11-20,38.56
2020-11-06,2025-11-20,2025-11-20,36.97
2020-11-09,2025-11-20,2025-11-20,40.05
2020-11-10,2025-11-20,2025-11-20,41.18
2020-11-11,2025-11-20,2025-11-20,41.23
2020-11-12,2025-11-20,2025-11-20,40.9
2020-11-13,2025-11-20,2025-11-20,39.93
2020-11-16,2025-11-20,2025-11-20,41.14
2020-11-17,2025-11-20,2025-11-20,41.24
2020-11-18,2025-11-20,2025-11-20,41.64
2020-11-19,2025-11-20,2025-11-20,41.57
2020-11-20,2025-11-20,2025-11-20,41.99
2020-11-23,2025-11-20,2025-11-20,42.91
2020-11-24,2025-11-20,2025-11-20,44.71
2020-11-25,2025-11-20,2025-11-20,45.58
2020-11-26,2025-11-20,2025-11-20,
2020-11-27,2025-11-20,2025-11-20,
2020-11-30,2025-11-20,2025-11-20,45.2
2020-12-01,2025-11-20,2025-11-20,44.54
2020-12-02,2025-11-20,2025-11-20,45.23
2020-12-03,2025-11-20,2025-11-20,45.65
2020-12-04,2025-11-20,2025-11-20,46.23
2020-12-07,2025-11-20,2025-11-20,45.72
2020-12-08,2025-11-20,2025-11-20,45.64
2020-12-09,2025-11-20,2025-11-20,45.48
2020-12-10,2025-11-20,2025-11-20,46.76
2020-12-11,2025-11-20,2025-11-20,46.59
2020-12-14,2025-11-20,2025-11-20,47.02
2020-12-15,2025-11-20,2025-11-20,47.58
2020-12-16,2025-11-20,2025-11-20,47.86
2020-12-17,2025-11-20,2025-11-20,48.34
2020-12-18,2025-11-20,2025-11-20,49.04
2020-12-21,2025-11-20,2025-11-20,47.79
2020-12-22,2025-11-20,2025-11-20,47.02
2020-12-23,2025-11-20,2025-11-20,47.94
2020-12-24,2025-11-20,2025-11-20,48.18
2020-12-25,2025-11-20,2025-11-20,
2020-12-28,2025-11-20,2025-11-20,47.5
2020-12-29,2025-11-20,2025-11-20,47.85
2020-12-30,2025-11-20,2025-11-20,48.24
2020-12-31,2025-11-20,2025-11-20,48.35
2021-01-01,2025-11-20,2025-11-20,
2021-01-04,2025-11-20,2025-11-20,47.47
2021-01-05,2025-11-20,2025-11-20,49.78
2021-01-06,2025-11-20,2025-11-20,50.45
2021-01-07,2025-11-20,2025-11-20,50.63
2021-01-08,2025-11-20,2025-11-20,52.14
2021-01-11,2025-11-20,2025-11-20,52.15
2021-01-12,2025-11-20,2025-11-20,53.08
2021-01-13,2025-11-20,2025-11-20,52.81
2021-01-14,2025-11-20,2025-11-20,53.47
2021-01-15,2025-11-20,2025-11-20,52.25
2021-01-18,2025-11-20,2025-11-20,
2021-01-19,2025-11-20,2025-11-20,52.87
2021-01-20,2025-11-20,2025-11-20,53.16
2021-01-21,2025-11-20,2025-11-20,53.0
2021-01-22,2025-11-20,2025-11-20,52.28
2021-01-25,2025-11-20,2025-11-20,52.78
2021-01-26,2025-11-20,2025-11-20,52.61
2021-01-27,2025-11-20,2025-11-20,52.81
2021-01-28,2025-11-20,2025-11-20,52.26
2021-01-29,2025-11-20,2025-11-20,52.16
2021-02-01,2025-11-20,2025-11-20,53.55
2021-02-02,2025-11-20,2025-11-20,54.77
2021-02-03,2025-11-20,2025-11-20,55.67
2021-02-04,2025-11-20,2025-11-20,56.19
2021-02-05,2025-11-20,2025-11-20,56.8
2021-02-08,2025-11-20,2025-11-20,57.95
2021-02-09,2025-11-20,2025-11-20,58.34
2021-02-10,2025-11-20,2025-11-20,58.69
2021-02-11,2025-11-20,2025-11-20,58.22
2021-02-12,2025-11-20,2025-11-20,59.5
2021-02-15,2025-11-20,2025-11-20,
2021-02-16,2025-11-20,2025-11-20,60.07
2021-02-17,2025-11-20,2025-11-20,61.09
2021-02-18,2025-11-20,2025-11-20,60.4
2021-02-19,2025-11-20,2025-11-20,59.12
2021-02-22,2025-11-20,2025-11-20,61.67
2021-02-23,2025-11-20,2025-11-20,61.66
2021-02-24,2025-11-20,2025-11-20,63.21
2021-02-25,2025-11-20,2025-11-20,63.43
2021-02-26,2025-11-20,2025-11-20,61.55
2021-03-01,2025-11-20,2025-11-20,60.54
2021-03-02,2025-11-20,2025-11-20,59.7
2021-03-03,2025-11-20,2025-11-20,61.33
2021-03-04,2025-11-20,2025-11-20,63.81
2021-03-05,2025-11-20,2025-11-20,66.08
2021-03-08,2025-11-20,2025-11-20,65.03
2021-03-09,2025-11-20,2025-11-20,64.02
2021-03-10,2025-11-20,2025-11-20,64.45
2021-03-11,2025-11-20,2025-11-20,66.02
2021-03-12,2025-11-20,2025-11-20,65.59
2021-03-15,2025-11-20,2025-11-20,65.36
2021-03-16,2025-11-20,2025-11-20,64.82
2021-03-17,2025-11-20,2025-11-20,64.55
2021-03-18,2025-11-20,2025-11-20,59.95
2021-03-19,2025-11-20,2025-11-20,61.43
2021-03-22,2025-11-20,2025-11-20,61.48
2021-03-23,2025-11-20,2025-11-20,57.75
2021-03-24,2025-11-20,2025-11-20,61.12
2021-03-25,2025-11-20,2025-11-20,58.47
2021-03-26,2025-11-20,2025-11-20,60.93
2021-03-29,2025-11-20,2025-11-20,61.49
2021-03-30,2025-11-20,2025-11-20,60.55
2021-03-31,2025-11-20,2025-11-20,59.19
2021-04-01,2025-11-20,2025-11-20,61.41
2021-04-02,2025-11-20,2025-11-20,
2021-04-05,2025-11-20,2025-11-20,58.73
2021-04-06,2025-11-20,2025-11-20,59.34
2021-04-07,2025-11-20,2025-11-20,59.77
2021-04-08,2025-11-20,2025-11-20,59.61
2021-04-09,2025-11-20,2025-11-20,59.29
2021-04-12,2025-11-20,2025-11-20,59.7
2021-04-13,2025-11-20,2025-11-20,60.2
2021-04-14,2025-11-20,2025-11-20,63.15
2021-04-15,2025-11-20,2025-11-20,63.42
2021-04-16,2025-11-20,2025-11-20,63.16
2021-04-19,2025-11-20,2025-11-20,63.33
2021-04-20,2025-11-20,2025-11-20,62.61
2021-04-21,2025-11-20,2025-11-20,61.34
2021-04-22,2025-11-20,2025-11-20,61.45
2021-04-23,2025-11-20,2025-11-20,62.18
2021-04-26,2025-11-20,2025-11-20,62.02
2021-04-27,2025-11-20,2025-11-20,63.03
2021-04-28,2025-11-20,2025-11-20,63.81
2021-04-29,2025-11-20,2025-11-20,65.0
2021-04-30,2025-11-20,2025-11-20,63.5
2021-05-03,2025-11-20,2025-11-20,64.46
2021-05-04,2025-11-20,2025-11-20,65.72
2021-05-05,2025-11-20,2025-11-20,65.63
2021-05-06,2025-11-20,2025-11-20,64.73
2021-05-07,2025-11-20,2025-11-20,64.96
2021-05-10,2025-11-20,2025-11-20,64.92
2021-05-11,2025-11-20,2025-11-20,65.31
2021-05-12,2025-11-20,2025-11-20,65.96
2021-05-13,2025-11-20,2025-11-20,63.82
2021-05-14,2025-11-20,2025-11-20,65.32
2021-05-17,2025-11-20,2025-11-20,66.24
2021-05-18,2025-11-20,2025-11-20,65.49
2021-05-19,2025-11-20,2025-11-20,63.28
2021-05-20,2025-11-20,2025-11-20,61.95
2021-05-21,2025-11-20,2025-11-20,63.61
2021-05-24,2025-11-20,2025-11-20,66.13
2021-05-25,2025-11-20,2025-11-20,66.27
2021-05-26,2025-11-20,2025-11-20,66.41
2021-05-27,2025-11-20,2025-11-20,66.87
2021-05-28,2025-11-20,2025-11-20,66.31
2021-05-31,2025-11-20,2025-11-20,
2021-06-01,2025-11-20,2025-11-20,67.8
2021-06-02,2025-11-20,2025-11-20,68.79
2021-06-03,2025-11-20,2025-11-20,68.81
2021-06-04,2025-11-20,2025-11-20,69.57
2021-06-07,2025-11-20,2025-11-20,69.21
2021-06-08,2025-11-20,2025-11-20,70.11
2021-06-09,2025-11-20,2025-11-20,69.9
2021-06-10,2025-11-20,2025-11-20,70.34
2021-06-11,2025-11-20,2025-11-20,71.0
2021-06-14,2025-11-20,2025-11-20,70.94
2021-06-15,2025-11-20,2025-11-20,72.06
2021-06-16,2025-11-20,2025-11-20,72.03
2021-06-17,2025-11-20,2025-11-20,71.06
2021-06-18,2025-11-20,2025-11-20,71.64
2021-06-21,2025-11-20,2025-11-20,73.64
2021-06-22,2025-11-20,2025-11-20,73.15
2021-06-23,2025-11-20,2025-11-20,73.11
2021-06-24,2025-11-20,2025-11-20,73.31
2021-06-25,2025-11-20,2025-11-20,74.21
2021-06-28,2025-11-20,2025-11-20,72.98
2021-06-29,2025-11-20,2025-11-20,73.14
2021-06-30,2025-11-20,2025-11-20,73.52
2021-07-01,2025-11-20,2025-11-20,75.33
2021-07-02,2025-11-20,2025-11-20,75.37
2021-07-05,2025-11-20,2025-11-20,
2021-07-06,2025-11-20,2025-11-20,73.62
2021-07-07,2025-11-20,2025-11-20,72.22
2021-07-08,2025-11-20,2025-11-20,72.98
2021-07-09,2025-11-20,2025-11-20,74.56
2021-07-12,2025-11-20,2025-11-20,74.21
2021-07-13,2025-11-20,2025-11-20,75.24
2021-07-14,2025-11-20,2025-11-20,73.06
2021-07-15,2025-11-20,2025-11-20,71.67
2021-07-16,2025-11-20,2025-11-20,71.76
2021-07-19,2025-11-20,2025-11-20,66.45
2021-07-20,2025-11-20,2025-11-20,67.32
2021-07-21,2025-11-20,2025-11-20,70.26
2021-07-22,2025-11-20,2025-11-20,72.15
2021-07-23,2025-11-20,2025-11-20,72.24
2021-07-26,2025-11-20,2025-11-20,72.15
2021-07-27,2025-11-20,2025-11-20,71.68
2021-07-28,2025-11-20,2025-11-20,72.37
2021-07-29,2025-11-20,2025-11-20,73.62
2021-07-30,2025-11-20,2025-11-20,73.93
2021-08-02,2025-11-20,2025-11-20,71.31
2021-08-03,2025-11-20,2025-11-20,70.64
2021-08-04,2025-11-20,2025-11-20,68.19
2021-08-05,2025-11-20,2025-11-20,69.1
2021-08-06,2025-11-20,2025-11-20,68.26
2021-08-09,2025-11-20,2025-11-20,66.56
2021-08-10,2025-11-20,2025-11-20,68.33
2021-08-11,2025-11-20,2025-11-20,69.3
2021-08-12,2025-11-20,2025-11-20,69.12
2021-08-13,2025-11-20,2025-11-20,68.36
2021-08-16,2025-11-20,2025-11-20,67.44
2021-08-17,2025-11-20,2025-11-20,66.5
2021-08-18,2025-11-20,2025-11-20,65.36
2021-08-19,2025-11-20,2025-11-20,63.69
2021-08-20,2025-11-20,2025-11-20,62.25
2021-08-23,2025-11-20,2025-11-20,65.65
2021-08-24,2025-11-20,2025-11-20,67.5
2021-08-25,2025-11-20,2025-11-20,68.54
2021-08-26,2025-11-20,2025-11-20,67.42
2021-08-27,2025-11-20,2025-11-20,68.84
2021-08-30,2025-11-20,2025-11-20,69.28
2021-08-31,2025-11-20,2025-11-20,68.43
2021-09-01,2025-11-20,2025-11-20,68.63
2021-09-02,2025-11-20,2025-11-20,70.07
2021-09-03,2025-11-20,2025-11-20,69.34
2021-09-06,2025-11-20,2025-11-20,
2021-09-07,2025-11-20,2025-11-20,68.49
2021-09-08,2025-11-20,2025-11-20,69.36
2021-09-09,2025-11-20,2025-11-20,68.26
2021-09-10,2025-11-20,2025-11-20,69.82
2021-09-13,2025-11-20,2025-11-20,70.54
2021-09-14,2025-11-20,2025-11-20,70.53
2021-09-15,2025-11-20,2025-11-20,72.59
2021-09-16,2025-11-20,2025-11-20,72.69
2021-09-17,2025-11-20,2025-11-20,72.09
2021-09-20,2025-11-20,2025-11-20,70.41
2021-09-21,2025-11-20,2025-11-20,70.51
2021-09-22,2025-11-20,2025-11-20,72.37
2021-09-23,2025-11-20,2025-11-20,73.43
2021-09-24,2025-11-20,2025-11-20,74.18
2021-09-27,2025-11-20,2025-11-20,75.54
2021-09-28,2025-11-20,2025-11-20,75.44
2021-09-29,2025-11-20,2025-11-20,75.06
2021-09-30,2025-11-20,2025-11-20,75.22
2021-10-01,2025-11-20,2025-11-20,76.01
2021-10-04,2025-11-20,2025-11-20,77.68
2021-10-05,2025-11-20,2025-11-20,79.17
2021-10-06,2025-11-20,2025-11-20,77.66
2021-10-07,2025-11-20,2025-11-20,78.46
2021-10-08,2025-11-20,2025-11-20,79.55
2021-10-11,2025-11-20,2025-11-20,80.64
2021-10-12,2025-11-20,2025-11-20,80.75
2021-10-13,2025-11-20,2025-11-20,80.67
2021-10-14,2025-11-20,2025-11-20,81.43
2021-10-15,2025-11-20,2025-11-20,82.39
2021-10-18,2025-11-20,2025-11-20,82.62
2021-10-19,2025-11-20,2025-11-20,83.19
2021-10-20,2025-11-20,2025-11-20,84.4
2021-10-21,2025-11-20,2025-11-20,82.64
2021-10-22,2025-11-20,2025-11-20,84.53
2021-10-25,2025-11-20,2025-11-20,84.64
2021-10-26,2025-11-20,2025-11-20,85.64
2021-10-27,2025-11-20,2025-11-20,82.66
2021-10-28,2025-11-20,2025-11-20,82.78
2021-10-29,2025-11-20,2025-11-20,83.5
2021-11-01,2025-11-20,2025-11-20,84.08
2021-11-02,2025-11-20,2025-11-20,83.91
2021-11-03,2025-11-20,2025-11-20,80.82
2021-11-04,2025-11-20,2025-11-20,78.88
2021-11-05,2025-11-20,2025-11-20,81.25
2021-11-08,2025-11-20,2025-11-20,81.96
2021-11-09,2025-11-20,2025-11-20,84.12
2021-11-10,2025-11-20,2025-11-20,81.23
2021-11-11,2025-11-20,2025-11-20,81.47
2021-11-12,2025-11-20,2025-11-20,80.87
2021-11-15,2025-11-20,2025-11-20,80.85
2021-11-16,2025-11-20,2025-11-20,80.76
2021-11-17,2025-11-20,2025-11-20,78.32
2021-11-18,2025-11-20,2025-11-20,78.92
2021-11-19,2025-11-20,2025-11-20,76.11
2021-11-22,2025-11-20,2025-11-20,76.74
2021-11-23,2025-11-20,2025-11-20,78.32
2021-11-24,2025-11-20,2025-11-20,78.32
2021-11-25,2025-11-20,2025-11-20,
2021-11-26,2025-11-20,2025-11-20,
2021-11-29,2025-11-20,2025-11-20,69.88
2021-11-30,2025-11-20,2025-11-20,66.14
2021-12-01,2025-11-20,2025-11-20,65.44
2021-12-02,2025-11-20,2025-11-20,66.6
2021-12-03,2025-11-20,2025-11-20,66.39
2021-12-06,2025-11-20,2025-11-20,69.62
2021-12-07,2025-11-20,2025-11-20,71.94
2021-12-08,2025-11-20,2025-11-20,72.43
2021-12-09,2025-11-20,2025-11-20,70.87
2021-12-10,2025-11-20,2025-11-20,71.71
2021-12-13,2025-11-20,2025-11-20,71.19
2021-12-14,2025-11-20,2025-11-20,70.57
2021-12-15,2025-11-20,2025-11-20,70.89
2021-12-16,2025-11-20,2025-11-20,72.34
2021-12-17,2025-11-20,2025-11-20,70.93
2021-12-20,2025-11-20,2025-11-20,68.69
2021-12-21,2025-11-20,2025-11-20,71.1
2021-12-22,2025-11-20,2025-11-20,72.82
2021-12-23,2025-11-20,2025-11-20,73.89
2021-12-24,2025-11-20,2025-11-20,
2021-12-27,2025-11-20,2025-11-20,75.49
2021-12-28,2025-11-20,2025-11-20,76.01
2021-12-29,2025-11-20,2025-11-20,76.58
2021-12-30,2025-11-20,2025-11-20,76.83
2021-12-31,2025-11-20,2025-11-20,75.33
2022-01-03,2025-11-20,2025-11-20,75.99
2022-01-04,2025-11-20,2025-11-20,77.0
2022-01-05,2025-11-20,2025-11-20,77.83
2022-01-06,2025-11-20,2025-11-20,79.47
2022-01-07,2025-11-20,2025-11-20,79.0
2022-01-10,2025-11-20,2025-11-20,78.11
2022-01-11,2025-11-20,2025-11-20,81.17
2022-01-12,2025-11-20,2025-11-20,82.51
2022-01-13,2025-11-20,2025-11-20,81.97
2022-01-14,2025-11-20,2025-11-20,83.82
2022-01-17,2025-11-20,2025-11-20,
2022-01-18,2025-11-20,2025-11-20,85.42
2022-01-19,2025-11-20,2025-11-20,86.84
2022-01-20,2025-11-20,2025-11-20,86.29
2022-01-21,2025-11-20,2025-11-20,85.16
2022-01-24,2025-11-20,2025-11-20,84.48
2022-01-25,2025-11-20,2025-11-20,86.61
2022-01-26,2025-11-20,2025-11-20,88.33
2022-01-27,2025-11-20,2025-11-20,87.61
2022-01-28,2025-11-20,2025-11-20,87.67
2022-01-31,2025-11-20,2025-11-20,89.16
2022-02-01,2025-11-20,2025-11-20,88.22
2022-02-02,2025-11-20,2025-11-20,88.16
2022-02-03,2025-11-20,2025-11-20,90.17
2022-02-04,2025-11-20,2025-11-20,92.27
2022-02-07,2025-11-20,2025-11-20,91.25
2022-02-08,2025-11-20,2025-11-20,89.32
2022-02-09,2025-11-20,2025-11-20,89.57
2022-02-10,2025-11-20,2025-11-20,89.83
2022-02-11,2025-11-20,2025-11-20,93.1
2022-02-14,2025-11-20,2025-11-20,95.52
2022-02-15,2025-11-20,2025-11-20,92.07
2022-02-16,2025-11-20,2025-11-20,93.83
2022-02-17,2025-11-20,2025-11-20,91.78
2022-02-18,2025-11-20,2025-11-20,91.26
2022-02-21,2025-11-20,2025-11-20,
2022-02-22,2025-11-20,2025-11-20,92.11
2022-02-23,2025-11-20,2025-11-20,92.14
2022-02-24,2025-11-20,2025-11-20,92.77
2022-02-25,2025-11-20,2025-11-20,91.68
2022-02-28,2025-11-20,2025-11-20,96.13
2022-03-01,2025-11-20,2025-11-20,103.66
2022-03-02,2025-11-20,2025-11-20,110.74
2022-03-03,2025-11-20,2025-11-20,107.69
2022-03-04,2025-11-20,2025-11-20,115.77
2022-03-07,2025-11-20,2025-11-20,119.26
2022-03-08,2025-11-20,2025-11-20,123.64
2022-03-09,2025-11-20,2025-11-20,108.81
2022-03-10,2025-11-20,2025-11-20,105.93
2022-03-11,2025-11-20,2025-11-20,109.31
2022-03-14,2025-11-20,2025-11-20,103.22
2022-03-15,2025-11-20,2025-11-20,96.42
2022-03-16,2025-11-20,2025-11-20,94.85
2022-03-17,2025-11-20,2025-11-20,102.97
2022-03-18,2025-11-20,2025-11-20,104.69
2022-03-21,2025-11-20,2025-11-20,112.14
2022-03-22,2025-11-20,2025-11-20,111.03
2022-03-23,2025-11-20,2025-11-20,114.89
2022-03-24,2025-11-20,2025-11-20,114.2
2022-03-25,2025-11-20,2025-11-20,116.2
2022-03-28,2025-11-20,2025-11-20,107.55
2022-03-29,2025-11-20,2025-11-20,104.25
2022-03-30,2025-11-20,2025-11-20,107.81
2022-03-31,2025-11-20,2025-11-20,100.53
2022-04-01,2025-11-20,2025-11-20,99.32
2022-04-04,2025-11-20,2025-11-20,103.29
2022-04-05,2025-11-20,2025-11-20,101.98
2022-04-06,2025-11-20,2025-11-20,96.39
2022-04-07,2025-11-20,2025-11-20,96.05
2022-04-08,2025-11-20,2025-11-20,98.35
2022-04-11,2025-11-20,2025-11-20,94.22
2022-04-12,2025-11-20,2025-11-20,100.52
2022-04-13,2025-11-20,2025-11-20,104.26
2022-04-14,2025-11-20,2025-11-20,106.84
2022-04-15,2025-11-20,2025-11-20,
2022-04-18,2025-11-20,2025-11-20,108.24
2022-04-19,2025-11-20,2025-11-20,102.54
2022-04-20,2025-11-20,2025-11-20,102.56
2022-04-21,2025-11-20,2025-11-20,103.89
2022-04-22,2025-11-20,2025-11-20,102.86
2022-04-25,2025-11-20,2025-11-20,99.6
2022-04-26,2025-11-20,2025-11-20,102.62
2022-04-27,2025-11-20,2025-11-20,101.96
2022-04-28,2025-11-20,2025-11-20,105.47
2022-04-29,2025-11-20,2025-11-20,104.59
2022-05-02,2025-11-20,2025-11-20,105.18
2022-05-03,2025-11-20,2025-11-20,102.53
2022-05-04,2025-11-20,2025-11-20,107.84
2022-05-05,2025-11-20,2025-11-20,108.17
2022-05-06,2025-11-20,2025-11-20,109.72
2022-05-09,2025-11-20,2025-11-20,103.08
2022-05-10,2025-11-20,2025-11-20,99.74
2022-05-11,2025-11-20,2025-11-20,105.5
2022-05-12,2025-11-20,2025-11-20,106.15
2022-05-13,2025-11-20,2025-11-20,110.52
2022-05-16,2025-11-20,2025-11-20,114.07
2022-05-17,2025-11-20,2025-11-20,112.31
2022-05-18,2025-11-20,2025-11-20,109.67
2022-05-19,2025-11-20,2025-11-20,112.21
2022-05-20,2025-11-20,2025-11-20,112.63
2022-05-23,2025-11-20,2025-11-20,110.32
2022-05-24,2025-11-20,2025-11-20,112.55
2022-05-25,2025-11-20,2025-11-20,112.88
2022-05-26,2025-11-20,2025-11-20,116.19
2022-05-27,2025-11-20,2025-11-20,114.96
2022-05-30,2025-11-20,2025-11-20,
2022-05-31,2025-11-20,2025-11-20,114.38
2022-06-01,2025-11-20,2025-11-20,115.26
2022-06-02,2025-11-20,2025-11-20,116.88
2022-06-03,2025-11-20,2025-11-20,118.97
2022-06-06,2025-11-20,2025-11-20,118.41
2022-06-07,2025-11-20,2025-11-20,119.55
2022-06-08,2025-11-20,2025-11-20,121.94
2022-06-09,2025-11-20,2025-11-20,121.52
2022-06-10,2025-11-20,2025-11-20,120.73
2022-06-13,2025-11-20,2025-11-20,120.92
2022-06-14,2025-11-20,2025-11-20,118.92
2022-06-15,2025-11-20,2025-11-20,115.32
2022-06-16,2025-11-20,2025-11-20,117.56
2022-06-17,2025-11-20,2025-11-20,109.56
2022-06-20,2025-11-20,2025-11-20,
2022-06-21,2025-11-20,2025-11-20,110.49
2022-06-22,2025-11-20,2025-11-20,106.22
2022-06-23,2025-11-20,2025-11-20,105.75
2022-06-24,2025-11-20,2025-11-20,109.07
2022-06-27,2025-11-20,2025-11-20,111.44
2022-06-28,2025-11-20,2025-11-20,113.66
2022-06-29,2025-11-20,2025-11-20,111.65
2022-06-30,2025-11-20,2025-11-20,107.76
2022-07-01,2025-11-20,2025-11-20,110.3
2022-07-04,2025-11-20,2025-11-20,
2022-07-05,2025-11-20,2025-11-20,101.55
2022-07-06,2025-11-20,2025-11-20,100.31
2022-07-07,2025-11-20,2025-11-20,104.62
2022-07-08,2025-11-20,2025-11-20,106.78
2022-07-11,2025-11-20,2025-11-20,106.09
2022-07-12,2025-11-20,2025-11-20,97.69
2022-07-13,2025-11-20,2025-11-20,98.44
2022-07-14,2025-11-20,2025-11-20,97.79
2022-07-15,2025-11-20,2025-11-20,99.59
2022-07-18,2025-11-20,2025-11-20,104.48
2022-07-19,2025-11-20,2025-11-20,106.12
2022-07-20,2025-11-20,2025-11-20,104.45
2022-07-21,2025-11-20,2025-11-20,98.44
2022-07-22,2025-11-20,2025-11-20,97.71
2022-07-25,2025-11-20,2025-11-20,99.83
2022-07-26,2025-11-20,2025-11-20,97.74
2022-07-27,2025-11-20,2025-11-20,100.03
2022-07-28,2025-11-20,2025-11-20,99.11
2022-07-29,2025-11-20,2025-11-20,101.31
2022-08-01,2025-11-20,2025-11-20,96.59
2022-08-02,2025-11-20,2025-11-20,97.14
2022-08-03,2025-11-20,2025-11-20,93.25
2022-08-04,2025-11-20,2025-11-20,91.29
2022-08-05,2025-11-20,2025-11-20,91.77
2022-08-08,2025-11-20,2025-11-20,93.52
2022-08-09,2025-11-20,2025-11-20,93.18
2022-08-10,2025-11-20,2025-11-20,94.68
2022-08-11,2025-11-20,2025-11-20,97.02
2022-08-12,2025-11-20,2025-11-20,94.86
2022-08-15,2025-11-20,2025-11-20,92.24
2022-08-16,2025-11-20,2025-11-20,89.23
2022-08-17,2025-11-20,2025-11-20,90.85
2022-08-18,2025-11-20,2025-11-20,93.2
2022-08-19,2025-11-20,2025-11-20,93.55
2022-08-22,2025-11-20,2025-11-20,93.42
2022-08-23,2025-11-20,2025-11-20,96.46
2022-08-24,2025-11-20,2025-11-20,95.52
2022-08-25,2025-11-20,2025-11-20,93.33
2022-08-26,2025-11-20,2025-11-20,93.63
2022-08-29,2025-11-20,2025-11-20,97.4
2022-08-30,2025-11-20,2025-11-20,92.08
2022-08-31,2025-11-20,2025-11-20,90.09
2022-09-01,2025-11-20,2025-11-20,87.09
2022-09-02,2025-11-20,2025-11-20,87.29
2022-09-05,2025-11-20,2025-11-20,
2022-09-06,2025-11-20,2025-11-20,87.35
2022-09-07,2025-11-20,2025-11-20,82.5
2022-09-08,2025-11-20,2025-11-20,84.04
2022-09-09,2025-11-20,2025-11-20,87.27
2022-09-12,2025-11-20,2025-11-20,88.18
2022-09-13,2025-11-20,2025-11-20,87.84
2022-09-14,2025-11-20,2025-11-20,88.88
2022-09-15,2025-11-20,2025-11-20,85.72
2022-09-16,2025-11-20,2025-11-20,85.57
2022-09-19,2025-11-20,2025-11-20,86.15
2022-09-20,2025-11-20,2025-11-20,84.69
2022-09-21,2025-11-20,2025-11-20,83.38
2022-09-22,2025-11-20,2025-11-20,84.02
2022-09-23,2025-11-20,2025-11-20,79.07
2022-09-26,2025-11-20,2025-11-20,77.17
2022-09-27,2025-11-20,2025-11-20,78.91
2022-09-28,2025-11-20,2025-11-20,82.61
2022-09-29,2025-11-20,2025-11-20,81.78
2022-09-30,2025-11-20,2025-11-20,79.91
2022-10-03,2025-11-20,2025-11-20,84.05
2022-10-04,2025-11-20,2025-11-20,86.87
2022-10-05,2025-11-20,2025-11-20,88.22
2022-10-06,2025-11-20,2025-11-20,88.9
2022-10-07,2025-11-20,2025-11-20,93.07
2022-10-10,2025-11-20,2025-11-20,91.6
2022-10-11,2025-11-20,2025-11-20,89.75
2022-10-12,2025-11-20,2025-11-20,87.83
2022-10-13,2025-11-20,2025-11-20,89.59
2022-10-14,2025-11-20,2025-11-20,86.1
2022-10-17,2025-11-20,2025-11-20,86.0
2022-10-18,2025-11-20,2025-11-20,83.29
2022-10-19,2025-11-20,2025-11-20,86.0
2022-10-20,2025-11-20,2025-11-20,86.02
2022-10-21,2025-11-20,2025-11-20,85.47
2022-10-24,2025-11-20,2025-11-20,86.12
2022-10-25,2025-11-20,2025-11-20,86.93
2022-10-26,2025-11-20,2025-11-20,89.39
2022-10-27,2025-11-20,2025-11-20,89.06
2022-10-28,2025-11-20,2025-11-20,87.85
2022-10-31,2025-11-20,2025-11-20,86.54
2022-11-01,2025-11-20,2025-11-20,88.36
2022-11-02,2025-11-20,2025-11-20,90.06
2022-11-03,2025-11-20,2025-11-20,88.14
2022-11-04,2025-11-20,2025-11-20,92.58
2022-11-07,2025-11-20,2025-11-20,91.8
2022-11-08,2025-11-20,2025-11-20,88.8
2022-11-09,2025-11-20,2025-11-20,85.79
2022-11-10,2025-11-20,2025-11-20,86.52
2022-11-11,2025-11-20,2025-11-20,89.14
2022-11-14,2025-11-20,2025-11-20,85.85
2022-11-15,2025-11-20,2025-11-20,86.87
2022-11-16,2025-11-20,2025-11-20,85.62
2022-11-17,2025-11-20,2025-11-20,81.69
2022-11-18,2025-11-20,2025-11-20,80.07
2022-11-21,2025-11-20,2025-11-20,79.74
2022-11-22,2025-11-20,2025-11-20,80.83
2022-11-23,2025-11-20,2025-11-20,77.93
2022-11-24,2025-11-20,2025-11-20,
2022-11-25,2025-11-20,2025-11-20,76.45
2022-11-28,2025-11-20,2025-11-20,77.1
2022-11-29,2025-11-20,2025-11-20,77.96
2022-11-30,2025-11-20,2025-11-20,80.48
2022-12-01,2025-11-20,2025-11-20,81.06
2022-12-02,2025-11-20,2025-11-20,79.86
2022-12-05,2025-11-20,2025-11-20,76.83
2022-12-06,2025-11-20,2025-11-20,74.21
2022-12-07,2025-11-20,2025-11-20,71.93
2022-12-08,2025-11-20,2025-11-20,71.3
2022-12-09,2025-11-20,2025-11-20,71.05
2022-12-12,2025-11-20,2025-11-20,72.96
2022-12-13,2025-11-20,2025-11-20,75.44
2022-12-14,2025-11-20,2025-11-20,77.14
2022-12-15,2025-11-20,2025-11-20,75.89
2022-12-16,2025-11-20,2025-11-20,74.19
2022-12-19,2025-11-20,2025-11-20,75.05
2022-12-20,2025-11-20,2025-11-20,75.92
2022-12-21,2025-11-20,2025-11-20,78.17
2022-12-22,2025-11-20,2025-11-20,77.68
2022-12-23,2025-11-20,2025-11-20,79.57
2022-12-26,2025-11-20,2025-11-20,
2022-12-27,2025-11-20,2025-11-20,79.45
2022-12-28,2025-11-20,2025-11-20,78.89
2022-12-29,2025-11-20,2025-11-20,78.43
2022-12-30,2025-11-20,2025-11-20,80.16
2023-01-02,2025-11-20,2025-11-20,
2023-01-03,2025-11-20,2025-11-20,76.87
2023-01-04,2025-11-20,2025-11-20,72.82
2023-01-05,2025-11-20,2025-11-20,73.61
2023-01-06,2025-11-20,2025-11-20,73.77
2023-01-09,2025-11-20,2025-11-20,74.69
2023-01-10,2025-11-20,2025-11-20,75.11
2023-01-11,2025-11-20,2025-11-20,77.46
2023-01-12,2025-11-20,2025-11-20,78.32
2023-01-13,2025-11-20,2025-11-20,79.9
2023-01-16,2025-11-20,2025-11-20,
2023-01-17,2025-11-20,2025-11-20,80.25
2023-01-18,2025-11-20,2025-11-20,79.53
2023-01-19,2025-11-20,2025-11-20,80.31
2023-01-20,2025-11-20,2025-11-20,81.27
2023-01-23,2025-11-20,2025-11-20,81.62
2023-01-24,2025-11-20,2025-11-20,79.86
2023-01-25,2025-11-20,2025-11-20,79.78
2023-01-26,2025-11-20,2025-11-20,80.64
2023-01-27,2025-11-20,2025-11-20,79.73
2023-01-30,2025-11-20,2025-11-20,77.97
2023-01-31,2025-11-20,2025-11-20,78.95
2023-02-01,2025-11-20,2025-11-20,76.34
2023-02-02,2025-11-20,2025-11-20,75.87
2023-02-03,2025-11-20,2025-11-20,73.4
2023-02-06,2025-11-20,2025-11-20,74.11
2023-02-07,2025-11-20,2025-11-20,77.17
2023-02-08,2025-11-20,2025-11-20,78.47
2023-02-09,2025-11-20,2025-11-20,78.04
2023-02-10,2025-11-20,2025-11-20,79.74
2023-02-13,2025-11-20,2025-11-20,80.14
2023-02-14,2025-11-20,2025-11-20,79.08
2023-02-15,2025-11-20,2025-11-20,78.57
2023-02-16,2025-11-20,2025-11-20,78.45
2023-02-17,2025-11-20,2025-11-20,76.31
2023-02-20,2025-11-20,2025-11-20,
2023-02-21,2025-11-20,2025-11-20,76.28
2023-02-22,2025-11-20,2025-11-20,73.95
2023-02-23,2025-11-20,2025-11-20,75.26
2023-02-24,2025-11-20,2025-11-20,76.19
2023-02-27,2025-11-20,2025-11-20,75.57
2023-02-28,2025-11-20,2025-11-20,76.88
2023-03-01,2025-11-20,2025-11-20,77.57
2023-03-02,2025-11-20,2025-11-20,78.05
2023-03-03,2025-11-20,2025-11-20,79.62
2023-03-06,2025-11-20,2025-11-20,80.39
2023-03-07,2025-11-20,2025-11-20,77.45
2023-03-08,2025-11-20,2025-11-20,76.56
2023-03-09,2025-11-20,2025-11-20,75.6
2023-03-10,2025-11-20,2025-11-20,76.55
2023-03-13,2025-11-20,2025-11-20,74.68
2023-03-14,2025-11-20,2025-11-20,71.18
2023-03-15,2025-11-20,2025-11-20,67.38
2023-03-16,2025-11-20,2025-11-20,68.15
2023-03-17,2025-11-20,2025-11-20,66.61
2023-03-20,2025-11-20,2025-11-20,67.56
2023-03-21,2025-11-20,2025-11-20,69.4
2023-03-22,2025-11-20,2025-11-20,70.71
2023-03-23,2025-11-20,2025-11-20,69.77
2023-03-24,2025-11-20,2025-11-20,69.22
2023-03-27,2025-11-20,2025-11-20,72.87
2023-03-28,2025-11-20,2025-11-20,73.12
2023-03-29,2025-11-20,2025-11-20,72.95
2023-03-30,2025-11-20,2025-11-20,74.32
2023-03-31,2025-11-20,2025-11-20,75.68
2023-04-03,2025-11-20,2025-11-20,80.4
2023-04-04,2025-11-20,2025-11-20,80.7
2023-04-05,2025-11-20,2025-11-20,80.69
2023-04-06,2025-11-20,2025-11-20,80.7
2023-04-07,2025-11-20,2025-11-20,
2023-04-10,2025-11-20,2025-11-20,79.79
2023-04-11,2025-11-20,2025-11-20,81.54
2023-04-12,2025-11-20,2025-11-20,83.26
2023-04-13,2025-11-20,2025-11-20,82.16
2023-04-14,2025-11-20,2025-11-20,82.58
2023-04-17,2025-11-20,2025-11-20,80.93
2023-04-18,2025-11-20,2025-11-20,80.85
2023-04-19,2025-11-20,2025-11-20,79.18
2023-04-20,2025-11-20,2025-11-20,77.27
2023-04-21,2025-11-20,2025-11-20,77.86
2023-04-24,2025-11-20,2025-11-20,78.64
2023-04-25,2025-11-20,2025-11-20,77.05
2023-04-26,2025-11-20,2025-11-20,74.33
2023-04-27,2025-11-20,2025-11-20,74.77
2023-04-28,2025-11-20,2025-11-20,76.78
2023-05-01,2025-11-20,2025-11-20,75.65
2023-05-02,2025-11-20,2025-11-20,71.71
2023-05-03,2025-11-20,2025-11-20,68.62
2023-05-04,2025-11-20,2025-11-20,68.52
2023-05-05,2025-11-20,2025-11-20,71.32
2023-05-08,2025-11-20,2025-11-20,73.13
2023-05-09,2025-11-20,2025-11-20,73.68
2023-05-10,2025-11-20,2025-11-20,72.53
2023-05-11,2025-11-20,2025-11-20,70.81
2023-05-12,2025-11-20,2025-11-20,70.02
2023-05-15,2025-11-20,2025-11-20,71.07
2023-05-16,2025-11-20,2025-11-20,70.85
2023-05-17,2025-11-20,2025-11-20,72.78
2023-05-18,2025-11-20,2025-11-20,71.82
2023-05-19,2025-11-20,2025-11-20,71.57
2023-05-22,2025-11-20,2025-11-20,71.81
2023-05-23,2025-11-20,2025-11-20,72.87
2023-05-24,2025-11-20,2025-11-20,74.37
2023-05-25,2025-11-20,2025-11-20,71.68
2023-05-26,2025-11-20,2025-11-20,72.35
2023-05-29,2025-11-20,2025-11-20,
2023-05-30,2025-11-20,2025-11-20,69.45
2023-05-31,2025-11-20,2025-11-20,68.11
2023-06-01,2025-11-20,2025-11-20,70.09
2023-06-02,2025-11-20,2025-11-20,71.76
2023-06-05,2025-11-20,2025-11-20,72.14
2023-06-06,2025-11-20,2025-11-20,71.71
2023-06-07,2025-11-20,2025-11-20,72.52
2023-06-08,2025-11-20,2025-11-20,71.28
2023-06-09,2025-11-20,2025-11-20,70.16
2023-06-12,2025-11-20,2025-11-20,67.08
2023-06-13,2025-11-20,2025-11-20,69.39
2023-06-14,2025-11-20,2025-11-20,68.22
2023-06-15,2025-11-20,2025-11-20,70.61
2023-06-16,2025-11-20,2025-11-20,71.81
2023-06-19,2025-11-20,2025-11-20,
2023-06-20,2025-11-20,2025-11-20,70.94
2023-06-21,2025-11-20,2025-11-20,72.55
2023-06-22,2025-11-20,2025-11-20,69.22
2023-06-23,2025-11-20,2025-11-20,68.91
2023-06-26,2025-11-20,2025-11-20,69.09
2023-06-27,2025-11-20,2025-11-20,67.68
2023-06-28,2025-11-20,2025-11-20,69.54
2023-06-29,2025-11-20,2025-11-20,69.85
2023-06-30,2025-11-20,2025-11-20,70.66
2023-07-03,2025-11-20,2025-11-20,69.71
2023-07-04,2025-11-20,2025-11-20,
2023-07-05,2025-11-20,2025-11-20,71.78
2023-07-06,2025-11-20,2025-11-20,71.76
2023-07-07,2025-11-20,2025-11-20,73.91
2023-07-10,2025-11-20,2025-11-20,73.05
2023-07-11,2025-11-20,2025-11-20,74.87
2023-07-12,2025-11-20,2025-11-20,75.77
2023-07-13,2025-11-20,2025-11-20,76.86
2023-07-14,2025-11-20,2025-11-20,75.44
2023-07-17,2025-11-20,2025-11-20,74.17
2023-07-18,2025-11-20,2025-11-20,75.76
2023-07-19,2025-11-20,2025-11-20,75.4
2023-07-20,2025-11-20,2025-11-20,75.65
2023-07-21,2025-11-20,2025-11-20,77.06
2023-07-24,2025-11-20,2025-11-20,78.81
2023-07-25,2025-11-20,2025-11-20,79.76
2023-07-26,2025-11-20,2025-11-20,79.11
2023-07-27,2025-11-20,2025-11-20,80.17
2023-07-28,2025-11-20,2025-11-20,80.55
2023-07-31,2025-11-20,2025-11-20,81.8
2023-08-01,2025-11-20,2025-11-20,81.37
2023-08-02,2025-11-20,2025-11-20,79.5
2023-08-03,2025-11-20,2025-11-20,81.56
2023-08-04,2025-11-20,2025-11-20,82.76
2023-08-07,2025-11-20,2025-11-20,81.94
2023-08-08,2025-11-20,2025-11-20,82.94
2023-08-09,2025-11-20,2025-11-20,84.35
2023-08-10,2025-11-20,2025-11-20,82.81
2023-08-11,2025-11-20,2025-11-20,83.17
2023-08-14,2025-11-20,2025-11-20,82.5
2023-08-15,2025-11-20,2025-11-20,81.06
2023-08-16,2025-11-20,2025-11-20,79.4
2023-08-17,2025-11-20,2025-11-20,80.43
2023-08-18,2025-11-20,2025-11-20,81.25
2023-08-21,2025-11-20,2025-11-20,80.71
2023-08-22,2025-11-20,2025-11-20,80.25
2023-08-23,2025-11-20,2025-11-20,78.91
2023-08-24,2025-11-20,2025-11-20,79.52
2023-08-25,2025-11-20,2025-11-20,80.47
2023-08-28,2025-11-20,2025-11-20,80.65
2023-08-29,2025-11-20,2025-11-20,81.14
2023-08-30,2025-11-20,2025-11-20,81.64
2023-08-31,2025-11-20,2025-11-20,83.55
2023-09-01,2025-11-20,2025-11-20,85.52
2023-09-04,2025-11-20,2025-11-20,
2023-09-05,2025-11-20,2025-11-20,86.74
2023-09-06,2025-11-20,2025-11-20,87.55
2023-09-07,2025-11-20,2025-11-20,86.87
2023-09-08,2025-11-20,2025-11-20,87.51
2023-09-11,2025-11-20,2025-11-20,87.3
2023-09-12,2025-11-20,2025-11-20,88.87
2023-09-13,2025-11-20,2025-11-20,88.59
2023-09-14,2025-11-20,2025-11-20,90.13
2023-09-15,2025-11-20,2025-11-20,90.83
2023-09-18,2025-11-20,2025-11-20,91.47
2023-09-19,2025-11-20,2025-11-20,91.16
2023-09-20,2025-11-20,2025-11-20,89.2
2023-09-21,2025-11-20,2025-11-20,89.56
2023-09-22,2025-11-20,2025-11-20,90.0
2023-09-25,2025-11-20,2025-11-20,89.68
2023-09-26,2025-11-20,2025-11-20,91.43
2023-09-27,2025-11-20,2025-11-20,93.67
2023-09-28,2025-11-20,2025-11-20,91.65
2023-09-29,2025-11-20,2025-11-20,90.77
2023-10-02,2025-11-20,2025-11-20,88.81
2023-10-03,2025-11-20,2025-11-20,89.26
2023-10-04,2025-11-20,2025-11-20,84.32
2023-10-05,2025-11-20,2025-11-20,82.3
2023-10-06,2025-11-20,2025-11-20,82.83
2023-10-09,2025-11-20,2025-11-20,
2023-10-10,2025-11-20,2025-11-20,85.89
2023-10-11,2025-11-20,2025-11-20,83.7
2023-10-12,2025-11-20,2025-11-20,82.87
2023-10-13,2025-11-20,2025-11-20,87.67
2023-10-16,2025-11-20,2025-11-20,86.65
2023-10-17,2025-11-20,2025-11-20,86.66
2023-10-18,2025-11-20,2025-11-20,88.35
2023-10-19,2025-11-20,2025-11-20,89.35
2023-10-20,2025-11-20,2025-11-20,89.12
2023-10-23,2025-11-20,2025-11-20,85.49
2023-10-24,2025-11-20,2025-11-20,84.58
2023-10-25,2025-11-20,2025-11-20,86.07
2023-10-26,2025-11-20,2025-11-20,83.8
2023-10-27,2025-11-20,2025-11-20,86.04
2023-10-30,2025-11-20,2025-11-20,83.03
2023-10-31,2025-11-20,2025-11-20,81.64
2023-11-01,2025-11-20,2025-11-20,81.05
2023-11-02,2025-11-20,2025-11-20,83.04
2023-11-03,2025-11-20,2025-11-20,81.19
2023-11-06,2025-11-20,2025-11-20,81.54
2023-11-07,2025-11-20,2025-11-20,77.96
2023-11-08,2025-11-20,2025-11-20,75.85
2023-11-09,2025-11-20,2025-11-20,76.34
2023-11-10,2025-11-20,2025-11-20,
2023-11-13,2025-11-20,2025-11-20,78.86
2023-11-14,2025-11-20,2025-11-20,78.9
2023-11-15,2025-11-20,2025-11-20,77.15
2023-11-16,2025-11-20,2025-11-20,73.5
2023-11-17,2025-11-20,2025-11-20,76.47
2023-11-20,2025-11-20,2025-11-20,78.1
2023-11-21,2025-11-20,2025-11-20,78.35
2023-11-22,2025-11-20,2025-11-20,76.8
2023-11-23,2025-11-20,2025-11-20,
2023-11-24,2025-11-20,2025-11-20,74.83
2023-11-27,2025-11-20,2025-11-20,74.46
2023-11-28,2025-11-20,2025-11-20,76.09
2023-11-29,2025-11-20,2025-11-20,77.56
2023-11-30,2025-11-20,2025-11-20,75.66
2023-12-01,2025-11-20,2025-11-20,73.7
2023-12-04,2025-11-20,2025-11-20,72.73
2023-12-05,2025-11-20,2025-11-20,71.95
2023-12-06,2025-11-20,2025-11-20,68.98
2023-12-07,2025-11-20,2025-11-20,69.0
2023-12-08,2025-11-20,2025-11-20,70.87
2023-12-11,2025-11-20,2025-11-20,70.95
2023-12-12,2025-11-20,2025-11-20,68.27
2023-12-13,2025-11-20,2025-11-20,69.09
2023-12-14,2025-11-20,2025-11-20,71.21
2023-12-15,2025-11-20,2025-11-20,71.05
2023-12-18,2025-11-20,2025-11-20,72.16
2023-12-19,2025-11-20,2025-11-20,73.23
2023-12-20,2025-11-20,2025-11-20,73.87
2023-12-21,2025-11-20,2025-11-20,73.59
2023-12-22,2025-11-20,2025-11-20,73.29
2023-12-25,2025-11-20,2025-11-20,
2023-12-26,2025-11-20,2025-11-20,75.84
2023-12-27,2025-11-20,2025-11-20,74.31
2023-12-28,2025-11-20,2025-11-20,72.02
2023-12-29,2025-11-20,2025-11-20,71.89
2024-01-01,2025-11-20,2025-11-20,
2024-01-02,2025-11-20,2025-11-20,70.62
2024-01-03,2025-11-20,2025-11-20,72.97
2024-01-04,2025-11-20,2025-11-20,72.38
2024-01-05,2025-11-20,2025-11-20,74.0
2024-01-08,2025-11-20,2025-11-20,71.06
2024-01-09,2025-11-20,2025-11-20,72.43
2024-01-10,2025-11-20,2025-11-20,71.57
2024-01-11,2025-11-20,2025-11-20,72.15
2024-01-12,2025-11-20,2025-11-20,72.94
2024-01-15,2025-11-20,2025-11-20,
2024-01-16,2025-11-20,2025-11-20,72.63
2024-01-17,2025-11-20,2025-11-20,72.79
2024-01-18,2025-11-20,2025-11-20,74.32
2024-01-19,2025-11-20,2025-11-20,73.69
2024-01-22,2025-11-20,2025-11-20,75.26
2024-01-23,2025-11-20,2025-11-20,74.72
2024-01-24,2025-11-20,2025-11-20,75.48
2024-01-25,2025-11-20,2025-11-20,77.91
2024-01-26,2025-11-20,2025-11-20,78.45
2024-01-29,2025-11-20,2025-11-20,77.25
2024-01-30,2025-11-20,2025-11-20,78.3
2024-01-31,2025-11-20,2025-11-20,76.28
2024-02-01,2025-11-20,2025-11-20,74.36
2024-02-02,2025-11-20,2025-11-20,72.72
2024-02-05,2025-11-20,2025-11-20,73.21
2024-02-06,2025-11-20,2025-11-20,73.83
2024-02-07,2025-11-20,2025-11-20,74.26
2024-02-08,2025-11-20,2025-11-20,76.67
2024-02-09,2025-11-20,2025-11-20,77.26
2024-02-12,2025-11-20,2025-11-20,77.34
2024-02-13,2025-11-20,2025-11-20,78.28
2024-02-14,2025-11-20,2025-11-20,77.09
2024-02-15,2025-11-20,2025-11-20,78.47
2024-02-16,2025-11-20,2025-11-20,79.65
2024-02-19,2025-11-20,2025-11-20,
2024-02-20,2025-11-20,2025-11-20,78.72
2024-02-21,2025-11-20,2025-11-20,78.89
2024-02-22,2025-11-20,2025-11-20,79.64
2024-02-23,2025-11-20,2025-11-20,77.6
2024-02-26,2025-11-20,2025-11-20,78.53
2024-02-27,2025-11-20,2025-11-20,79.8
2024-02-28,2025-11-20,2025-11-20,79.44
2024-02-29,2025-11-20,2025-11-20,79.22
2024-03-01,2025-11-20,2025-11-20,80.9
2024-03-04,2025-11-20,2025-11-20,79.67
2024-03-05,2025-11-20,2025-11-20,79.11
2024-03-06,2025-11-20,2025-11-20,80.08
2024-03-07,2025-11-20,2025-11-20,79.81
2024-03-08,2025-11-20,2025-11-20,78.96
2024-03-11,2025-11-20,2025-11-20,78.87
2024-03-12,2025-11-20,2025-11-20,78.51
2024-03-13,2025-11-20,2025-11-20,80.67
2024-03-14,2025-11-20,2025-11-20,82.16
2024-03-15,2025-11-20,2025-11-20,81.94
2024-03-18,2025-11-20,2025-11-20,83.68
2024-03-19,2025-11-20,2025-11-20,84.39
2024-03-20,2025-11-20,2025-11-20,82.79
2024-03-21,2025-11-20,2025-11-20,81.99
2024-03-22,2025-11-20,2025-11-20,81.1
2024-03-25,2025-11-20,2025-11-20,82.41
2024-03-26,2025-11-20,2025-11-20,82.41
2024-03-27,2025-11-20,2025-11-20,82.15
2024-03-28,2025-11-20,2025-11-20,83.96
2024-03-29,2025-11-20,2025-11-20,
2024-04-01,2025-11-20,2025-11-20,84.54
2024-04-02,2025-11-20,2025-11-20,85.95
2024-04-03,2025-11-20,2025-11-20,86.22
2024-04-04,2025-11-20,2025-11-20,87.37
2024-04-05,2025-11-20,2025-11-20,87.69
2024-04-08,2025-11-20,2025-11-20,87.24
2024-04-09,2025-11-20,2025-11-20,86.04
2024-04-10,2025-11-20,2025-11-20,86.98
2024-04-11,2025-11-20,2025-11-20,85.79
2024-04-12,2025-11-20,2025-11-20,86.46
2024-04-15,2025-11-20,2025-11-20,86.21
2024-04-16,2025-11-20,2025-11-20,86.15
2024-04-17,2025-11-20,2025-11-20,83.58
2024-04-18,2025-11-20,2025-11-20,83.5
2024-04-19,2025-11-20,2025-11-20,83.79
2024-04-22,2025-11-20,2025-11-20,83.82
2024-04-23,2025-11-20,2025-11-20,84.17
2024-04-24,2025-11-20,2025-11-20,84.09
2024-04-25,2025-11-20,2025-11-20,84.92
2024-04-26,2025-11-20,2025-11-20,85.38
2024-04-29,2025-11-20,2025-11-20,84.26
2024-04-30,2025-11-20,2025-11-20,83.49
2024-05-01,2025-11-20,2025-11-20,80.7
2024-05-02,2025-11-20,2025-11-20,80.59
2024-05-03,2025-11-20,2025-11-20,79.65
2024-05-06,2025-11-20,2025-11-20,80.1
2024-05-07,2025-11-20,2025-11-20,79.97
2024-05-08,2025-11-20,2025-11-20,80.57
2024-05-09,2025-11-20,2025-11-20,80.86
2024-05-10,2025-11-20,2025-11-20,79.81
2024-05-13,2025-11-20,2025-11-20,80.71
2024-05-14,2025-11-20,2025-11-20,79.62
2024-05-15,2025-11-20,2025-11-20,80.23
2024-05-16,2025-11-20,2025-11-20,80.85
2024-05-17,2025-11-20,2025-11-20,81.66
2024-05-20,2025-11-20,2025-11-20,81.39
2024-05-21,2025-11-20,2025-11-20,80.66
2024-05-22,2025-11-20,2025-11-20,79.15
2024-05-23,2025-11-20,2025-11-20,77.47
2024-05-24,2025-11-20,2025-11-20,78.48
2024-05-27,2025-11-20,2025-11-20,
2024-05-28,2025-11-20,2025-11-20,80.9
2024-05-29,2025-11-20,2025-11-20,80.24
2024-05-30,2025-11-20,2025-11-20,78.96
2024-05-31,2025-11-20,2025-11-20,77.97
2024-06-03,2025-11-20,2025-11-20,75.26
2024-06-04,2025-11-20,2025-11-20,74.27
2024-06-05,2025-11-20,2025-11-20,75.08
2024-06-06,2025-11-20,2025-11-20,76.52
2024-06-07,2025-11-20,2025-11-20,76.53
2024-06-10,2025-11-20,2025-11-20,78.75
2024-06-11,2025-11-20,2025-11-20,78.88
2024-06-12,2025-11-20,2025-11-20,79.56
2024-06-13,2025-11-20,2025-11-20,79.61
2024-06-14,2025-11-20,2025-11-20,79.41
2024-06-17,2025-11-20,2025-11-20,81.33
2024-06-18,2025-11-20,2025-11-20,82.67
2024-06-19,2025-11-20,2025-11-20,
2024-06-20,2025-11-20,2025-11-20,83.34
2024-06-21,2025-11-20,2025-11-20,81.71
2024-06-24,2025-11-20,2025-11-20,82.63
2024-06-25,2025-11-20,2025-11-20,81.97
2024-06-26,2025-11-20,2025-11-20,82.19
2024-06-27,2025-11-20,2025-11-20,83.04
2024-06-28,2025-11-20,2025-11-20,82.83
2024-07-01,2025-11-20,2025-11-20,84.7
2024-07-02,2025-11-20,2025-11-20,84.09
2024-07-03,2025-11-20,2025-11-20,85.19
2024-07-04,2025-11-20,2025-11-20,
2024-07-05,2025-11-20,2025-11-20,84.44
2024-07-08,2025-11-20,2025-11-20,83.63
2024-07-09,2025-11-20,2025-11-20,82.78
2024-07-10,2025-11-20,2025-11-20,83.39
2024-07-11,2025-11-20,2025-11-20,83.92
2024-07-12,2025-11-20,2025-11-20,83.49
2024-07-15,2025-11-20,2025-11-20,83.22
2024-07-16,2025-11-20,2025-11-20,81.92
2024-07-17,2025-11-20,2025-11-20,84.16
2024-07-18,2025-11-20,2025-11-20,84.17
2024-07-19,2025-11-20,2025-11-20,81.43
2024-07-22,2025-11-20,2025-11-20,81.25
2024-07-23,2025-11-20,2025-11-20,78.24
2024-07-24,2025-11-20,2025-11-20,78.78
2024-07-25,2025-11-20,2025-11-20,79.43
2024-07-26,2025-11-20,2025-11-20,78.58
2024-07-29,2025-11-20,2025-11-20,77.27
2024-07-30,2025-11-20,2025-11-20,76.17
2024-07-31,2025-11-20,2025-11-20,79.36
2024-08-01,2025-11-20,2025-11-20,77.74
2024-08-02,2025-11-20,2025-11-20,74.99
2024-08-05,2025-11-20,2025-11-20,74.46
2024-08-06,2025-11-20,2025-11-20,74.6
2024-08-07,2025-11-20,2025-11-20,76.68
2024-08-08,2025-11-20,2025-11-20,77.64
2024-08-09,2025-11-20,2025-11-20,78.28
2024-08-12,2025-11-20,2025-11-20,81.45
2024-08-13,2025-11-20,2025-11-20,79.81
2024-08-14,2025-11-20,2025-11-20,78.47
2024-08-15,2025-11-20,2025-11-20,79.66
2024-08-16,2025-11-20,2025-11-20,78.05
2024-08-19,2025-11-20,2025-11-20,75.82
2024-08-20,2025-11-20,2025-11-20,75.27
2024-08-21,2025-11-20,2025-11-20,72.76
2024-08-22,2025-11-20,2025-11-20,73.72
2024-08-23,2025-11-20,2025-11-20,75.82
2024-08-26,2025-11-20,2025-11-20,78.4
2024-08-27,2025-11-20,2025-11-20,76.5
2024-08-28,2025-11-20,2025-11-20,75.49
2024-08-29,2025-11-20,2025-11-20,76.9
2024-08-30,2025-11-20,2025-11-20,74.52
2024-09-02,2025-11-20,2025-11-20,
2024-09-03,2025-11-20,2025-11-20,71.28
2024-09-04,2025-11-20,2025-11-20,70.11
2024-09-05,2025-11-20,2025-11-20,70.09
2024-09-06,2025-11-20,2025-11-20,68.58
2024-09-09,2025-11-20,2025-11-20,69.65
2024-09-10,2025-11-20,2025-11-20,66.73
2024-09-11,2025-11-20,2025-11-20,68.25
2024-09-12,2025-11-20,2025-11-20,69.89
2024-09-13,2025-11-20,2025-11-20,69.59
2024-09-16,2025-11-20,2025-11-20,71.1
2024-09-17,2025-11-20,2025-11-20,72.16
2024-09-18,2025-11-20,2025-11-20,71.87
2024-09-19,2025-11-20,2025-11-20,72.86
2024-09-20,2025-11-20,2025-11-20,72.72
2024-09-23,2025-11-20,2025-11-20,71.33
2024-09-24,2025-11-20,2025-11-20,72.34
2024-09-25,2025-11-20,2025-11-20,70.42
2024-09-26,2025-11-20,2025-11-20,68.28
2024-09-27,2025-11-20,2025-11-20,68.72
2024-09-30,2025-11-20,2025-11-20,68.75
2024-10-01,2025-11-20,2025-11-20,70.41
2024-10-02,2025-11-20,2025-11-20,70.74
2024-10-03,2025-11-20,2025-11-20,74.33
2024-10-04,2025-11-20,2025-11-20,74.93
2024-10-07,2025-11-20,2025-11-20,77.76
2024-10-08,2025-11-20,2025-11-20,74.26
2024-10-09,2025-11-20,2025-11-20,73.85
2024-10-10,2025-11-20,2025-11-20,76.46
2024-10-11,2025-11-20,2025-11-20,76.11
2024-10-14,2025-11-20,2025-11-20,
2024-10-15,2025-11-20,2025-11-20,71.22
2024-10-16,2025-11-20,2025-11-20,70.97
2024-10-17,2025-11-20,2025-11-20,71.26
2024-10-18,2025-11-20,2025-11-20,69.78
2024-10-21,2025-11-20,2025-11-20,71.16
2024-10-22,2025-11-20,2025-11-20,72.84
2024-10-23,2025-11-20,2025-11-20,71.37
2024-10-24,2025-11-20,2025-11-20,70.58
2024-10-25,2025-11-20,2025-11-20,72.02
2024-10-28,2025-11-20,2025-11-20,67.65
2024-10-29,2025-11-20,2025-11-20,67.48
2024-10-30,2025-11-20,2025-11-20,68.91
2024-10-31,2025-11-20,2025-11-20,69.58
2024-11-01,2025-11-20,2025-11-20,69.81
2024-11-04,2025-11-20,2025-11-20,71.83
2024-11-05,2025-11-20,2025-11-20,72.26
2024-11-06,2025-11-20,2025-11-20,71.98
2024-11-07,2025-11-20,2025-11-20,72.69
2024-11-08,2025-11-20,2025-11-20,70.69
2024-11-11,2025-11-20,2025-11-20,
2024-11-12,2025-11-20,2025-11-20,68.43
2024-11-13,2025-11-20,2025-11-20,68.76
2024-11-14,2025-11-20,2025-11-20,68.99
2024-11-15,2025-11-20,2025-11-20,67.33
2024-11-18,2025-11-20,2025-11-20,69.46
2024-11-19,2025-11-20,2025-11-20,69.75
2024-11-20,2025-11-20,2025-11-20,69.25
2024-11-21,2025-11-20,2025-11-20,70.39
2024-11-22,2025-11-20,2025-11-20,71.68
2024-11-25,2025-11-20,2025-11-20,69.41
2024-11-26,2025-11-20,2025-11-20,69.05
2024-11-27,2025-11-20,2025-11-20,69.03
2024-11-28,2025-11-20,2025-11-20,
2024-11-29,2025-11-20,2025-11-20,68.26
2024-12-02,2025-11-20,2025-11-20,68.35
2024-12-03,2025-11-20,2025-11-20,70.15
2024-12-04,2025-11-20,2025-11-20,68.81
2024-12-05,2025-11-20,2025-11-20,68.58
2024-12-06,2025-11-20,2025-11-20,68.58
2024-12-09,2025-11-20,2025-11-20,68.65
2024-12-10,2025-11-20,2025-11-20,68.85
2024-12-11,2025-11-20,2025-11-20,70.57
2024-12-12,2025-11-20,2025-11-20,70.25
2024-12-13,2025-11-20,2025-11-20,71.54
2024-12-16,2025-11-20,2025-11-20,71.03
2024-12-17,2025-11-20,2025-11-20,70.31
2024-12-18,2025-11-20,2025-11-20,70.8
2024-12-19,2025-11-20,2025-11-20,70.1
2024-12-20,2025-11-20,2025-11-20,69.71
2024-12-23,2025-11-20,2025-11-20,69.5
2024-12-24,2025-11-20,2025-11-20,70.87
2024-12-25,2025-11-20,2025-11-20,
2024-12-26,2025-11-20,2025-11-20,70.38
2024-12-27,2025-11-20,2025-11-20,71.28
2024-12-30,2025-11-20,2025-11-20,71.73
2024-12-31,2025-11-20,2025-11-20,72.44
2025-01-01,2025-11-20,2025-11-20,
2025-01-02,2025-11-20,2025-11-20,73.79
2025-01-03,2025-11-20,2025-11-20,74.64
2025-01-06,2025-11-20,2025-11-20,74.31
2025-01-07,2025-11-20,2025-11-20,74.99
2025-01-08,2025-11-20,2025-11-20,73.99
2025-01-09,2025-11-20,2025-11-20,
2025-01-10,2025-11-20,2025-11-20,77.27
2025-01-13,2025-11-20,2025-11-20,79.57
2025-01-14,2025-11-20,2025-11-20,78.2
2025-01-15,2025-11-20,2025-11-20,80.73
2025-01-16,2025-11-20,2025-11-20,79.35
2025-01-17,2025-11-20,2025-11-20,78.56
2025-01-20,2025-11-20,2025-11-20,
2025-01-21,2025-11-20,2025-11-20,76.79
2025-01-22,2025-11-20,2025-11-20,76.12
2025-01-23,2025-11-20,2025-11-20,75.03
2025-01-24,2025-11-20,2025-11-20,74.97
2025-01-27,2025-11-20,2025-11-20,73.51
2025-01-28,2025-11-20,2025-11-20,74.15
2025-01-29,2025-11-20,2025-11-20,72.94
2025-01-30,2025-11-20,2025-11-20,73.1
2025-01-31,2025-11-20,2025-11-20,72.84
2025-02-03,2025-11-20,2025-11-20,73.52
2025-02-04,2025-11-20,2025-11-20,73.04
2025-02-05,2025-11-20,2025-11-20,71.39
2025-02-06,2025-11-20,2025-11-20,70.97
2025-02-07,2025-11-20,2025-11-20,71.32
2025-02-10,2025-11-20,2025-11-20,72.73
2025-02-11,2025-11-20,2025-11-20,73.67
2025-02-12,2025-11-20,2025-11-20,71.72
2025-02-13,2025-11-20,2025-11-20,71.66
2025-02-14,2025-11-20,2025-11-20,71.05
2025-02-17,2025-11-20,2025-11-20,
2025-02-18,2025-11-20,2025-11-20,72.21
2025-02-19,2025-11-20,2025-11-20,72.58
2025-02-20,2025-11-20,2025-11-20,72.88
2025-02-21,2025-11-20,2025-11-20,70.72
2025-02-24,2025-11-20,2025-11-20,71.06
2025-02-25,2025-11-20,2025-11-20,69.15
2025-02-26,2025-11-20,2025-11-20,68.87
2025-02-27,2025-11-20,2025-11-20,70.62
2025-02-28,2025-11-20,2025-11-20,69.97
2025-03-03,2025-11-20,2025-11-20,68.63
2025-03-04,2025-11-20,2025-11-20,68.47
2025-03-05,2025-11-20,2025-11-20,66.58
2025-03-06,2025-11-20,2025-11-20,66.62
2025-03-07,2025-11-20,2025-11-20,67.29
2025-03-10,2025-11-20,2025-11-20,66.31
2025-03-11,2025-11-20,2025-11-20,66.52
2025-03-12,2025-11-20,2025-11-20,67.65
2025-03-13,2025-11-20,2025-11-20,66.82
2025-03-14,2025-11-20,2025-11-20,67.43
2025-03-17,2025-11-20,2025-11-20,67.84
2025-03-18,2025-11-20,2025-11-20,67.49
2025-03-19,2025-11-20,2025-11-20,67.4
2025-03-20,2025-11-20,2025-11-20,68.55
2025-03-21,2025-11-20,2025-11-20,68.52
2025-03-24,2025-11-20,2025-11-20,69.46
2025-03-25,2025-11-20,2025-11-20,69.48
2025-03-26,2025-11-20,2025-11-20,70.05
2025-03-27,2025-11-20,2025-11-20,70.3
2025-03-28,2025-11-20,2025-11-20,69.74
2025-03-31,2025-11-20,2025-11-20,71.87
2025-04-01,2025-11-20,2025-11-20,71.61
2025-04-02,2025-11-20,2025-11-20,72.12
2025-04-03,2025-11-20,2025-11-20,67.43
2025-04-04,2025-11-20,2025-11-20,62.42
2025-04-07,2025-11-20,2025-11-20,61.05
2025-04-08,2025-11-20,2025-11-20,60.04
2025-04-09,2025-11-20,2025-11-20,62.63
2025-04-10,2025-11-20,2025-11-20,60.57
2025-04-11,2025-11-20,2025-11-20,61.91
2025-04-14,2025-11-20,2025-11-20,61.99
2025-04-15,2025-11-20,2025-11-20,61.74
2025-04-16,2025-11-20,2025-11-20,62.88
2025-04-17,2025-11-20,2025-11-20,65.07
2025-04-18,2025-11-20,2025-11-20,
2025-04-21,2025-11-20,2025-11-20,63.48
2025-04-22,2025-11-20,2025-11-20,64.6
2025-04-23,2025-11-20,2025-11-20,62.64
2025-04-24,2025-11-20,2025-11-20,63.55
2025-04-25,2025-11-20,2025-11-20,63.85
2025-04-28,2025-11-20,2025-11-20,63.3
2025-04-29,2025-11-20,2025-11-20,61.84
2025-04-30,2025-11-20,2025-11-20,59.55
2025-05-01,2025-11-20,2025-11-20,60.59
2025-05-02,2025-11-20,2025-11-20,59.67
2025-05-05,2025-11-20,2025-11-20,58.5
2025-05-06,2025-11-20,2025-11-20,60.42
2025-05-07,2025-11-20,2025-11-20,59.42
2025-05-08,2025-11-20,2025-11-20,61.25
2025-05-09,2025-11-20,2025-11-20,62.37
2025-05-12,2025-11-20,2025-11-20,63.32
2025-05-13,2025-11-20,2025-11-20,65.04
2025-05-14,2025-11-20,2025-11-20,64.48
2025-05-15,2025-11-20,2025-11-20,63.03
2025-05-16,2025-11-20,2025-11-20,63.84
2025-05-19,2025-11-20,2025-11-20,63.98
2025-05-20,2025-11-20,2025-11-20,63.97
2025-05-21,2025-11-20,2025-11-20,62.93
2025-05-22,2025-11-20,2025-11-20,62.55
2025-05-23,2025-11-20,2025-11-20,62.89
2025-05-26,2025-11-20,2025-11-20,
2025-05-27,2025-11-20,2025-11-20,61.61
2025-05-28,2025-11-20,2025-11-20,62.54
2025-05-29,2025-11-20,2025-11-20,61.66
2025-05-30,2025-11-20,2025-11-20,61.46
2025-06-02,2025-11-20,2025-11-20,63.27
2025-06-03,2025-11-20,2025-11-20,64.1
2025-06-04,2025-11-20,2025-11-20,63.57
2025-06-05,2025-11-20,2025-11-20,64.06
2025-06-06,2025-11-20,2025-11-20,65.3
2025-06-09,2025-11-20,2025-11-20,65.99
2025-06-10,2025-11-20,2025-11-20,65.66
2025-06-11,2025-11-20,2025-11-20,68.91
2025-06-12,2025-11-20,2025-11-20,68.73
2025-06-13,2025-11-20,2025-11-20,73.84
2025-06-16,2025-11-20,2025-11-20,72.53
2025-06-17,2025-11-20,2025-11-20,75.62
2025-06-18,2025-11-20,2025-11-20,75.89
2025-06-19,2025-11-20,2025-11-20,
2025-06-20,2025-11-20,2025-11-20,75.72
2025-06-23,2025-11-20,2025-11-20,69.36
2025-06-24,2025-11-20,2025-11-20,65.45
2025-06-25,2025-11-20,2025-11-20,65.98
2025-06-26,2025-11-20,2025-11-20,66.44
2025-06-27,2025-11-20,2025-11-20,66.66
2025-06-30,2025-11-20,2025-11-20,66.3
2025-07-01,2025-11-20,2025-11-20,66.64
2025-07-02,2025-11-20,2025-11-20,68.66
2025-07-03,2025-11-20,2025-11-20,68.13
2025-07-04,2025-11-20,2025-11-20,
2025-07-07,2025-11-20,2025-11-20,69.16
2025-07-08,2025-11-20,2025-11-20,69.55
2025-07-09,2025-11-20,2025-11-20,69.61
2025-07-10,2025-11-20,2025-11-20,67.78
2025-07-11,2025-11-20,2025-11-20,69.63
2025-07-14,2025-11-20,2025-11-20,68.19
2025-07-15,2025-11-20,2025-11-20,67.76
2025-07-16,2025-11-20,2025-11-20,67.13
2025-07-17,2025-11-20,2025-11-20,68.76
2025-07-18,2025-11-20,2025-11-20,68.53
2025-07-21,2025-11-20,2025-11-20,68.39
2025-07-22,2025-11-20,2025-11-20,67.56
2025-07-23,2025-11-20,2025-11-20,66.05
2025-07-24,2025-11-20,2025-11-20,67.16
2025-07-25,2025-11-20,2025-11-20,66.38
2025-07-28,2025-11-20,2025-11-20,67.81
2025-07-29,2025-11-20,2025-11-20,70.27
2025-07-30,2025-11-20,2025-11-20,71.09
2025-07-31,2025-11-20,2025-11-20,70.36
2025-08-01,2025-11-20,2025-11-20,68.39
2025-08-04,2025-11-20,2025-11-20,67.33
2025-08-05,2025-11-20,2025-11-20,66.2
2025-08-06,2025-11-20,2025-11-20,65.38
2025-08-07,2025-11-20,2025-11-20,64.9
2025-08-08,2025-11-20,2025-11-20,64.94
2025-08-11,2025-11-20,2025-11-20,65.03
2025-08-12,2025-11-20,2025-11-20,64.22
2025-08-13,2025-11-20,2025-11-20,63.68
2025-08-14,2025-11-20,2025-11-20,64.99
2025-08-15,2025-11-20,2025-11-20,63.78
2025-08-18,2025-11-20,2025-11-20,64.51
2025-08-19,2025-11-20,2025-11-20,63.38
2025-08-20,2025-11-20,2025-11-20,64.19
2025-08-21,2025-11-20,2025-11-20,64.56
2025-08-22,2025-11-20,2025-11-20,64.08
2025-08-25,2025-11-20,2025-11-20,65.18
2025-08-26,2025-11-20,2025-11-20,63.6
2025-08-27,2025-11-20,2025-11-20,64.49
2025-08-28,2025-11-20,2025-11-20,64.96
2025-08-29,2025-11-20,2025-11-20,64.36
2025-09-01,2025-11-20,2025-11-20,
2025-09-02,2025-11-20,2025-11-20,65.95
2025-09-03,2025-11-20,2025-11-20,64.36
2025-09-04,2025-11-20,2025-11-20,63.81
2025-09-05,2025-11-20,2025-11-20,62.22
2025-09-08,2025-11-20,2025-11-20,62.6
2025-09-09,2025-11-20,2025-11-20,62.97
2025-09-10,2025-11-20,2025-11-20,64.01
2025-09-11,2025-11-20,2025-11-20,62.71
2025-09-12,2025-11-20,2025-11-20,63.02
2025-09-15,2025-11-20,2025-11-20,63.66
2025-09-16,2025-11-20,2025-11-20,64.89
2025-09-17,2025-11-20,2025-11-20,64.41
2025-09-18,2025-11-20,2025-11-20,63.91
2025-09-19,2025-11-20,2025-11-20,63.02
2025-09-22,2025-11-20,2025-11-20,62.99
2025-09-23,2025-11-20,2025-11-20,63.76
2025-09-24,2025-11-20,2025-11-20,65.4
2025-09-25,2025-11-20,2025-11-20,65.51
2025-09-26,2025-11-20,2025-11-20,66.5
2025-09-29,2025-11-20,2025-11-20,64.27
2025-09-30,2025-11-20,2025-11-20,63.17
2025-10-01,2025-11-20,2025-11-20,62.59
2025-10-02,2025-11-20,2025-11-20,61.28
2025-10-03,2025-11-20,2025-11-20,61.65
2025-10-06,2025-11-20,2025-11-20,62.49
2025-10-07,2025-11-20,2025-11-20,62.52
2025-10-08,2025-11-20,2025-11-20,63.37
2025-10-09,2025-11-20,2025-11-20,62.36
2025-10-10,2025-11-20,2025-11-20,59.75
2025-10-13,2025-11-20,2025-11-20,
2025-10-14,2025-11-20,2025-11-20,59.52
2025-10-15,2025-11-20,2025-11-20,59.08
2025-10-16,2025-11-20,2025-11-20,58.29
2025-10-17,2025-11-20,2025-11-20,58.3
2025-10-20,2025-11-20,2025-11-20,58.34
2025-10-21,2025-11-20,2025-11-20,58.66
2025-10-22,2025-11-20,2025-11-20,59.3
2025-10-23,2025-11-20,2025-11-20,62.44
2025-10-24,2025-11-20,2025-11-20,62.27
2025-10-27,2025-11-20,2025-11-20,62.13
2025-10-28,2025-11-20,2025-11-20,60.97
2025-10-29,2025-11-20,2025-11-20,61.26
2025-10-30,2025-11-20,2025-11-20,61.36
2025-10-31,2025-11-20,2025-11-20,61.75
2025-11-03,2025-11-20,2025-11-20,61.79
2025-11-04,2025-11-20,2025-11-20,61.38
2025-11-05,2025-11-20,2025-11-20,60.4
2025-11-06,2025-11-20,2025-11-20,60.24
2025-11-07,2025-11-20,2025-11-20,60.54
2025-11-10,2025-11-20,2025-11-20,60.94
2025-11-11,2025-11-20,2025-11-20,
2025-11-12,2025-11-20,2025-11-20,59.3
2025-11-13,2025-11-20,2025-11-20,59.54
2025-11-14,2025-11-20,2025-11-20,60.87
2025-11-17,2025-11-20,2025-11-20,60.66
