date,ICSA,ICNSA,IC4WSA,CCSA,CCNSA,IURSA,IURNSA
1967-01-07,208000.0,346000.0,,1134000.0,1594000.0,,
1967-01-14,207000.0,334000.0,,1119000.0,1563000.0,,
1967-01-21,217000.0,277000.0,,1119000.0,1551000.0,,
1967-01-28,204000.0,252000.0,209000.0,1103000.0,1533000.0,,
1967-02-04,216000.0,274000.0,211000.0,1131000.0,1534000.0,,
1967-02-11,229000.0,276000.0,216500.0,1153000.0,1557000.0,,
1967-02-18,229000.0,247000.0,219500.0,1167000.0,1579000.0,,
1967-02-25,242000.0,248000.0,229000.0,1199000.0,1625000.0,,
1967-03-04,310000.0,326000.0,252500.0,1235000.0,1621000.0,,
1967-03-11,241000.0,240000.0,255500.0,1234000.0,1577000.0,,
1967-03-18,245000.0,225000.0,259500.0,1236000.0,1525000.0,,
1967-03-25,247000.0,215000.0,260750.0,1268000.0,1505000.0,,
1967-04-01,259000.0,223000.0,248000.0,1291000.0,1470000.0,,
1967-04-08,257000.0,251000.0,252000.0,1273000.0,1410000.0,,
1967-04-15,299000.0,289000.0,265500.0,1278000.0,1386000.0,,
1967-04-22,245000.0,218000.0,265000.0,1277000.0,1342000.0,,
1967-04-29,255000.0,216000.0,264000.0,1286000.0,1302000.0,,
1967-05-06,254000.0,221000.0,263250.0,1308000.0,1242000.0,,
1967-05-13,231000.0,188000.0,246250.0,1284000.0,1169000.0,,
1967-05-20,230000.0,177000.0,242500.0,1265000.0,1129000.0,,
1967-05-27,228000.0,170000.0,235750.0,1253000.0,1062000.0,,
1967-06-03,248000.0,175000.0,234250.0,1265000.0,1085000.0,,
1967-06-10,238000.0,188000.0,236000.0,1251000.0,1038000.0,,
1967-06-17,224000.0,176000.0,234500.0,1248000.0,1023000.0,,
1967-06-24,218000.0,178000.0,232000.0,1220000.0,1008000.0,,
1967-07-01,209000.0,206000.0,222250.0,1193000.0,980000.0,,
1967-07-08,240000.0,322000.0,222750.0,1248000.0,1139000.0,,
1967-07-15,241000.0,309000.0,227000.0,1258000.0,1212000.0,,
1967-07-22,240000.0,282000.0,232500.0,1252000.0,1184000.0,,
1967-07-29,209000.0,243000.0,232500.0,1280000.0,1205000.0,,
1967-08-05,221000.0,250000.0,227750.0,1240000.0,1174000.0,,
1967-08-12,202000.0,193000.0,218000.0,1215000.0,1132000.0,,
1967-08-19,215000.0,174000.0,211750.0,1202000.0,1064000.0,,
1967-08-26,213000.0,160000.0,212750.0,1180000.0,994000.0,,
1967-09-02,218000.0,163000.0,212000.0,1204000.0,931000.0,,
1967-09-09,231000.0,156000.0,219250.0,1189000.0,938000.0,,
1967-09-16,220000.0,165000.0,220500.0,1179000.0,891000.0,,
1967-09-23,209000.0,155000.0,219500.0,1178000.0,878000.0,,
1967-09-30,204000.0,154000.0,216000.0,1157000.0,860000.0,,
1967-10-07,231000.0,195000.0,216000.0,1165000.0,859000.0,,
1967-10-14,206000.0,159000.0,212500.0,1189000.0,901000.0,,
1967-10-21,223000.0,181000.0,216000.0,1174000.0,891000.0,,
1967-10-28,207000.0,174000.0,216750.0,1161000.0,893000.0,,
1967-11-04,222000.0,204000.0,214500.0,1176000.0,920000.0,,
1967-11-11,214000.0,201000.0,216500.0,1142000.0,951000.0,,
1967-11-18,198000.0,209000.0,210250.0,1133000.0,952000.0,,
1967-11-25,191000.0,200000.0,206250.0,1142000.0,1062000.0,,
1967-12-02,196000.0,228000.0,199750.0,1150000.0,1089000.0,,
1967-12-09,221000.0,258000.0,201500.0,1153000.0,1127000.0,,
1967-12-16,204000.0,241000.0,203000.0,1188000.0,1201000.0,,
1967-12-23,219000.0,289000.0,210000.0,1195000.0,1260000.0,,
1967-12-30,216000.0,332000.0,215000.0,1167000.0,1484000.0,,
1968-01-06,222000.0,357000.0,215250.0,1158000.0,1618000.0,,
1968-01-13,222000.0,373000.0,219750.0,1187000.0,1647000.0,,
1968-01-20,221000.0,293000.0,220250.0,1191000.0,1649000.0,,
1968-01-27,198000.0,242000.0,215750.0,1157000.0,1602000.0,,
1968-02-03,244000.0,308000.0,221250.0,1173000.0,1591000.0,,
1968-02-10,210000.0,257000.0,218250.0,1175000.0,1572000.0,,
1968-02-17,196000.0,214000.0,212000.0,1143000.0,1541000.0,,
1968-02-24,193000.0,199000.0,210750.0,1165000.0,1575000.0,,
1968-03-02,190000.0,198000.0,197250.0,1151000.0,1513000.0,,
1968-03-09,204000.0,208000.0,195750.0,1147000.0,1469000.0,,
1968-03-16,190000.0,179000.0,194250.0,1143000.0,1421000.0,,
1968-03-23,200000.0,175000.0,196000.0,1136000.0,1358000.0,,
1968-03-30,192000.0,165000.0,196500.0,1119000.0,1288000.0,,
1968-04-06,191000.0,184000.0,193250.0,1079000.0,1202000.0,,
1968-04-13,171000.0,167000.0,188500.0,1079000.0,1174000.0,,
1968-04-20,183000.0,165000.0,184250.0,1059000.0,1123000.0,,
1968-04-27,251000.0,216000.0,199000.0,1087000.0,1112000.0,,
1968-05-04,209000.0,180000.0,203500.0,1079000.0,1040000.0,,
1968-05-11,194000.0,164000.0,209250.0,1091000.0,1006000.0,,
1968-05-18,199000.0,156000.0,213250.0,1071000.0,966000.0,,
1968-05-25,194000.0,148000.0,199000.0,1073000.0,923000.0,,
1968-06-01,199000.0,139000.0,196500.0,1063000.0,916000.0,,
1968-06-08,192000.0,149000.0,196000.0,1097000.0,921000.0,,
1968-06-15,194000.0,154000.0,194750.0,1071000.0,883000.0,,
1968-06-22,189000.0,152000.0,193500.0,1060000.0,872000.0,,
1968-06-29,194000.0,173000.0,192250.0,1038000.0,858000.0,,
1968-07-06,214000.0,266000.0,197750.0,1097000.0,982000.0,,
1968-07-13,186000.0,242000.0,195750.0,1076000.0,1022000.0,,
1968-07-20,180000.0,216000.0,193500.0,1033000.0,975000.0,,
1968-07-27,205000.0,238000.0,196250.0,1036000.0,975000.0,,
1968-08-03,206000.0,235000.0,194250.0,1072000.0,1012000.0,,
1968-08-10,218000.0,222000.0,202250.0,1088000.0,1021000.0,,
1968-08-17,192000.0,160000.0,205250.0,1107000.0,994000.0,,
1968-08-24,193000.0,148000.0,202250.0,1094000.0,935000.0,,
1968-08-31,188000.0,139000.0,197750.0,1064000.0,845000.0,,
1968-09-07,189000.0,135000.0,190500.0,1067000.0,836000.0,,
1968-09-14,195000.0,141000.0,191250.0,1044000.0,805000.0,,
1968-09-21,191000.0,142000.0,190750.0,1047000.0,786000.0,,
1968-09-28,189000.0,143000.0,191000.0,1048000.0,785000.0,,
1968-10-05,185000.0,153000.0,190000.0,1060000.0,788000.0,,
1968-10-12,186000.0,151000.0,187750.0,1045000.0,790000.0,,
1968-10-19,191000.0,151000.0,187750.0,1035000.0,791000.0,,
1968-10-26,182000.0,152000.0,186000.0,1033000.0,797000.0,,
1968-11-02,181000.0,161000.0,185000.0,1028000.0,804000.0,,
1968-11-09,183000.0,174000.0,184250.0,1028000.0,839000.0,,
1968-11-16,192000.0,196000.0,184500.0,1076000.0,909000.0,,
1968-11-23,199000.0,211000.0,188750.0,1023000.0,922000.0,,
1968-11-30,162000.0,180000.0,184000.0,1056000.0,1002000.0,,
1968-12-07,188000.0,223000.0,185250.0,1063000.0,1033000.0,,
1968-12-14,195000.0,233000.0,186000.0,1061000.0,1074000.0,,
1968-12-21,192000.0,243000.0,184250.0,1063000.0,1083000.0,,
1968-12-28,223000.0,333000.0,199500.0,1116000.0,1352000.0,,
1969-01-04,190000.0,290000.0,200000.0,1118000.0,1532000.0,,
1969-01-11,191000.0,337000.0,199000.0,1099000.0,1509000.0,,
1969-01-18,192000.0,265000.0,199000.0,1072000.0,1469000.0,,
1969-01-25,193000.0,236000.0,191500.0,1077000.0,1474000.0,,
1969-02-01,203000.0,250000.0,194750.0,1099000.0,1487000.0,,
1969-02-08,197000.0,248000.0,196250.0,1088000.0,1440000.0,,
1969-02-15,192000.0,219000.0,196250.0,1115000.0,1498000.0,,
1969-02-22,192000.0,199000.0,196000.0,1092000.0,1461000.0,,
1969-03-01,201000.0,206000.0,195500.0,1098000.0,1437000.0,,
1969-03-08,191000.0,195000.0,194000.0,1099000.0,1400000.0,,
1969-03-15,189000.0,179000.0,193250.0,1080000.0,1342000.0,,
1969-03-22,181000.0,158000.0,190500.0,1071000.0,1279000.0,,
1969-03-29,183000.0,157000.0,186000.0,1041000.0,1200000.0,,
1969-04-05,182000.0,170000.0,183750.0,1076000.0,1197000.0,,
1969-04-12,190000.0,187000.0,184000.0,1050000.0,1145000.0,,
1969-04-19,187000.0,168000.0,185500.0,1025000.0,1089000.0,,
1969-04-26,177000.0,151000.0,184000.0,992000.0,1019000.0,,
1969-05-03,177000.0,150000.0,182750.0,1003000.0,974000.0,,
1969-05-10,183000.0,157000.0,181000.0,1018000.0,945000.0,,
1969-05-17,179000.0,141000.0,179000.0,1007000.0,916000.0,,
1969-05-24,180000.0,138000.0,179750.0,1006000.0,883000.0,,
1969-05-31,187000.0,135000.0,182250.0,988000.0,855000.0,,
1969-06-07,192000.0,148000.0,184500.0,992000.0,848000.0,,
1969-06-14,182000.0,145000.0,185250.0,1010000.0,844000.0,,
1969-06-21,191000.0,155000.0,188000.0,1012000.0,843000.0,,
1969-06-28,203000.0,177000.0,192000.0,1021000.0,854000.0,,
1969-07-05,227000.0,267000.0,200750.0,1072000.0,949000.0,,
1969-07-12,210000.0,271000.0,207750.0,1092000.0,1033000.0,,
1969-07-19,206000.0,246000.0,211500.0,1072000.0,1012000.0,,
1969-07-26,192000.0,221000.0,208750.0,1110000.0,1041000.0,,
1969-08-02,196000.0,223000.0,201000.0,1126000.0,1061000.0,,
1969-08-09,203000.0,210000.0,199250.0,1093000.0,1023000.0,,
1969-08-16,199000.0,168000.0,197500.0,1067000.0,962000.0,,
1969-08-23,199000.0,154000.0,199250.0,1060000.0,912000.0,,
1969-08-30,195000.0,144000.0,199000.0,1074000.0,870000.0,,
1969-09-06,182000.0,133000.0,193750.0,1111000.0,872000.0,,
1969-09-13,209000.0,149000.0,196250.0,1082000.0,848000.0,,
1969-09-20,195000.0,147000.0,195250.0,1083000.0,823000.0,,
1969-09-27,193000.0,147000.0,194750.0,1086000.0,821000.0,,
1969-10-04,193000.0,159000.0,197500.0,1103000.0,830000.0,,
1969-10-11,200000.0,168000.0,195250.0,1100000.0,832000.0,,
1969-10-18,199000.0,155000.0,196250.0,1118000.0,864000.0,,
1969-10-25,205000.0,171000.0,199250.0,1136000.0,879000.0,,
1969-11-01,198000.0,174000.0,200500.0,1143000.0,902000.0,,
1969-11-08,211000.0,206000.0,203250.0,1146000.0,935000.0,,
1969-11-15,197000.0,196000.0,202750.0,1181000.0,1007000.0,,
1969-11-22,217000.0,230000.0,205750.0,1158000.0,1025000.0,,
1969-11-29,202000.0,219000.0,206750.0,1211000.0,1152000.0,,
1969-12-06,202000.0,247000.0,204500.0,1226000.0,1193000.0,,
1969-12-13,222000.0,264000.0,210750.0,1233000.0,1251000.0,,
1969-12-20,232000.0,289000.0,214500.0,1252000.0,1273000.0,,
1969-12-27,223000.0,320000.0,219750.0,1304000.0,1534000.0,,
1970-01-03,230000.0,344000.0,226750.0,1332000.0,1787000.0,,
1970-01-10,242000.0,429000.0,231750.0,1353000.0,1835000.0,,
1970-01-17,268000.0,386000.0,240750.0,1371000.0,1848000.0,,
1970-01-24,256000.0,316000.0,249000.0,1388000.0,1872000.0,,
1970-01-31,239000.0,293000.0,251250.0,1385000.0,1860000.0,,
1970-02-07,256000.0,324000.0,254750.0,1397000.0,1831000.0,,
1970-02-14,265000.0,308000.0,254000.0,1445000.0,1924000.0,,
1970-02-21,271000.0,285000.0,257750.0,1412000.0,1869000.0,,
1970-02-28,242000.0,241000.0,258500.0,1430000.0,1869000.0,,
1970-03-07,262000.0,270000.0,260000.0,1443000.0,1833000.0,,
1970-03-14,271000.0,258000.0,261500.0,1456000.0,1808000.0,,
1970-03-21,264000.0,233000.0,259750.0,1498000.0,1788000.0,,
1970-03-28,276000.0,236000.0,268250.0,1537000.0,1775000.0,,
1970-04-04,273000.0,250000.0,271000.0,1573000.0,1762000.0,,
1970-04-11,305000.0,300000.0,279500.0,1586000.0,1739000.0,,
1970-04-18,374000.0,339000.0,307000.0,1653000.0,1767000.0,,
1970-04-25,349000.0,299000.0,325250.0,1748000.0,1805000.0,,
1970-05-02,334000.0,278000.0,340500.0,1811000.0,1774000.0,,
1970-05-09,318000.0,279000.0,343750.0,1847000.0,1738000.0,,
1970-05-16,303000.0,242000.0,326000.0,1840000.0,1689000.0,,
1970-05-23,296000.0,231000.0,312750.0,1827000.0,1639000.0,,
1970-05-30,301000.0,224000.0,304500.0,1807000.0,1579000.0,,
1970-06-06,301000.0,234000.0,300250.0,1817000.0,1582000.0,,
1970-06-13,298000.0,242000.0,299000.0,1852000.0,1574000.0,,
1970-06-20,296000.0,245000.0,299000.0,1864000.0,1578000.0,,
1970-06-27,291000.0,247000.0,296500.0,1866000.0,1579000.0,,
1970-07-04,277000.0,309000.0,290500.0,1853000.0,1628000.0,,
1970-07-11,288000.0,369000.0,288000.0,1868000.0,1759000.0,,
1970-07-18,294000.0,353000.0,287500.0,1877000.0,1774000.0,,
1970-07-25,287000.0,329000.0,286500.0,1918000.0,1801000.0,,
1970-08-01,261000.0,293000.0,282500.0,1900000.0,1790000.0,,
1970-08-08,266000.0,278000.0,277000.0,1890000.0,1767000.0,,
1970-08-15,300000.0,257000.0,278500.0,1933000.0,1748000.0,,
1970-08-22,303000.0,238000.0,282500.0,1970000.0,1706000.0,,
1970-08-29,297000.0,220000.0,291500.0,2005000.0,1646000.0,,
1970-09-05,324000.0,240000.0,306000.0,1996000.0,1577000.0,,
1970-09-12,292000.0,207000.0,304000.0,2068000.0,1643000.0,,
1970-09-19,325000.0,247000.0,309500.0,2069000.0,1585000.0,,
1970-09-26,333000.0,256000.0,318500.0,2092000.0,1597000.0,,
1970-10-03,350000.0,284000.0,325000.0,2164000.0,1640000.0,,
1970-10-10,327000.0,287000.0,333750.0,2207000.0,1672000.0,,
1970-10-17,334000.0,259000.0,336000.0,2210000.0,1728000.0,,
1970-10-24,330000.0,280000.0,335250.0,2257000.0,1758000.0,,
1970-10-31,327000.0,283000.0,329500.0,2233000.0,1773000.0,,
1970-11-07,336000.0,333000.0,331750.0,2279000.0,1854000.0,,
1970-11-14,314000.0,307000.0,326750.0,2343000.0,2007000.0,,
1970-11-21,314000.0,333000.0,322750.0,2285000.0,1980000.0,,
1970-11-28,337000.0,354000.0,325250.0,2292000.0,2186000.0,,
1970-12-05,308000.0,378000.0,318250.0,2276000.0,2214000.0,,
1970-12-12,306000.0,370000.0,316250.0,2193000.0,2223000.0,,
1970-12-19,289000.0,354000.0,310000.0,2224000.0,2254000.0,,
1970-12-26,321000.0,451000.0,306000.0,2147000.0,2446000.0,,
1971-01-02,303000.0,443000.0,304750.0,2102000.0,2757000.0,3.9,5.2
1971-01-09,288000.0,500000.0,300250.0,2124000.0,2829000.0,4.0,5.3
1971-01-16,299000.0,452000.0,302750.0,2100000.0,2798000.0,3.9,5.3
1971-01-23,312000.0,399000.0,300500.0,2091000.0,2794000.0,3.9,5.2
1971-01-30,292000.0,353000.0,297750.0,2086000.0,2781000.0,3.9,5.2
1971-02-06,296000.0,375000.0,299750.0,2120000.0,2761000.0,4.0,5.2
1971-02-13,282000.0,333000.0,295500.0,2079000.0,2744000.0,3.9,5.2
1971-02-20,268000.0,286000.0,284500.0,2120000.0,2782000.0,4.0,5.2
1971-02-27,290000.0,289000.0,284000.0,2081000.0,2717000.0,3.9,5.1
1971-03-06,297000.0,306000.0,284250.0,2132000.0,2703000.0,4.0,5.1
1971-03-13,287000.0,275000.0,285500.0,2126000.0,2634000.0,4.0,4.9
1971-03-20,291000.0,260000.0,291250.0,2140000.0,2561000.0,4.0,4.8
1971-03-27,300000.0,261000.0,293750.0,2157000.0,2505000.0,4.1,4.7
1971-04-03,299000.0,267000.0,294250.0,2135000.0,2406000.0,4.0,4.5
1971-04-10,279000.0,278000.0,292250.0,2156000.0,2374000.0,4.1,4.5
1971-04-17,284000.0,257000.0,290500.0,2163000.0,2323000.0,4.1,4.4
1971-04-24,288000.0,248000.0,287500.0,2127000.0,2226000.0,4.0,4.2
1971-05-01,290000.0,237000.0,285250.0,2157000.0,2144000.0,4.1,4.0
1971-05-08,293000.0,260000.0,288750.0,2179000.0,2077000.0,4.1,3.9
1971-05-15,284000.0,230000.0,288750.0,2179000.0,2030000.0,4.1,3.8
1971-05-22,295000.0,231000.0,290500.0,2167000.0,1989000.0,4.1,3.7
1971-05-29,299000.0,231000.0,292750.0,2171000.0,1918000.0,4.1,3.6
1971-06-05,301000.0,232000.0,294750.0,2194000.0,1947000.0,4.1,3.7
1971-06-12,295000.0,244000.0,297500.0,2199000.0,1902000.0,4.1,3.6
1971-06-19,299000.0,249000.0,298500.0,2182000.0,1883000.0,4.1,3.5
1971-06-26,291000.0,247000.0,296500.0,2172000.0,1870000.0,4.1,3.5
1971-07-03,277000.0,288000.0,290500.0,2116000.0,1846000.0,4.0,3.5
1971-07-10,264000.0,335000.0,282750.0,2130000.0,2006000.0,4.0,3.8
1971-07-17,313000.0,367000.0,286250.0,2087000.0,1979000.0,4.0,3.7
1971-07-24,304000.0,342000.0,289500.0,2129000.0,1997000.0,4.0,3.8
1971-07-31,308000.0,340000.0,297250.0,2150000.0,2020000.0,4.1,3.8
1971-08-07,349000.0,362000.0,318500.0,2174000.0,2015000.0,4.1,3.8
1971-08-14,325000.0,282000.0,321500.0,2202000.0,1985000.0,4.2,3.8
1971-08-21,320000.0,252000.0,325500.0,2186000.0,1895000.0,4.1,3.6
1971-08-28,307000.0,228000.0,325250.0,2188000.0,1817000.0,4.1,3.4
1971-09-04,359000.0,268000.0,327750.0,2228000.0,1756000.0,4.2,3.3
1971-09-11,312000.0,219000.0,324500.0,2250000.0,1801000.0,4.3,3.4
1971-09-18,302000.0,230000.0,320000.0,2246000.0,1733000.0,4.3,3.3
1971-09-25,308000.0,236000.0,320250.0,2233000.0,1713000.0,4.2,3.2
1971-10-02,299000.0,238000.0,305250.0,2216000.0,1690000.0,4.2,3.2
1971-10-09,313000.0,280000.0,305500.0,2247000.0,1692000.0,4.3,3.2
1971-10-16,299000.0,233000.0,304750.0,2190000.0,1724000.0,4.2,3.3
1971-10-23,294000.0,251000.0,301250.0,2176000.0,1693000.0,4.1,3.2
1971-10-30,283000.0,241000.0,297250.0,2194000.0,1746000.0,4.2,3.3
1971-11-06,301000.0,297000.0,294250.0,2204000.0,1787000.0,4.2,3.4
1971-11-13,295000.0,289000.0,293250.0,2134000.0,1828000.0,4.1,3.5
1971-11-20,274000.0,291000.0,288250.0,2134000.0,1814000.0,4.1,3.4
1971-11-27,278000.0,284000.0,287000.0,2111000.0,2015000.0,4.0,3.8
1971-12-04,299000.0,372000.0,286500.0,2117000.0,2053000.0,4.0,3.9
1971-12-11,280000.0,348000.0,282750.0,2085000.0,2110000.0,4.0,4.0
1971-12-18,269000.0,329000.0,281500.0,2109000.0,2147000.0,4.0,4.1
1971-12-25,244000.0,340000.0,273000.0,2037000.0,2245000.0,3.9,4.3
1972-01-01,279000.0,405000.0,268000.0,1934000.0,2485000.0,3.7,4.7
1972-01-08,295000.0,479000.0,271750.0,1931000.0,2529000.0,3.7,4.8
1972-01-15,250000.0,395000.0,267000.0,1923000.0,2527000.0,3.7,4.8
1972-01-22,263000.0,347000.0,271750.0,1907000.0,2516000.0,3.6,4.8
1972-01-29,269000.0,326000.0,269250.0,1921000.0,2529000.0,3.6,4.8
1972-02-05,276000.0,342000.0,264500.0,1941000.0,2506000.0,3.7,4.8
1972-02-12,266000.0,318000.0,268500.0,1960000.0,2551000.0,3.7,4.8
1972-02-19,258000.0,279000.0,267250.0,1902000.0,2470000.0,3.6,4.7
1972-02-26,254000.0,252000.0,263500.0,1903000.0,2474000.0,3.6,4.7
1972-03-04,257000.0,263000.0,258750.0,1905000.0,2413000.0,3.6,4.6
1972-03-11,264000.0,257000.0,258250.0,1906000.0,2360000.0,3.6,4.5
1972-03-18,266000.0,241000.0,260250.0,1907000.0,2298000.0,3.6,4.4
1972-03-25,264000.0,231000.0,262750.0,1877000.0,2203000.0,3.6,4.2
1972-04-01,258000.0,224000.0,263000.0,1913000.0,2176000.0,3.6,4.1
1972-04-08,274000.0,271000.0,265500.0,1910000.0,2116000.0,3.6,4.0
1972-04-15,259000.0,237000.0,263750.0,1891000.0,2048000.0,3.6,3.9
1972-04-22,259000.0,223000.0,262500.0,1855000.0,1966000.0,3.5,3.7
1972-04-29,265000.0,214000.0,264250.0,1870000.0,1890000.0,3.5,3.6
1972-05-06,271000.0,234000.0,263500.0,1893000.0,1836000.0,3.6,3.5
1972-05-13,266000.0,218000.0,265250.0,1874000.0,1770000.0,3.6,3.4
1972-05-20,267000.0,210000.0,267250.0,1863000.0,1731000.0,3.5,3.3
1972-05-27,267000.0,209000.0,267750.0,1871000.0,1664000.0,3.5,3.2
1972-06-03,264000.0,198000.0,266000.0,1857000.0,1673000.0,3.5,3.2
1972-06-10,268000.0,224000.0,266500.0,1870000.0,1637000.0,3.5,3.1
1972-06-17,275000.0,227000.0,268500.0,1855000.0,1619000.0,3.5,3.1
1972-06-24,286000.0,240000.0,273250.0,1871000.0,1633000.0,3.5,3.1
1972-07-01,350000.0,327000.0,294750.0,1935000.0,1645000.0,3.6,3.1
1972-07-08,297000.0,364000.0,302000.0,1977000.0,1834000.0,3.7,3.5
1972-07-15,318000.0,367000.0,312750.0,1947000.0,1848000.0,3.7,3.5
1972-07-22,276000.0,299000.0,310250.0,1962000.0,1835000.0,3.7,3.5
1972-07-29,247000.0,266000.0,284500.0,1928000.0,1796000.0,3.6,3.4
1972-08-05,250000.0,256000.0,272750.0,1855000.0,1705000.0,3.5,3.2
1972-08-12,246000.0,220000.0,254750.0,1812000.0,1633000.0,3.4,3.1
1972-08-19,256000.0,203000.0,249750.0,1794000.0,1554000.0,3.4,2.9
1972-08-26,262000.0,195000.0,253500.0,1792000.0,1500000.0,3.4,2.8
1972-09-02,258000.0,192000.0,255500.0,1838000.0,1433000.0,3.5,2.7
1972-09-09,259000.0,178000.0,258750.0,1802000.0,1447000.0,3.4,2.7
1972-09-16,258000.0,196000.0,259250.0,1799000.0,1388000.0,3.4,2.6
1972-09-23,255000.0,193000.0,257500.0,1791000.0,1369000.0,3.4,2.6
1972-09-30,251000.0,192000.0,255750.0,1763000.0,1340000.0,3.3,2.5
1972-10-07,263000.0,233000.0,256750.0,1771000.0,1330000.0,3.3,2.4
1972-10-14,250000.0,202000.0,254750.0,1760000.0,1366000.0,3.2,2.5
1972-10-21,257000.0,214000.0,255250.0,1733000.0,1342000.0,3.2,2.5
1972-10-28,234000.0,196000.0,251000.0,1750000.0,1383000.0,3.2,2.5
1972-11-04,255000.0,242000.0,249000.0,1722000.0,1377000.0,3.2,2.5
1972-11-11,242000.0,236000.0,247000.0,1736000.0,1457000.0,3.2,2.7
1972-11-18,271000.0,280000.0,250500.0,1727000.0,1445000.0,3.2,2.7
1972-11-25,235000.0,238000.0,250750.0,1743000.0,1620000.0,3.2,3.0
1972-12-02,226000.0,268000.0,243500.0,1676000.0,1607000.0,3.1,3.0
1972-12-09,252000.0,317000.0,246000.0,1681000.0,1678000.0,3.1,3.1
1972-12-16,263000.0,323000.0,244000.0,1756000.0,1789000.0,3.2,3.3
1972-12-23,246000.0,327000.0,246750.0,1697000.0,1759000.0,3.1,3.2
1972-12-30,225000.0,338000.0,246500.0,1663000.0,2026000.0,3.1,3.7
1973-01-06,226000.0,345000.0,240000.0,1617000.0,2121000.0,2.9,3.8
1973-01-13,245000.0,412000.0,235500.0,1660000.0,2170000.0,2.9,3.9
1973-01-20,229000.0,324000.0,231250.0,1607000.0,2122000.0,2.9,3.8
1973-01-27,214000.0,267000.0,228500.0,1601000.0,2111000.0,2.8,3.7
1973-02-03,228000.0,285000.0,229000.0,1596000.0,2079000.0,2.8,3.7
1973-02-10,226000.0,276000.0,224250.0,1594000.0,2063000.0,2.8,3.7
1973-02-17,216000.0,242000.0,221000.0,1582000.0,2061000.0,2.8,3.7
1973-02-24,218000.0,220000.0,222000.0,1582000.0,2081000.0,2.8,3.7
1973-03-03,225000.0,233000.0,221250.0,1579000.0,2018000.0,2.8,3.6
1973-03-10,229000.0,227000.0,222000.0,1584000.0,1977000.0,2.8,3.5
1973-03-17,228000.0,212000.0,225000.0,1578000.0,1924000.0,2.8,3.4
1973-03-24,232000.0,209000.0,228500.0,1562000.0,1855000.0,2.8,3.3
1973-03-31,222000.0,193000.0,227750.0,1547000.0,1790000.0,2.7,3.2
1973-04-07,247000.0,244000.0,232250.0,1552000.0,1742000.0,2.6,3.0
1973-04-14,230000.0,212000.0,232750.0,1539000.0,1684000.0,2.6,2.9
1973-04-21,243000.0,211000.0,235500.0,1573000.0,1681000.0,2.7,2.9
1973-04-28,236000.0,194000.0,239000.0,1551000.0,1595000.0,2.6,2.7
1973-05-05,248000.0,214000.0,239250.0,1560000.0,1539000.0,2.7,2.6
1973-05-12,238000.0,198000.0,241250.0,1557000.0,1497000.0,2.7,2.6
1973-05-19,237000.0,189000.0,239750.0,1553000.0,1465000.0,2.6,2.5
1973-05-26,238000.0,190000.0,240250.0,1567000.0,1407000.0,2.7,2.4
1973-06-02,232000.0,173000.0,236250.0,1556000.0,1426000.0,2.7,2.4
1973-06-09,246000.0,210000.0,238250.0,1563000.0,1391000.0,2.7,2.4
1973-06-16,237000.0,198000.0,238250.0,1576000.0,1399000.0,2.7,2.4
1973-06-23,242000.0,206000.0,239250.0,1570000.0,1389000.0,2.7,2.4
1973-06-30,237000.0,215000.0,240500.0,1571000.0,1346000.0,2.7,2.3
1973-07-07,248000.0,309000.0,241000.0,1605000.0,1494000.0,2.6,2.5
1973-07-14,232000.0,270000.0,239750.0,1605000.0,1536000.0,2.6,2.5
1973-07-21,241000.0,259000.0,239500.0,1594000.0,1496000.0,2.6,2.5
1973-07-28,250000.0,265000.0,242750.0,1603000.0,1495000.0,2.6,2.5
1973-08-04,256000.0,262000.0,244750.0,1633000.0,1501000.0,2.7,2.5
1973-08-11,265000.0,238000.0,253000.0,1679000.0,1515000.0,2.8,2.5
1973-08-18,258000.0,207000.0,257250.0,1672000.0,1457000.0,2.7,2.4
1973-08-25,254000.0,190000.0,258250.0,1675000.0,1409000.0,2.8,2.3
1973-09-01,242000.0,180000.0,254750.0,1681000.0,1325000.0,2.8,2.2
1973-09-08,252000.0,177000.0,251500.0,1688000.0,1354000.0,2.8,2.2
1973-09-15,245000.0,186000.0,248250.0,1666000.0,1297000.0,2.7,2.1
1973-09-22,246000.0,187000.0,246250.0,1658000.0,1276000.0,2.7,2.1
1973-09-29,249000.0,191000.0,248000.0,1658000.0,1270000.0,2.7,2.1
1973-10-06,236000.0,210000.0,244000.0,1657000.0,1252000.0,2.7,2.0
1973-10-13,246000.0,207000.0,244250.0,1679000.0,1303000.0,2.7,2.1
1973-10-20,249000.0,208000.0,245000.0,1646000.0,1284000.0,2.7,2.1
1973-10-27,235000.0,200000.0,241500.0,1675000.0,1332000.0,2.7,2.2
1973-11-03,246000.0,230000.0,244000.0,1669000.0,1339000.0,2.7,2.2
1973-11-10,282000.0,277000.0,253000.0,1702000.0,1419000.0,2.8,2.3
1973-11-17,254000.0,261000.0,254250.0,1698000.0,1430000.0,2.8,2.3
1973-11-24,233000.0,237000.0,253750.0,1755000.0,1600000.0,2.8,2.6
1973-12-01,256000.0,299000.0,256250.0,1692000.0,1630000.0,2.7,2.6
1973-12-08,266000.0,345000.0,252250.0,1717000.0,1715000.0,2.8,2.8
1973-12-15,272000.0,340000.0,256750.0,1779000.0,1821000.0,2.9,3.0
1973-12-22,326000.0,429000.0,280000.0,1836000.0,1872000.0,3.0,3.0
1973-12-29,300000.0,461000.0,291000.0,1805000.0,2160000.0,2.9,3.5
1974-01-05,269000.0,405000.0,291750.0,1934000.0,2523000.0,3.1,4.0
1974-01-12,340000.0,584000.0,308750.0,1949000.0,2529000.0,3.1,4.0
1974-01-19,321000.0,465000.0,307500.0,1995000.0,2618000.0,3.2,4.2
1974-01-26,291000.0,373000.0,305250.0,1950000.0,2567000.0,3.1,4.1
1974-02-02,302000.0,381000.0,313500.0,1963000.0,2558000.0,3.1,4.1
1974-02-09,369000.0,459000.0,320750.0,2010000.0,2604000.0,3.2,4.1
1974-02-16,311000.0,352000.0,318250.0,2049000.0,2656000.0,3.3,4.2
1974-02-23,292000.0,296000.0,318500.0,2027000.0,2676000.0,3.2,4.3
1974-03-02,301000.0,313000.0,318250.0,2020000.0,2590000.0,3.2,4.1
1974-03-09,305000.0,310000.0,302250.0,2054000.0,2577000.0,3.3,4.1
1974-03-16,315000.0,293000.0,303250.0,2068000.0,2533000.0,3.3,4.0
1974-03-23,314000.0,285000.0,308750.0,2074000.0,2477000.0,3.3,3.9
1974-03-30,323000.0,279000.0,314250.0,2062000.0,2404000.0,3.3,3.8
1974-04-06,296000.0,288000.0,312000.0,2066000.0,2327000.0,3.2,3.6
1974-04-13,297000.0,278000.0,307500.0,2072000.0,2274000.0,3.2,3.6
1974-04-20,296000.0,256000.0,303000.0,2081000.0,2227000.0,3.3,3.5
1974-04-27,283000.0,235000.0,293000.0,2045000.0,2111000.0,3.2,3.3
1974-05-04,287000.0,243000.0,290750.0,2056000.0,2038000.0,3.2,3.2
1974-05-11,296000.0,249000.0,290500.0,2041000.0,1977000.0,3.2,3.1
1974-05-18,298000.0,238000.0,291000.0,2053000.0,1943000.0,3.2,3.0
1974-05-25,309000.0,246000.0,297500.0,2057000.0,1855000.0,3.2,2.9
1974-06-01,278000.0,209000.0,295250.0,2079000.0,1898000.0,3.3,3.0
1974-06-08,314000.0,267000.0,299750.0,2067000.0,1854000.0,3.2,2.9
1974-06-15,303000.0,255000.0,301000.0,2095000.0,1867000.0,3.3,2.9
1974-06-22,308000.0,266000.0,300750.0,2066000.0,1833000.0,3.2,2.9
1974-06-29,325000.0,285000.0,312500.0,2074000.0,1783000.0,3.2,2.8
1974-07-06,311000.0,350000.0,311750.0,2160000.0,1994000.0,3.3,3.1
1974-07-13,304000.0,351000.0,312000.0,2125000.0,2039000.0,3.3,3.2
1974-07-20,303000.0,325000.0,310750.0,2109000.0,1985000.0,3.3,3.1
1974-07-27,320000.0,333000.0,309500.0,2097000.0,1949000.0,3.2,3.0
1974-08-03,335000.0,340000.0,315500.0,2147000.0,1971000.0,3.3,3.0
1974-08-10,347000.0,318000.0,326250.0,2171000.0,1961000.0,3.4,3.0
1974-08-17,332000.0,269000.0,333500.0,2168000.0,1899000.0,3.4,2.9
1974-08-24,343000.0,260000.0,339250.0,2172000.0,1836000.0,3.4,2.8
1974-08-31,350000.0,259000.0,343000.0,2211000.0,1763000.0,3.4,2.7
1974-09-07,350000.0,253000.0,343750.0,2265000.0,1815000.0,3.5,2.8
1974-09-14,357000.0,271000.0,350000.0,2274000.0,1786000.0,3.5,2.8
1974-09-21,370000.0,283000.0,356750.0,2273000.0,1757000.0,3.5,2.7
1974-09-28,366000.0,279000.0,360750.0,2306000.0,1772000.0,3.6,2.7
1974-10-05,371000.0,325000.0,366000.0,2360000.0,1792000.0,3.6,2.7
1974-10-12,413000.0,358000.0,380000.0,2396000.0,1857000.0,3.7,2.8
1974-10-19,389000.0,324000.0,384750.0,2519000.0,1980000.0,3.9,3.0
1974-10-26,414000.0,357000.0,396750.0,2520000.0,2005000.0,3.9,3.1
1974-11-02,406000.0,375000.0,405500.0,2623000.0,2104000.0,4.0,3.2
1974-11-09,441000.0,435000.0,412500.0,2699000.0,2229000.0,4.1,3.4
1974-11-16,449000.0,450000.0,427500.0,2862000.0,2437000.0,4.4,3.7
1974-11-23,518000.0,532000.0,453500.0,2748000.0,2437000.0,4.2,3.7
1974-11-30,474000.0,524000.0,470500.0,3086000.0,2973000.0,4.7,4.6
1974-12-07,528000.0,693000.0,492250.0,3178000.0,3152000.0,4.9,4.8
1974-12-14,510000.0,637000.0,507500.0,3291000.0,3354000.0,5.0,5.1
1974-12-21,521000.0,677000.0,508250.0,3300000.0,3322000.0,5.1,5.1
1974-12-28,537000.0,813000.0,524000.0,3396000.0,3951000.0,5.2,6.1
1975-01-04,456000.0,681000.0,506000.0,3554000.0,4603000.0,5.4,7.0
1975-01-11,554000.0,969000.0,517000.0,3557000.0,4582000.0,5.4,7.0
1975-01-18,575000.0,850000.0,530500.0,3658000.0,4769000.0,5.6,7.2
1975-01-25,555000.0,729000.0,535000.0,3708000.0,4871000.0,5.6,7.4
1975-02-01,559000.0,699000.0,560750.0,3738000.0,4874000.0,5.7,7.4
1975-02-08,545000.0,691000.0,558500.0,3856000.0,4995000.0,5.9,7.6
1975-02-15,530000.0,608000.0,547250.0,3863000.0,5037000.0,5.9,7.6
1975-02-22,544000.0,567000.0,544500.0,3969000.0,5229000.0,6.0,7.9
1975-03-01,546000.0,568000.0,541250.0,4023000.0,5173000.0,6.1,7.9
1975-03-08,551000.0,569000.0,542750.0,4147000.0,5206000.0,6.3,7.9
1975-03-15,531000.0,494000.0,543000.0,4195000.0,5141000.0,6.4,7.8
1975-03-22,550000.0,499000.0,544500.0,4201000.0,5021000.0,6.4,7.6
1975-03-29,555000.0,477000.0,546750.0,4310000.0,5020000.0,6.5,7.6
1975-04-05,537000.0,505000.0,543250.0,4428000.0,4959000.0,6.7,7.5
1975-04-12,520000.0,496000.0,540500.0,4449000.0,4867000.0,6.7,7.3
1975-04-19,531000.0,456000.0,535750.0,4497000.0,4783000.0,6.8,7.2
1975-04-26,513000.0,429000.0,525250.0,4520000.0,4657000.0,6.8,7.0
1975-05-03,505000.0,420000.0,517250.0,4604000.0,4559000.0,6.9,6.9
1975-05-10,507000.0,432000.0,514000.0,4597000.0,4439000.0,6.9,6.7
1975-05-17,514000.0,410000.0,509750.0,4592000.0,4339000.0,6.9,6.5
1975-05-24,493000.0,391000.0,504750.0,4461000.0,4039000.0,6.7,6.1
1975-05-31,475000.0,360000.0,497250.0,4637000.0,4195000.0,7.0,6.3
1975-06-07,529000.0,443000.0,502750.0,4484000.0,4048000.0,6.8,6.1
1975-06-14,497000.0,422000.0,498500.0,4529000.0,4033000.0,6.8,6.1
1975-06-21,497000.0,428000.0,499500.0,4406000.0,3904000.0,6.6,5.9
1975-06-28,459000.0,407000.0,495500.0,4090000.0,3525000.0,6.2,5.3
1975-07-05,423000.0,460000.0,469000.0,4239000.0,3859000.0,6.4,5.8
1975-07-12,446000.0,517000.0,456250.0,4057000.0,3906000.0,6.1,5.9
1975-07-19,445000.0,481000.0,443250.0,4208000.0,3998000.0,6.3,6.0
1975-07-26,454000.0,471000.0,442000.0,4075000.0,3801000.0,6.1,5.7
1975-08-02,454000.0,462000.0,449750.0,4015000.0,3708000.0,6.0,5.6
1975-08-09,459000.0,429000.0,453000.0,4028000.0,3655000.0,6.0,5.5
1975-08-16,444000.0,367000.0,452750.0,3934000.0,3476000.0,5.9,5.2
1975-08-23,457000.0,353000.0,453500.0,3940000.0,3366000.0,5.9,5.0
1975-08-30,446000.0,332000.0,451500.0,3854000.0,3134000.0,5.8,4.7
1975-09-06,447000.0,331000.0,448500.0,3969000.0,3182000.0,6.0,4.8
1975-09-13,456000.0,341000.0,451500.0,3880000.0,3092000.0,5.8,4.6
1975-09-20,433000.0,336000.0,445500.0,3880000.0,3025000.0,5.8,4.5
1975-09-27,445000.0,342000.0,445250.0,3851000.0,2985000.0,5.8,4.5
1975-10-04,426000.0,365000.0,440000.0,3868000.0,2964000.0,5.8,4.5
1975-10-11,429000.0,385000.0,433250.0,3675000.0,2840000.0,5.5,4.3
1975-10-18,404000.0,332000.0,426000.0,3720000.0,2962000.0,5.6,4.5
1975-10-25,426000.0,372000.0,421250.0,3662000.0,2926000.0,5.5,4.4
1975-11-01,414000.0,378000.0,418250.0,3607000.0,2920000.0,5.4,4.4
1975-11-08,415000.0,414000.0,414750.0,3546000.0,2902000.0,5.3,4.4
1975-11-15,386000.0,371000.0,410250.0,3551000.0,3090000.0,5.3,4.6
1975-11-22,401000.0,419000.0,404000.0,3377000.0,2905000.0,5.1,4.4
1975-11-29,387000.0,403000.0,397250.0,3391000.0,3285000.0,5.1,4.9
1975-12-06,373000.0,487000.0,386750.0,3331000.0,3287000.0,5.0,4.9
1975-12-13,368000.0,456000.0,382250.0,3266000.0,3314000.0,4.9,5.0
1975-12-20,365000.0,463000.0,373250.0,3124000.0,3134000.0,4.7,4.7
1975-12-27,391000.0,573000.0,374250.0,3072000.0,3485000.0,4.6,5.2
1976-01-03,362000.0,540000.0,371500.0,3214000.0,4111000.0,4.9,6.2
1976-01-10,402000.0,708000.0,380000.0,3084000.0,3964000.0,4.7,6.0
1976-01-17,370000.0,563000.0,381250.0,3026000.0,3892000.0,4.6,5.9
1976-01-24,363000.0,486000.0,374250.0,2957000.0,3871000.0,4.5,5.9
1976-01-31,359000.0,450000.0,373500.0,2895000.0,3780000.0,4.4,5.7
1976-02-07,353000.0,452000.0,361250.0,2912000.0,3756000.0,4.4,5.7
1976-02-14,344000.0,391000.0,354750.0,2867000.0,3737000.0,4.4,5.7
1976-02-21,347000.0,367000.0,350750.0,2862000.0,3755000.0,4.3,5.7
1976-02-28,349000.0,353000.0,348250.0,2822000.0,3640000.0,4.3,5.5
1976-03-06,348000.0,366000.0,347000.0,2853000.0,3599000.0,4.3,5.5
1976-03-13,360000.0,343000.0,351000.0,2837000.0,3485000.0,4.3,5.3
1976-03-20,368000.0,330000.0,356250.0,2852000.0,3399000.0,4.3,5.2
1976-03-27,366000.0,314000.0,360500.0,2830000.0,3276000.0,4.3,5.0
1976-04-03,380000.0,334000.0,368500.0,2859000.0,3198000.0,4.4,4.9
1976-04-10,373000.0,366000.0,371750.0,2840000.0,3090000.0,4.3,4.7
1976-04-17,361000.0,316000.0,370000.0,2890000.0,3053000.0,4.4,4.7
1976-04-24,367000.0,311000.0,370250.0,2900000.0,2977000.0,4.4,4.5
1976-05-01,385000.0,313000.0,371500.0,2940000.0,2902000.0,4.5,4.4
1976-05-08,395000.0,345000.0,377000.0,2941000.0,2839000.0,4.5,4.3
1976-05-15,382000.0,308000.0,382250.0,2947000.0,2776000.0,4.5,4.2
1976-05-22,394000.0,311000.0,389000.0,2961000.0,2704000.0,4.5,4.1
1976-05-29,402000.0,310000.0,393250.0,2916000.0,2584000.0,4.4,3.9
1976-06-05,382000.0,307000.0,390000.0,2970000.0,2694000.0,4.5,4.1
1976-06-12,407000.0,351000.0,396250.0,2950000.0,2628000.0,4.5,4.0
1976-06-19,399000.0,342000.0,397500.0,3003000.0,2655000.0,4.6,4.1
1976-06-26,387000.0,339000.0,393750.0,3035000.0,2627000.0,4.6,4.0
1976-07-03,394000.0,401000.0,396750.0,2958000.0,2600000.0,4.5,4.0
1976-07-10,372000.0,445000.0,388000.0,2995000.0,2878000.0,4.6,4.4
1976-07-17,406000.0,455000.0,389750.0,3011000.0,2895000.0,4.6,4.4
1976-07-24,394000.0,418000.0,391500.0,3019000.0,2848000.0,4.6,4.4
1976-07-31,388000.0,401000.0,390000.0,2996000.0,2797000.0,4.6,4.3
1976-08-07,378000.0,373000.0,391500.0,3007000.0,2769000.0,4.6,4.2
1976-08-14,382000.0,329000.0,385500.0,2990000.0,2701000.0,4.6,4.1
1976-08-21,400000.0,320000.0,387000.0,2983000.0,2621000.0,4.6,4.0
1976-08-28,394000.0,301000.0,388500.0,3081000.0,2587000.0,4.7,4.0
1976-09-04,421000.0,321000.0,399250.0,2988000.0,2412000.0,4.6,3.7
1976-09-11,383000.0,280000.0,399500.0,3092000.0,2538000.0,4.7,3.9
1976-09-18,403000.0,320000.0,400250.0,3097000.0,2443000.0,4.7,3.7
1976-09-25,423000.0,327000.0,407500.0,3103000.0,2443000.0,4.7,3.7
1976-10-02,408000.0,332000.0,404250.0,3104000.0,2412000.0,4.7,3.7
1976-10-09,411000.0,388000.0,411250.0,3119000.0,2388000.0,4.7,3.6
1976-10-16,403000.0,325000.0,411250.0,3074000.0,2491000.0,4.7,3.8
1976-10-23,409000.0,361000.0,407750.0,3088000.0,2480000.0,4.7,3.8
1976-10-30,414000.0,370000.0,409250.0,3080000.0,2515000.0,4.7,3.8
1976-11-06,390000.0,387000.0,404000.0,3079000.0,2513000.0,4.7,3.8
1976-11-13,383000.0,363000.0,399000.0,3064000.0,2690000.0,4.7,4.1
1976-11-20,408000.0,430000.0,398750.0,3061000.0,2574000.0,4.6,3.9
1976-11-27,377000.0,369000.0,389500.0,3019000.0,2901000.0,4.6,4.4
1976-12-04,402000.0,500000.0,392500.0,2994000.0,2936000.0,4.5,4.5
1976-12-11,395000.0,494000.0,395500.0,2978000.0,3005000.0,4.5,4.6
1976-12-18,365000.0,434000.0,384750.0,2900000.0,2915000.0,4.4,4.4
1976-12-25,333000.0,466000.0,373750.0,2822000.0,3047000.0,4.3,4.6
1977-01-01,380000.0,558000.0,368250.0,2818000.0,3529000.0,4.2,5.3
1977-01-08,416000.0,685000.0,373500.0,2764000.0,3542000.0,4.1,5.3
1977-01-15,368000.0,597000.0,374250.0,2841000.0,3582000.0,4.3,5.4
1977-01-22,423000.0,589000.0,396750.0,2834000.0,3679000.0,4.3,5.5
1977-01-29,422000.0,518000.0,407250.0,2879000.0,3721000.0,4.3,5.6
1977-02-05,565000.0,704000.0,444500.0,2956000.0,3781000.0,4.4,5.7
1977-02-12,477000.0,552000.0,471750.0,2904000.0,3744000.0,4.4,5.6
1977-02-19,399000.0,422000.0,465750.0,2772000.0,3576000.0,4.2,5.4
1977-02-26,362000.0,360000.0,450750.0,2764000.0,3564000.0,4.1,5.3
1977-03-05,361000.0,367000.0,399750.0,2717000.0,3395000.0,4.1,5.1
1977-03-12,355000.0,335000.0,369250.0,2728000.0,3314000.0,4.1,5.0
1977-03-19,369000.0,321000.0,361750.0,2695000.0,3173000.0,4.0,4.8
1977-03-26,356000.0,298000.0,360250.0,2671000.0,3050000.0,4.0,4.6
1977-04-02,350000.0,296000.0,357500.0,2655000.0,2930000.0,3.9,4.4
1977-04-09,376000.0,367000.0,362750.0,2717000.0,2907000.0,4.0,4.3
1977-04-16,361000.0,316000.0,360750.0,2680000.0,2790000.0,4.0,4.1
1977-04-23,375000.0,314000.0,365500.0,2660000.0,2693000.0,4.0,4.0
1977-04-30,375000.0,305000.0,371750.0,2644000.0,2584000.0,3.9,3.8
1977-05-07,384000.0,333000.0,373750.0,2618000.0,2505000.0,3.9,3.7
1977-05-14,381000.0,309000.0,378750.0,2635000.0,2463000.0,3.9,3.7
1977-05-21,375000.0,293000.0,378750.0,2647000.0,2408000.0,3.9,3.6
1977-05-28,381000.0,298000.0,380250.0,2625000.0,2291000.0,3.9,3.4
1977-06-04,363000.0,283000.0,375000.0,2650000.0,2389000.0,3.9,3.6
1977-06-11,358000.0,308000.0,369250.0,2589000.0,2302000.0,3.8,3.4
1977-06-18,359000.0,310000.0,365250.0,2622000.0,2307000.0,3.9,3.4
1977-06-25,365000.0,321000.0,361250.0,2616000.0,2265000.0,3.9,3.4
1977-07-02,350000.0,348000.0,358000.0,2572000.0,2215000.0,3.8,3.3
1977-07-09,361000.0,431000.0,358750.0,2563000.0,2467000.0,3.8,3.6
1977-07-16,366000.0,424000.0,360500.0,2591000.0,2519000.0,3.8,3.7
1977-07-23,365000.0,391000.0,360500.0,2584000.0,2468000.0,3.8,3.6
1977-07-30,365000.0,380000.0,364250.0,2605000.0,2455000.0,3.8,3.6
1977-08-06,378000.0,379000.0,368500.0,2605000.0,2439000.0,3.8,3.6
1977-08-13,359000.0,319000.0,366750.0,2618000.0,2406000.0,3.9,3.5
1977-08-20,367000.0,298000.0,367250.0,2612000.0,2336000.0,3.8,3.4
1977-08-27,365000.0,282000.0,367250.0,2607000.0,2241000.0,3.8,3.3
1977-09-03,374000.0,289000.0,366250.0,2571000.0,2096000.0,3.8,3.1
1977-09-10,359000.0,260000.0,366250.0,2601000.0,2181000.0,3.8,3.2
1977-09-17,362000.0,289000.0,365000.0,2605000.0,2089000.0,3.8,3.1
1977-09-24,380000.0,293000.0,368750.0,2581000.0,2058000.0,3.8,3.0
1977-10-01,348000.0,275000.0,362250.0,2583000.0,2023000.0,3.8,3.0
1977-10-08,365000.0,345000.0,363750.0,2575000.0,1984000.0,3.8,2.9
1977-10-15,358000.0,287000.0,362750.0,2575000.0,2096000.0,3.8,3.1
1977-10-22,375000.0,322000.0,361500.0,2561000.0,2076000.0,3.7,3.0
1977-10-29,349000.0,309000.0,361750.0,2587000.0,2126000.0,3.8,3.1
1977-11-05,366000.0,352000.0,362000.0,2535000.0,2080000.0,3.7,3.0
1977-11-12,334000.0,310000.0,356000.0,2592000.0,2261000.0,3.8,3.3
1977-11-19,360000.0,367000.0,352250.0,2527000.0,2131000.0,3.7,3.1
1977-11-26,354000.0,342000.0,353500.0,2620000.0,2483000.0,3.8,3.6
1977-12-03,367000.0,430000.0,353750.0,2505000.0,2446000.0,3.7,3.6
1977-12-10,364000.0,448000.0,361250.0,2529000.0,2540000.0,3.7,3.7
1977-12-17,359000.0,412000.0,361000.0,2558000.0,2571000.0,3.7,3.8
1977-12-24,344000.0,450000.0,358500.0,2482000.0,2594000.0,3.6,3.8
1977-12-31,364000.0,535000.0,357750.0,2461000.0,2949000.0,3.6,4.3
1978-01-07,346000.0,559000.0,353250.0,2456000.0,3167000.0,3.5,4.6
1978-01-14,343000.0,579000.0,349250.0,2418000.0,3053000.0,3.5,4.4
1978-01-21,352000.0,500000.0,351250.0,2522000.0,3243000.0,3.6,4.7
1978-01-28,363000.0,445000.0,351000.0,2578000.0,3321000.0,3.7,4.8
1978-02-04,360000.0,447000.0,354500.0,2468000.0,3143000.0,3.6,4.5
1978-02-11,373000.0,438000.0,362000.0,2656000.0,3391000.0,3.8,4.9
1978-02-18,429000.0,455000.0,381250.0,2545000.0,3261000.0,3.7,4.7
1978-02-25,371000.0,372000.0,383250.0,2553000.0,3294000.0,3.7,4.8
1978-03-04,355000.0,360000.0,382000.0,2529000.0,3150000.0,3.7,4.5
1978-03-11,359000.0,342000.0,378500.0,2526000.0,3063000.0,3.6,4.4
1978-03-18,347000.0,302000.0,358000.0,2471000.0,2897000.0,3.6,4.2
1978-03-25,335000.0,280000.0,349000.0,2473000.0,2812000.0,3.6,4.1
1978-04-01,333000.0,278000.0,343500.0,2453000.0,2683000.0,3.5,3.8
1978-04-08,345000.0,338000.0,340000.0,2397000.0,2548000.0,3.4,3.6
1978-04-15,309000.0,279000.0,330500.0,2339000.0,2420000.0,3.3,3.5
1978-04-22,319000.0,277000.0,326500.0,2287000.0,2324000.0,3.3,3.3
1978-04-29,324000.0,269000.0,324250.0,2272000.0,2224000.0,3.2,3.2
1978-05-06,334000.0,291000.0,321500.0,2246000.0,2151000.0,3.2,3.1
1978-05-13,322000.0,268000.0,324750.0,2231000.0,2092000.0,3.2,3.0
1978-05-20,334000.0,266000.0,328500.0,2238000.0,2052000.0,3.2,2.9
1978-05-27,318000.0,256000.0,327000.0,2211000.0,1934000.0,3.2,2.8
1978-06-03,310000.0,242000.0,321000.0,2224000.0,2012000.0,3.2,2.9
1978-06-10,331000.0,292000.0,323250.0,2189000.0,1961000.0,3.1,2.8
1978-06-17,326000.0,287000.0,321250.0,2225000.0,1974000.0,3.2,2.8
1978-06-24,330000.0,297000.0,324250.0,2249000.0,1973000.0,3.2,2.8
1978-07-01,348000.0,347000.0,333750.0,2242000.0,1918000.0,3.2,2.7
1978-07-08,356000.0,428000.0,340000.0,2331000.0,2255000.0,3.3,3.2
1978-07-15,352000.0,421000.0,346500.0,2328000.0,2295000.0,3.3,3.2
1978-07-22,349000.0,387000.0,351250.0,2321000.0,2255000.0,3.3,3.2
1978-07-29,346000.0,371000.0,350750.0,2344000.0,2248000.0,3.3,3.2
1978-08-05,365000.0,376000.0,353000.0,2395000.0,2293000.0,3.4,3.2
1978-08-12,354000.0,326000.0,353500.0,2422000.0,2288000.0,3.4,3.2
1978-08-19,343000.0,287000.0,352000.0,2405000.0,2204000.0,3.4,3.1
1978-08-26,333000.0,264000.0,348750.0,2370000.0,2098000.0,3.3,3.0
1978-09-02,313000.0,249000.0,335750.0,2336000.0,1936000.0,3.3,2.7
1978-09-09,337000.0,246000.0,331500.0,2278000.0,1962000.0,3.2,2.8
1978-09-16,322000.0,262000.0,326250.0,2271000.0,1864000.0,3.2,2.6
1978-09-23,323000.0,254000.0,323750.0,2247000.0,1831000.0,3.2,2.6
1978-09-30,318000.0,249000.0,325000.0,2217000.0,1767000.0,3.1,2.5
1978-10-07,343000.0,323000.0,326500.0,2219000.0,1739000.0,3.0,2.4
1978-10-14,316000.0,262000.0,325000.0,2274000.0,1862000.0,3.1,2.5
1978-10-21,338000.0,287000.0,328750.0,2207000.0,1819000.0,3.0,2.5
1978-10-28,316000.0,280000.0,328250.0,2222000.0,1847000.0,3.0,2.5
1978-11-04,317000.0,302000.0,321750.0,2188000.0,1812000.0,3.0,2.5
1978-11-11,304000.0,286000.0,318750.0,2200000.0,1918000.0,3.0,2.6
1978-11-18,342000.0,345000.0,319750.0,2158000.0,1854000.0,2.9,2.5
1978-11-25,359000.0,350000.0,330500.0,2349000.0,2204000.0,3.2,3.0
1978-12-02,377000.0,427000.0,345500.0,2248000.0,2220000.0,3.0,3.0
1978-12-09,344000.0,427000.0,355500.0,2292000.0,2312000.0,3.1,3.1
1978-12-16,347000.0,390000.0,356750.0,2328000.0,2360000.0,3.2,3.2
1978-12-23,352000.0,447000.0,355000.0,2276000.0,2332000.0,3.1,3.2
1978-12-30,358000.0,515000.0,350250.0,2289000.0,2719000.0,3.1,3.7
1979-01-06,359000.0,559000.0,354000.0,2366000.0,3041000.0,3.1,4.0
1979-01-13,392000.0,680000.0,365250.0,2368000.0,2980000.0,3.1,3.9
1979-01-20,337000.0,488000.0,361500.0,2403000.0,3064000.0,3.1,4.0
1979-01-27,342000.0,423000.0,357500.0,2393000.0,3061000.0,3.1,4.0
1979-02-03,348000.0,424000.0,354750.0,2411000.0,3039000.0,3.1,3.9
1979-02-10,359000.0,418000.0,346500.0,2412000.0,3018000.0,3.1,3.9
1979-02-17,367000.0,384000.0,354000.0,2383000.0,3013000.0,3.1,3.9
1979-02-24,360000.0,364000.0,358500.0,2451000.0,3146000.0,3.2,4.1
1979-03-03,355000.0,358000.0,360250.0,2451000.0,3033000.0,3.2,3.9
1979-03-10,363000.0,346000.0,361250.0,2413000.0,2900000.0,3.1,3.8
1979-03-17,359000.0,315000.0,359250.0,2377000.0,2771000.0,3.1,3.6
1979-03-24,353000.0,296000.0,357500.0,2353000.0,2660000.0,3.1,3.5
1979-03-31,360000.0,300000.0,358750.0,2335000.0,2556000.0,3.0,3.3
1979-04-07,465000.0,449000.0,384250.0,2368000.0,2504000.0,3.0,3.1
1979-04-14,457000.0,424000.0,408750.0,2467000.0,2542000.0,3.1,3.2
1979-04-21,383000.0,340000.0,416250.0,2408000.0,2446000.0,3.0,3.1
1979-04-28,357000.0,303000.0,415500.0,2351000.0,2317000.0,2.9,2.9
1979-05-05,353000.0,307000.0,387500.0,2292000.0,2195000.0,2.9,2.7
1979-05-12,344000.0,290000.0,359250.0,2261000.0,2127000.0,2.8,2.7
1979-05-19,346000.0,280000.0,350000.0,2238000.0,2067000.0,2.8,2.6
1979-05-26,349000.0,287000.0,348000.0,2246000.0,1970000.0,2.8,2.5
1979-06-02,336000.0,262000.0,343750.0,2260000.0,2052000.0,2.8,2.6
1979-06-09,365000.0,322000.0,349000.0,2207000.0,1987000.0,2.8,2.5
1979-06-16,351000.0,312000.0,350250.0,2234000.0,1997000.0,2.8,2.5
1979-06-23,379000.0,343000.0,357750.0,2275000.0,2010000.0,2.8,2.5
1979-06-30,369000.0,366000.0,366000.0,2282000.0,1958000.0,2.9,2.4
1979-07-07,368000.0,458000.0,366750.0,2368000.0,2277000.0,2.8,2.7
1979-07-14,368000.0,446000.0,371000.0,2356000.0,2333000.0,2.8,2.8
1979-07-21,395000.0,445000.0,375000.0,2335000.0,2278000.0,2.8,2.7
1979-07-28,386000.0,417000.0,379250.0,2375000.0,2298000.0,2.9,2.8
1979-08-04,412000.0,428000.0,390250.0,2422000.0,2338000.0,2.9,2.8
1979-08-11,386000.0,360000.0,394750.0,2466000.0,2353000.0,3.0,2.8
1979-08-18,387000.0,329000.0,392750.0,2474000.0,2290000.0,3.0,2.8
1979-08-25,390000.0,313000.0,393750.0,2471000.0,2219000.0,3.0,2.7
1979-09-01,389000.0,312000.0,388000.0,2448000.0,2064000.0,2.9,2.5
1979-09-08,378000.0,285000.0,386000.0,2432000.0,2107000.0,2.9,2.5
1979-09-15,384000.0,311000.0,385250.0,2431000.0,2039000.0,2.9,2.4
1979-09-22,388000.0,309000.0,384750.0,2404000.0,1987000.0,2.9,2.4
1979-09-29,390000.0,303000.0,385000.0,2426000.0,1964000.0,2.9,2.4
1979-10-06,412000.0,379000.0,393500.0,2428000.0,1924000.0,2.9,2.3
1979-10-13,393000.0,335000.0,395750.0,2535000.0,2074000.0,3.0,2.5
1979-10-20,406000.0,342000.0,400250.0,2475000.0,2059000.0,2.9,2.4
1979-10-27,398000.0,353000.0,402250.0,2522000.0,2120000.0,3.0,2.5
1979-11-03,395000.0,372000.0,398000.0,2569000.0,2145000.0,3.0,2.5
1979-11-10,414000.0,392000.0,403250.0,2537000.0,2189000.0,3.0,2.6
1979-11-17,430000.0,401000.0,409250.0,2656000.0,2201000.0,3.1,2.6
1979-11-24,414000.0,379000.0,413250.0,2648000.0,2627000.0,3.1,3.1
1979-12-01,416000.0,513000.0,418500.0,2698000.0,2615000.0,3.2,3.1
1979-12-08,415000.0,521000.0,418750.0,2685000.0,2707000.0,3.2,3.2
1979-12-15,411000.0,455000.0,414000.0,2712000.0,2756000.0,3.2,3.3
1979-12-22,471000.0,580000.0,428250.0,2674000.0,2680000.0,3.2,3.2
1979-12-29,428000.0,596000.0,431250.0,2725000.0,3161000.0,3.2,3.7
1980-01-05,394000.0,574000.0,426000.0,2749000.0,3619000.0,3.2,4.2
1980-01-12,405000.0,804000.0,424500.0,2778000.0,3498000.0,3.3,4.1
1980-01-19,446000.0,648000.0,418250.0,2783000.0,3546000.0,3.3,4.2
1980-01-26,412000.0,515000.0,414250.0,2817000.0,3498000.0,3.3,4.1
1980-02-02,404000.0,471000.0,416750.0,2864000.0,3543000.0,3.4,4.1
1980-02-09,425000.0,493000.0,421750.0,2867000.0,3492000.0,3.4,4.1
1980-02-16,415000.0,418000.0,414000.0,2877000.0,3492000.0,3.4,4.1
1980-02-23,428000.0,415000.0,418000.0,2866000.0,3596000.0,3.4,4.2
1980-03-01,409000.0,407000.0,419250.0,2848000.0,3486000.0,3.3,4.1
1980-03-08,418000.0,413000.0,417500.0,2883000.0,3475000.0,3.4,4.1
1980-03-15,432000.0,398000.0,421750.0,2888000.0,3413000.0,3.4,4.0
1980-03-22,435000.0,392000.0,423500.0,2921000.0,3337000.0,3.4,3.9
1980-03-29,475000.0,399000.0,440000.0,2866000.0,3223000.0,3.4,3.8
1980-04-05,464000.0,451000.0,451500.0,3007000.0,3245000.0,3.5,3.8
1980-04-12,544000.0,535000.0,479500.0,3085000.0,3320000.0,3.6,3.9
1980-04-19,548000.0,495000.0,507750.0,3188000.0,3292000.0,3.7,3.8
1980-04-26,563000.0,482000.0,529750.0,3226000.0,3272000.0,3.7,3.8
1980-05-03,572000.0,491000.0,556750.0,3334000.0,3241000.0,3.9,3.8
1980-05-10,601000.0,526000.0,571000.0,3417000.0,3300000.0,4.0,3.8
1980-05-17,642000.0,539000.0,594500.0,3544000.0,3347000.0,4.1,3.9
1980-05-24,627000.0,525000.0,610500.0,3698000.0,3277000.0,4.3,3.8
1980-05-31,637000.0,477000.0,626750.0,3731000.0,3489000.0,4.3,4.1
1980-06-07,610000.0,562000.0,629000.0,3781000.0,3459000.0,4.4,4.0
1980-06-14,592000.0,511000.0,616500.0,3779000.0,3448000.0,4.4,4.0
1980-06-21,599000.0,529000.0,609500.0,3858000.0,3489000.0,4.5,4.1
1980-06-28,627000.0,563000.0,607000.0,3912000.0,3384000.0,4.5,3.9
1980-07-05,579000.0,584000.0,599250.0,3823000.0,3663000.0,4.4,4.2
1980-07-12,533000.0,643000.0,584500.0,3836000.0,3803000.0,4.4,4.4
1980-07-19,567000.0,628000.0,576500.0,3872000.0,3729000.0,4.5,4.3
1980-07-26,558000.0,569000.0,559250.0,3851000.0,3635000.0,4.4,4.2
1980-08-02,569000.0,536000.0,556750.0,3789000.0,3608000.0,4.4,4.2
1980-08-09,533000.0,494000.0,556750.0,3862000.0,3601000.0,4.5,4.2
1980-08-16,525000.0,435000.0,546250.0,3813000.0,3488000.0,4.4,4.0
1980-08-23,512000.0,410000.0,534750.0,3754000.0,3366000.0,4.3,3.9
1980-08-30,502000.0,397000.0,518000.0,3808000.0,3136000.0,4.4,3.6
1980-09-06,511000.0,374000.0,512500.0,3698000.0,3242000.0,4.3,3.7
1980-09-13,492000.0,414000.0,504250.0,3699000.0,3123000.0,4.3,3.6
1980-09-20,465000.0,381000.0,492500.0,3698000.0,3063000.0,4.3,3.5
1980-09-27,463000.0,363000.0,482750.0,3679000.0,2984000.0,4.2,3.4
1980-10-04,462000.0,410000.0,470500.0,3672000.0,2931000.0,4.2,3.4
1980-10-11,447000.0,417000.0,459250.0,3549000.0,2854000.0,4.1,3.3
1980-10-18,425000.0,355000.0,449250.0,3477000.0,2939000.0,4.0,3.4
1980-10-25,418000.0,384000.0,438000.0,3527000.0,2943000.0,4.1,3.4
1980-11-01,419000.0,395000.0,427250.0,3391000.0,2862000.0,3.9,3.3
1980-11-08,407000.0,416000.0,417250.0,3380000.0,2840000.0,3.9,3.3
1980-11-15,427000.0,403000.0,417750.0,3260000.0,3027000.0,3.7,3.5
1980-11-22,398000.0,440000.0,412750.0,3303000.0,2780000.0,3.8,3.2
1980-11-29,412000.0,407000.0,411000.0,3169000.0,3286000.0,3.6,3.8
1980-12-06,416000.0,534000.0,413250.0,3185000.0,3154000.0,3.7,3.6
1980-12-13,413000.0,481000.0,409750.0,3125000.0,3241000.0,3.6,3.7
1980-12-20,412000.0,499000.0,413250.0,3056000.0,2932000.0,3.5,3.4
1980-12-27,399000.0,546000.0,410000.0,3136000.0,3477000.0,3.6,4.0
1981-01-03,410000.0,580000.0,408500.0,3123000.0,4125000.0,3.6,4.7
1981-01-10,419000.0,839000.0,410000.0,3082000.0,3930000.0,3.5,4.5
1981-01-17,421000.0,638000.0,412250.0,3023000.0,3878000.0,3.5,4.5
1981-01-24,396000.0,521000.0,411500.0,2988000.0,3744000.0,3.4,4.3
1981-01-31,419000.0,490000.0,413750.0,2975000.0,3710000.0,3.4,4.3
1981-02-07,420000.0,500000.0,414000.0,2945000.0,3593000.0,3.4,4.1
1981-02-14,423000.0,439000.0,414500.0,3043000.0,3704000.0,3.5,4.3
1981-02-21,438000.0,430000.0,425000.0,3023000.0,3769000.0,3.5,4.3
1981-02-28,434000.0,432000.0,428750.0,2901000.0,3608000.0,3.3,4.1
1981-03-07,409000.0,414000.0,426000.0,2931000.0,3550000.0,3.4,4.1
1981-03-14,408000.0,385000.0,422250.0,2905000.0,3464000.0,3.3,4.0
1981-03-21,401000.0,365000.0,413000.0,2885000.0,3343000.0,3.3,3.8
1981-03-28,412000.0,356000.0,407500.0,2876000.0,3262000.0,3.3,3.7
1981-04-04,417000.0,383000.0,409500.0,2875000.0,3147000.0,3.3,3.6
1981-04-11,396000.0,401000.0,406500.0,2800000.0,3028000.0,3.2,3.5
1981-04-18,392000.0,350000.0,404250.0,2860000.0,2980000.0,3.3,3.4
1981-04-25,436000.0,379000.0,410250.0,2893000.0,2960000.0,3.3,3.4
1981-05-02,413000.0,342000.0,409250.0,2944000.0,2862000.0,3.4,3.3
1981-05-09,423000.0,369000.0,416000.0,2887000.0,2793000.0,3.3,3.2
1981-05-16,414000.0,340000.0,421500.0,2865000.0,2703000.0,3.3,3.1
1981-05-23,415000.0,342000.0,416250.0,2862000.0,2544000.0,3.3,2.9
1981-05-30,417000.0,301000.0,417250.0,2962000.0,2691000.0,3.4,3.1
1981-06-06,428000.0,384000.0,418500.0,2877000.0,2632000.0,3.3,3.0
1981-06-13,425000.0,367000.0,421250.0,2867000.0,2593000.0,3.3,3.0
1981-06-20,435000.0,376000.0,426250.0,2886000.0,2577000.0,3.3,3.0
1981-06-27,444000.0,387000.0,433000.0,2983000.0,2552000.0,3.4,2.9
1981-07-04,460000.0,430000.0,441000.0,2886000.0,2672000.0,3.3,3.1
1981-07-11,426000.0,516000.0,441250.0,2845000.0,2815000.0,3.3,3.2
1981-07-18,430000.0,481000.0,440000.0,2902000.0,2770000.0,3.3,3.2
1981-07-25,407000.0,429000.0,430750.0,2899000.0,2718000.0,3.3,3.1
1981-08-01,476000.0,444000.0,434750.0,2867000.0,2711000.0,3.3,3.1
1981-08-08,448000.0,419000.0,440250.0,2998000.0,2769000.0,3.4,3.2
1981-08-15,442000.0,369000.0,443250.0,2966000.0,2713000.0,3.4,3.1
1981-08-22,434000.0,351000.0,450000.0,2957000.0,2625000.0,3.4,3.0
1981-08-29,451000.0,352000.0,443750.0,2954000.0,2572000.0,3.4,3.0
1981-09-05,473000.0,396000.0,450000.0,2914000.0,2386000.0,3.4,2.7
1981-09-12,454000.0,331000.0,453000.0,3051000.0,2598000.0,3.5,3.0
1981-09-19,475000.0,392000.0,463250.0,3014000.0,2484000.0,3.5,2.9
1981-09-26,491000.0,392000.0,473250.0,3073000.0,2487000.0,3.5,2.9
1981-10-03,489000.0,416000.0,477250.0,3069000.0,2453000.0,3.5,2.8
1981-10-10,491000.0,476000.0,486500.0,3098000.0,2450000.0,3.6,2.8
1981-10-17,487000.0,408000.0,489500.0,3104000.0,2633000.0,3.6,3.0
1981-10-24,483000.0,450000.0,487500.0,3181000.0,2642000.0,3.7,3.0
1981-10-31,514000.0,479000.0,493750.0,3183000.0,2699000.0,3.7,3.1
1981-11-07,514000.0,534000.0,499500.0,3282000.0,2722000.0,3.8,3.1
1981-11-14,517000.0,483000.0,507000.0,3291000.0,3077000.0,3.8,3.5
1981-11-21,464000.0,522000.0,502250.0,3416000.0,2844000.0,3.9,3.3
1981-11-28,552000.0,535000.0,511750.0,3360000.0,3510000.0,3.9,4.0
1981-12-05,558000.0,726000.0,522750.0,3517000.0,3506000.0,4.0,4.0
1981-12-12,551000.0,657000.0,531250.0,3397000.0,3549000.0,3.9,4.1
1981-12-19,539000.0,644000.0,550000.0,3551000.0,3466000.0,4.1,4.0
1981-12-26,556000.0,702000.0,551000.0,3636000.0,3921000.0,4.2,4.5
1982-01-02,495000.0,694300.0,535250.0,3523000.0,4547000.0,4.0,5.2
1982-01-09,545000.0,1073500.0,533750.0,3398000.0,4334000.0,3.9,5.0
1982-01-16,489000.0,761700.0,521250.0,3624000.0,4611000.0,4.2,5.3
1982-01-23,564000.0,771200.0,523250.0,3602000.0,4524000.0,4.1,5.2
1982-01-30,583000.0,692300.0,545250.0,3521000.0,4396000.0,4.0,5.0
1982-02-06,556000.0,671000.0,548000.0,3617000.0,4383000.0,4.1,5.0
1982-02-13,507000.0,532800.0,552500.0,3490000.0,4194000.0,4.0,4.8
1982-02-20,544000.0,522900.0,547500.0,3562000.0,4485000.0,4.1,5.1
1982-02-27,528000.0,536300.0,533750.0,3553000.0,4443000.0,4.1,5.1
1982-03-06,556000.0,566300.0,533750.0,3619000.0,4385000.0,4.1,5.0
1982-03-13,539000.0,515100.0,541750.0,3605000.0,4328000.0,4.1,5.0
1982-03-20,557000.0,510500.0,545000.0,3684000.0,4288000.0,4.2,4.9
1982-03-27,574000.0,501500.0,556500.0,3714000.0,4233000.0,4.3,4.9
1982-04-03,578000.0,516600.0,562000.0,3720000.0,4104000.0,4.2,4.7
1982-04-10,585000.0,606300.0,573500.0,3841000.0,4169000.0,4.4,4.8
1982-04-17,597000.0,540300.0,583500.0,3967000.0,4173000.0,4.5,4.8
1982-04-24,588000.0,518600.0,587000.0,3930000.0,4032000.0,4.5,4.6
1982-05-01,576000.0,475600.0,586500.0,3960000.0,3880000.0,4.5,4.4
1982-05-08,584000.0,516500.0,586250.0,3972000.0,3855000.0,4.5,4.4
1982-05-15,585000.0,486500.0,583250.0,3968000.0,3777000.0,4.5,4.3
1982-05-22,586000.0,486300.0,582750.0,4103000.0,3711000.0,4.7,4.2
1982-05-29,588000.0,485800.0,585750.0,3956000.0,3557000.0,4.5,4.1
1982-06-05,611000.0,478600.0,592500.0,4094000.0,3794000.0,4.7,4.3
1982-06-12,614000.0,541600.0,599750.0,4121000.0,3742000.0,4.7,4.3
1982-06-19,591000.0,508100.0,601000.0,4105000.0,3690000.0,4.7,4.2
1982-06-26,582000.0,507700.0,599500.0,4057000.0,3685000.0,4.6,4.2
1982-07-03,600000.0,594400.0,596750.0,4139000.0,3600000.0,4.7,4.1
1982-07-10,572000.0,631400.0,586250.0,4025000.0,4013000.0,4.6,4.6
1982-07-17,567000.0,647000.0,580250.0,4148000.0,3997000.0,4.7,4.6
1982-07-24,536000.0,576100.0,568750.0,4155000.0,3927000.0,4.7,4.5
1982-07-31,605000.0,562600.0,570000.0,4040000.0,3834000.0,4.6,4.4
1982-08-07,606000.0,569200.0,578500.0,4191000.0,3893000.0,4.8,4.4
1982-08-14,637000.0,536400.0,596000.0,4234000.0,3901000.0,4.8,4.4
1982-08-21,628000.0,510400.0,619000.0,4300000.0,3834000.0,4.9,4.4
1982-08-28,647000.0,502300.0,629500.0,4316000.0,3802000.0,4.9,4.3
1982-09-04,651000.0,537600.0,640750.0,4356000.0,3565000.0,5.0,4.1
1982-09-11,641000.0,467700.0,641750.0,4445000.0,3834000.0,5.1,4.4
1982-09-18,680000.0,559500.0,654750.0,4468000.0,3701000.0,5.1,4.2
1982-09-25,671000.0,535000.0,660750.0,4542000.0,3683000.0,5.2,4.2
1982-10-02,695000.0,565600.0,671750.0,4629000.0,3720000.0,5.3,4.2
1982-10-09,651000.0,638100.0,674250.0,4689000.0,3674000.0,5.4,4.2
1982-10-16,656000.0,540300.0,668250.0,4599000.0,3899000.0,5.3,4.5
1982-10-23,623000.0,577600.0,656250.0,4686000.0,3872000.0,5.3,4.4
1982-10-30,637000.0,576800.0,641750.0,4595000.0,3891000.0,5.2,4.4
1982-11-06,589000.0,604800.0,626250.0,4713000.0,3846000.0,5.4,4.4
1982-11-13,599000.0,546700.0,612000.0,4554000.0,4221000.0,5.2,4.8
1982-11-20,577000.0,650400.0,600500.0,4695000.0,3840000.0,5.4,4.4
1982-11-27,612000.0,574100.0,594250.0,4442000.0,4597000.0,5.1,5.2
1982-12-04,557000.0,709400.0,586250.0,4509000.0,4460000.0,5.1,5.1
1982-12-11,533000.0,638200.0,569750.0,4339000.0,4475000.0,5.0,5.1
1982-12-18,516000.0,598000.0,554500.0,4371000.0,4273000.0,5.0,4.9
1982-12-25,489000.0,653600.0,523750.0,4381000.0,4535000.0,5.0,5.2
1983-01-01,534000.0,745100.0,518000.0,4010000.0,5112000.0,4.6,5.9
1983-01-08,510000.0,976600.0,512250.0,3885000.0,5017000.0,4.5,5.8
1983-01-15,479000.0,773600.0,503000.0,3950000.0,4982000.0,4.5,5.7
1983-01-22,479000.0,650600.0,500500.0,3860000.0,4866000.0,4.4,5.6
1983-01-29,503000.0,597700.0,492750.0,3890000.0,4867000.0,4.5,5.6
1983-02-05,501000.0,594200.0,490500.0,3877000.0,4718000.0,4.4,5.4
1983-02-12,486000.0,525100.0,492250.0,3865000.0,4876000.0,4.4,5.6
1983-02-19,487000.0,506300.0,494250.0,3819000.0,4593000.0,4.4,5.3
1983-02-26,481000.0,448700.0,488750.0,3876000.0,4869000.0,4.4,5.6
1983-03-05,495000.0,497400.0,487250.0,3797000.0,4620000.0,4.4,5.3
1983-03-12,475000.0,459700.0,484500.0,3787000.0,4568000.0,4.3,5.2
1983-03-19,470000.0,427500.0,480250.0,3752000.0,4387000.0,4.3,5.0
1983-03-26,481000.0,422100.0,480250.0,3734000.0,4262000.0,4.3,4.9
1983-04-02,491000.0,423000.0,479250.0,3759000.0,4164000.0,4.3,4.8
1983-04-09,496000.0,509700.0,484500.0,3814000.0,4120000.0,4.4,4.8
1983-04-16,515000.0,464800.0,495750.0,3744000.0,3945000.0,4.3,4.5
1983-04-23,488000.0,431300.0,497500.0,3762000.0,3848000.0,4.3,4.4
1983-04-30,490000.0,399900.0,497250.0,3722000.0,3658000.0,4.3,4.2
1983-05-07,494000.0,435000.0,496750.0,3714000.0,3582000.0,4.3,4.1
1983-05-14,464000.0,385200.0,484000.0,3625000.0,3451000.0,4.2,4.0
1983-05-21,460000.0,380300.0,477000.0,3701000.0,3369000.0,4.3,3.9
1983-05-28,454000.0,373000.0,468000.0,3457000.0,3071000.0,4.0,3.5
1983-06-04,459000.0,351100.0,459250.0,3548000.0,3291000.0,4.1,3.8
1983-06-11,442000.0,390100.0,453750.0,3453000.0,3120000.0,4.0,3.6
1983-06-18,434000.0,369200.0,447250.0,3452000.0,3101000.0,4.0,3.6
1983-06-25,442000.0,383500.0,444250.0,3369000.0,3054000.0,3.9,3.5
1983-07-02,422000.0,397400.0,435000.0,3239000.0,2785000.0,3.8,3.2
1983-07-09,412000.0,451900.0,427500.0,3226000.0,3208000.0,3.7,3.7
1983-07-16,396000.0,459400.0,418000.0,3216000.0,3117000.0,3.7,3.6
1983-07-23,395000.0,428300.0,406250.0,3155000.0,2982000.0,3.7,3.5
1983-07-30,415000.0,383400.0,404500.0,3112000.0,2943000.0,3.6,3.4
1983-08-06,415000.0,382500.0,405250.0,3106000.0,2886000.0,3.6,3.4
1983-08-13,457000.0,382300.0,420500.0,3107000.0,2858000.0,3.6,3.3
1983-08-20,445000.0,356900.0,433000.0,3131000.0,2782000.0,3.6,3.2
1983-08-27,426000.0,323600.0,435750.0,3079000.0,2715000.0,3.6,3.2
1983-09-03,411000.0,328800.0,434750.0,3055000.0,2474000.0,3.5,2.9
1983-09-10,403000.0,288700.0,421250.0,3007000.0,2596000.0,3.5,3.0
1983-09-17,405000.0,326900.0,411250.0,2993000.0,2461000.0,3.5,2.9
1983-09-24,416000.0,324700.0,408750.0,2973000.0,2399000.0,3.5,2.8
1983-10-01,413000.0,318500.0,409250.0,2926000.0,2332000.0,3.4,2.7
1983-10-08,406000.0,390500.0,410000.0,2929000.0,2263000.0,3.4,2.6
1983-10-15,394000.0,319900.0,407250.0,2913000.0,2435000.0,3.4,2.8
1983-10-22,394000.0,354900.0,401750.0,2886000.0,2360000.0,3.4,2.8
1983-10-29,404000.0,356400.0,399500.0,2860000.0,2405000.0,3.3,2.8
1983-11-05,395000.0,398200.0,396750.0,2750000.0,2203000.0,3.2,2.6
1983-11-12,390000.0,347300.0,395750.0,2789000.0,2551000.0,3.3,3.0
1983-11-19,387000.0,431900.0,394000.0,2879000.0,2313000.0,3.4,2.7
1983-11-26,398000.0,362900.0,392500.0,2733000.0,2785000.0,3.2,3.2
1983-12-03,365000.0,458400.0,385000.0,2737000.0,2709000.0,3.2,3.2
1983-12-10,368000.0,442900.0,379500.0,2666000.0,2710000.0,3.1,3.2
1983-12-17,362000.0,414600.0,373250.0,2796000.0,2762000.0,3.3,3.2
1983-12-24,377000.0,496800.0,368000.0,2718000.0,2704000.0,3.2,3.2
1983-12-31,372000.0,558900.0,369750.0,2644000.0,3080000.0,3.1,3.6
1984-01-07,356000.0,621600.0,366750.0,2588000.0,3397000.0,3.0,4.0
1984-01-14,351000.0,637900.0,364000.0,2522000.0,3195000.0,2.9,3.7
1984-01-21,333000.0,475100.0,353000.0,2531000.0,3239000.0,3.0,3.8
1984-01-28,364000.0,448500.0,351000.0,2556000.0,3210000.0,3.0,3.7
1984-02-04,342000.0,408400.0,347500.0,2531000.0,3134000.0,3.0,3.7
1984-02-11,338000.0,381500.0,344250.0,2453000.0,3078000.0,2.9,3.6
1984-02-18,334000.0,349300.0,344500.0,2425000.0,2958000.0,2.8,3.5
1984-02-25,343000.0,329100.0,339250.0,2469000.0,3111000.0,2.9,3.6
1984-03-03,347000.0,350500.0,340500.0,2441000.0,3008000.0,2.8,3.5
1984-03-10,346000.0,344000.0,342500.0,2431000.0,2946000.0,2.8,3.4
1984-03-17,349000.0,323500.0,346250.0,2426000.0,2875000.0,2.8,3.4
1984-03-24,346000.0,317600.0,347000.0,2412000.0,2779000.0,2.8,3.2
1984-03-31,341000.0,291400.0,345500.0,2412000.0,2707000.0,2.8,3.2
1984-04-07,381000.0,390300.0,354250.0,2425000.0,2622000.0,2.8,3.0
1984-04-14,357000.0,330800.0,356250.0,2396000.0,2558000.0,2.8,3.0
1984-04-21,364000.0,326500.0,360750.0,2433000.0,2491000.0,2.8,2.9
1984-04-28,375000.0,309300.0,369250.0,2435000.0,2425000.0,2.8,2.8
1984-05-05,365000.0,318900.0,365250.0,2430000.0,2338000.0,2.8,2.7
1984-05-12,368000.0,312100.0,368000.0,2386000.0,2284000.0,2.8,2.7
1984-05-19,354000.0,294200.0,365500.0,2401000.0,2213000.0,2.8,2.6
1984-05-26,354000.0,292700.0,360250.0,2323000.0,2054000.0,2.7,2.4
1984-06-02,355000.0,268700.0,357750.0,2379000.0,2212000.0,2.8,2.6
1984-06-09,369000.0,333800.0,358000.0,2391000.0,2161000.0,2.8,2.5
1984-06-16,361000.0,309900.0,359750.0,2364000.0,2140000.0,2.7,2.5
1984-06-23,362000.0,316800.0,361750.0,2339000.0,2115000.0,2.7,2.5
1984-06-30,360000.0,329000.0,363000.0,2329000.0,2005000.0,2.7,2.3
1984-07-07,366000.0,432500.0,362250.0,2375000.0,2343000.0,2.7,2.7
1984-07-14,360000.0,435900.0,362000.0,2371000.0,2334000.0,2.7,2.7
1984-07-21,357000.0,396200.0,360750.0,2337000.0,2231000.0,2.7,2.6
1984-07-28,359000.0,343800.0,360500.0,2329000.0,2203000.0,2.7,2.5
1984-08-04,382000.0,348100.0,364500.0,2332000.0,2194000.0,2.7,2.5
1984-08-11,380000.0,328100.0,369500.0,2390000.0,2208000.0,2.8,2.5
1984-08-18,401000.0,321000.0,380500.0,2416000.0,2169000.0,2.8,2.5
1984-08-25,395000.0,303300.0,389500.0,2405000.0,2142000.0,2.8,2.5
1984-09-01,385000.0,303500.0,390250.0,2410000.0,1960000.0,2.8,2.3
1984-09-08,402000.0,289300.0,395750.0,2435000.0,2120000.0,2.8,2.4
1984-09-15,393000.0,320700.0,393750.0,2434000.0,2017000.0,2.8,2.3
1984-09-22,395000.0,313200.0,393750.0,2421000.0,1976000.0,2.8,2.3
1984-09-29,402000.0,304700.0,398000.0,2474000.0,1980000.0,2.8,2.3
1984-10-06,403000.0,373300.0,398250.0,2455000.0,1912000.0,2.8,2.2
1984-10-13,410000.0,353200.0,402500.0,2538000.0,2077000.0,2.9,2.4
1984-10-20,439000.0,378700.0,413500.0,2529000.0,2094000.0,2.9,2.4
1984-10-27,425000.0,380500.0,419250.0,2574000.0,2151000.0,2.9,2.4
1984-11-03,423000.0,413400.0,424250.0,2578000.0,2159000.0,2.9,2.5
1984-11-10,393000.0,397500.0,420000.0,2545000.0,2188000.0,2.9,2.5
1984-11-17,383000.0,370800.0,406000.0,2645000.0,2105000.0,3.0,2.4
1984-11-24,429000.0,387000.0,407000.0,2569000.0,2658000.0,2.9,3.0
1984-12-01,401000.0,494700.0,401500.0,2529000.0,2547000.0,2.9,2.9
1984-12-08,383000.0,477900.0,399000.0,2589000.0,2584000.0,2.9,2.9
1984-12-15,386000.0,443700.0,399750.0,2594000.0,2644000.0,2.9,3.0
1984-12-22,379000.0,482300.0,387250.0,2487000.0,2393000.0,2.8,2.7
1984-12-29,379000.0,527500.0,381750.0,2536000.0,2997000.0,2.9,3.4
1985-01-05,369000.0,568300.0,378250.0,2593000.0,3428000.0,2.9,3.8
1985-01-12,387000.0,770000.0,378500.0,2543000.0,3214000.0,2.9,3.6
1985-01-19,359000.0,537700.0,373500.0,2472000.0,3174000.0,2.8,3.6
1985-01-26,368000.0,478300.0,370750.0,2601000.0,3254000.0,2.9,3.6
1985-02-02,386000.0,452400.0,375000.0,2632000.0,3287000.0,3.0,3.7
1985-02-09,401000.0,473300.0,378500.0,2608000.0,3213000.0,2.9,3.6
1985-02-16,390000.0,404700.0,386250.0,2613000.0,3211000.0,2.9,3.6
1985-02-23,390000.0,379000.0,391750.0,2641000.0,3320000.0,3.0,3.7
1985-03-02,374000.0,377300.0,388750.0,2571000.0,3193000.0,2.9,3.6
1985-03-09,385000.0,389200.0,384750.0,2591000.0,3135000.0,2.9,3.5
1985-03-16,386000.0,360500.0,383750.0,2578000.0,3081000.0,2.9,3.5
1985-03-23,373000.0,346700.0,379500.0,2556000.0,2947000.0,2.9,3.3
1985-03-30,386000.0,329100.0,382500.0,2526000.0,2865000.0,2.8,3.2
1985-04-06,405000.0,398000.0,387500.0,2569000.0,2777000.0,2.8,3.1
1985-04-13,411000.0,397500.0,393750.0,2600000.0,2798000.0,2.9,3.1
1985-04-20,391000.0,351800.0,398250.0,2584000.0,2649000.0,2.9,2.9
1985-04-27,386000.0,324700.0,398250.0,2562000.0,2580000.0,2.8,2.9
1985-05-04,390000.0,335600.0,394500.0,2582000.0,2481000.0,2.9,2.7
1985-05-11,394000.0,339100.0,390250.0,2569000.0,2466000.0,2.8,2.7
1985-05-18,391000.0,324900.0,390250.0,2547000.0,2374000.0,2.8,2.6
1985-05-25,396000.0,328500.0,392750.0,2545000.0,2247000.0,2.8,2.5
1985-06-01,393000.0,293500.0,393500.0,2591000.0,2402000.0,2.9,2.7
1985-06-08,403000.0,368900.0,395750.0,2564000.0,2320000.0,2.8,2.6
1985-06-15,390000.0,339200.0,395500.0,2549000.0,2320000.0,2.8,2.6
1985-06-22,386000.0,339500.0,393000.0,2550000.0,2300000.0,2.8,2.5
1985-06-29,390000.0,349800.0,392250.0,2505000.0,2167000.0,2.8,2.4
1985-07-06,395000.0,409500.0,390250.0,2609000.0,2533000.0,2.9,2.8
1985-07-13,386000.0,481500.0,389250.0,2519000.0,2514000.0,2.8,2.8
1985-07-20,370000.0,413700.0,385250.0,2520000.0,2424000.0,2.8,2.7
1985-07-27,362000.0,358700.0,378250.0,2522000.0,2388000.0,2.8,2.6
1985-08-03,407000.0,365800.0,381250.0,2518000.0,2390000.0,2.8,2.6
1985-08-10,402000.0,358200.0,385250.0,2565000.0,2373000.0,2.8,2.6
1985-08-17,399000.0,319400.0,392500.0,2574000.0,2335000.0,2.8,2.6
1985-08-24,405000.0,314800.0,403250.0,2561000.0,2287000.0,2.8,2.5
1985-08-31,409000.0,317600.0,403750.0,2595000.0,2133000.0,2.8,2.3
1985-09-07,426000.0,304700.0,409750.0,2596000.0,2251000.0,2.8,2.5
1985-09-14,408000.0,332900.0,412000.0,2590000.0,2160000.0,2.8,2.4
1985-09-21,401000.0,317600.0,411000.0,2513000.0,2061000.0,2.7,2.3
1985-09-28,399000.0,301600.0,408500.0,2623000.0,2096000.0,2.9,2.3
1985-10-05,405000.0,355600.0,403250.0,2657000.0,2086000.0,2.9,2.3
1985-10-12,400000.0,358000.0,401250.0,2569000.0,2058000.0,2.8,2.2
1985-10-19,400000.0,331000.0,401000.0,2644000.0,2197000.0,2.9,2.4
1985-10-26,418000.0,375700.0,405750.0,2657000.0,2195000.0,2.9,2.4
1985-11-02,398000.0,375300.0,404000.0,2673000.0,2229000.0,2.9,2.4
1985-11-09,397000.0,404100.0,403250.0,2612000.0,2202000.0,2.8,2.4
1985-11-16,397000.0,380300.0,402500.0,2618000.0,2401000.0,2.8,2.6
1985-11-23,382000.0,423100.0,393500.0,2585000.0,2182000.0,2.8,2.4
1985-11-30,393000.0,384700.0,392250.0,2638000.0,2791000.0,2.9,3.0
1985-12-07,399000.0,504200.0,392750.0,2744000.0,2700000.0,3.0,2.9
1985-12-14,382000.0,443400.0,389000.0,2680000.0,2750000.0,2.9,3.0
1985-12-21,370000.0,458200.0,386000.0,2543000.0,2426000.0,2.8,2.6
1985-12-28,390000.0,548200.0,385250.0,2608000.0,2991000.0,2.8,3.2
1986-01-04,362000.0,547500.0,376000.0,2694000.0,3583000.0,2.9,3.9
1986-01-11,397000.0,803900.0,379750.0,2636000.0,3359000.0,2.8,3.6
1986-01-18,364000.0,568800.0,378250.0,2516000.0,3108000.0,2.7,3.3
1986-01-25,344000.0,395700.0,366750.0,2570000.0,3215000.0,2.8,3.5
1986-02-01,364000.0,425400.0,367250.0,2531000.0,3171000.0,2.7,3.4
1986-02-08,366000.0,438100.0,359500.0,2548000.0,3119000.0,2.7,3.4
1986-02-15,358000.0,374200.0,358000.0,2569000.0,3156000.0,2.8,3.4
1986-02-22,390000.0,382200.0,369500.0,2626000.0,3294000.0,2.8,3.5
1986-03-01,375000.0,381200.0,372250.0,2570000.0,3206000.0,2.8,3.5
1986-03-08,366000.0,371700.0,372250.0,2603000.0,3145000.0,2.8,3.4
1986-03-15,382000.0,361600.0,378250.0,2589000.0,3109000.0,2.8,3.3
1986-03-22,387000.0,363100.0,377500.0,2592000.0,2996000.0,2.8,3.2
1986-03-29,396000.0,333300.0,382750.0,2614000.0,2982000.0,2.8,3.2
1986-04-05,381000.0,366100.0,386500.0,2625000.0,2842000.0,2.8,3.0
1986-04-12,388000.0,386100.0,388000.0,2570000.0,2773000.0,2.7,3.0
1986-04-19,383000.0,348700.0,387000.0,2613000.0,2687000.0,2.8,2.9
1986-04-26,391000.0,335100.0,385750.0,2627000.0,2655000.0,2.8,2.8
1986-05-03,392000.0,333600.0,388500.0,2670000.0,2566000.0,2.9,2.7
1986-05-10,395000.0,343800.0,390250.0,2670000.0,2558000.0,2.9,2.7
1986-05-17,384000.0,319000.0,390500.0,2669000.0,2499000.0,2.9,2.7
1986-05-24,386000.0,321700.0,389250.0,2638000.0,2335000.0,2.8,2.5
1986-05-31,373000.0,278700.0,384500.0,2708000.0,2490000.0,2.9,2.7
1986-06-07,375000.0,342200.0,379500.0,2653000.0,2407000.0,2.8,2.6
1986-06-14,369000.0,324700.0,375750.0,2644000.0,2410000.0,2.8,2.6
1986-06-21,367000.0,327400.0,371000.0,2637000.0,2380000.0,2.8,2.5
1986-06-28,371000.0,336100.0,370500.0,2606000.0,2282000.0,2.8,2.4
1986-07-05,371000.0,377400.0,369500.0,2669000.0,2567000.0,2.8,2.7
1986-07-12,361000.0,456200.0,367500.0,2552000.0,2589000.0,2.7,2.8
1986-07-19,354000.0,402400.0,364250.0,2593000.0,2527000.0,2.8,2.7
1986-07-26,362000.0,370700.0,362000.0,2618000.0,2509000.0,2.8,2.7
1986-08-02,416000.0,370900.0,373250.0,2583000.0,2477000.0,2.7,2.6
1986-08-09,416000.0,376900.0,387000.0,2686000.0,2499000.0,2.9,2.7
1986-08-16,407000.0,326000.0,400250.0,2658000.0,2435000.0,2.8,2.6
1986-08-23,397000.0,310200.0,409000.0,2687000.0,2404000.0,2.9,2.6
1986-08-30,401000.0,307100.0,405250.0,2664000.0,2215000.0,2.8,2.4
1986-09-06,400000.0,283700.0,401250.0,2756000.0,2379000.0,2.9,2.5
1986-09-13,394000.0,320800.0,398000.0,2671000.0,2250000.0,2.8,2.4
1986-09-20,399000.0,315800.0,398500.0,2703000.0,2219000.0,2.9,2.4
1986-09-27,389000.0,294200.0,395500.0,2698000.0,2161000.0,2.9,2.3
1986-10-04,391000.0,328900.0,393250.0,2780000.0,2192000.0,2.9,2.3
1986-10-11,387000.0,357700.0,391500.0,2665000.0,2114000.0,2.8,2.2
1986-10-18,385000.0,313000.0,388000.0,2723000.0,2274000.0,2.9,2.4
1986-10-25,370000.0,332400.0,383250.0,2707000.0,2223000.0,2.9,2.4
1986-11-01,364000.0,334100.0,376500.0,2646000.0,2213000.0,2.8,2.3
1986-11-08,349000.0,357600.0,367000.0,2614000.0,2180000.0,2.8,2.3
1986-11-15,368000.0,347400.0,362750.0,2653000.0,2435000.0,2.8,2.6
1986-11-22,369000.0,410600.0,362500.0,2555000.0,2134000.0,2.7,2.3
1986-11-29,366000.0,350900.0,363000.0,2686000.0,2760000.0,2.8,2.9
1986-12-06,363000.0,462700.0,366500.0,2634000.0,2575000.0,2.8,2.7
1986-12-13,375000.0,438600.0,368250.0,2587000.0,2668000.0,2.7,2.8
1986-12-20,350000.0,423800.0,363500.0,2499000.0,2395000.0,2.6,2.5
1986-12-27,345000.0,483900.0,358250.0,2565000.0,2860000.0,2.7,3.0
1987-01-03,323000.0,483977.0,348250.0,2590000.0,3442272.0,2.7,3.6
1987-01-10,348000.0,710493.0,341500.0,2508000.0,3206583.0,2.6,3.4
1987-01-17,341000.0,545768.0,339250.0,2443000.0,3035767.0,2.6,3.2
1987-01-24,346000.0,412977.0,339500.0,2506000.0,3155009.0,2.6,3.3
1987-01-31,370000.0,435743.0,351250.0,2515000.0,3172800.0,2.6,3.3
1987-02-07,368000.0,444240.0,356250.0,2496000.0,3052914.0,2.6,3.2
1987-02-14,338000.0,359219.0,355500.0,2451000.0,3014248.0,2.6,3.2
1987-02-21,341000.0,332930.0,354250.0,2481000.0,3117138.0,2.6,3.3
1987-02-28,348000.0,355357.0,348750.0,2460000.0,3080711.0,2.6,3.2
1987-03-07,337000.0,343065.0,341000.0,2456000.0,2972372.0,2.6,3.1
1987-03-14,335000.0,321153.0,340250.0,2450000.0,2952777.0,2.6,3.1
1987-03-21,335000.0,313104.0,338750.0,2401000.0,2787938.0,2.5,2.9
1987-03-28,326000.0,288648.0,333250.0,2410000.0,2753035.0,2.5,2.9
1987-04-04,330000.0,308940.0,331500.0,2482000.0,2706033.0,2.6,2.8
1987-04-11,338000.0,344364.0,332250.0,2366000.0,2556723.0,2.5,2.7
1987-04-18,349000.0,305201.0,335750.0,2410000.0,2495372.0,2.5,2.6
1987-04-25,328000.0,285566.0,336250.0,2386000.0,2416853.0,2.5,2.5
1987-05-02,330000.0,277726.0,336250.0,2302000.0,2219934.0,2.4,2.3
1987-05-09,315000.0,276773.0,330500.0,2347000.0,2243705.0,2.5,2.3
1987-05-16,341000.0,283832.0,328500.0,2326000.0,2184589.0,2.4,2.3
1987-05-23,343000.0,286150.0,332250.0,2275000.0,2027017.0,2.4,2.1
1987-05-30,326000.0,242793.0,331250.0,2370000.0,2153810.0,2.5,2.3
1987-06-06,328000.0,299672.0,334500.0,2259000.0,2059043.0,2.4,2.2
1987-06-13,316000.0,281043.0,328250.0,2278000.0,2074243.0,2.4,2.2
1987-06-20,319000.0,285191.0,322250.0,2258000.0,2035040.0,2.4,2.1
1987-06-27,326000.0,294288.0,322250.0,2321000.0,2038923.0,2.4,2.1
1987-07-04,326000.0,321855.0,321750.0,2173000.0,2058398.0,2.3,2.1
1987-07-11,317000.0,402706.0,322000.0,2155000.0,2198385.0,2.2,2.3
1987-07-18,310000.0,361491.0,319750.0,2211000.0,2172113.0,2.3,2.3
1987-07-25,324000.0,339756.0,319250.0,2247000.0,2157950.0,2.3,2.2
1987-08-01,348000.0,309433.0,324750.0,2232000.0,2144893.0,2.3,2.2
1987-08-08,327000.0,296403.0,327250.0,2263000.0,2105874.0,2.4,2.2
1987-08-15,319000.0,256647.0,329500.0,2194000.0,2020505.0,2.3,2.1
1987-08-22,312000.0,245058.0,326500.0,2190000.0,1955716.0,2.3,2.0
1987-08-29,322000.0,243829.0,320000.0,2179000.0,1899197.0,2.3,2.0
1987-09-05,316000.0,255589.0,317250.0,2125000.0,1748252.0,2.2,1.8
1987-09-12,297000.0,210375.0,311750.0,2172000.0,1846397.0,2.3,1.9
1987-09-19,309000.0,243651.0,311000.0,2351000.0,1923706.0,2.4,2.0
1987-09-26,317000.0,242206.0,309750.0,2139000.0,1717452.0,2.2,1.8
1987-10-03,301000.0,244736.0,306000.0,2151000.0,1694732.0,2.2,1.8
1987-10-10,308000.0,291075.0,308750.0,2101000.0,1647486.0,2.2,1.7
1987-10-17,301000.0,242157.0,306750.0,2074000.0,1725790.0,2.1,1.8
1987-10-24,301000.0,271190.0,302750.0,1966000.0,1600532.0,2.0,1.7
1987-10-31,289000.0,261036.0,299750.0,1942000.0,1622425.0,2.0,1.7
1987-11-07,297000.0,306340.0,297000.0,2054000.0,1690217.0,2.1,1.8
1987-11-14,307000.0,286334.0,298500.0,2109000.0,1922996.0,2.2,2.0
1987-11-21,317000.0,354037.0,302500.0,2064000.0,1704088.0,2.1,1.8
1987-11-28,306000.0,288614.0,306750.0,2102000.0,2160016.0,2.2,2.2
1987-12-05,319000.0,412297.0,312250.0,2125000.0,2067371.0,2.2,2.1
1987-12-12,317000.0,372869.0,314750.0,2092000.0,2151855.0,2.2,2.2
1987-12-19,323000.0,384763.0,316250.0,2105000.0,2037301.0,2.2,2.1
1987-12-26,316000.0,397287.0,318750.0,2140000.0,2305276.0,2.2,2.4
1988-01-02,315000.0,465503.0,317750.0,2096000.0,2756429.0,2.2,2.8
1988-01-09,325000.0,654620.0,319750.0,2231000.0,2864655.0,2.3,2.9
1988-01-16,361000.0,577975.0,329250.0,2186000.0,2708739.0,2.2,2.8
1988-01-23,335000.0,412685.0,334000.0,2214000.0,2840751.0,2.3,2.9
1988-01-30,342000.0,394776.0,340750.0,2213000.0,2784072.0,2.3,2.9
1988-02-06,318000.0,380906.0,339000.0,2180000.0,2683789.0,2.2,2.8
1988-02-13,311000.0,334833.0,326500.0,2184000.0,2666899.0,2.2,2.7
1988-02-20,327000.0,315497.0,324500.0,2091000.0,2647089.0,2.1,2.7
1988-02-27,319000.0,324517.0,318750.0,2111000.0,2670581.0,2.2,2.7
1988-03-05,307000.0,312409.0,316000.0,2147000.0,2630634.0,2.2,2.7
1988-03-12,304000.0,294321.0,314250.0,2112000.0,2572940.0,2.2,2.6
1988-03-19,307000.0,275545.0,309250.0,2112000.0,2475333.0,2.2,2.5
1988-03-26,304000.0,269000.0,305500.0,2077000.0,2390779.0,2.1,2.5
1988-04-02,309000.0,256607.0,306000.0,2086000.0,2302715.0,2.1,2.4
1988-04-09,313000.0,319713.0,308250.0,2104000.0,2269936.0,2.1,2.3
1988-04-16,314000.0,273160.0,310000.0,2072000.0,2182318.0,2.1,2.2
1988-04-23,312000.0,272440.0,312000.0,2067000.0,2087324.0,2.1,2.1
1988-04-30,313000.0,247619.0,313000.0,2077000.0,2028769.0,2.1,2.1
1988-05-07,309000.0,267315.0,312000.0,2059000.0,1966276.0,2.1,2.0
1988-05-14,314000.0,257101.0,312000.0,2068000.0,1956522.0,2.1,2.0
1988-05-21,319000.0,259640.0,313750.0,2099000.0,1891634.0,2.1,1.9
1988-05-28,313000.0,255852.0,313750.0,2045000.0,1805333.0,2.1,1.8
1988-06-04,310000.0,235308.0,314000.0,2040000.0,1876581.0,2.1,1.9
1988-06-11,305000.0,268052.0,311750.0,2068000.0,1852857.0,2.1,1.9
1988-06-18,311000.0,264100.0,309750.0,2034000.0,1816465.0,2.1,1.9
1988-06-25,307000.0,268770.0,308250.0,2030000.0,1833537.0,2.1,1.9
1988-07-02,305000.0,290079.0,307000.0,2035000.0,1755810.0,2.1,1.8
1988-07-09,303000.0,335780.0,306500.0,2027000.0,2032911.0,2.1,2.1
1988-07-16,315000.0,377872.0,307500.0,2073000.0,2021261.0,2.1,2.0
1988-07-23,354000.0,384920.0,319250.0,2083000.0,1977197.0,2.1,2.0
1988-07-30,331000.0,311475.0,325750.0,2108000.0,2008522.0,2.1,2.0
1988-08-06,316000.0,293718.0,329000.0,2101000.0,1961995.0,2.1,2.0
1988-08-13,312000.0,261066.0,328250.0,2070000.0,1910379.0,2.1,1.9
1988-08-20,316000.0,253359.0,318750.0,2099000.0,1859852.0,2.1,1.9
1988-08-27,315000.0,241809.0,314750.0,2082000.0,1840361.0,2.1,1.9
1988-09-03,306000.0,243944.0,312250.0,2091000.0,1691617.0,2.1,1.7
1988-09-10,305000.0,220226.0,310500.0,2053000.0,1784231.0,2.1,1.8
1988-09-17,306000.0,247250.0,308000.0,2106000.0,1701348.0,2.1,1.7
1988-09-24,301000.0,236230.0,304500.0,2053000.0,1668900.0,2.1,1.7
1988-10-01,292000.0,226453.0,301000.0,2041000.0,1612412.0,2.0,1.6
1988-10-08,292000.0,276732.0,297750.0,2017000.0,1556889.0,2.0,1.6
1988-10-15,293000.0,237722.0,294500.0,1994000.0,1678716.0,2.0,1.7
1988-10-22,286000.0,264201.0,290750.0,2011000.0,1632845.0,2.0,1.6
1988-10-29,294000.0,265794.0,291250.0,2015000.0,1724571.0,2.0,1.7
1988-11-05,285000.0,293412.0,289500.0,1898000.0,1542684.0,1.9,1.5
1988-11-12,284000.0,257201.0,287250.0,2011000.0,1854545.0,2.0,1.9
1988-11-19,294000.0,335818.0,289250.0,1981000.0,1594634.0,2.0,1.6
1988-11-26,299000.0,281841.0,290500.0,2023000.0,2111695.0,2.0,2.1
1988-12-03,298000.0,391406.0,293750.0,2006000.0,1965981.0,2.0,2.0
1988-12-10,285000.0,354028.0,294000.0,2013000.0,2055052.0,2.0,2.1
1988-12-17,293000.0,354768.0,293750.0,2054000.0,2059991.0,2.1,2.1
1988-12-24,286000.0,413175.0,290500.0,2061000.0,2075559.0,2.1,2.1
1988-12-31,304000.0,474226.0,292000.0,2092000.0,2473167.0,2.1,2.5
1989-01-07,299000.0,544138.0,295500.0,2056000.0,2707199.0,2.1,2.7
1989-01-14,283000.0,519727.0,293000.0,2069000.0,2554884.0,2.1,2.5
1989-01-21,282000.0,364499.0,292000.0,2048000.0,2660091.0,2.0,2.7
1989-01-28,295000.0,361331.0,289750.0,2071000.0,2597551.0,2.1,2.6
1989-02-04,288000.0,340647.0,287000.0,2074000.0,2569194.0,2.1,2.6
1989-02-11,322000.0,365301.0,296750.0,2103000.0,2647533.0,2.1,2.6
1989-02-18,305000.0,317676.0,302500.0,2111000.0,2577799.0,2.1,2.6
1989-02-25,300000.0,288690.0,303750.0,2167000.0,2732331.0,2.2,2.7
1989-03-04,325000.0,333669.0,313000.0,2110000.0,2612415.0,2.1,2.6
1989-03-11,325000.0,325019.0,313750.0,2163000.0,2634121.0,2.2,2.6
1989-03-18,319000.0,291112.0,317250.0,2108000.0,2501793.0,2.1,2.5
1989-03-25,319000.0,276369.0,322000.0,2145000.0,2477317.0,2.1,2.5
1989-04-01,323000.0,275799.0,321500.0,2117000.0,2375439.0,2.1,2.3
1989-04-08,314000.0,321723.0,318750.0,2117000.0,2281715.0,2.1,2.3
1989-04-15,307000.0,275240.0,315750.0,2092000.0,2238769.0,2.1,2.2
1989-04-22,304000.0,271002.0,312000.0,2104000.0,2135792.0,2.1,2.1
1989-04-29,311000.0,247646.0,309000.0,2064000.0,2047774.0,2.0,2.0
1989-05-06,320000.0,275425.0,310500.0,2089000.0,1995218.0,2.1,2.0
1989-05-13,332000.0,275507.0,316750.0,2144000.0,2045661.0,2.1,2.0
1989-05-20,321000.0,260543.0,321000.0,2085000.0,1907797.0,2.1,1.9
1989-05-27,325000.0,266146.0,324500.0,2056000.0,1807496.0,2.0,1.8
1989-06-03,325000.0,243246.0,325750.0,2117000.0,1952253.0,2.1,1.9
1989-06-10,332000.0,295499.0,325750.0,2110000.0,1896695.0,2.1,1.9
1989-06-17,337000.0,285589.0,329750.0,2113000.0,1897424.0,2.1,1.9
1989-06-24,338000.0,295338.0,333000.0,2151000.0,1933759.0,2.1,1.9
1989-07-01,349000.0,319577.0,339000.0,2133000.0,1828308.0,2.1,1.8
1989-07-08,341000.0,364594.0,341250.0,2207000.0,2194084.0,2.2,2.2
1989-07-15,349000.0,423847.0,344250.0,2217000.0,2185720.0,2.2,2.1
1989-07-22,332000.0,365026.0,342750.0,2159000.0,2057877.0,2.1,2.0
1989-07-29,337000.0,320773.0,339750.0,2181000.0,2071615.0,2.1,2.0
1989-08-05,338000.0,311584.0,339000.0,2236000.0,2102030.0,2.2,2.1
1989-08-12,341000.0,291429.0,337000.0,2214000.0,2045875.0,2.2,2.0
1989-08-19,327000.0,261419.0,335750.0,2195000.0,1955383.0,2.2,1.9
1989-08-26,332000.0,254488.0,334500.0,2184000.0,1943580.0,2.1,1.9
1989-09-02,329000.0,259540.0,332250.0,2199000.0,1776843.0,2.2,1.7
1989-09-09,336000.0,239989.0,331000.0,2207000.0,1926837.0,2.2,1.9
1989-09-16,334000.0,271903.0,332750.0,2169000.0,1761440.0,2.1,1.7
1989-09-23,334000.0,262895.0,333250.0,2249000.0,1833067.0,2.2,1.8
1989-09-30,347000.0,265310.0,337750.0,2220000.0,1758194.0,2.2,1.7
1989-10-07,407000.0,375972.0,355500.0,2279000.0,1759529.0,2.2,1.7
1989-10-14,345000.0,284584.0,358250.0,2293000.0,1903455.0,2.2,1.9
1989-10-21,347000.0,315473.0,361500.0,2295000.0,1879567.0,2.2,1.8
1989-10-28,354000.0,317538.0,363250.0,2257000.0,1916421.0,2.2,1.9
1989-11-04,333000.0,336759.0,344750.0,2280000.0,1844888.0,2.2,1.8
1989-11-11,336000.0,303556.0,342500.0,2271000.0,2077694.0,2.2,2.0
1989-11-18,336000.0,377814.0,339750.0,2289000.0,1824682.0,2.2,1.8
1989-11-25,342000.0,316458.0,336750.0,2300000.0,2380695.0,2.2,2.3
1989-12-02,344000.0,443684.0,339500.0,2271000.0,2246457.0,2.2,2.2
1989-12-09,338000.0,426514.0,340000.0,2265000.0,2287594.0,2.2,2.2
1989-12-16,355000.0,420795.0,344750.0,2295000.0,2326845.0,2.2,2.3
1989-12-23,381000.0,534261.0,354500.0,2292000.0,2404078.0,2.2,2.3
1989-12-30,358000.0,515926.0,358000.0,2302000.0,2838399.0,2.2,2.8
1990-01-06,355000.0,581679.0,362250.0,2347000.0,3108000.0,2.3,3.0
1990-01-13,369000.0,730995.0,365750.0,2349000.0,2879525.0,2.3,2.8
1990-01-20,375000.0,485424.0,364250.0,2407000.0,3130998.0,2.3,3.0
1990-01-27,345000.0,440748.0,361000.0,2316000.0,2895197.0,2.2,2.8
1990-02-03,368000.0,432922.0,364250.0,2364000.0,2938862.0,2.3,2.8
1990-02-10,367000.0,429764.0,363750.0,2323000.0,2887118.0,2.2,2.8
1990-02-17,348000.0,364616.0,357000.0,2382000.0,2922967.0,2.3,2.8
1990-02-24,350000.0,341969.0,358250.0,2347000.0,2947650.0,2.3,2.8
1990-03-03,351000.0,361937.0,354000.0,2385000.0,2969182.0,2.3,2.9
1990-03-10,349000.0,355935.0,349500.0,2341000.0,2839915.0,2.3,2.7
1990-03-17,349000.0,325164.0,349750.0,2384000.0,2851281.0,2.3,2.8
1990-03-24,331000.0,306391.0,345000.0,2344000.0,2707282.0,2.3,2.6
1990-03-31,346000.0,297117.0,343750.0,2365000.0,2679792.0,2.3,2.6
1990-04-07,367000.0,372079.0,348250.0,2323000.0,2507053.0,2.2,2.4
1990-04-14,357000.0,315624.0,350250.0,2410000.0,2600103.0,2.3,2.5
1990-04-21,360000.0,324936.0,357500.0,2385000.0,2435156.0,2.3,2.3
1990-04-28,363000.0,294785.0,361750.0,2403000.0,2409865.0,2.3,2.3
1990-05-05,354000.0,304160.0,358500.0,2374000.0,2276793.0,2.3,2.2
1990-05-12,355000.0,299266.0,358000.0,2374000.0,2276852.0,2.3,2.2
1990-05-19,353000.0,287082.0,356250.0,2381000.0,2200158.0,2.3,2.1
1990-05-26,359000.0,295476.0,355250.0,2431000.0,2144261.0,2.3,2.1
1990-06-02,368000.0,273910.0,358750.0,2406000.0,2220329.0,2.3,2.1
1990-06-09,359000.0,321727.0,359750.0,2438000.0,2203911.0,2.3,2.1
1990-06-16,359000.0,305690.0,361250.0,2402000.0,2169344.0,2.3,2.1
1990-06-23,362000.0,316999.0,362000.0,2431000.0,2185255.0,2.3,2.1
1990-06-30,364000.0,326407.0,361000.0,2442000.0,2092566.0,2.3,2.0
1990-07-07,362000.0,419256.0,361750.0,2487000.0,2449972.0,2.4,2.3
1990-07-14,367000.0,448952.0,363750.0,2498000.0,2482738.0,2.4,2.4
1990-07-21,370000.0,407676.0,365750.0,2441000.0,2335706.0,2.3,2.2
1990-07-28,369000.0,353149.0,367000.0,2461000.0,2335177.0,2.3,2.2
1990-08-04,369000.0,336997.0,368750.0,2460000.0,2322631.0,2.3,2.2
1990-08-11,381000.0,330678.0,372250.0,2500000.0,2309895.0,2.4,2.2
1990-08-18,393000.0,313804.0,378000.0,2537000.0,2275767.0,2.4,2.2
1990-08-25,394000.0,302267.0,384250.0,2540000.0,2263087.0,2.4,2.2
1990-09-01,392000.0,305510.0,390000.0,2579000.0,2096487.0,2.5,2.0
1990-09-08,390000.0,277768.0,392250.0,2585000.0,2249277.0,2.5,2.1
1990-09-15,395000.0,323246.0,392750.0,2591000.0,2124952.0,2.5,2.0
1990-09-22,389000.0,306549.0,391500.0,2578000.0,2100832.0,2.5,2.0
1990-09-29,404000.0,308080.0,394500.0,2644000.0,2102229.0,2.5,2.0
1990-10-06,404000.0,361538.0,398000.0,2621000.0,2030912.0,2.5,1.9
1990-10-13,422000.0,356203.0,404750.0,2753000.0,2251844.0,2.6,2.1
1990-10-20,435000.0,387444.0,416250.0,2722000.0,2250868.0,2.6,2.1
1990-10-27,440000.0,394598.0,425250.0,2787000.0,2341201.0,2.6,2.2
1990-11-03,430000.0,424771.0,431750.0,2813000.0,2368817.0,2.7,2.3
1990-11-10,448000.0,463874.0,438250.0,2789000.0,2420488.0,2.6,2.3
1990-11-17,447000.0,433003.0,441250.0,2996000.0,2378735.0,2.8,2.3
1990-11-24,462000.0,422676.0,446750.0,2955000.0,3011553.0,2.8,2.9
1990-12-01,451000.0,568583.0,452000.0,2918000.0,2920595.0,2.8,2.8
1990-12-08,449000.0,574323.0,452250.0,3000000.0,2991256.0,2.8,2.8
1990-12-15,447000.0,523403.0,452250.0,2984000.0,3049870.0,2.8,2.9
1990-12-22,474000.0,637449.0,455250.0,3001000.0,2910635.0,2.9,2.8
1990-12-29,454000.0,649471.0,456000.0,2938000.0,3487570.0,2.8,3.3
1991-01-05,415000.0,651775.0,447500.0,3062000.0,4056766.0,2.9,3.8
1991-01-12,437000.0,872742.0,445000.0,3111000.0,3950860.0,2.9,3.7
1991-01-19,445000.0,691092.0,437750.0,3017000.0,3750707.0,2.9,3.5
1991-01-26,462000.0,511360.0,439750.0,3162000.0,3933737.0,3.0,3.7
1991-02-02,483000.0,563060.0,456750.0,3228000.0,4015252.0,3.1,3.8
1991-02-09,480000.0,574760.0,467500.0,3226000.0,3958296.0,3.1,3.7
1991-02-16,474000.0,498200.0,474750.0,3293000.0,4036931.0,3.1,3.8
1991-02-23,499000.0,492325.0,484000.0,3304000.0,4137192.0,3.1,3.9
1991-03-02,488000.0,504023.0,485250.0,3357000.0,4186215.0,3.2,4.0
1991-03-09,499000.0,514410.0,490000.0,3384000.0,4087481.0,3.2,3.9
1991-03-16,498000.0,470801.0,496000.0,3448000.0,4138058.0,3.3,3.9
1991-03-23,509000.0,477877.0,498500.0,3404000.0,3931340.0,3.2,3.7
1991-03-30,499000.0,412904.0,501250.0,3502000.0,3992459.0,3.3,3.8
1991-04-06,452000.0,448082.0,489500.0,3493000.0,3776293.0,3.3,3.6
1991-04-13,477000.0,459364.0,484250.0,3464000.0,3755007.0,3.3,3.5
1991-04-20,478000.0,433912.0,476500.0,3502000.0,3596574.0,3.3,3.4
1991-04-27,462000.0,385153.0,467250.0,3474000.0,3512297.0,3.3,3.3
1991-05-04,451000.0,384458.0,467000.0,3524000.0,3396704.0,3.3,3.2
1991-05-11,446000.0,382113.0,459250.0,3492000.0,3362554.0,3.3,3.2
1991-05-18,448000.0,366492.0,451750.0,3459000.0,3227614.0,3.3,3.0
1991-05-25,443000.0,365117.0,447000.0,3472000.0,3080050.0,3.3,2.9
1991-06-01,432000.0,320632.0,442250.0,3522000.0,3250555.0,3.3,3.1
1991-06-08,441000.0,397682.0,441000.0,3439000.0,3129153.0,3.2,2.9
1991-06-15,429000.0,369074.0,436250.0,3428000.0,3119199.0,3.2,2.9
1991-06-22,423000.0,371232.0,431250.0,3389000.0,3053175.0,3.2,2.9
1991-06-29,418000.0,370372.0,427750.0,3356000.0,2886389.0,3.2,2.7
1991-07-06,422000.0,427161.0,423000.0,3393000.0,3315338.0,3.2,3.1
1991-07-13,420000.0,517888.0,420750.0,3255000.0,3265105.0,3.1,3.1
1991-07-20,408000.0,454655.0,417000.0,3276000.0,3155190.0,3.1,3.0
1991-07-27,423000.0,408098.0,418250.0,3306000.0,3144434.0,3.1,3.0
1991-08-03,438000.0,397522.0,422250.0,3307000.0,3134722.0,3.1,2.9
1991-08-10,437000.0,385740.0,426500.0,3314000.0,3065017.0,3.1,2.9
1991-08-17,433000.0,344969.0,432750.0,3282000.0,2973801.0,3.1,2.8
1991-08-24,425000.0,329287.0,433250.0,3277000.0,2923103.0,3.1,2.7
1991-08-31,425000.0,328040.0,430000.0,3279000.0,2698721.0,3.1,2.5
1991-09-07,424000.0,302187.0,426750.0,3326000.0,2873554.0,3.1,2.7
1991-09-14,418000.0,342419.0,423000.0,3275000.0,2731686.0,3.1,2.6
1991-09-21,419000.0,333110.0,421500.0,3294000.0,2684668.0,3.1,2.5
1991-09-28,437000.0,334206.0,424500.0,3290000.0,2632308.0,3.1,2.5
1991-10-05,424000.0,366862.0,424500.0,3388000.0,2642986.0,3.2,2.5
1991-10-12,425000.0,388370.0,426250.0,3237000.0,2605702.0,3.1,2.5
1991-10-19,419000.0,344189.0,426250.0,3320000.0,2772408.0,3.1,2.6
1991-10-26,423000.0,380253.0,422750.0,3299000.0,2741063.0,3.1,2.6
1991-11-02,447000.0,427789.0,428500.0,3336000.0,2819131.0,3.1,2.7
1991-11-09,453000.0,473432.0,435500.0,3328000.0,2842332.0,3.1,2.7
1991-11-16,439000.0,417766.0,440500.0,3315000.0,3039756.0,3.1,2.9
1991-11-23,444000.0,503032.0,445750.0,3226000.0,2780823.0,3.0,2.6
1991-11-30,444000.0,433180.0,445000.0,3348000.0,3545383.0,3.2,3.3
1991-12-07,475000.0,610113.0,450500.0,3388000.0,3336777.0,3.2,3.1
1991-12-14,475000.0,554059.0,459500.0,3405000.0,3497146.0,3.2,3.3
1991-12-21,436000.0,555747.0,457500.0,3264000.0,3136770.0,3.1,3.0
1991-12-28,441000.0,625772.0,456750.0,3340000.0,3814532.0,3.1,3.6
1992-01-04,432000.0,652046.0,446000.0,3410000.0,4498435.0,3.2,4.3
1992-01-11,440000.0,882118.0,437250.0,3342000.0,4217517.0,3.2,4.0
1992-01-18,443000.0,687914.0,439000.0,3297000.0,4074494.0,3.1,3.9
1992-01-25,441000.0,504838.0,439000.0,3364000.0,4177760.0,3.2,4.0
1992-02-01,440000.0,508594.0,441000.0,3301000.0,4103202.0,3.1,3.9
1992-02-08,445000.0,537238.0,442250.0,3320000.0,4033751.0,3.1,3.8
1992-02-15,446000.0,469794.0,443000.0,3260000.0,3977457.0,3.1,3.8
1992-02-22,436000.0,429723.0,441750.0,3412000.0,4261552.0,3.2,4.0
1992-02-29,444000.0,454987.0,442750.0,3280000.0,4086705.0,3.1,3.9
1992-03-07,421000.0,434426.0,436750.0,3288000.0,3955182.0,3.1,3.7
1992-03-14,437000.0,417282.0,434500.0,3280000.0,3932184.0,3.1,3.7
1992-03-21,440000.0,413180.0,435500.0,3344000.0,3865442.0,3.2,3.7
1992-03-28,420000.0,370883.0,429500.0,3336000.0,3813166.0,3.2,3.6
1992-04-04,412000.0,393384.0,427250.0,3383000.0,3667177.0,3.2,3.5
1992-04-11,413000.0,412948.0,421250.0,3288000.0,3564661.0,3.1,3.4
1992-04-18,424000.0,366621.0,417250.0,3339000.0,3448706.0,3.2,3.3
1992-04-25,424000.0,364454.0,418250.0,3365000.0,3419243.0,3.2,3.3
1992-05-02,431000.0,363794.0,423000.0,3397000.0,3287889.0,3.2,3.1
1992-05-09,417000.0,364100.0,424000.0,3354000.0,3233271.0,3.2,3.1
1992-05-16,414000.0,341425.0,421500.0,3296000.0,3101430.0,3.1,3.0
1992-05-23,414000.0,343432.0,419000.0,3285000.0,2936557.0,3.1,2.8
1992-05-30,411000.0,305080.0,414000.0,3392000.0,3106796.0,3.2,3.0
1992-06-06,416000.0,374978.0,413750.0,3265000.0,2996898.0,3.1,2.9
1992-06-13,420000.0,369067.0,415250.0,3270000.0,2988680.0,3.1,2.8
1992-06-20,419000.0,369995.0,416500.0,3284000.0,2965736.0,3.1,2.8
1992-06-27,420000.0,370373.0,418750.0,3340000.0,2872638.0,3.2,2.7
1992-07-04,407000.0,395505.0,416500.0,3212000.0,3096809.0,3.1,3.0
1992-07-11,408000.0,506050.0,413500.0,3103000.0,3143730.0,3.0,3.0
1992-07-18,392000.0,452468.0,406750.0,3238000.0,3151008.0,3.1,3.0
1992-07-25,564000.0,554590.0,442750.0,3318000.0,3171535.0,3.2,3.0
1992-08-01,423000.0,382138.0,446750.0,3467000.0,3307059.0,3.3,3.2
1992-08-08,406000.0,366092.0,446250.0,3211000.0,2979582.0,3.1,2.8
1992-08-15,401000.0,322729.0,448500.0,3210000.0,2949874.0,3.1,2.8
1992-08-22,398000.0,312436.0,407000.0,3188000.0,2843536.0,3.0,2.7
1992-08-29,408000.0,309806.0,403250.0,3175000.0,2758658.0,3.0,2.6
1992-09-05,416000.0,339006.0,405750.0,3167000.0,2616069.0,3.0,2.5
1992-09-12,416000.0,299189.0,409500.0,3261000.0,2791251.0,3.1,2.7
1992-09-19,427000.0,345093.0,416750.0,3195000.0,2600400.0,3.1,2.5
1992-09-26,409000.0,315455.0,417000.0,3194000.0,2580590.0,3.1,2.5
1992-10-03,398000.0,326938.0,412500.0,3121000.0,2462242.0,3.0,2.4
1992-10-10,374000.0,353504.0,402000.0,3072000.0,2423689.0,2.9,2.3
1992-10-17,385000.0,310235.0,391500.0,3083000.0,2601838.0,2.9,2.5
1992-10-24,367000.0,333005.0,381000.0,3063000.0,2518091.0,2.9,2.4
1992-10-31,365000.0,331922.0,372750.0,2973000.0,2529758.0,2.8,2.4
1992-11-07,374000.0,392213.0,372750.0,3017000.0,2510518.0,2.9,2.4
1992-11-14,377000.0,348011.0,370750.0,2962000.0,2724779.0,2.8,2.6
1992-11-21,357000.0,401972.0,368250.0,2906000.0,2411720.0,2.8,2.3
1992-11-28,341000.0,317218.0,362250.0,2911000.0,3012861.0,2.8,2.9
1992-12-05,350000.0,449726.0,356250.0,2918000.0,2833201.0,2.8,2.7
1992-12-12,359000.0,424677.0,351750.0,2807000.0,2894501.0,2.7,2.8
1992-12-19,334000.0,396619.0,346000.0,2770000.0,2672570.0,2.6,2.6
1992-12-26,313000.0,392612.0,339000.0,2800000.0,2982511.0,2.7,2.9
1993-01-02,341000.0,487466.0,336750.0,2729000.0,3541687.0,2.6,3.4
1993-01-09,354000.0,704930.0,335500.0,2697000.0,3417366.0,2.6,3.3
1993-01-16,352000.0,558516.0,340000.0,2749000.0,3367001.0,2.6,3.2
1993-01-23,341000.0,410944.0,347000.0,2727000.0,3414605.0,2.6,3.3
1993-01-30,340000.0,397000.0,346750.0,2663000.0,3315533.0,2.5,3.2
1993-02-06,319000.0,384707.0,338000.0,2645000.0,3200962.0,2.5,3.1
1993-02-13,321000.0,344520.0,330250.0,2628000.0,3174541.0,2.5,3.0
1993-02-20,351000.0,345116.0,332750.0,2646000.0,3315199.0,2.5,3.2
1993-02-27,362000.0,367412.0,338250.0,2645000.0,3292910.0,2.5,3.1
1993-03-06,354000.0,364185.0,347000.0,2683000.0,3235224.0,2.6,3.1
1993-03-13,346000.0,335154.0,353250.0,2618000.0,3136914.0,2.5,3.0
1993-03-20,338000.0,315473.0,350000.0,2724000.0,3162342.0,2.6,3.0
1993-03-27,366000.0,330512.0,351000.0,2725000.0,3117826.0,2.6,3.0
1993-04-03,365000.0,331871.0,353750.0,2729000.0,2980338.0,2.6,2.8
1993-04-10,353000.0,346648.0,355500.0,2781000.0,3003557.0,2.7,2.9
1993-04-17,351000.0,321564.0,358750.0,2800000.0,2919904.0,2.7,2.8
1993-04-24,350000.0,310916.0,354750.0,2792000.0,2839531.0,2.7,2.7
1993-05-01,343000.0,285098.0,349250.0,2747000.0,2680690.0,2.6,2.6
1993-05-08,339000.0,301906.0,345750.0,2820000.0,2713019.0,2.7,2.6
1993-05-15,345000.0,287944.0,344250.0,2772000.0,2625230.0,2.6,2.5
1993-05-22,342000.0,285444.0,342250.0,2816000.0,2551358.0,2.7,2.4
1993-05-29,349000.0,291206.0,343750.0,2737000.0,2468881.0,2.6,2.4
1993-06-05,343000.0,273411.0,344750.0,2808000.0,2600518.0,2.7,2.5
1993-06-12,343000.0,308535.0,344250.0,2836000.0,2589155.0,2.7,2.5
1993-06-19,345000.0,304843.0,345000.0,2857000.0,2594446.0,2.7,2.5
1993-06-26,340000.0,301549.0,342750.0,2747000.0,2544078.0,2.6,2.4
1993-07-03,334000.0,334335.0,340500.0,2724000.0,2407602.0,2.6,2.3
1993-07-10,314000.0,362425.0,333250.0,2778000.0,2825535.0,2.6,2.7
1993-07-17,335000.0,402348.0,330750.0,2766000.0,2724796.0,2.6,2.6
1993-07-24,415000.0,418260.0,349500.0,2803000.0,2696676.0,2.7,2.6
1993-07-31,356000.0,320155.0,355000.0,2843000.0,2718132.0,2.7,2.6
1993-08-07,346000.0,314579.0,363000.0,2813000.0,2624960.0,2.7,2.5
1993-08-14,339000.0,277263.0,364000.0,2791000.0,2584811.0,2.7,2.5
1993-08-21,342000.0,270913.0,345750.0,2821000.0,2524664.0,2.7,2.4
1993-08-28,337000.0,254231.0,341000.0,2788000.0,2464309.0,2.7,2.3
1993-09-04,334000.0,270528.0,338000.0,2768000.0,2269912.0,2.6,2.2
1993-09-11,333000.0,238902.0,336500.0,2844000.0,2465746.0,2.7,2.3
1993-09-18,346000.0,280903.0,337500.0,2856000.0,2333263.0,2.7,2.2
1993-09-25,343000.0,265510.0,339000.0,2836000.0,2305269.0,2.7,2.2
1993-10-02,333000.0,263636.0,338750.0,2810000.0,2233985.0,2.7,2.1
1993-10-09,355000.0,338726.0,344250.0,2799000.0,2191252.0,2.7,2.1
1993-10-16,359000.0,288699.0,347500.0,2833000.0,2387995.0,2.7,2.3
1993-10-23,354000.0,321509.0,350250.0,2882000.0,2365764.0,2.7,2.2
1993-10-30,348000.0,309359.0,354000.0,2801000.0,2386515.0,2.7,2.3
1993-11-06,350000.0,365280.0,352750.0,2833000.0,2325879.0,2.7,2.2
1993-11-13,341000.0,310455.0,348250.0,2785000.0,2559633.0,2.6,2.4
1993-11-20,336000.0,377935.0,343750.0,2801000.0,2282711.0,2.7,2.2
1993-11-27,337000.0,306788.0,341000.0,2784000.0,2898489.0,2.6,2.7
1993-12-04,337000.0,431210.0,337750.0,2802000.0,2723368.0,2.7,2.6
1993-12-11,334000.0,398560.0,336000.0,2747000.0,2818129.0,2.6,2.7
1993-12-18,331000.0,382583.0,334750.0,2780000.0,2710554.0,2.6,2.6
1993-12-25,290000.0,398084.0,323000.0,2720000.0,2814857.0,2.6,2.7
1994-01-01,341000.0,481735.0,324000.0,2633000.0,3367915.0,2.5,3.2
1994-01-08,343000.0,676076.0,326250.0,2705000.0,3449472.0,2.5,3.3
1994-01-15,355000.0,571816.0,332250.0,2634000.0,3208257.0,2.5,3.0
1994-01-22,351000.0,427570.0,347500.0,2814000.0,3545764.0,2.7,3.3
1994-01-29,406000.0,481458.0,363750.0,2762000.0,3435362.0,2.6,3.2
1994-02-05,361000.0,429800.0,368250.0,2764000.0,3357684.0,2.6,3.2
1994-02-12,354000.0,385594.0,368000.0,2861000.0,3604923.0,2.7,3.4
1994-02-19,352000.0,368626.0,368250.0,2748000.0,3292486.0,2.6,3.1
1994-02-26,327000.0,307194.0,348500.0,2797000.0,3476587.0,2.6,3.3
1994-03-05,348000.0,355250.0,345250.0,2779000.0,3357435.0,2.6,3.2
1994-03-12,341000.0,331023.0,342000.0,2783000.0,3328411.0,2.6,3.1
1994-03-19,332000.0,308038.0,337000.0,2746000.0,3193930.0,2.6,3.0
1994-03-26,322000.0,292661.0,335750.0,2710000.0,3094818.0,2.6,2.9
1994-04-02,342000.0,289631.0,334250.0,2730000.0,2992338.0,2.6,2.8
1994-04-09,349000.0,361348.0,336250.0,2773000.0,2974931.0,2.6,2.8
1994-04-16,354000.0,327166.0,341750.0,2716000.0,2843275.0,2.5,2.7
1994-04-23,331000.0,298620.0,344000.0,2695000.0,2729535.0,2.5,2.6
1994-04-30,344000.0,285837.0,344500.0,2769000.0,2716409.0,2.6,2.5
1994-05-07,371000.0,332414.0,350000.0,2726000.0,2606450.0,2.6,2.4
1994-05-14,360000.0,303190.0,351500.0,2792000.0,2644286.0,2.6,2.5
1994-05-21,357000.0,299324.0,358000.0,2766000.0,2522357.0,2.6,2.4
1994-05-28,348000.0,291797.0,359000.0,2727000.0,2440732.0,2.6,2.3
1994-06-04,345000.0,273849.0,352500.0,2740000.0,2539802.0,2.6,2.4
1994-06-11,338000.0,309033.0,347000.0,2755000.0,2506642.0,2.6,2.4
1994-06-18,336000.0,298198.0,341750.0,2698000.0,2460985.0,2.5,2.3
1994-06-25,341000.0,305863.0,340000.0,2687000.0,2477528.0,2.5,2.3
1994-07-02,334000.0,327262.0,337250.0,2672000.0,2358971.0,2.5,2.2
1994-07-09,341000.0,394428.0,338000.0,2670000.0,2710100.0,2.5,2.5
1994-07-16,359000.0,443698.0,343750.0,2680000.0,2671851.0,2.5,2.5
1994-07-23,345000.0,354495.0,344750.0,2650000.0,2559819.0,2.5,2.4
1994-07-30,332000.0,295979.0,344250.0,2626000.0,2509990.0,2.4,2.3
1994-08-06,338000.0,304363.0,343500.0,2644000.0,2474549.0,2.5,2.3
1994-08-13,335000.0,277614.0,337500.0,2639000.0,2451910.0,2.5,2.3
1994-08-20,331000.0,262131.0,334000.0,2659000.0,2392742.0,2.5,2.2
1994-08-27,341000.0,257299.0,336250.0,2648000.0,2359336.0,2.5,2.2
1994-09-03,339000.0,270561.0,336500.0,2645000.0,2171194.0,2.5,2.0
1994-09-10,331000.0,237526.0,335500.0,2633000.0,2287691.0,2.5,2.1
1994-09-17,326000.0,264553.0,334250.0,2638000.0,2162830.0,2.5,2.0
1994-09-24,325000.0,251191.0,330250.0,2601000.0,2117247.0,2.4,2.0
1994-10-01,330000.0,255588.0,328000.0,2597000.0,2074777.0,2.4,1.9
1994-10-08,341000.0,322522.0,330500.0,2561000.0,2005550.0,2.4,1.9
1994-10-15,335000.0,272742.0,332750.0,2620000.0,2192818.0,2.4,2.0
1994-10-22,330000.0,296646.0,334000.0,2556000.0,2103200.0,2.4,1.9
1994-10-29,331000.0,291557.0,334250.0,2536000.0,2153143.0,2.3,2.0
1994-11-05,328000.0,338561.0,331000.0,2538000.0,2071248.0,2.4,1.9
1994-11-12,329000.0,298030.0,329500.0,2528000.0,2312701.0,2.3,2.1
1994-11-19,326000.0,366719.0,328500.0,2533000.0,2041379.0,2.3,1.9
1994-11-26,329000.0,295729.0,328000.0,2530000.0,2631371.0,2.3,2.4
1994-12-03,324000.0,412824.0,327000.0,2513000.0,2457385.0,2.3,2.3
1994-12-10,329000.0,397238.0,327000.0,2508000.0,2558552.0,2.3,2.4
1994-12-17,330000.0,376210.0,328000.0,2557000.0,2528593.0,2.4,2.3
1994-12-24,314000.0,423387.0,324250.0,2567000.0,2600655.0,2.4,2.4
1994-12-31,319000.0,482735.0,323000.0,2499000.0,2919249.0,2.3,2.7
1995-01-07,338000.0,612648.0,325250.0,2486000.0,3204273.0,2.3,2.9
1995-01-14,347000.0,608872.0,329500.0,2559000.0,3106510.0,2.4,2.9
1995-01-21,325000.0,400772.0,332250.0,2473000.0,3140684.0,2.3,2.9
1995-01-28,324000.0,396457.0,333500.0,2532000.0,3144902.0,2.3,2.9
1995-02-04,324000.0,381813.0,330000.0,2501000.0,3063391.0,2.3,2.8
1995-02-11,348000.0,387408.0,330250.0,2515000.0,3141413.0,2.3,2.9
1995-02-18,343000.0,356237.0,334750.0,2541000.0,3066721.0,2.3,2.8
1995-02-25,336000.0,316927.0,337750.0,2533000.0,3140967.0,2.3,2.9
1995-03-04,339000.0,342015.0,341500.0,2518000.0,3054753.0,2.3,2.8
1995-03-11,347000.0,339580.0,341250.0,2564000.0,3058336.0,2.4,2.8
1995-03-18,343000.0,319218.0,341250.0,2513000.0,2932400.0,2.3,2.7
1995-03-25,332000.0,305471.0,340250.0,2530000.0,2884431.0,2.3,2.7
1995-04-01,335000.0,294031.0,339250.0,2484000.0,2735222.0,2.3,2.5
1995-04-08,347000.0,356914.0,339250.0,2500000.0,2667325.0,2.3,2.4
1995-04-15,355000.0,318030.0,342250.0,2505000.0,2635670.0,2.3,2.4
1995-04-22,349000.0,317072.0,346500.0,2569000.0,2591645.0,2.3,2.4
1995-04-29,365000.0,305594.0,354000.0,2539000.0,2500747.0,2.3,2.3
1995-05-06,364000.0,325398.0,358250.0,2535000.0,2408314.0,2.3,2.2
1995-05-13,366000.0,311646.0,361000.0,2567000.0,2428514.0,2.3,2.2
1995-05-20,377000.0,316305.0,368000.0,2616000.0,2394017.0,2.4,2.2
1995-05-27,374000.0,314442.0,370250.0,2574000.0,2288164.0,2.3,2.1
1995-06-03,362000.0,286566.0,369750.0,2608000.0,2412575.0,2.4,2.2
1995-06-10,367000.0,340606.0,370000.0,2614000.0,2370672.0,2.4,2.2
1995-06-17,378000.0,337812.0,370250.0,2603000.0,2378798.0,2.4,2.2
1995-06-24,358000.0,324411.0,366250.0,2602000.0,2386331.0,2.4,2.2
1995-07-01,355000.0,341207.0,364500.0,2596000.0,2294771.0,2.3,2.1
1995-07-08,372000.0,428632.0,365750.0,2651000.0,2677411.0,2.4,2.4
1995-07-15,389000.0,491891.0,368500.0,2677000.0,2704053.0,2.4,2.4
1995-07-22,390000.0,409319.0,376500.0,2605000.0,2526569.0,2.4,2.3
1995-07-29,351000.0,311708.0,375500.0,2585000.0,2474244.0,2.3,2.2
1995-08-05,351000.0,310703.0,370250.0,2592000.0,2433531.0,2.3,2.2
1995-08-12,353000.0,296712.0,361250.0,2612000.0,2428865.0,2.4,2.2
1995-08-19,362000.0,286017.0,354250.0,2615000.0,2366346.0,2.4,2.1
1995-08-26,359000.0,272182.0,356250.0,2610000.0,2335659.0,2.4,2.1
1995-09-02,355000.0,278703.0,357250.0,2613000.0,2157979.0,2.4,2.0
1995-09-09,371000.0,266145.0,361750.0,2636000.0,2285481.0,2.4,2.1
1995-09-16,376000.0,304323.0,365250.0,2650000.0,2186550.0,2.4,2.0
1995-09-23,353000.0,272431.0,363750.0,2626000.0,2137750.0,2.4,1.9
1995-09-30,355000.0,269067.0,363750.0,2609000.0,2092237.0,2.4,1.9
1995-10-07,374000.0,345311.0,364500.0,2651000.0,2081344.0,2.4,1.9
1995-10-14,369000.0,306465.0,362750.0,2688000.0,2223096.0,2.4,2.0
1995-10-21,366000.0,322856.0,366000.0,2640000.0,2183047.0,2.4,2.0
1995-10-28,377000.0,332061.0,371500.0,2674000.0,2256758.0,2.4,2.0
1995-11-04,380000.0,383687.0,373000.0,2649000.0,2161283.0,2.4,1.9
1995-11-11,370000.0,335181.0,373250.0,2674000.0,2422640.0,2.4,2.2
1995-11-18,379000.0,425889.0,376500.0,2653000.0,2128078.0,2.4,1.9
1995-11-25,379000.0,336269.0,377000.0,2712000.0,2801377.0,2.4,2.5
1995-12-02,373000.0,474548.0,375250.0,2623000.0,2593805.0,2.4,2.3
1995-12-09,346000.0,421109.0,369250.0,2629000.0,2658329.0,2.4,2.4
1995-12-16,373000.0,423450.0,367750.0,2631000.0,2639023.0,2.4,2.4
1995-12-23,374000.0,490349.0,366500.0,2622000.0,2782295.0,2.4,2.5
1995-12-30,359000.0,513686.0,363000.0,2558000.0,3158779.0,2.3,2.8
1996-01-06,361000.0,596010.0,366750.0,2549000.0,3334482.0,2.3,3.0
1996-01-13,333000.0,637910.0,356750.0,2702000.0,3267053.0,2.4,2.9
1996-01-20,415000.0,510820.0,367000.0,2707000.0,3470091.0,2.4,3.1
1996-01-27,387000.0,492966.0,374000.0,2637000.0,3261489.0,2.3,2.9
1996-02-03,374000.0,433693.0,377250.0,2750000.0,3412932.0,2.5,3.0
1996-02-10,387000.0,440961.0,390750.0,2672000.0,3296740.0,2.4,2.9
1996-02-17,383000.0,395332.0,382750.0,2694000.0,3281051.0,2.4,2.9
1996-02-24,365000.0,347053.0,377250.0,2655000.0,3282015.0,2.4,2.9
1996-03-02,368000.0,368044.0,375750.0,2688000.0,3282378.0,2.4,2.9
1996-03-09,361000.0,355818.0,369250.0,2647000.0,3147562.0,2.4,2.8
1996-03-16,384000.0,357070.0,369500.0,2677000.0,3145405.0,2.4,2.8
1996-03-23,426000.0,396731.0,384750.0,2738000.0,3112606.0,2.4,2.8
1996-03-30,393000.0,342023.0,391000.0,2675000.0,2972000.0,2.4,2.6
1996-04-06,369000.0,353032.0,393000.0,2648000.0,2809377.0,2.3,2.5
1996-04-13,357000.0,343654.0,386250.0,2657000.0,2810900.0,2.4,2.5
1996-04-20,368000.0,336033.0,371750.0,2620000.0,2635448.0,2.3,2.3
1996-04-27,343000.0,291957.0,359250.0,2609000.0,2588512.0,2.3,2.3
1996-05-04,338000.0,298195.0,351500.0,2602000.0,2461933.0,2.3,2.2
1996-05-11,352000.0,303532.0,350250.0,2586000.0,2441081.0,2.3,2.2
1996-05-18,345000.0,287891.0,344500.0,2584000.0,2371899.0,2.3,2.1
1996-05-25,343000.0,287622.0,344500.0,2590000.0,2294656.0,2.3,2.0
1996-06-01,340000.0,266116.0,345000.0,2553000.0,2345998.0,2.3,2.1
1996-06-08,351000.0,329099.0,344750.0,2521000.0,2278659.0,2.2,2.0
1996-06-15,342000.0,307141.0,344000.0,2560000.0,2342014.0,2.3,2.1
1996-06-22,341000.0,312226.0,343500.0,2550000.0,2320261.0,2.3,2.1
1996-06-29,337000.0,315615.0,342750.0,2556000.0,2257174.0,2.3,2.0
1996-07-06,342000.0,382989.0,340500.0,2501000.0,2493008.0,2.2,2.2
1996-07-13,347000.0,449510.0,341750.0,2495000.0,2554691.0,2.2,2.3
1996-07-20,332000.0,360385.0,339500.0,2492000.0,2432671.0,2.2,2.1
1996-07-27,327000.0,294762.0,337000.0,2472000.0,2373525.0,2.2,2.1
1996-08-03,326000.0,283216.0,333000.0,2476000.0,2334951.0,2.2,2.1
1996-08-10,331000.0,285795.0,329000.0,2492000.0,2317551.0,2.2,2.0
1996-08-17,336000.0,265742.0,330000.0,2495000.0,2280788.0,2.2,2.0
1996-08-24,337000.0,259677.0,332500.0,2493000.0,2239076.0,2.2,2.0
1996-08-31,329000.0,251425.0,333250.0,2516000.0,2108790.0,2.2,1.9
1996-09-07,333000.0,238893.0,333750.0,2443000.0,2105993.0,2.2,1.9
1996-09-14,338000.0,272464.0,334250.0,2486000.0,2077963.0,2.2,1.8
1996-09-21,352000.0,273232.0,338000.0,2484000.0,2017274.0,2.2,1.8
1996-09-28,348000.0,261251.0,342750.0,2479000.0,1997890.0,2.2,1.8
1996-10-05,335000.0,292029.0,343250.0,2496000.0,1969583.0,2.2,1.7
1996-10-12,334000.0,306521.0,342250.0,2422000.0,1966937.0,2.1,1.7
1996-10-19,335000.0,271934.0,338000.0,2449000.0,2039622.0,2.1,1.8
1996-10-26,352000.0,311965.0,339000.0,2474000.0,2063060.0,2.2,1.8
1996-11-02,334000.0,320827.0,338750.0,2452000.0,2084152.0,2.1,1.8
1996-11-09,327000.0,340240.0,337000.0,2475000.0,2111062.0,2.2,1.9
1996-11-16,342000.0,330730.0,338750.0,2406000.0,2220879.0,2.1,1.9
1996-11-23,347000.0,383512.0,337500.0,2350000.0,2042433.0,2.1,1.8
1996-11-30,332000.0,328186.0,337000.0,2460000.0,2612507.0,2.2,2.3
1996-12-07,355000.0,444305.0,344000.0,2484000.0,2458896.0,2.2,2.2
1996-12-14,352000.0,404436.0,346500.0,2464000.0,2533262.0,2.2,2.2
1996-12-21,350000.0,429566.0,347250.0,2506000.0,2443253.0,2.2,2.1
1996-12-28,357000.0,520650.0,353500.0,2497000.0,2914281.0,2.2,2.6
1997-01-04,347000.0,541210.0,351500.0,2552000.0,3409390.0,2.2,3.0
1997-01-11,324000.0,654473.0,344500.0,2473000.0,3103732.0,2.2,2.7
1997-01-18,345000.0,513913.0,343250.0,2434000.0,3028156.0,2.1,2.6
1997-01-25,340000.0,385310.0,339000.0,2492000.0,3070348.0,2.2,2.7
1997-02-01,333000.0,380099.0,335500.0,2403000.0,3025548.0,2.1,2.6
1997-02-08,315000.0,370766.0,333250.0,2436000.0,2957037.0,2.1,2.6
1997-02-15,313000.0,320374.0,325250.0,2407000.0,2952894.0,2.1,2.6
1997-02-22,322000.0,309202.0,320750.0,2414000.0,2976756.0,2.1,2.6
1997-03-01,321000.0,317339.0,317750.0,2370000.0,2919335.0,2.1,2.5
1997-03-08,317000.0,314787.0,318250.0,2371000.0,2805375.0,2.1,2.4
1997-03-15,319000.0,296698.0,319750.0,2344000.0,2778065.0,2.0,2.4
1997-03-22,315000.0,291463.0,318000.0,2322000.0,2632872.0,2.0,2.3
1997-03-29,325000.0,268823.0,319000.0,2331000.0,2615853.0,2.0,2.3
1997-04-05,325000.0,311186.0,321000.0,2359000.0,2497816.0,2.0,2.2
1997-04-12,330000.0,329663.0,323750.0,2307000.0,2452384.0,2.0,2.1
1997-04-19,316000.0,286593.0,324000.0,2304000.0,2322609.0,2.0,2.0
1997-04-26,337000.0,295166.0,327000.0,2327000.0,2322204.0,2.0,2.0
1997-05-03,342000.0,295629.0,331250.0,2339000.0,2212783.0,2.0,1.9
1997-05-10,318000.0,278052.0,328250.0,2318000.0,2183787.0,2.0,1.9
1997-05-17,322000.0,267251.0,329750.0,2276000.0,2096047.0,2.0,1.8
1997-05-24,316000.0,264697.0,324500.0,2274000.0,2015018.0,2.0,1.7
1997-05-31,321000.0,248167.0,319250.0,2307000.0,2099415.0,2.0,1.8
1997-06-07,329000.0,309928.0,322000.0,2276000.0,2060147.0,2.0,1.8
1997-06-14,335000.0,302577.0,325250.0,2265000.0,2068314.0,2.0,1.8
1997-06-21,316000.0,290720.0,325250.0,2303000.0,2084451.0,2.0,1.8
1997-06-28,322000.0,298299.0,325500.0,2338000.0,2052529.0,2.0,1.8
1997-07-05,346000.0,372574.0,329750.0,2289000.0,2259475.0,2.0,1.9
1997-07-12,328000.0,434598.0,328000.0,2262000.0,2337162.0,1.9,2.0
1997-07-19,301000.0,339250.0,324250.0,2268000.0,2236616.0,2.0,1.9
1997-07-26,306000.0,281794.0,320250.0,2259000.0,2180260.0,1.9,1.9
1997-08-02,320000.0,273471.0,313750.0,2235000.0,2116882.0,1.9,1.8
1997-08-09,329000.0,289083.0,314000.0,2270000.0,2115834.0,2.0,1.8
1997-08-16,343000.0,272910.0,324500.0,2290000.0,2109053.0,2.0,1.8
1997-08-23,327000.0,255236.0,329750.0,2283000.0,2054433.0,2.0,1.8
1997-08-30,332000.0,250205.0,332750.0,2284000.0,1937027.0,2.0,1.7
1997-09-06,313000.0,224948.0,328750.0,2265000.0,1945602.0,2.0,1.7
1997-09-13,314000.0,253456.0,321500.0,2200000.0,1856497.0,1.9,1.6
1997-09-20,317000.0,246061.0,319000.0,2241000.0,1819328.0,1.9,1.6
1997-09-27,317000.0,237214.0,315250.0,2233000.0,1806230.0,1.9,1.6
1997-10-04,311000.0,260705.0,314750.0,2239000.0,1775301.0,1.9,1.5
1997-10-11,305000.0,286436.0,312500.0,2213000.0,1781417.0,1.9,1.5
1997-10-18,318000.0,255634.0,312750.0,2182000.0,1822255.0,1.9,1.6
1997-10-25,306000.0,272593.0,310000.0,2228000.0,1846670.0,1.9,1.6
1997-11-01,313000.0,293086.0,310500.0,2201000.0,1877601.0,1.9,1.6
1997-11-08,308000.0,322842.0,311250.0,2207000.0,1858302.0,1.9,1.6
1997-11-15,325000.0,311499.0,313000.0,2209000.0,2041270.0,1.9,1.7
1997-11-22,309000.0,341845.0,313750.0,2216000.0,1896743.0,1.9,1.6
1997-11-29,318000.0,309788.0,315000.0,2242000.0,2316089.0,1.9,2.0
1997-12-06,317000.0,402699.0,317250.0,2230000.0,2189839.0,1.9,1.9
1997-12-13,323000.0,374107.0,316750.0,2231000.0,2315621.0,1.9,2.0
1997-12-20,310000.0,368823.0,317000.0,2189000.0,2134581.0,1.9,1.8
1997-12-27,303000.0,445345.0,313250.0,2291000.0,2597938.0,2.0,2.2
1998-01-03,312000.0,479854.0,312000.0,2369000.0,3174121.0,2.0,2.7
1998-01-10,331000.0,682016.0,314000.0,2291000.0,2877030.0,1.9,2.4
1998-01-17,341000.0,512837.0,321750.0,2241000.0,2781353.0,1.9,2.4
1998-01-24,307000.0,355092.0,322750.0,2275000.0,2804818.0,1.9,2.4
1998-01-31,315000.0,357976.0,323500.0,2200000.0,2769230.0,1.9,2.4
1998-02-07,311000.0,368113.0,318500.0,2253000.0,2719452.0,1.9,2.3
1998-02-14,321000.0,328354.0,313500.0,2227000.0,2716844.0,1.9,2.3
1998-02-21,327000.0,313367.0,318500.0,2208000.0,2722595.0,1.9,2.3
1998-02-28,317000.0,313480.0,319000.0,2209000.0,2721428.0,1.9,2.3
1998-03-07,308000.0,305542.0,318250.0,2208000.0,2608178.0,1.9,2.2
1998-03-14,319000.0,298302.0,317750.0,2237000.0,2652518.0,1.9,2.3
1998-03-21,321000.0,293692.0,316250.0,2227000.0,2524880.0,1.9,2.1
1998-03-28,312000.0,272808.0,315000.0,2215000.0,2487250.0,1.9,2.1
1998-04-04,312000.0,288484.0,316000.0,2166000.0,2297762.0,1.8,1.9
1998-04-11,304000.0,294014.0,312250.0,2202000.0,2334635.0,1.9,2.0
1998-04-18,317000.0,288059.0,311250.0,2210000.0,2241179.0,1.9,1.9
1998-04-25,311000.0,278220.0,311000.0,2152000.0,2150162.0,1.8,1.8
1998-05-02,304000.0,261089.0,309000.0,2135000.0,2032518.0,1.8,1.7
1998-05-09,306000.0,270108.0,309500.0,2140000.0,2011465.0,1.8,1.7
1998-05-16,315000.0,262107.0,309000.0,2118000.0,1956659.0,1.8,1.7
1998-05-23,309000.0,259125.0,308500.0,2134000.0,1901622.0,1.8,1.6
1998-05-30,322000.0,248550.0,313000.0,2146000.0,1944655.0,1.8,1.6
1998-06-06,306000.0,289495.0,313000.0,2122000.0,1930892.0,1.8,1.6
1998-06-13,321000.0,293195.0,314500.0,2159000.0,1970932.0,1.8,1.7
1998-06-20,349000.0,322017.0,324500.0,2188000.0,1987087.0,1.8,1.7
1998-06-27,376000.0,348842.0,338000.0,2388000.0,2094566.0,2.0,1.8
1998-07-04,362000.0,379734.0,352000.0,2290000.0,2258033.0,1.9,1.9
1998-07-11,320000.0,428977.0,351750.0,2323000.0,2408772.0,1.9,2.0
1998-07-18,315000.0,364767.0,343250.0,2339000.0,2332055.0,2.0,2.0
1998-07-25,335000.0,314782.0,333000.0,2383000.0,2314333.0,2.0,1.9
1998-08-01,327000.0,277621.0,324250.0,2336000.0,2228735.0,2.0,1.9
1998-08-08,316000.0,279621.0,323250.0,2258000.0,2113919.0,1.9,1.8
1998-08-15,308000.0,246823.0,321500.0,2210000.0,2049106.0,1.8,1.7
1998-08-22,302000.0,237999.0,313250.0,2202000.0,1990926.0,1.8,1.7
1998-08-29,310000.0,233516.0,309000.0,2182000.0,1931309.0,1.8,1.6
1998-09-05,313000.0,255938.0,308250.0,2160000.0,1806148.0,1.8,1.5
1998-09-12,304000.0,217454.0,307250.0,2190000.0,1866054.0,1.8,1.6
1998-09-19,305000.0,237609.0,308000.0,2114000.0,1725122.0,1.8,1.4
1998-09-26,294000.0,220668.0,304000.0,2148000.0,1746546.0,1.8,1.5
1998-10-03,302000.0,246284.0,301250.0,2156000.0,1724571.0,1.8,1.4
1998-10-10,316000.0,300862.0,304250.0,2167000.0,1739836.0,1.8,1.4
1998-10-17,318000.0,257172.0,307500.0,2168000.0,1814386.0,1.8,1.5
1998-10-24,309000.0,275574.0,311250.0,2169000.0,1797952.0,1.8,1.5
1998-10-31,308000.0,281932.0,312750.0,2162000.0,1846120.0,1.8,1.5
1998-11-07,316000.0,332611.0,312750.0,2195000.0,1839825.0,1.8,1.5
1998-11-14,334000.0,315504.0,316750.0,2177000.0,2002794.0,1.8,1.7
1998-11-21,304000.0,338501.0,315500.0,2207000.0,1871290.0,1.8,1.6
1998-11-28,310000.0,295041.0,316000.0,2236000.0,2322927.0,1.9,1.9
1998-12-05,326000.0,421605.0,318500.0,2239000.0,2189652.0,1.9,1.8
1998-12-12,305000.0,355872.0,311250.0,2205000.0,2291309.0,1.8,1.9
1998-12-19,297000.0,344452.0,309500.0,2171000.0,2123256.0,1.8,1.8
1998-12-26,336000.0,442200.0,316000.0,2266000.0,2485732.0,1.9,2.1
1999-01-02,331000.0,508983.0,317250.0,2303000.0,3065920.0,1.9,2.5
1999-01-09,345000.0,713805.0,327250.0,2289000.0,2890907.0,1.9,2.4
1999-01-16,339000.0,514082.0,337750.0,2316000.0,2862950.0,1.9,2.4
1999-01-23,311000.0,364737.0,331500.0,2269000.0,2804122.0,1.9,2.3
1999-01-30,305000.0,349733.0,325000.0,2259000.0,2830366.0,1.9,2.3
1999-02-06,291000.0,344947.0,311500.0,2253000.0,2724075.0,1.9,2.3
1999-02-13,312000.0,320679.0,304750.0,2253000.0,2723859.0,1.9,2.3
1999-02-20,302000.0,286130.0,302500.0,2237000.0,2764594.0,1.9,2.3
1999-02-27,301000.0,297918.0,301500.0,2219000.0,2724709.0,1.8,2.3
1999-03-06,300000.0,297325.0,303750.0,2238000.0,2642955.0,1.9,2.2
1999-03-13,308000.0,289813.0,302750.0,2232000.0,2638731.0,1.8,2.2
1999-03-20,305000.0,275453.0,303500.0,2247000.0,2550442.0,1.9,2.1
1999-03-27,298000.0,260817.0,302750.0,2191000.0,2452286.0,1.8,2.0
1999-04-03,310000.0,263516.0,305250.0,2280000.0,2425619.0,1.9,2.0
1999-04-10,319000.0,327621.0,308000.0,2247000.0,2368861.0,1.8,1.9
1999-04-17,314000.0,286018.0,310250.0,2230000.0,2271924.0,1.8,1.9
1999-04-24,291000.0,263835.0,308500.0,2193000.0,2184330.0,1.8,1.8
1999-05-01,296000.0,252190.0,305000.0,2226000.0,2132520.0,1.8,1.8
1999-05-08,310000.0,274268.0,302750.0,2200000.0,2058927.0,1.8,1.7
1999-05-15,301000.0,251063.0,299500.0,2232000.0,2066710.0,1.8,1.7
1999-05-22,298000.0,250360.0,301250.0,2223000.0,1991790.0,1.8,1.6
1999-05-29,303000.0,260517.0,303000.0,2191000.0,1971914.0,1.8,1.6
1999-06-05,303000.0,256922.0,301250.0,2194000.0,2002752.0,1.8,1.6
1999-06-12,290000.0,267582.0,298500.0,2215000.0,2017627.0,1.8,1.7
1999-06-19,292000.0,267825.0,297000.0,2183000.0,1990497.0,1.8,1.6
1999-06-26,291000.0,269755.0,294000.0,2177000.0,2033329.0,1.8,1.7
1999-07-03,287000.0,303758.0,290000.0,2202000.0,2012194.0,1.8,1.6
1999-07-10,288000.0,364078.0,289500.0,2171000.0,2238123.0,1.8,1.8
1999-07-17,309000.0,369123.0,293750.0,2226000.0,2239048.0,1.8,1.8
1999-07-24,306000.0,293348.0,297500.0,2203000.0,2139377.0,1.8,1.7
1999-07-31,300000.0,254195.0,300750.0,2164000.0,2071173.0,1.8,1.7
1999-08-07,295000.0,259805.0,302500.0,2192000.0,2054099.0,1.8,1.7
1999-08-14,292000.0,236658.0,298250.0,2176000.0,2025904.0,1.8,1.7
1999-08-21,286000.0,226061.0,293250.0,2185000.0,1981518.0,1.8,1.6
1999-08-28,290000.0,219278.0,290750.0,2168000.0,1933993.0,1.8,1.6
1999-09-04,290000.0,235849.0,289500.0,2157000.0,1813976.0,1.8,1.5
1999-09-11,281000.0,204302.0,286750.0,2163000.0,1856169.0,1.8,1.5
1999-09-18,281000.0,219070.0,285500.0,2170000.0,1783550.0,1.8,1.5
1999-09-25,306000.0,232486.0,289500.0,2158000.0,1763215.0,1.8,1.4
1999-10-02,309000.0,246445.0,294250.0,2139000.0,1725820.0,1.7,1.4
1999-10-09,291000.0,278925.0,296750.0,2105000.0,1692025.0,1.7,1.4
1999-10-16,287000.0,234580.0,298250.0,2102000.0,1761523.0,1.7,1.4
1999-10-23,280000.0,250864.0,291750.0,2086000.0,1735699.0,1.7,1.4
1999-10-30,285000.0,257767.0,285750.0,2082000.0,1779922.0,1.7,1.4
1999-11-06,282000.0,297136.0,283500.0,2099000.0,1758806.0,1.7,1.4
1999-11-13,281000.0,262607.0,282000.0,2035000.0,1866516.0,1.7,1.5
1999-11-20,276000.0,309248.0,281000.0,2111000.0,1777254.0,1.7,1.4
1999-11-27,288000.0,268255.0,281750.0,2098000.0,2190445.0,1.7,1.8
1999-12-04,287000.0,378735.0,283000.0,2094000.0,2050291.0,1.7,1.7
1999-12-11,272000.0,318175.0,280750.0,2070000.0,2146849.0,1.7,1.7
1999-12-18,287000.0,329649.0,283500.0,2123000.0,2099639.0,1.7,1.7
1999-12-25,268000.0,377695.0,278500.0,2102000.0,2246644.0,1.7,1.8
2000-01-01,286000.0,439912.0,278250.0,2102000.0,2761926.0,1.7,2.2
2000-01-08,298000.0,606897.0,284750.0,2107000.0,2686013.0,1.7,2.2
2000-01-15,289000.0,442494.0,285250.0,2115000.0,2588921.0,1.7,2.1
2000-01-22,284000.0,328841.0,289250.0,2061000.0,2547393.0,1.7,2.1
2000-01-29,285000.0,332740.0,289000.0,2164000.0,2676851.0,1.7,2.2
2000-02-05,312000.0,365245.0,292500.0,2160000.0,2618066.0,1.7,2.1
2000-02-12,300000.0,311897.0,295250.0,2141000.0,2658811.0,1.7,2.1
2000-02-19,283000.0,281256.0,295000.0,2132000.0,2520055.0,1.7,2.0
2000-02-26,280000.0,258962.0,293750.0,2157000.0,2629550.0,1.7,2.1
2000-03-04,286000.0,283024.0,287250.0,2098000.0,2478089.0,1.7,2.0
2000-03-11,270000.0,255109.0,279750.0,2099000.0,2461643.0,1.7,2.0
2000-03-18,271000.0,242139.0,276750.0,2051000.0,2327966.0,1.7,1.9
2000-03-25,272000.0,239835.0,274750.0,2068000.0,2304255.0,1.7,1.9
2000-04-01,266000.0,229520.0,269750.0,2026000.0,2167594.0,1.6,1.7
2000-04-08,268000.0,274130.0,269250.0,2027000.0,2114001.0,1.6,1.7
2000-04-15,259000.0,237218.0,266250.0,1962000.0,2008759.0,1.6,1.6
2000-04-22,274000.0,240266.0,266750.0,2035000.0,2016353.0,1.6,1.6
2000-04-29,291000.0,249458.0,273000.0,2027000.0,1957972.0,1.6,1.6
2000-05-06,293000.0,259546.0,279250.0,1991000.0,1855390.0,1.6,1.5
2000-05-13,276000.0,231706.0,283500.0,1982000.0,1837764.0,1.6,1.5
2000-05-20,280000.0,234599.0,285000.0,1998000.0,1800077.0,1.6,1.4
2000-05-27,280000.0,239836.0,282250.0,1987000.0,1776119.0,1.6,1.4
2000-06-03,290000.0,242991.0,281500.0,2019000.0,1849401.0,1.6,1.5
2000-06-10,284000.0,267752.0,283500.0,2020000.0,1836042.0,1.6,1.5
2000-06-17,294000.0,265617.0,287000.0,2041000.0,1869730.0,1.6,1.5
2000-06-24,296000.0,273344.0,291000.0,2033000.0,1876056.0,1.6,1.5
2000-07-01,281000.0,280979.0,288750.0,2052000.0,1862788.0,1.6,1.5
2000-07-08,293000.0,363793.0,291000.0,2099000.0,2140632.0,1.7,1.7
2000-07-15,303000.0,377982.0,293250.0,2122000.0,2158335.0,1.7,1.7
2000-07-22,300000.0,296255.0,294250.0,2070000.0,2009764.0,1.7,1.6
2000-07-29,298000.0,253466.0,298500.0,2085000.0,1999953.0,1.7,1.6
2000-08-05,306000.0,266151.0,301750.0,2096000.0,1966461.0,1.7,1.6
2000-08-12,315000.0,261358.0,304750.0,2109000.0,1972344.0,1.7,1.6
2000-08-19,318000.0,251844.0,309250.0,2145000.0,1956668.0,1.7,1.6
2000-08-26,312000.0,239030.0,312750.0,2119000.0,1905264.0,1.7,1.5
2000-09-02,301000.0,242375.0,311500.0,2169000.0,1836897.0,1.7,1.5
2000-09-09,309000.0,229954.0,310000.0,2139000.0,1854756.0,1.7,1.5
2000-09-16,311000.0,245991.0,308250.0,2115000.0,1759993.0,1.7,1.4
2000-09-23,288000.0,222219.0,302250.0,2098000.0,1726654.0,1.7,1.4
2000-09-30,292000.0,227249.0,300000.0,2077000.0,1699344.0,1.7,1.4
2000-10-07,309000.0,292784.0,300000.0,2133000.0,1723497.0,1.7,1.4
2000-10-14,299000.0,255082.0,297000.0,2124000.0,1788584.0,1.7,1.4
2000-10-21,295000.0,263445.0,298750.0,2082000.0,1753464.0,1.7,1.4
2000-10-28,301000.0,269489.0,301000.0,2126000.0,1822289.0,1.7,1.4
2000-11-04,331000.0,342414.0,306500.0,2110000.0,1774889.0,1.7,1.4
2000-11-11,318000.0,294727.0,311250.0,2161000.0,1972938.0,1.7,1.6
2000-11-18,332000.0,374160.0,320500.0,2279000.0,1898521.0,1.8,1.5
2000-11-25,356000.0,321859.0,334250.0,2295000.0,2394176.0,1.8,1.9
2000-12-02,338000.0,447262.0,336000.0,2229000.0,2211195.0,1.8,1.8
2000-12-09,321000.0,390088.0,336750.0,2263000.0,2315331.0,1.8,1.8
2000-12-16,354000.0,402476.0,342250.0,2322000.0,2356340.0,1.8,1.9
2000-12-23,364000.0,481720.0,344250.0,2340000.0,2525315.0,1.9,2.0
2000-12-30,353000.0,568973.0,348000.0,2378000.0,2983919.0,1.9,2.4
2001-01-06,337000.0,558768.0,352000.0,2357000.0,3067097.0,1.9,2.4
2001-01-13,318000.0,599562.0,343000.0,2367000.0,2833258.0,1.9,2.2
2001-01-20,343000.0,398188.0,337750.0,2419000.0,3048535.0,1.9,2.4
2001-01-27,362000.0,447386.0,340000.0,2440000.0,2950004.0,1.9,2.3
2001-02-03,376000.0,424696.0,349750.0,2489000.0,3052109.0,2.0,2.4
2001-02-10,365000.0,396151.0,361500.0,2435000.0,2936361.0,1.9,2.3
2001-02-17,358000.0,345841.0,365250.0,2516000.0,3003753.0,2.0,2.4
2001-02-24,386000.0,357591.0,371250.0,2506000.0,3016843.0,2.0,2.4
2001-03-03,384000.0,379286.0,373250.0,2558000.0,3049224.0,2.0,2.4
2001-03-10,393000.0,377210.0,380250.0,2557000.0,2966369.0,2.0,2.3
2001-03-17,393000.0,351497.0,389000.0,2605000.0,2984895.0,2.1,2.4
2001-03-24,378000.0,334747.0,387000.0,2587000.0,2860911.0,2.0,2.3
2001-03-31,388000.0,328576.0,388000.0,2620000.0,2844860.0,2.1,2.2
2001-04-07,398000.0,397282.0,389250.0,2582000.0,2672762.0,2.0,2.1
2001-04-14,383000.0,346981.0,386750.0,2742000.0,2840579.0,2.2,2.2
2001-04-21,400000.0,369745.0,392250.0,2737000.0,2709206.0,2.1,2.1
2001-04-28,406000.0,353831.0,396750.0,2728000.0,2670426.0,2.1,2.1
2001-05-05,381000.0,336319.0,392500.0,2732000.0,2551534.0,2.1,2.0
2001-05-12,390000.0,331765.0,394250.0,2800000.0,2611965.0,2.2,2.0
2001-05-19,402000.0,338374.0,394750.0,2819000.0,2562318.0,2.2,2.0
2001-05-26,405000.0,346231.0,394500.0,2926000.0,2616172.0,2.3,2.1
2001-06-02,406000.0,335765.0,400750.0,2919000.0,2680033.0,2.3,2.1
2001-06-09,411000.0,397015.0,406000.0,2948000.0,2685697.0,2.3,2.1
2001-06-16,394000.0,354526.0,404000.0,2939000.0,2703845.0,2.3,2.1
2001-06-23,381000.0,351770.0,398000.0,2972000.0,2731320.0,2.3,2.1
2001-06-30,394000.0,375885.0,395000.0,2959000.0,2665672.0,2.3,2.1
2001-07-07,401000.0,526826.0,392500.0,3063000.0,3093737.0,2.4,2.4
2001-07-14,405000.0,524139.0,395250.0,3029000.0,3101591.0,2.4,2.4
2001-07-21,398000.0,406038.0,399500.0,2975000.0,2900831.0,2.3,2.3
2001-07-28,388000.0,332957.0,398000.0,3056000.0,2937020.0,2.4,2.3
2001-08-04,401000.0,341660.0,398000.0,3079000.0,2897604.0,2.4,2.3
2001-08-11,394000.0,333042.0,395250.0,3125000.0,2928424.0,2.4,2.3
2001-08-18,402000.0,317046.0,396250.0,3113000.0,2855016.0,2.4,2.2
2001-08-25,395000.0,307850.0,398000.0,3163000.0,2859180.0,2.5,2.2
2001-09-01,402000.0,319016.0,398250.0,3213000.0,2740783.0,2.5,2.1
2001-09-08,408000.0,309567.0,401750.0,3197000.0,2793972.0,2.5,2.2
2001-09-15,395000.0,317245.0,400000.0,3214000.0,2703020.0,2.5,2.1
2001-09-22,453000.0,353611.0,414500.0,3302000.0,2737709.0,2.6,2.1
2001-09-29,517000.0,400400.0,443250.0,3385000.0,2796316.0,2.6,2.2
2001-10-06,476000.0,441754.0,460250.0,3432000.0,2797405.0,2.7,2.2
2001-10-13,482000.0,426881.0,482000.0,3521000.0,2964702.0,2.7,2.3
2001-10-20,482000.0,429542.0,489250.0,3557000.0,3030241.0,2.8,2.4
2001-10-27,483000.0,436901.0,480750.0,3600000.0,3092575.0,2.8,2.4
2001-11-03,440000.0,443971.0,471750.0,3616000.0,3181759.0,2.8,2.5
2001-11-10,428000.0,456366.0,458250.0,3627000.0,3180486.0,2.8,2.5
2001-11-17,431000.0,420259.0,445500.0,3790000.0,3141998.0,2.9,2.4
2001-11-24,491000.0,438893.0,447500.0,3593000.0,3721973.0,2.8,2.9
2001-12-01,465000.0,605916.0,453750.0,3619000.0,3626565.0,2.8,2.8
2001-12-08,393000.0,491836.0,445000.0,3626000.0,3665759.0,2.8,2.9
2001-12-15,389000.0,440906.0,434500.0,3637000.0,3734892.0,2.8,2.9
2001-12-22,416000.0,529570.0,415750.0,3591000.0,3619326.0,2.8,2.8
2001-12-29,421000.0,647045.0,404750.0,3474000.0,4228206.0,2.7,3.3
2002-01-05,397000.0,637343.0,405750.0,3587000.0,4685080.0,2.8,3.6
2002-01-12,418000.0,799246.0,413000.0,3500000.0,4290623.0,2.7,3.3
2002-01-19,405000.0,558297.0,410250.0,3557000.0,4325313.0,2.8,3.4
2002-01-26,414000.0,431690.0,408500.0,3558000.0,4262481.0,2.8,3.3
2002-02-02,404000.0,445552.0,410250.0,3537000.0,4347221.0,2.7,3.4
2002-02-09,397000.0,438611.0,405000.0,3562000.0,4238337.0,2.8,3.3
2002-02-16,397000.0,376573.0,403000.0,3580000.0,4270421.0,2.8,3.3
2002-02-23,398000.0,367504.0,399000.0,3538000.0,4234460.0,2.7,3.3
2002-03-02,392000.0,385272.0,396000.0,3567000.0,4259454.0,2.8,3.3
2002-03-09,399000.0,386992.0,396500.0,3567000.0,4109695.0,2.8,3.2
2002-03-16,392000.0,352045.0,395250.0,3598000.0,4133800.0,2.8,3.2
2002-03-23,415000.0,366372.0,399500.0,3599000.0,3962242.0,2.8,3.1
2002-03-30,479000.0,386296.0,421250.0,3723000.0,4061959.0,2.9,3.2
2002-04-06,445000.0,432384.0,432750.0,3732000.0,3851621.0,2.9,3.0
2002-04-13,442000.0,428834.0,445250.0,3650000.0,3788429.0,2.8,2.9
2002-04-20,416000.0,385151.0,445500.0,3675000.0,3641561.0,2.9,2.8
2002-04-27,414000.0,367350.0,429250.0,3700000.0,3633702.0,2.9,2.8
2002-05-04,409000.0,362681.0,420250.0,3712000.0,3470968.0,2.9,2.7
2002-05-11,413000.0,358286.0,413000.0,3729000.0,3483300.0,2.9,2.7
2002-05-18,411000.0,348887.0,411750.0,3695000.0,3373492.0,2.9,2.6
2002-05-25,403000.0,346439.0,409000.0,3712000.0,3325982.0,2.9,2.6
2002-06-01,378000.0,309183.0,401250.0,3664000.0,3356032.0,2.9,2.6
2002-06-08,388000.0,378613.0,395000.0,3681000.0,3364030.0,2.9,2.6
2002-06-15,396000.0,356096.0,391250.0,3604000.0,3315777.0,2.8,2.6
2002-06-22,388000.0,358959.0,387500.0,3639000.0,3340273.0,2.8,2.6
2002-06-29,386000.0,358658.0,389500.0,3588000.0,3218111.0,2.8,2.5
2002-07-06,391000.0,456716.0,390250.0,3554000.0,3568069.0,2.8,2.8
2002-07-13,384000.0,506718.0,387250.0,3495000.0,3589337.0,2.7,2.8
2002-07-20,379000.0,394586.0,385000.0,3473000.0,3403334.0,2.7,2.7
2002-07-27,390000.0,338441.0,386000.0,3495000.0,3361794.0,2.7,2.6
2002-08-03,388000.0,326356.0,385250.0,3498000.0,3309272.0,2.7,2.6
2002-08-10,389000.0,332673.0,386500.0,3485000.0,3272880.0,2.7,2.6
2002-08-17,399000.0,313869.0,391500.0,3531000.0,3258658.0,2.8,2.5
2002-08-24,398000.0,314852.0,393500.0,3521000.0,3193748.0,2.8,2.5
2002-08-31,394000.0,310864.0,395000.0,3549000.0,3052551.0,2.8,2.4
2002-09-07,416000.0,318361.0,401750.0,3532000.0,3107849.0,2.8,2.4
2002-09-14,412000.0,337577.0,405000.0,3554000.0,3013696.0,2.8,2.4
2002-09-21,401000.0,317264.0,405750.0,3579000.0,2988181.0,2.8,2.3
2002-09-28,409000.0,319063.0,409500.0,3555000.0,2954225.0,2.8,2.3
2002-10-05,404000.0,365613.0,406500.0,3619000.0,2974814.0,2.8,2.3
2002-10-12,405000.0,385689.0,404750.0,3529000.0,2967513.0,2.8,2.3
2002-10-19,412000.0,349927.0,407500.0,3518000.0,3021815.0,2.8,2.4
2002-10-26,409000.0,375591.0,407500.0,3557000.0,3059193.0,2.8,2.4
2002-11-02,405000.0,397346.0,407750.0,3557000.0,3137165.0,2.8,2.5
2002-11-09,400000.0,427078.0,406500.0,3539000.0,3100218.0,2.8,2.4
2002-11-16,389000.0,372829.0,400750.0,3438000.0,3263052.0,2.7,2.6
2002-11-23,390000.0,436549.0,396000.0,3474000.0,3106044.0,2.7,2.4
2002-11-30,377000.0,385788.0,389000.0,3404000.0,3618507.0,2.7,2.8
2002-12-07,425000.0,547430.0,395250.0,3537000.0,3543993.0,2.8,2.8
2002-12-14,429000.0,486258.0,405250.0,3497000.0,3630381.0,2.7,2.8
2002-12-21,394000.0,483449.0,406250.0,3435000.0,3428329.0,2.7,2.7
2002-12-28,409000.0,620929.0,414250.0,3462000.0,4081930.0,2.7,3.2
2003-01-04,393000.0,620004.0,406250.0,3438000.0,4486870.0,2.7,3.5
2003-01-11,378000.0,724111.0,393500.0,3388000.0,4123632.0,2.7,3.2
2003-01-18,402000.0,542563.0,395500.0,3357000.0,4068516.0,2.6,3.2
2003-01-25,407000.0,434888.0,395000.0,3475000.0,4149700.0,2.7,3.3
2003-02-01,413000.0,449286.0,400000.0,3368000.0,4148823.0,2.7,3.3
2003-02-08,390000.0,439520.0,403000.0,3457000.0,4089677.0,2.7,3.2
2003-02-15,420000.0,398291.0,407500.0,3423000.0,4089902.0,2.7,3.2
2003-02-22,421000.0,387536.0,411000.0,3500000.0,4192955.0,2.8,3.3
2003-03-01,436000.0,429782.0,416750.0,3496000.0,4191412.0,2.8,3.3
2003-03-08,424000.0,414568.0,425250.0,3559000.0,4096551.0,2.8,3.2
2003-03-15,430000.0,389909.0,427750.0,3528000.0,4067954.0,2.8,3.2
2003-03-22,411000.0,361492.0,425250.0,3585000.0,3939370.0,2.8,3.1
2003-03-29,436000.0,371692.0,425250.0,3536000.0,3875224.0,2.8,3.1
2003-04-05,417000.0,394160.0,423500.0,3583000.0,3701064.0,2.8,2.9
2003-04-12,434000.0,434911.0,424500.0,3586000.0,3736748.0,2.8,3.0
2003-04-19,450000.0,399180.0,434250.0,3674000.0,3652316.0,2.9,2.9
2003-04-26,444000.0,401342.0,436250.0,3676000.0,3621018.0,2.9,2.9
2003-05-03,428000.0,377383.0,439000.0,3730000.0,3502794.0,2.9,2.8
2003-05-10,417000.0,364287.0,434750.0,3704000.0,3459502.0,2.9,2.7
2003-05-17,425000.0,362276.0,428500.0,3716000.0,3400384.0,2.9,2.7
2003-05-24,419000.0,359500.0,422250.0,3672000.0,3297674.0,2.9,2.6
2003-05-31,431000.0,351890.0,423000.0,3774000.0,3438524.0,3.0,2.7
2003-06-07,429000.0,421190.0,426000.0,3682000.0,3376503.0,2.9,2.7
2003-06-14,421000.0,383371.0,425000.0,3695000.0,3396155.0,2.9,2.7
2003-06-21,408000.0,376560.0,422250.0,3692000.0,3392668.0,2.9,2.7
2003-06-28,429000.0,394214.0,421750.0,3737000.0,3330104.0,3.0,2.6
2003-07-05,433000.0,483401.0,422750.0,3627000.0,3627409.0,2.9,2.9
2003-07-12,412000.0,552621.0,420500.0,3599000.0,3692996.0,2.8,2.9
2003-07-19,403000.0,429381.0,419250.0,3592000.0,3541796.0,2.8,2.8
2003-07-26,398000.0,348382.0,411500.0,3647000.0,3508332.0,2.9,2.8
2003-08-02,401000.0,333770.0,403500.0,3601000.0,3417741.0,2.8,2.7
2003-08-09,404000.0,348207.0,401500.0,3596000.0,3379961.0,2.8,2.7
2003-08-16,398000.0,312087.0,400250.0,3603000.0,3343254.0,2.8,2.6
2003-08-23,391000.0,313058.0,398500.0,3574000.0,3252130.0,2.8,2.6
2003-08-30,407000.0,319362.0,400000.0,3608000.0,3120553.0,2.9,2.5
2003-09-06,422000.0,322501.0,404500.0,3598000.0,3173450.0,2.8,2.5
2003-09-13,394000.0,328414.0,403500.0,3559000.0,3039387.0,2.8,2.4
2003-09-20,379000.0,301217.0,400500.0,3588000.0,3006347.0,2.8,2.4
2003-09-27,387000.0,304968.0,395500.0,3558000.0,2964170.0,2.8,2.3
2003-10-04,386000.0,337880.0,386500.0,3570000.0,2949032.0,2.8,2.3
2003-10-11,376000.0,368876.0,382000.0,3468000.0,2895596.0,2.7,2.3
2003-10-18,387000.0,328572.0,384000.0,3466000.0,2994670.0,2.7,2.4
2003-10-25,379000.0,352117.0,382000.0,3441000.0,2952618.0,2.7,2.3
2003-11-01,363000.0,345573.0,376250.0,3427000.0,3025662.0,2.7,2.4
2003-11-08,371000.0,397387.0,375000.0,3441000.0,2996756.0,2.7,2.4
2003-11-15,370000.0,347719.0,370750.0,3331000.0,3137692.0,2.6,2.5
2003-11-22,354000.0,397990.0,364500.0,3337000.0,2949992.0,2.6,2.3
2003-11-29,357000.0,357811.0,363000.0,3331000.0,3397952.0,2.6,2.7
2003-12-06,367000.0,486202.0,362000.0,3318000.0,3287681.0,2.6,2.6
2003-12-13,363000.0,412627.0,360250.0,3251000.0,3393846.0,2.6,2.7
2003-12-20,354000.0,424192.0,360250.0,3254000.0,3247595.0,2.6,2.6
2003-12-27,349000.0,516493.0,358250.0,3258000.0,3730752.0,2.6,3.0
2004-01-03,356000.0,552815.0,355500.0,3188000.0,4150431.0,2.5,3.3
2004-01-10,354000.0,677897.0,353250.0,3154000.0,3851300.0,2.5,3.1
2004-01-17,362000.0,490763.0,355250.0,3139000.0,3798519.0,2.5,3.0
2004-01-24,353000.0,382262.0,356250.0,3142000.0,3773316.0,2.5,3.0
2004-01-31,376000.0,406298.0,361250.0,3118000.0,3850990.0,2.5,3.1
2004-02-07,380000.0,433234.0,367750.0,3179000.0,3776188.0,2.5,3.0
2004-02-14,356000.0,341634.0,366250.0,3131000.0,3729369.0,2.5,3.0
2004-02-21,359000.0,328171.0,367750.0,3092000.0,3738056.0,2.4,3.0
2004-02-28,348000.0,342140.0,360750.0,3057000.0,3674294.0,2.4,2.9
2004-03-06,344000.0,339007.0,351750.0,3072000.0,3551292.0,2.4,2.8
2004-03-13,338000.0,312067.0,347250.0,3040000.0,3513900.0,2.4,2.8
2004-03-20,346000.0,304462.0,344000.0,3066000.0,3385174.0,2.4,2.7
2004-03-27,340000.0,296776.0,342000.0,3007000.0,3310942.0,2.4,2.6
2004-04-03,335000.0,304249.0,339750.0,2990000.0,3112845.0,2.4,2.5
2004-04-10,355000.0,350739.0,344000.0,3022000.0,3143186.0,2.4,2.5
2004-04-17,364000.0,334965.0,348500.0,3031000.0,3037412.0,2.4,2.4
2004-04-24,339000.0,313686.0,348250.0,2960000.0,2915357.0,2.3,2.3
2004-05-01,324000.0,283236.0,345500.0,2998000.0,2836423.0,2.4,2.2
2004-05-08,329000.0,292754.0,339000.0,2978000.0,2772073.0,2.4,2.2
2004-05-15,349000.0,297061.0,335250.0,2976000.0,2734768.0,2.4,2.2
2004-05-22,342000.0,293974.0,336000.0,3010000.0,2702892.0,2.4,2.1
2004-05-29,337000.0,304067.0,339250.0,2916000.0,2633372.0,2.3,2.1
2004-06-05,355000.0,308229.0,345750.0,2923000.0,2674791.0,2.3,2.1
2004-06-12,339000.0,313930.0,343250.0,2990000.0,2733296.0,2.4,2.2
2004-06-19,354000.0,322481.0,346250.0,2973000.0,2720586.0,2.4,2.2
2004-06-26,348000.0,318746.0,349000.0,2917000.0,2741743.0,2.3,2.2
2004-07-03,326000.0,349920.0,341750.0,2948000.0,2720765.0,2.3,2.2
2004-07-10,345000.0,444531.0,343250.0,2852000.0,2894749.0,2.3,2.3
2004-07-17,355000.0,394372.0,343500.0,2956000.0,2938264.0,2.3,2.3
2004-07-24,348000.0,313225.0,343500.0,2935000.0,2814264.0,2.3,2.2
2004-07-31,341000.0,282128.0,347250.0,2894000.0,2755374.0,2.3,2.2
2004-08-07,336000.0,291611.0,345000.0,2920000.0,2732802.0,2.3,2.2
2004-08-14,332000.0,262936.0,339250.0,2889000.0,2692183.0,2.3,2.1
2004-08-21,343000.0,274433.0,338000.0,2877000.0,2614899.0,2.3,2.1
2004-08-28,352000.0,276308.0,340750.0,2880000.0,2580150.0,2.3,2.0
2004-09-04,326000.0,274930.0,338250.0,2872000.0,2455140.0,2.3,1.9
2004-09-11,331000.0,250568.0,338000.0,2875000.0,2475605.0,2.3,2.0
2004-09-18,341000.0,275846.0,337500.0,2865000.0,2397828.0,2.3,1.9
2004-09-25,351000.0,282729.0,337250.0,2839000.0,2368048.0,2.3,1.9
2004-10-02,335000.0,279591.0,339500.0,2799000.0,2320254.0,2.2,1.8
2004-10-09,338000.0,338711.0,341250.0,2773000.0,2293444.0,2.2,1.8
2004-10-16,327000.0,279846.0,337750.0,2781000.0,2402533.0,2.2,1.9
2004-10-23,338000.0,317573.0,334500.0,2774000.0,2371518.0,2.2,1.9
2004-10-30,332000.0,305546.0,333750.0,2763000.0,2434394.0,2.2,1.9
2004-11-06,330000.0,351404.0,331750.0,2765000.0,2388670.0,2.2,1.9
2004-11-13,337000.0,311901.0,334250.0,2707000.0,2528643.0,2.1,2.0
2004-11-20,313000.0,355954.0,328000.0,2705000.0,2331862.0,2.1,1.8
2004-11-27,335000.0,320690.0,328750.0,2761000.0,2880075.0,2.2,2.3
2004-12-04,343000.0,473570.0,332000.0,2725000.0,2684337.0,2.2,2.1
2004-12-11,316000.0,370604.0,326750.0,2692000.0,2820965.0,2.1,2.2
2004-12-18,322000.0,374749.0,329000.0,2688000.0,2712542.0,2.1,2.1
2004-12-25,320000.0,446699.0,325250.0,2771000.0,3025945.0,2.2,2.4
2005-01-01,356000.0,540927.0,328500.0,2672000.0,3401253.0,2.1,2.7
2005-01-08,369000.0,693776.0,341750.0,2720000.0,3342292.0,2.1,2.6
2005-01-15,332000.0,467862.0,344250.0,2790000.0,3311633.0,2.2,2.6
2005-01-22,329000.0,360583.0,346500.0,2706000.0,3263705.0,2.1,2.6
2005-01-29,331000.0,364704.0,340250.0,2731000.0,3296052.0,2.2,2.6
2005-02-05,307000.0,347391.0,324750.0,2710000.0,3216436.0,2.1,2.5
2005-02-12,308000.0,309290.0,318750.0,2666000.0,3239778.0,2.1,2.6
2005-02-19,318000.0,303814.0,316000.0,2667000.0,3096036.0,2.1,2.4
2005-02-26,314000.0,290776.0,311750.0,2703000.0,3226999.0,2.1,2.5
2005-03-05,333000.0,332067.0,318250.0,2658000.0,3085920.0,2.1,2.4
2005-03-12,324000.0,307061.0,322250.0,2681000.0,3090703.0,2.1,2.4
2005-03-19,329000.0,290719.0,325000.0,2616000.0,2914529.0,2.1,2.3
2005-03-26,342000.0,291378.0,332000.0,2683000.0,2959537.0,2.1,2.3
2005-04-02,335000.0,294994.0,332500.0,2653000.0,2809420.0,2.1,2.2
2005-04-09,323000.0,339709.0,332250.0,2626000.0,2731177.0,2.1,2.1
2005-04-16,307000.0,285657.0,326750.0,2559000.0,2612500.0,2.0,2.1
2005-04-23,317000.0,299891.0,320500.0,2588000.0,2564797.0,2.0,2.0
2005-04-30,334000.0,290824.0,320250.0,2596000.0,2507877.0,2.0,2.0
2005-05-07,327000.0,297347.0,321250.0,2605000.0,2443129.0,2.0,1.9
2005-05-14,321000.0,275524.0,324750.0,2568000.0,2398134.0,2.0,1.9
2005-05-21,320000.0,276761.0,325500.0,2595000.0,2361073.0,2.0,1.9
2005-05-28,340000.0,304306.0,327000.0,2577000.0,2342313.0,2.0,1.8
2005-06-04,338000.0,289914.0,329750.0,2630000.0,2432328.0,2.1,1.9
2005-06-11,333000.0,315938.0,332750.0,2599000.0,2395982.0,2.0,1.9
2005-06-18,321000.0,289831.0,333000.0,2602000.0,2404688.0,2.0,1.9
2005-06-25,311000.0,286681.0,325750.0,2569000.0,2415224.0,2.0,1.9
2005-07-02,327000.0,327268.0,323000.0,2612000.0,2410697.0,2.0,1.9
2005-07-09,338000.0,427323.0,324250.0,2583000.0,2624504.0,2.0,2.1
2005-07-16,323000.0,374665.0,324750.0,2619000.0,2634714.0,2.1,2.1
2005-07-23,318000.0,295026.0,326500.0,2592000.0,2508852.0,2.0,2.0
2005-07-30,316000.0,261906.0,323750.0,2570000.0,2467095.0,2.0,1.9
2005-08-06,311000.0,269746.0,317000.0,2584000.0,2436846.0,2.0,1.9
2005-08-13,319000.0,257151.0,316000.0,2573000.0,2418884.0,2.0,1.9
2005-08-20,315000.0,252016.0,315250.0,2598000.0,2379439.0,2.0,1.9
2005-08-27,318000.0,251642.0,315750.0,2568000.0,2323719.0,2.0,1.8
2005-09-03,326000.0,271613.0,319500.0,2575000.0,2216756.0,2.0,1.7
2005-09-10,422000.0,322387.0,345250.0,2651000.0,2311981.0,2.1,1.8
2005-09-17,424000.0,346204.0,372500.0,2787000.0,2349781.0,2.2,1.8
2005-09-24,359000.0,292435.0,382750.0,2853000.0,2393581.0,2.2,1.9
2005-10-01,384000.0,313847.0,397250.0,2841000.0,2372126.0,2.2,1.9
2005-10-08,383000.0,380093.0,387500.0,2831000.0,2343807.0,2.2,1.8
2005-10-15,348000.0,303158.0,368500.0,2821000.0,2437294.0,2.2,1.9
2005-10-22,324000.0,304733.0,359750.0,2772000.0,2378680.0,2.2,1.9
2005-10-29,322000.0,294376.0,344250.0,2752000.0,2416475.0,2.1,1.9
2005-11-05,325000.0,340491.0,329750.0,2746000.0,2364283.0,2.1,1.8
2005-11-12,309000.0,283564.0,320000.0,2760000.0,2564292.0,2.2,2.0
2005-11-19,324000.0,368859.0,320000.0,2712000.0,2302708.0,2.1,1.8
2005-11-26,311000.0,290730.0,317250.0,2587000.0,2695927.0,2.0,2.1
2005-12-03,321000.0,444600.0,316250.0,2589000.0,2542217.0,2.0,2.0
2005-12-10,327000.0,391961.0,320750.0,2620000.0,2709414.0,2.0,2.1
2005-12-17,312000.0,359108.0,317750.0,2660000.0,2691842.0,2.1,2.1
2005-12-24,320000.0,433397.0,320000.0,2668000.0,2823270.0,2.1,2.2
2005-12-31,302000.0,475889.0,315250.0,2660000.0,3155322.0,2.1,2.5
2006-01-07,326000.0,555114.0,315000.0,2561000.0,3162229.0,2.0,2.5
2006-01-14,285000.0,439873.0,308250.0,2586000.0,3044307.0,2.0,2.4
2006-01-21,290000.0,317926.0,300750.0,2516000.0,3051709.0,2.0,2.4
2006-01-28,282000.0,318805.0,295750.0,2565000.0,3074962.0,2.0,2.4
2006-02-04,289000.0,321527.0,286500.0,2520000.0,3006942.0,2.0,2.3
2006-02-11,298000.0,310078.0,289750.0,2517000.0,3017838.0,2.0,2.3
2006-02-18,283000.0,269571.0,288000.0,2488000.0,2905648.0,1.9,2.3
2006-02-25,293000.0,272478.0,290750.0,2504000.0,2975296.0,1.9,2.3
2006-03-04,302000.0,301867.0,294000.0,2453000.0,2860513.0,1.9,2.2
2006-03-11,307000.0,294764.0,296250.0,2474000.0,2840272.0,1.9,2.2
2006-03-18,303000.0,269237.0,301250.0,2456000.0,2750543.0,1.9,2.1
2006-03-25,295000.0,265370.0,301750.0,2439000.0,2680141.0,1.9,2.1
2006-04-01,291000.0,253985.0,299000.0,2405000.0,2571168.0,1.9,2.0
2006-04-08,299000.0,314696.0,297000.0,2411000.0,2504901.0,1.9,1.9
2006-04-15,299000.0,268472.0,296000.0,2408000.0,2482997.0,1.9,1.9
2006-04-22,308000.0,291349.0,299250.0,2424000.0,2404269.0,1.9,1.9
2006-04-29,321000.0,279715.0,306750.0,2357000.0,2297774.0,1.8,1.8
2006-05-06,347000.0,317239.0,318750.0,2372000.0,2227582.0,1.8,1.7
2006-05-13,335000.0,288972.0,327750.0,2383000.0,2237925.0,1.8,1.7
2006-05-20,319000.0,277168.0,330500.0,2399000.0,2197167.0,1.9,1.7
2006-05-27,330000.0,292714.0,332750.0,2381000.0,2163894.0,1.8,1.7
2006-06-03,307000.0,260263.0,322750.0,2408000.0,2227031.0,1.9,1.7
2006-06-10,298000.0,285892.0,313500.0,2412000.0,2226057.0,1.9,1.7
2006-06-17,308000.0,277441.0,310750.0,2395000.0,2219876.0,1.9,1.7
2006-06-24,309000.0,287503.0,305500.0,2419000.0,2261568.0,1.9,1.7
2006-07-01,316000.0,304638.0,307750.0,2399000.0,2211698.0,1.8,1.7
2006-07-08,343000.0,418363.0,319000.0,2491000.0,2517917.0,1.9,1.9
2006-07-15,318000.0,377115.0,321500.0,2475000.0,2499741.0,1.9,1.9
2006-07-22,306000.0,288875.0,320750.0,2422000.0,2358926.0,1.9,1.8
2006-07-29,311000.0,259974.0,319500.0,2460000.0,2366848.0,1.9,1.8
2006-08-05,318000.0,275430.0,313250.0,2477000.0,2348543.0,1.9,1.8
2006-08-12,310000.0,256259.0,311250.0,2467000.0,2326364.0,1.9,1.8
2006-08-19,315000.0,252357.0,313500.0,2464000.0,2268911.0,1.9,1.7
2006-08-26,314000.0,251275.0,314250.0,2457000.0,2240524.0,1.9,1.7
2006-09-02,315000.0,259539.0,313500.0,2467000.0,2133891.0,1.9,1.6
2006-09-09,314000.0,240231.0,314500.0,2449000.0,2152929.0,1.9,1.7
2006-09-16,324000.0,267036.0,316750.0,2438000.0,2062962.0,1.9,1.6
2006-09-23,319000.0,261396.0,318000.0,2440000.0,2056523.0,1.9,1.6
2006-09-30,309000.0,249288.0,316500.0,2437000.0,2039526.0,1.9,1.6
2006-10-07,316000.0,307646.0,317000.0,2449000.0,2030299.0,1.9,1.6
2006-10-14,305000.0,271863.0,312250.0,2459000.0,2116794.0,1.9,1.6
2006-10-21,313000.0,291372.0,310750.0,2428000.0,2087657.0,1.9,1.6
2006-10-28,328000.0,301079.0,315500.0,2449000.0,2150055.0,1.9,1.6
2006-11-04,319000.0,326711.0,316250.0,2414000.0,2110151.0,1.8,1.6
2006-11-11,311000.0,286151.0,317750.0,2467000.0,2269427.0,1.9,1.7
2006-11-18,326000.0,367690.0,321000.0,2506000.0,2074608.0,1.9,1.6
2006-11-25,349000.0,323509.0,326250.0,2517000.0,2620460.0,1.9,2.0
2006-12-02,327000.0,448898.0,328250.0,2472000.0,2436936.0,1.9,1.9
2006-12-09,311000.0,384123.0,328250.0,2517000.0,2577271.0,1.9,2.0
2006-12-16,318000.0,361672.0,326250.0,2513000.0,2565805.0,1.9,2.0
2006-12-23,323000.0,425357.0,319750.0,2449000.0,2654693.0,1.9,2.0
2006-12-30,341000.0,499979.0,323250.0,2455000.0,3007436.0,1.9,2.3
2007-01-06,330000.0,506059.0,328000.0,2518000.0,3122227.0,1.9,2.4
2007-01-13,296000.0,506709.0,322500.0,2507000.0,2925963.0,1.9,2.2
2007-01-20,335000.0,367583.0,325500.0,2552000.0,3103449.0,1.9,2.4
2007-01-27,308000.0,359959.0,317250.0,2520000.0,2981310.0,1.9,2.3
2007-02-03,310000.0,339018.0,312250.0,2575000.0,3079780.0,2.0,2.3
2007-02-10,338000.0,363018.0,322750.0,2527000.0,2994128.0,1.9,2.3
2007-02-17,321000.0,305945.0,319250.0,2626000.0,3075023.0,2.0,2.3
2007-02-24,322000.0,299000.0,322750.0,2549000.0,3013239.0,1.9,2.3
2007-03-03,320000.0,320194.0,325250.0,2581000.0,3016840.0,2.0,2.3
2007-03-10,308000.0,298927.0,317750.0,2511000.0,2869668.0,1.9,2.2
2007-03-17,309000.0,277187.0,314750.0,2515000.0,2826536.0,1.9,2.2
2007-03-24,303000.0,273432.0,310000.0,2489000.0,2727408.0,1.9,2.1
2007-03-31,307000.0,268218.0,306750.0,2499000.0,2688419.0,1.9,2.0
2007-04-07,332000.0,328266.0,312750.0,2497000.0,2594605.0,1.9,2.0
2007-04-14,327000.0,317917.0,317250.0,2538000.0,2634301.0,1.9,2.0
2007-04-21,321000.0,303984.0,321750.0,2463000.0,2448102.0,1.9,1.9
2007-04-28,301000.0,267672.0,320250.0,2486000.0,2451671.0,1.9,1.9
2007-05-05,300000.0,274801.0,312250.0,2429000.0,2290364.0,1.8,1.7
2007-05-12,297000.0,258516.0,304750.0,2465000.0,2329671.0,1.9,1.8
2007-05-19,310000.0,270446.0,302000.0,2417000.0,2231139.0,1.8,1.7
2007-05-26,310000.0,273397.0,304250.0,2480000.0,2261581.0,1.9,1.7
2007-06-02,313000.0,263527.0,307500.0,2452000.0,2267710.0,1.9,1.7
2007-06-09,313000.0,302368.0,311500.0,2484000.0,2298047.0,1.9,1.7
2007-06-16,320000.0,290951.0,314000.0,2453000.0,2278797.0,1.9,1.7
2007-06-23,313000.0,292583.0,314750.0,2520000.0,2353893.0,1.9,1.8
2007-06-30,317000.0,300348.0,315750.0,2501000.0,2303357.0,1.9,1.7
2007-07-07,321000.0,417554.0,317750.0,2563000.0,2581098.0,1.9,2.0
2007-07-14,317000.0,383839.0,317000.0,2555000.0,2588709.0,1.9,2.0
2007-07-21,310000.0,298366.0,316250.0,2514000.0,2463232.0,1.9,1.9
2007-07-28,305000.0,257426.0,313250.0,2537000.0,2445524.0,1.9,1.9
2007-08-04,314000.0,270563.0,311500.0,2531000.0,2409122.0,1.9,1.8
2007-08-11,316000.0,266420.0,311250.0,2556000.0,2414968.0,1.9,1.8
2007-08-18,321000.0,257573.0,314000.0,2556000.0,2369648.0,1.9,1.8
2007-08-25,329000.0,266179.0,320000.0,2569000.0,2353210.0,1.9,1.8
2007-09-01,314000.0,257454.0,320000.0,2565000.0,2236358.0,1.9,1.7
2007-09-08,321000.0,245526.0,321250.0,2537000.0,2242616.0,1.9,1.7
2007-09-15,313000.0,261971.0,319250.0,2536000.0,2160459.0,1.9,1.6
2007-09-22,302000.0,247643.0,312500.0,2530000.0,2140701.0,1.9,1.6
2007-09-29,317000.0,255431.0,313250.0,2518000.0,2112935.0,1.9,1.6
2007-10-06,316000.0,298317.0,312000.0,2521000.0,2097457.0,1.9,1.6
2007-10-13,335000.0,306519.0,317500.0,2541000.0,2175026.0,1.9,1.6
2007-10-20,334000.0,307675.0,325500.0,2598000.0,2241942.0,2.0,1.7
2007-10-27,328000.0,303357.0,328250.0,2587000.0,2261001.0,2.0,1.7
2007-11-03,327000.0,325831.0,331000.0,2617000.0,2292297.0,2.0,1.7
2007-11-10,333000.0,351760.0,330500.0,2607000.0,2293872.0,2.0,1.7
2007-11-17,332000.0,323124.0,330000.0,2609000.0,2217421.0,2.0,1.7
2007-11-24,352000.0,324047.0,336000.0,2634000.0,2725801.0,2.0,2.1
2007-12-01,344000.0,462902.0,340250.0,2639000.0,2623378.0,2.0,2.0
2007-12-08,332000.0,423130.0,340000.0,2672000.0,2701670.0,2.0,2.0
2007-12-15,350000.0,393042.0,344500.0,2737000.0,2813226.0,2.1,2.1
2007-12-22,355000.0,456280.0,345250.0,2752000.0,2812232.0,2.1,2.1
2007-12-29,360000.0,507908.0,349250.0,2760000.0,3304308.0,2.1,2.5
2008-01-05,346000.0,522700.0,352750.0,2828000.0,3509826.0,2.1,2.6
2008-01-12,322000.0,547943.0,345750.0,2752000.0,3288631.0,2.1,2.5
2008-01-19,321000.0,415397.0,337250.0,2770000.0,3263036.0,2.1,2.5
2008-01-26,366000.0,369498.0,338750.0,2845000.0,3333980.0,2.1,2.5
2008-02-02,350000.0,380234.0,339750.0,2810000.0,3351862.0,2.1,2.5
2008-02-09,344000.0,377595.0,345250.0,2846000.0,3329894.0,2.1,2.5
2008-02-16,339000.0,325886.0,349750.0,2837000.0,3310911.0,2.1,2.5
2008-02-23,354000.0,330013.0,346750.0,2884000.0,3394243.0,2.2,2.6
2008-03-01,345000.0,345287.0,345500.0,2867000.0,3351954.0,2.2,2.5
2008-03-08,348000.0,341364.0,346500.0,2895000.0,3296982.0,2.2,2.5
2008-03-15,369000.0,335909.0,354000.0,2897000.0,3268145.0,2.2,2.5
2008-03-22,368000.0,316208.0,357500.0,2938000.0,3214056.0,2.2,2.4
2008-03-29,387000.0,342189.0,368000.0,2967000.0,3209920.0,2.2,2.4
2008-04-05,354000.0,357209.0,369500.0,2969000.0,3087716.0,2.2,2.3
2008-04-12,365000.0,370960.0,368500.0,2937000.0,3066005.0,2.2,2.3
2008-04-19,349000.0,328334.0,363750.0,2964000.0,2967150.0,2.2,2.2
2008-04-26,370000.0,337854.0,359500.0,2986000.0,2964706.0,2.2,2.2
2008-05-03,370000.0,335533.0,363500.0,2993000.0,2846543.0,2.2,2.1
2008-05-10,366000.0,325479.0,363750.0,2997000.0,2847327.0,2.2,2.1
2008-05-17,367000.0,319817.0,368250.0,3016000.0,2807612.0,2.3,2.1
2008-05-24,369000.0,326627.0,368000.0,3007000.0,2757822.0,2.3,2.1
2008-05-31,362000.0,300989.0,366000.0,3055000.0,2828892.0,2.3,2.1
2008-06-07,382000.0,373033.0,370000.0,3010000.0,2799718.0,2.3,2.1
2008-06-14,378000.0,349254.0,372750.0,3057000.0,2852595.0,2.3,2.1
2008-06-21,381000.0,358158.0,375750.0,3054000.0,2855557.0,2.3,2.1
2008-06-28,392000.0,368544.0,383250.0,3110000.0,2858010.0,2.3,2.1
2008-07-05,371000.0,401672.0,380500.0,3113000.0,3119577.0,2.3,2.3
2008-07-12,385000.0,476071.0,382250.0,3104000.0,3153562.0,2.3,2.4
2008-07-19,402000.0,403607.0,387500.0,3227000.0,3191698.0,2.4,2.4
2008-07-26,434000.0,374182.0,398000.0,3261000.0,3160029.0,2.4,2.4
2008-08-02,448000.0,381887.0,417250.0,3330000.0,3193245.0,2.5,2.4
2008-08-09,430000.0,372807.0,428500.0,3327000.0,3157267.0,2.5,2.4
2008-08-16,424000.0,342164.0,434000.0,3385000.0,3171619.0,2.5,2.4
2008-08-23,421000.0,344255.0,430750.0,3384000.0,3116252.0,2.5,2.3
2008-08-30,442000.0,360485.0,429250.0,3464000.0,3059025.0,2.6,2.3
2008-09-06,441000.0,336131.0,432000.0,3420000.0,3040383.0,2.6,2.3
2008-09-13,449000.0,381720.0,438250.0,3493000.0,3014496.0,2.6,2.3
2008-09-20,483000.0,397610.0,453750.0,3551000.0,3018620.0,2.7,2.3
2008-09-27,483000.0,392121.0,464000.0,3623000.0,3057698.0,2.7,2.3
2008-10-04,482000.0,426786.0,474250.0,3676000.0,3073515.0,2.7,2.3
2008-10-11,461000.0,454100.0,477250.0,3696000.0,3134390.0,2.8,2.3
2008-10-18,478000.0,416114.0,476000.0,3729000.0,3233118.0,2.8,2.4
2008-10-25,480000.0,449429.0,475250.0,3823000.0,3310892.0,2.9,2.5
2008-11-01,490000.0,466373.0,477250.0,3928000.0,3460633.0,2.9,2.6
2008-11-08,512000.0,539812.0,490000.0,4011000.0,3521951.0,3.0,2.6
2008-11-15,536000.0,513047.0,504500.0,4002000.0,3781631.0,3.0,2.8
2008-11-22,532000.0,609128.0,517500.0,4095000.0,3652990.0,3.1,2.7
2008-11-29,529000.0,537230.0,527250.0,4447000.0,4495571.0,3.3,3.4
2008-12-06,570000.0,760481.0,541750.0,4417000.0,4377029.0,3.3,3.3
2008-12-13,566000.0,629867.0,549250.0,4445000.0,4591216.0,3.3,3.4
2008-12-20,587000.0,719691.0,563000.0,4548000.0,4566281.0,3.4,3.4
2008-12-27,533000.0,717000.0,564000.0,4679000.0,5311032.0,3.5,4.0
2009-01-03,503000.0,731958.0,547250.0,4692000.0,5845860.0,3.5,4.4
2009-01-10,551000.0,956791.0,543500.0,4760000.0,5650014.0,3.6,4.2
2009-01-17,591000.0,763987.0,544500.0,4864000.0,5715432.0,3.6,4.3
2009-01-24,586000.0,620143.0,557750.0,4980000.0,5806901.0,3.7,4.3
2009-01-31,629000.0,682176.0,589250.0,5010000.0,5952109.0,3.7,4.4
2009-02-07,637000.0,710152.0,610750.0,5157000.0,5971341.0,3.9,4.5
2009-02-14,632000.0,619951.0,621000.0,5279000.0,6107800.0,3.9,4.6
2009-02-21,655000.0,605668.0,638250.0,5307000.0,6230217.0,4.0,4.7
2009-02-28,652000.0,645827.0,644000.0,5445000.0,6359961.0,4.1,4.8
2009-03-07,660000.0,652635.0,649750.0,5600000.0,6356097.0,4.2,4.7
2009-03-14,651000.0,601192.0,654500.0,5699000.0,6440135.0,4.3,4.8
2009-03-21,661000.0,590067.0,656000.0,5829000.0,6388414.0,4.4,4.8
2009-03-28,665000.0,599299.0,659250.0,5935000.0,6451690.0,4.4,4.8
2009-04-04,653000.0,623279.0,657500.0,6044000.0,6327841.0,4.5,4.7
2009-04-11,599000.0,610522.0,644500.0,6130000.0,6406046.0,4.6,4.8
2009-04-18,639000.0,596564.0,639000.0,6264000.0,6339490.0,4.7,4.7
2009-04-25,620000.0,583457.0,627750.0,6300000.0,6280863.0,4.7,4.7
2009-05-02,602000.0,536648.0,615000.0,6416000.0,6191149.0,4.8,4.6
2009-05-09,625000.0,570412.0,621500.0,6516000.0,6203661.0,4.9,4.6
2009-05-16,620000.0,540925.0,616750.0,6539000.0,6153284.0,4.9,4.6
2009-05-23,606000.0,538311.0,613250.0,6522000.0,6033293.0,4.9,4.5
2009-05-30,607000.0,500380.0,614500.0,6635000.0,6144006.0,5.0,4.6
2009-06-06,596000.0,581092.0,607250.0,6506000.0,6083219.0,4.9,4.6
2009-06-13,595000.0,562449.0,601000.0,6525000.0,6113832.0,4.9,4.6
2009-06-20,608000.0,572425.0,601500.0,6488000.0,6079261.0,4.9,4.5
2009-06-27,594000.0,563387.0,598250.0,6618000.0,6062527.0,5.0,4.5
2009-07-04,573000.0,585963.0,592500.0,6145000.0,6175227.0,4.6,4.6
2009-07-11,546000.0,677038.0,580250.0,6136000.0,6258240.0,4.6,4.7
2009-07-18,560000.0,590730.0,568250.0,6118000.0,6105329.0,4.6,4.6
2009-07-25,587000.0,516351.0,566500.0,6157000.0,6021088.0,4.6,4.5
2009-08-01,555000.0,470988.0,562000.0,6111000.0,5897272.0,4.6,4.4
2009-08-08,555000.0,486586.0,564250.0,6090000.0,5809704.0,4.6,4.4
2009-08-15,562000.0,461780.0,564750.0,6008000.0,5683164.0,4.5,4.3
2009-08-22,560000.0,460998.0,558000.0,6060000.0,5623445.0,4.6,4.2
2009-08-29,564000.0,460525.0,560250.0,5970000.0,5438521.0,4.5,4.1
2009-09-05,558000.0,470079.0,561000.0,6079000.0,5301307.0,4.6,4.0
2009-09-12,542000.0,414557.0,556000.0,6006000.0,5224957.0,4.5,3.9
2009-09-19,536000.0,441311.0,550000.0,5942000.0,5074784.0,4.5,3.8
2009-09-26,554000.0,449620.0,547500.0,5912000.0,5019227.0,4.4,3.8
2009-10-03,533000.0,456233.0,541250.0,5900000.0,4956333.0,4.5,3.8
2009-10-10,511000.0,513852.0,533500.0,5828000.0,4919102.0,4.4,3.7
2009-10-17,531000.0,464985.0,532250.0,5746000.0,4987516.0,4.4,3.8
2009-10-24,530000.0,499374.0,526250.0,5705000.0,4934724.0,4.3,3.7
2009-10-31,522000.0,487714.0,523500.0,5649000.0,4965336.0,4.3,3.8
2009-11-07,512000.0,537230.0,523750.0,5568000.0,4888630.0,4.2,3.7
2009-11-14,507000.0,479350.0,517750.0,5462000.0,5084817.0,4.1,3.9
2009-11-21,482000.0,547022.0,505750.0,5489000.0,4802559.0,4.2,3.6
2009-11-28,475000.0,462090.0,494000.0,5323000.0,5402723.0,4.0,4.1
2009-12-05,497000.0,673097.0,490250.0,5289000.0,5193809.0,4.0,3.9
2009-12-12,498000.0,561655.0,488000.0,5191000.0,5346238.0,3.9,4.1
2009-12-19,479000.0,571378.0,487250.0,5100000.0,5089577.0,3.9,3.9
2009-12-26,468000.0,561852.0,485500.0,4987000.0,5485710.0,3.8,4.2
2010-01-02,456000.0,651215.0,475250.0,4870000.0,6014881.0,3.7,4.6
2010-01-09,469000.0,825891.0,468000.0,4879000.0,5791336.0,3.7,4.5
2010-01-16,507000.0,659173.0,475000.0,4809000.0,5602811.0,3.7,4.3
2010-01-23,471000.0,507651.0,475750.0,4841000.0,5683672.0,3.7,4.4
2010-01-30,496000.0,538617.0,485750.0,4796000.0,5683482.0,3.7,4.4
2010-02-06,466000.0,512463.0,485000.0,4838000.0,5597271.0,3.7,4.3
2010-02-13,489000.0,482078.0,480500.0,4815000.0,5546388.0,3.7,4.3
2010-02-20,500000.0,458160.0,487750.0,4767000.0,5596737.0,3.7,4.3
2010-02-27,488000.0,474662.0,485750.0,4755000.0,5544103.0,3.7,4.3
2010-03-06,472000.0,462679.0,487250.0,4766000.0,5405031.0,3.7,4.2
2010-03-13,478000.0,439061.0,484500.0,4750000.0,5357581.0,3.7,4.1
2010-03-20,472000.0,413067.0,477500.0,4743000.0,5207496.0,3.6,4.0
2010-03-27,459000.0,412710.0,470250.0,4668000.0,5055002.0,3.6,3.9
2010-04-03,479000.0,421130.0,472000.0,4755000.0,4987473.0,3.7,3.8
2010-04-10,479000.0,514136.0,472250.0,4746000.0,4931238.0,3.7,3.8
2010-04-17,469000.0,436814.0,471500.0,4721000.0,4796318.0,3.7,3.7
2010-04-24,449000.0,429196.0,469000.0,4690000.0,4671227.0,3.7,3.6
2010-05-01,451000.0,399350.0,462000.0,4695000.0,4549602.0,3.7,3.5
2010-05-08,451000.0,414327.0,455000.0,4707000.0,4471786.0,3.7,3.5
2010-05-15,474000.0,414572.0,456250.0,4688000.0,4411435.0,3.7,3.4
2010-05-22,463000.0,410778.0,459750.0,4731000.0,4380562.0,3.7,3.4
2010-05-29,458000.0,418873.0,461500.0,4553000.0,4202202.0,3.5,3.3
2010-06-05,459000.0,398864.0,463500.0,4624000.0,4319021.0,3.6,3.4
2010-06-12,467000.0,448305.0,461750.0,4606000.0,4306402.0,3.6,3.4
2010-06-19,452000.0,427080.0,459000.0,4619000.0,4328074.0,3.6,3.4
2010-06-26,464000.0,444712.0,460500.0,4484000.0,4309375.0,3.5,3.4
2010-07-03,454000.0,470366.0,459250.0,4620000.0,4384591.0,3.6,3.4
2010-07-10,439000.0,515991.0,452250.0,4482000.0,4562782.0,3.5,3.6
2010-07-17,462000.0,502065.0,454750.0,4545000.0,4554316.0,3.6,3.6
2010-07-24,465000.0,413679.0,455000.0,4529000.0,4438886.0,3.6,3.5
2010-07-31,476000.0,402140.0,460500.0,4467000.0,4333445.0,3.5,3.4
2010-08-07,483000.0,425471.0,471500.0,4478000.0,4281074.0,3.5,3.4
2010-08-14,486000.0,405484.0,477500.0,4432000.0,4219639.0,3.5,3.3
2010-08-21,464000.0,384955.0,477250.0,4426000.0,4125414.0,3.5,3.3
2010-08-28,467000.0,383135.0,475000.0,4509000.0,4138965.0,3.6,3.3
2010-09-04,452000.0,381863.0,467250.0,4501000.0,3933895.0,3.6,3.1
2010-09-11,444000.0,341791.0,456750.0,4487000.0,3930908.0,3.5,3.1
2010-09-18,459000.0,382341.0,455500.0,4452000.0,3810921.0,3.5,3.0
2010-09-25,459000.0,372551.0,453500.0,4431000.0,3779910.0,3.5,3.0
2010-10-02,446000.0,373681.0,452000.0,4407000.0,3705947.0,3.5,2.9
2010-10-09,459000.0,462667.0,455750.0,4403000.0,3715967.0,3.5,3.0
2010-10-16,444000.0,394016.0,452000.0,4348000.0,3769438.0,3.5,3.0
2010-10-23,432000.0,408489.0,445250.0,4331000.0,3759365.0,3.4,3.0
2010-10-30,453000.0,421097.0,447000.0,4328000.0,3783097.0,3.4,3.0
2010-11-06,434000.0,452657.0,440750.0,4270000.0,3735938.0,3.4,3.0
2010-11-13,432000.0,409548.0,437750.0,4176000.0,3871043.0,3.3,3.1
2010-11-20,407000.0,464817.0,431500.0,4218000.0,3665787.0,3.4,2.9
2010-11-27,432000.0,412922.0,426250.0,4118000.0,4216488.0,3.3,3.4
2010-12-04,428000.0,585711.0,424750.0,4137000.0,4062531.0,3.3,3.2
2010-12-11,425000.0,491776.0,423000.0,4062000.0,4179504.0,3.2,3.3
2010-12-18,424000.0,495548.0,427250.0,4113000.0,4116684.0,3.3,3.3
2010-12-25,404000.0,525710.0,420250.0,4088000.0,4415512.0,3.2,3.5
2011-01-01,413000.0,578904.0,416500.0,3898000.0,4790155.0,3.1,3.8
2011-01-08,434000.0,773499.0,418750.0,3907000.0,4652805.0,3.1,3.7
2011-01-15,421000.0,549688.0,418000.0,3974000.0,4614149.0,3.2,3.7
2011-01-22,446000.0,485950.0,428500.0,3926000.0,4632950.0,3.1,3.7
2011-01-29,420000.0,464775.0,430250.0,3887000.0,4605543.0,3.1,3.7
2011-02-05,402000.0,440706.0,422250.0,3928000.0,4575640.0,3.1,3.6
2011-02-12,425000.0,424400.0,423250.0,3839000.0,4587740.0,3.1,3.7
2011-02-19,394000.0,380985.0,410250.0,3821000.0,4344862.0,3.0,3.5
2011-02-26,385000.0,353797.0,401500.0,3809000.0,4460146.0,3.0,3.6
2011-03-05,414000.0,407299.0,404500.0,3772000.0,4296805.0,3.0,3.4
2011-03-12,404000.0,371721.0,399250.0,3772000.0,4277092.0,3.0,3.4
2011-03-19,407000.0,354457.0,402500.0,3752000.0,4131066.0,3.0,3.3
2011-03-26,399000.0,357457.0,406000.0,3766000.0,4085667.0,3.0,3.3
2011-04-02,395000.0,353817.0,401250.0,3756000.0,3943591.0,3.0,3.1
2011-04-09,416000.0,448029.0,404250.0,3751000.0,3893218.0,3.0,3.1
2011-04-16,402000.0,381834.0,403000.0,3717000.0,3783787.0,3.0,3.0
2011-04-23,422000.0,387867.0,408750.0,3796000.0,3769810.0,3.0,3.0
2011-04-30,468000.0,415974.0,427000.0,3834000.0,3723271.0,3.1,3.0
2011-05-07,435000.0,397737.0,431750.0,3787000.0,3586266.0,3.0,2.9
2011-05-14,414000.0,361573.0,434750.0,3781000.0,3549972.0,3.0,2.8
2011-05-21,423000.0,376632.0,435000.0,3799000.0,3510507.0,3.0,2.8
2011-05-28,418000.0,381497.0,422500.0,3728000.0,3426345.0,3.0,2.7
2011-06-04,423000.0,366816.0,419500.0,3750000.0,3491359.0,3.0,2.8
2011-06-11,413000.0,400608.0,419250.0,3746000.0,3491533.0,3.0,2.8
2011-06-18,416000.0,394286.0,417500.0,3752000.0,3511416.0,3.0,2.8
2011-06-25,421000.0,406633.0,418250.0,3719000.0,3555831.0,3.0,2.8
2011-07-02,418000.0,425640.0,417000.0,3733000.0,3534925.0,3.0,2.8
2011-07-09,408000.0,473963.0,415750.0,3724000.0,3783316.0,3.0,3.0
2011-07-16,420000.0,470086.0,416750.0,3734000.0,3752532.0,3.0,3.0
2011-07-23,411000.0,369207.0,414250.0,3741000.0,3680729.0,3.0,2.9
2011-07-30,406000.0,341103.0,411250.0,3676000.0,3580433.0,2.9,2.8
2011-08-06,405000.0,354408.0,410500.0,3709000.0,3553649.0,2.9,2.8
2011-08-13,409000.0,346014.0,407750.0,3717000.0,3557586.0,3.0,2.8
2011-08-20,415000.0,344870.0,408750.0,3715000.0,3473182.0,3.0,2.8
2011-08-27,409000.0,336761.0,409500.0,3723000.0,3436188.0,3.0,2.7
2011-09-03,414000.0,348582.0,411750.0,3759000.0,3293105.0,3.0,2.6
2011-09-10,429000.0,328868.0,416750.0,3758000.0,3306720.0,3.0,2.6
2011-09-17,422000.0,353820.0,418500.0,3747000.0,3207559.0,3.0,2.5
2011-09-24,406000.0,328073.0,417750.0,3707000.0,3165909.0,2.9,2.5
2011-10-01,405000.0,332394.0,415500.0,3697000.0,3113245.0,2.9,2.5
2011-10-08,410000.0,405906.0,410750.0,3731000.0,3133644.0,3.0,2.5
2011-10-15,395000.0,357562.0,404000.0,3704000.0,3196554.0,2.9,2.5
2011-10-22,403000.0,377156.0,403250.0,3699000.0,3199527.0,2.9,2.5
2011-10-29,399000.0,369647.0,401750.0,3677000.0,3210417.0,2.9,2.5
2011-11-05,392000.0,402532.0,397250.0,3603000.0,3177477.0,2.9,2.5
2011-11-12,383000.0,363016.0,394250.0,3676000.0,3374259.0,2.9,2.7
2011-11-19,385000.0,440157.0,389750.0,3739000.0,3167053.0,3.0,2.5
2011-11-26,397000.0,372640.0,389250.0,3592000.0,3696154.0,2.8,2.9
2011-12-03,387000.0,528793.0,388000.0,3595000.0,3540663.0,2.8,2.8
2011-12-10,368000.0,435863.0,384250.0,3543000.0,3628343.0,2.8,2.9
2011-12-17,368000.0,421103.0,380000.0,3588000.0,3613414.0,2.8,2.9
2011-12-24,386000.0,497689.0,377250.0,3575000.0,3779025.0,2.8,3.0
2011-12-31,376000.0,540057.0,374500.0,3566000.0,4161063.0,2.8,3.3
2012-01-07,391000.0,646219.0,398750.0,3421000.0,4109127.0,2.7,3.2
2012-01-14,367000.0,525422.0,384500.0,3511000.0,4069651.0,2.8,3.2
2012-01-21,381000.0,416880.0,378750.0,3419000.0,4058236.0,2.7,3.2
2012-01-28,372000.0,422287.0,377750.0,3454000.0,4097013.0,2.7,3.2
2012-02-04,368000.0,401365.0,372000.0,3391000.0,3984889.0,2.7,3.1
2012-02-11,361000.0,365014.0,370500.0,3362000.0,4010489.0,2.7,3.2
2012-02-18,359000.0,346659.0,365000.0,3382000.0,3882527.0,2.7,3.1
2012-02-25,365000.0,334242.0,363250.0,3392000.0,3988890.0,2.7,3.2
2012-03-03,375000.0,368433.0,365000.0,3367000.0,3862329.0,2.7,3.1
2012-03-10,369000.0,340102.0,367000.0,3353000.0,3815580.0,2.6,3.0
2012-03-17,368000.0,319498.0,369250.0,3342000.0,3699473.0,2.6,2.9
2012-03-24,363000.0,323373.0,368750.0,3336000.0,3636712.0,2.6,2.9
2012-03-31,358000.0,315800.0,364500.0,3286000.0,3470104.0,2.6,2.7
2012-04-07,387000.0,390064.0,369000.0,3325000.0,3448040.0,2.6,2.7
2012-04-14,381000.0,370482.0,372250.0,3355000.0,3425138.0,2.6,2.7
2012-04-21,387000.0,370632.0,378250.0,3316000.0,3292783.0,2.6,2.6
2012-04-28,372000.0,333476.0,381750.0,3296000.0,3210670.0,2.6,2.5
2012-05-05,373000.0,341080.0,378250.0,3326000.0,3150177.0,2.6,2.5
2012-05-12,369000.0,325094.0,375250.0,3334000.0,3124324.0,2.6,2.5
2012-05-19,371000.0,330427.0,371250.0,3301000.0,3060148.0,2.6,2.4
2012-05-26,381000.0,346260.0,373500.0,3351000.0,3062538.0,2.6,2.4
2012-06-02,377000.0,324385.0,374500.0,3327000.0,3091216.0,2.6,2.4
2012-06-09,383000.0,376610.0,378000.0,3343000.0,3101927.0,2.6,2.4
2012-06-16,384000.0,364548.0,381250.0,3323000.0,3113846.0,2.6,2.5
2012-06-23,380000.0,370521.0,381000.0,3325000.0,3145031.0,2.6,2.5
2012-06-30,372000.0,369826.0,379750.0,3304000.0,3112199.0,2.6,2.4
2012-07-07,360000.0,442192.0,374000.0,3314000.0,3360067.0,2.6,2.6
2012-07-14,390000.0,455260.0,375500.0,3307000.0,3336728.0,2.6,2.6
2012-07-21,368000.0,340780.0,372500.0,3290000.0,3246888.0,2.6,2.5
2012-07-28,372000.0,312931.0,372500.0,3312000.0,3242883.0,2.6,2.5
2012-08-04,371000.0,320219.0,375250.0,3302000.0,3180011.0,2.6,2.5
2012-08-11,369000.0,317680.0,370000.0,3296000.0,3167174.0,2.6,2.5
2012-08-18,376000.0,311857.0,372000.0,3306000.0,3117558.0,2.6,2.4
2012-08-25,377000.0,312542.0,373250.0,3321000.0,3085324.0,2.6,2.4
2012-09-01,371000.0,309537.0,373250.0,3327000.0,2930825.0,2.6,2.3
2012-09-08,393000.0,299729.0,379250.0,3312000.0,2927923.0,2.6,2.3
2012-09-15,392000.0,330454.0,383250.0,3316000.0,2841521.0,2.6,2.2
2012-09-22,377000.0,303685.0,383250.0,3308000.0,2822093.0,2.6,2.2
2012-09-29,376000.0,301046.0,384500.0,3309000.0,2786146.0,2.6,2.2
2012-10-06,350000.0,329925.0,373750.0,3295000.0,2754663.0,2.6,2.2
2012-10-13,386000.0,362730.0,372250.0,3302000.0,2816677.0,2.6,2.2
2012-10-20,374000.0,345227.0,371500.0,3285000.0,2838463.0,2.6,2.2
2012-10-27,364000.0,339924.0,368500.0,3223000.0,2784503.0,2.5,2.2
2012-11-03,365000.0,361823.0,372250.0,3368000.0,2964164.0,2.6,2.3
2012-11-10,446000.0,478551.0,387250.0,3364000.0,2946437.0,2.6,2.3
2012-11-17,406000.0,403636.0,395250.0,3325000.0,2836478.0,2.6,2.2
2012-11-24,388000.0,358865.0,401250.0,3248000.0,3316536.0,2.5,2.6
2012-12-01,375000.0,500163.0,403750.0,3195000.0,3175601.0,2.5,2.5
2012-12-08,340000.0,429191.0,377250.0,3229000.0,3245480.0,2.5,2.5
2012-12-15,356000.0,401431.0,364750.0,3179000.0,3255119.0,2.5,2.5
2012-12-22,362000.0,457584.0,358250.0,3221000.0,3285394.0,2.5,2.6
2012-12-29,362000.0,490126.0,355000.0,3127000.0,3730872.0,2.4,2.9
2013-01-05,363000.0,557424.0,369750.0,3147000.0,3868120.0,2.4,3.0
2013-01-12,344000.0,558047.0,363750.0,3108000.0,3707375.0,2.4,2.9
2013-01-19,339000.0,437360.0,352000.0,3138000.0,3671018.0,2.4,2.9
2013-01-26,366000.0,369567.0,353000.0,3138000.0,3736830.0,2.4,2.9
2013-02-02,361000.0,388708.0,352500.0,3075000.0,3661840.0,2.4,2.8
2013-02-09,347000.0,361759.0,353250.0,3081000.0,3663619.0,2.4,2.8
2013-02-16,362000.0,351087.0,359000.0,3036000.0,3531404.0,2.4,2.7
2013-02-23,342000.0,310512.0,353000.0,3043000.0,3606019.0,2.4,2.8
2013-03-02,340000.0,335794.0,347750.0,3011000.0,3495559.0,2.3,2.7
2013-03-09,343000.0,317661.0,346750.0,3024000.0,3453312.0,2.4,2.7
2013-03-16,343000.0,301471.0,342000.0,3028000.0,3394036.0,2.4,2.6
2013-03-23,358000.0,316133.0,346000.0,3046000.0,3344342.0,2.4,2.6
2013-03-30,375000.0,317494.0,354750.0,3080000.0,3286211.0,2.4,2.6
2013-04-06,359000.0,356935.0,358750.0,3076000.0,3195675.0,2.4,2.5
2013-04-13,356000.0,359415.0,362000.0,3024000.0,3096325.0,2.3,2.4
2013-04-20,343000.0,326264.0,358250.0,3027000.0,3020992.0,2.3,2.3
2013-04-27,331000.0,301622.0,347250.0,3039000.0,2963249.0,2.4,2.3
2013-05-04,335000.0,301602.0,341250.0,3042000.0,2883832.0,2.4,2.2
2013-05-11,360000.0,320253.0,342250.0,2975000.0,2769495.0,2.3,2.1
2013-05-18,343000.0,303357.0,342250.0,3020000.0,2799681.0,2.3,2.2
2013-05-25,353000.0,319508.0,347750.0,3012000.0,2734582.0,2.3,2.1
2013-06-01,346000.0,294608.0,350500.0,2999000.0,2771143.0,2.3,2.1
2013-06-08,337000.0,332964.0,344750.0,3004000.0,2772541.0,2.3,2.1
2013-06-15,353000.0,336970.0,347250.0,2996000.0,2801508.0,2.3,2.2
2013-06-22,347000.0,336901.0,345750.0,2962000.0,2778190.0,2.3,2.2
2013-06-29,340000.0,335424.0,344250.0,3003000.0,2807991.0,2.3,2.2
2013-07-06,351000.0,383811.0,347750.0,3113000.0,3146960.0,2.4,2.4
2013-07-13,344000.0,410974.0,345500.0,3011000.0,3047517.0,2.3,2.3
2013-07-20,355000.0,340457.0,347500.0,2947000.0,2920771.0,2.3,2.2
2013-07-27,334000.0,281692.0,346000.0,3010000.0,2952831.0,2.3,2.3
2013-08-03,339000.0,288861.0,343000.0,2944000.0,2853207.0,2.3,2.2
2013-08-10,327000.0,282756.0,338750.0,2987000.0,2873345.0,2.3,2.2
2013-08-17,340000.0,281164.0,335000.0,2968000.0,2819994.0,2.3,2.2
2013-08-24,336000.0,279803.0,335500.0,2934000.0,2737229.0,2.3,2.1
2013-08-31,325000.0,269359.0,332000.0,2839000.0,2512460.0,2.2,1.9
2013-09-07,300000.0,229648.0,325250.0,2822000.0,2499855.0,2.2,1.9
2013-09-14,323000.0,272946.0,321000.0,2863000.0,2456548.0,2.2,1.9
2013-09-21,314000.0,255087.0,315500.0,2954000.0,2513759.0,2.3,1.9
2013-09-28,319000.0,252196.0,314000.0,2944000.0,2476262.0,2.3,1.9
2013-10-05,368000.0,335937.0,331000.0,2929000.0,2437325.0,2.2,1.9
2013-10-12,368000.0,360957.0,342250.0,2925000.0,2465939.0,2.2,1.9
2013-10-19,351000.0,312037.0,351500.0,2933000.0,2525254.0,2.2,1.9
2013-10-26,347000.0,325326.0,358500.0,2927000.0,2511754.0,2.2,1.9
2013-11-02,342000.0,331867.0,352000.0,2873000.0,2510618.0,2.2,1.9
2013-11-09,340000.0,364167.0,345000.0,2925000.0,2556519.0,2.2,2.0
2013-11-16,331000.0,327053.0,340000.0,2837000.0,2689171.0,2.2,2.1
2013-11-23,316000.0,369197.0,332250.0,2813000.0,2506700.0,2.2,1.9
2013-11-30,312000.0,321896.0,324750.0,2808000.0,2970677.0,2.2,2.3
2013-12-07,354000.0,463413.0,328250.0,2892000.0,2880807.0,2.2,2.2
2013-12-14,364000.0,414613.0,336500.0,2903000.0,3004483.0,2.2,2.3
2013-12-21,334000.0,418272.0,341000.0,2832000.0,2854624.0,2.2,2.2
2013-12-28,332000.0,452664.0,346000.0,2807000.0,3298387.0,2.2,2.5
2014-01-04,322000.0,488537.0,338000.0,2903000.0,3611093.0,2.2,2.8
2014-01-11,318000.0,534966.0,326500.0,2907000.0,3487905.0,2.2,2.7
2014-01-18,327000.0,416116.0,324750.0,2847000.0,3373217.0,2.2,2.6
2014-01-25,340000.0,357806.0,326750.0,2850000.0,3422557.0,2.2,2.6
2014-02-01,331000.0,357742.0,329000.0,2852000.0,3440027.0,2.2,2.6
2014-02-08,337000.0,360338.0,333750.0,2859000.0,3411217.0,2.2,2.6
2014-02-15,332000.0,322761.0,335000.0,2861000.0,3367239.0,2.2,2.6
2014-02-22,341000.0,312665.0,335250.0,2823000.0,3375731.0,2.2,2.6
2014-03-01,319000.0,317832.0,332250.0,2787000.0,3277983.0,2.1,2.5
2014-03-08,322000.0,302311.0,328500.0,2816000.0,3233107.0,2.2,2.5
2014-03-15,321000.0,285970.0,325750.0,2764000.0,3132104.0,2.1,2.4
2014-03-22,313000.0,274072.0,318750.0,2800000.0,3090665.0,2.1,2.4
2014-03-29,330000.0,294862.0,321500.0,2729000.0,2942180.0,2.1,2.2
2014-04-05,311000.0,299162.0,318750.0,2730000.0,2853279.0,2.1,2.2
2014-04-12,308000.0,318793.0,315500.0,2680000.0,2757378.0,2.0,2.1
2014-04-19,327000.0,299182.0,319000.0,2767000.0,2766506.0,2.1,2.1
2014-04-26,345000.0,318127.0,322750.0,2707000.0,2641583.0,2.1,2.0
2014-05-03,325000.0,288748.0,326250.0,2702000.0,2559236.0,2.1,1.9
2014-05-10,303000.0,270738.0,325000.0,2691000.0,2494495.0,2.0,1.9
2014-05-17,324000.0,287398.0,324250.0,2657000.0,2455022.0,2.0,1.9
2014-05-24,305000.0,275412.0,314250.0,2646000.0,2394378.0,2.0,1.8
2014-05-31,312000.0,264133.0,311000.0,2641000.0,2424134.0,2.0,1.8
2014-06-07,317000.0,313371.0,314500.0,2598000.0,2387182.0,2.0,1.8
2014-06-14,314000.0,301195.0,312000.0,2595000.0,2413778.0,2.0,1.8
2014-06-21,315000.0,305029.0,314500.0,2583000.0,2412611.0,2.0,1.8
2014-06-28,308000.0,305791.0,313500.0,2579000.0,2395821.0,2.0,1.8
2014-07-05,302000.0,322753.0,309750.0,2540000.0,2558065.0,1.9,1.9
2014-07-12,308000.0,370559.0,308250.0,2528000.0,2563164.0,1.9,1.9
2014-07-19,294000.0,287049.0,303000.0,2542000.0,2524006.0,1.9,1.9
2014-07-26,303000.0,257625.0,301750.0,2524000.0,2481360.0,1.9,1.9
2014-08-02,295000.0,247877.0,300000.0,2530000.0,2462156.0,1.9,1.9
2014-08-09,309000.0,269468.0,300250.0,2508000.0,2412394.0,1.9,1.8
2014-08-16,303000.0,249463.0,302500.0,2517000.0,2403823.0,1.9,1.8
2014-08-23,300000.0,249006.0,301750.0,2483000.0,2319238.0,1.9,1.8
2014-08-30,303000.0,249780.0,303750.0,2486000.0,2212896.0,1.9,1.7
2014-09-06,307000.0,234755.0,303250.0,2452000.0,2167651.0,1.9,1.6
2014-09-13,288000.0,242318.0,299500.0,2465000.0,2115326.0,1.9,1.6
2014-09-20,295000.0,239780.0,298250.0,2447000.0,2070228.0,1.9,1.6
2014-09-27,290000.0,227571.0,295000.0,2427000.0,2031751.0,1.8,1.5
2014-10-04,293000.0,257545.0,291500.0,2441000.0,2018858.0,1.8,1.5
2014-10-11,281000.0,273756.0,289750.0,2409000.0,2006710.0,1.8,1.5
2014-10-18,290000.0,256166.0,288500.0,2437000.0,2081161.0,1.8,1.6
2014-10-25,291000.0,271331.0,288750.0,2406000.0,2045437.0,1.8,1.5
2014-11-01,280000.0,266921.0,285500.0,2436000.0,2116640.0,1.8,1.6
2014-11-08,291000.0,309338.0,288000.0,2384000.0,2067337.0,1.8,1.6
2014-11-15,293000.0,286115.0,288750.0,2351000.0,2193628.0,1.8,1.7
2014-11-22,303000.0,357202.0,291750.0,2389000.0,2102005.0,1.8,1.6
2014-11-29,291000.0,294389.0,294500.0,2484000.0,2515910.0,1.9,1.9
2014-12-06,291000.0,389284.0,294500.0,2381000.0,2354533.0,1.8,1.8
2014-12-13,286000.0,327827.0,292750.0,2379000.0,2478752.0,1.8,1.9
2014-12-20,276000.0,340827.0,286000.0,2338000.0,2352296.0,1.8,1.8
2014-12-27,285000.0,389757.0,284500.0,2422000.0,2795271.0,1.8,2.1
2015-01-03,294000.0,439342.0,285250.0,2381000.0,2990368.0,1.8,2.2
2015-01-10,304000.0,529685.0,289750.0,2400000.0,2911674.0,1.8,2.2
2015-01-17,298000.0,383538.0,295250.0,2336000.0,2784735.0,1.8,2.1
2015-01-24,261000.0,281885.0,289250.0,2335000.0,2827617.0,1.8,2.1
2015-01-31,281000.0,306643.0,286000.0,2297000.0,2795975.0,1.7,2.1
2015-02-07,298000.0,324158.0,284500.0,2344000.0,2809938.0,1.8,2.1
2015-02-14,285000.0,277904.0,281250.0,2319000.0,2752771.0,1.7,2.1
2015-02-21,305000.0,280639.0,292250.0,2341000.0,2835373.0,1.8,2.1
2015-02-28,317000.0,315566.0,301250.0,2357000.0,2804577.0,1.8,2.1
2015-03-07,293000.0,277925.0,300000.0,2361000.0,2729749.0,1.8,2.0
2015-03-14,290000.0,260242.0,301250.0,2361000.0,2705148.0,1.8,2.0
2015-03-21,284000.0,248032.0,296000.0,2306000.0,2564097.0,1.7,1.9
2015-03-28,269000.0,239748.0,284000.0,2278000.0,2476255.0,1.7,1.9
2015-04-04,282000.0,253533.0,281250.0,2273000.0,2381913.0,1.7,1.8
2015-04-11,298000.0,308173.0,283250.0,2320000.0,2389911.0,1.7,1.8
2015-04-18,295000.0,279797.0,286000.0,2279000.0,2281070.0,1.7,1.7
2015-04-25,269000.0,250780.0,286000.0,2254000.0,2199763.0,1.7,1.6
2015-05-02,267000.0,236421.0,282250.0,2261000.0,2138615.0,1.7,1.6
2015-05-09,271000.0,242882.0,275500.0,2253000.0,2079285.0,1.7,1.6
2015-05-16,276000.0,243612.0,270750.0,2258000.0,2079191.0,1.7,1.6
2015-05-23,281000.0,253454.0,273750.0,2236000.0,2018773.0,1.7,1.5
2015-05-30,275000.0,230676.0,275750.0,2294000.0,2096986.0,1.7,1.6
2015-06-06,278000.0,275619.0,277500.0,2250000.0,2056174.0,1.7,1.5
2015-06-13,269000.0,258764.0,275750.0,2268000.0,2102652.0,1.7,1.6
2015-06-20,273000.0,263199.0,273750.0,2265000.0,2106077.0,1.7,1.6
2015-06-27,275000.0,274646.0,273750.0,2312000.0,2138353.0,1.7,1.6
2015-07-04,292000.0,303585.0,277250.0,2233000.0,2235705.0,1.7,1.7
2015-07-11,285000.0,344471.0,281250.0,2226000.0,2255273.0,1.7,1.7
2015-07-18,265000.0,262949.0,279250.0,2267000.0,2258311.0,1.7,1.7
2015-07-25,269000.0,230314.0,277750.0,2253000.0,2214919.0,1.7,1.6
2015-08-01,270000.0,224104.0,272250.0,2257000.0,2209980.0,1.7,1.6
2015-08-08,274000.0,239326.0,269500.0,2247000.0,2161191.0,1.7,1.6
2015-08-15,279000.0,229251.0,273000.0,2256000.0,2163709.0,1.7,1.6
2015-08-22,274000.0,226649.0,274250.0,2252000.0,2108101.0,1.7,1.6
2015-08-29,279000.0,230079.0,276500.0,2258000.0,2061930.0,1.7,1.5
2015-09-05,273000.0,232507.0,276250.0,2243000.0,1942822.0,1.7,1.4
2015-09-12,264000.0,198903.0,272500.0,2255000.0,1938894.0,1.7,1.4
2015-09-19,269000.0,219342.0,271250.0,2234000.0,1876960.0,1.7,1.4
2015-09-26,272000.0,215116.0,269500.0,2240000.0,1870678.0,1.7,1.4
2015-10-03,267000.0,227176.0,268000.0,2207000.0,1816410.0,1.6,1.3
2015-10-10,265000.0,256522.0,268250.0,2214000.0,1826779.0,1.6,1.3
2015-10-17,264000.0,232860.0,267000.0,2194000.0,1860474.0,1.6,1.4
2015-10-24,264000.0,245365.0,265000.0,2218000.0,1874526.0,1.6,1.4
2015-10-31,275000.0,258440.0,267000.0,2205000.0,1900517.0,1.6,1.4
2015-11-07,276000.0,291098.0,269750.0,2209000.0,1905959.0,1.6,1.4
2015-11-14,272000.0,264816.0,271750.0,2185000.0,2006025.0,1.6,1.5
2015-11-21,261000.0,305424.0,271000.0,2181000.0,1891197.0,1.6,1.4
2015-11-28,265000.0,262628.0,268500.0,2259000.0,2299417.0,1.7,1.7
2015-12-05,280000.0,384491.0,269500.0,2242000.0,2206522.0,1.7,1.6
2015-12-12,268000.0,313276.0,268500.0,2190000.0,2286725.0,1.6,1.7
2015-12-19,260000.0,319641.0,268250.0,2176000.0,2191682.0,1.6,1.6
2015-12-26,276000.0,346542.0,271000.0,2207000.0,2502457.0,1.6,1.8
2016-01-02,273000.0,405368.0,269250.0,2218000.0,2803326.0,1.6,2.1
2016-01-09,284000.0,502904.0,273250.0,2190000.0,2680476.0,1.6,2.0
2016-01-16,290000.0,378747.0,280750.0,2221000.0,2656738.0,1.6,1.9
2016-01-23,269000.0,295936.0,279000.0,2199000.0,2688858.0,1.6,2.0
2016-01-30,282000.0,311940.0,281250.0,2210000.0,2680598.0,1.6,2.0
2016-02-06,266000.0,290796.0,276750.0,2213000.0,2657981.0,1.6,2.0
2016-02-13,262000.0,258380.0,269750.0,2206000.0,2612427.0,1.6,1.9
2016-02-20,270000.0,248870.0,270000.0,2203000.0,2670398.0,1.6,2.0
2016-02-27,269000.0,265802.0,266750.0,2180000.0,2600820.0,1.6,1.9
2016-03-05,255000.0,247628.0,264000.0,2203000.0,2548304.0,1.6,1.9
2016-03-12,263000.0,236888.0,264250.0,2163000.0,2492144.0,1.6,1.8
2016-03-19,264000.0,230882.0,262750.0,2138000.0,2409099.0,1.6,1.8
2016-03-26,271000.0,235716.0,263250.0,2165000.0,2375518.0,1.6,1.7
2016-04-02,273000.0,245035.0,267750.0,2151000.0,2280430.0,1.6,1.7
2016-04-09,263000.0,270419.0,267750.0,2139000.0,2211972.0,1.6,1.6
2016-04-16,257000.0,242400.0,266000.0,2135000.0,2154608.0,1.6,1.6
2016-04-23,259000.0,245040.0,263000.0,2137000.0,2094406.0,1.6,1.5
2016-04-30,278000.0,243392.0,264250.0,2183000.0,2080555.0,1.6,1.5
2016-05-07,289000.0,261899.0,270750.0,2185000.0,2014816.0,1.6,1.5
2016-05-14,279000.0,244869.0,276250.0,2177000.0,2009243.0,1.6,1.5
2016-05-21,267000.0,240798.0,278250.0,2186000.0,1975916.0,1.6,1.4
2016-05-28,263000.0,246740.0,274500.0,2131000.0,1939391.0,1.6,1.4
2016-06-04,265000.0,232300.0,268500.0,2170000.0,1982999.0,1.6,1.4
2016-06-11,273000.0,266277.0,267000.0,2158000.0,1994248.0,1.6,1.5
2016-06-18,261000.0,247968.0,265500.0,2160000.0,2009079.0,1.6,1.5
2016-06-25,262000.0,263662.0,265250.0,2139000.0,2044616.0,1.6,1.5
2016-07-02,255000.0,267437.0,262750.0,2131000.0,2037038.0,1.5,1.5
2016-07-09,252000.0,298673.0,257500.0,2125000.0,2161272.0,1.5,1.6
2016-07-16,260000.0,268526.0,257250.0,2140000.0,2143920.0,1.6,1.6
2016-07-23,264000.0,231925.0,257750.0,2134000.0,2104590.0,1.6,1.5
2016-07-30,266000.0,219202.0,260500.0,2143000.0,2110850.0,1.6,1.5
2016-08-06,265000.0,231542.0,263750.0,2157000.0,2083250.0,1.6,1.5
2016-08-13,264000.0,219570.0,264750.0,2137000.0,2061744.0,1.6,1.5
2016-08-20,264000.0,217011.0,264750.0,2148000.0,2021172.0,1.6,1.5
2016-08-27,261000.0,215688.0,263500.0,2138000.0,1972966.0,1.6,1.4
2016-09-03,257000.0,217715.0,261500.0,2149000.0,1867279.0,1.6,1.4
2016-09-10,252000.0,193291.0,258500.0,2110000.0,1835919.0,1.5,1.3
2016-09-17,250000.0,205649.0,255000.0,2098000.0,1756097.0,1.5,1.3
2016-09-24,247000.0,198455.0,251500.0,2081000.0,1744083.0,1.5,1.3
2016-10-01,245000.0,200456.0,248500.0,2080000.0,1709974.0,1.5,1.2
2016-10-08,250000.0,238581.0,248000.0,2081000.0,1706702.0,1.5,1.2
2016-10-15,263000.0,233633.0,251250.0,2069000.0,1739879.0,1.5,1.3
2016-10-22,256000.0,237314.0,253500.0,2066000.0,1741961.0,1.5,1.3
2016-10-29,265000.0,245751.0,258500.0,2067000.0,1763155.0,1.5,1.3
2016-11-05,250000.0,258608.0,258500.0,2046000.0,1740791.0,1.5,1.3
2016-11-12,232000.0,223770.0,250750.0,2045000.0,1857234.0,1.5,1.3
2016-11-19,246000.0,287794.0,248250.0,2050000.0,1746231.0,1.5,1.3
2016-11-26,255000.0,249774.0,245750.0,2038000.0,2070694.0,1.5,1.5
2016-12-03,248000.0,351580.0,245250.0,2029000.0,1996669.0,1.5,1.4
2016-12-10,252000.0,305268.0,250250.0,2030000.0,2097013.0,1.5,1.5
2016-12-17,260000.0,315068.0,253750.0,2078000.0,2117870.0,1.5,1.5
2016-12-24,257000.0,343213.0,254250.0,2077000.0,2253543.0,1.5,1.6
2016-12-31,244000.0,350561.0,253250.0,2028000.0,2467654.0,1.5,1.8
2017-01-07,245000.0,414742.0,251500.0,2080000.0,2518545.0,1.5,1.8
2017-01-14,240000.0,352799.0,246500.0,2099000.0,2464292.0,1.5,1.8
2017-01-21,250000.0,284030.0,244750.0,2067000.0,2494547.0,1.5,1.8
2017-01-28,241000.0,280983.0,244000.0,2078000.0,2482809.0,1.5,1.8
2017-02-04,230000.0,259713.0,240250.0,2064000.0,2464850.0,1.5,1.8
2017-02-11,233000.0,245886.0,238500.0,2076000.0,2489682.0,1.5,1.8
2017-02-18,237000.0,239322.0,235250.0,2034000.0,2392472.0,1.5,1.7
2017-02-25,221000.0,212829.0,230250.0,2065000.0,2447592.0,1.5,1.8
2017-03-04,236000.0,243959.0,231750.0,2020000.0,2349381.0,1.5,1.7
2017-03-11,228000.0,222227.0,230500.0,2002000.0,2281836.0,1.4,1.6
2017-03-18,235000.0,224693.0,230000.0,2021000.0,2283882.0,1.5,1.6
2017-03-25,236000.0,228269.0,233750.0,2027000.0,2221962.0,1.5,1.6
2017-04-01,216000.0,208347.0,228750.0,1990000.0,2136831.0,1.4,1.5
2017-04-08,222000.0,239823.0,227250.0,1968000.0,2042394.0,1.4,1.5
2017-04-15,231000.0,225864.0,226250.0,1961000.0,2012236.0,1.4,1.4
2017-04-22,238000.0,241611.0,226750.0,1962000.0,1948731.0,1.4,1.4
2017-04-29,232000.0,210955.0,230750.0,1896000.0,1852170.0,1.4,1.3
2017-05-06,233000.0,215040.0,233500.0,1892000.0,1781847.0,1.4,1.3
2017-05-13,234000.0,206905.0,234250.0,1902000.0,1783911.0,1.4,1.3
2017-05-20,236000.0,210544.0,233750.0,1900000.0,1759705.0,1.4,1.3
2017-05-27,253000.0,232138.0,239000.0,1891000.0,1751112.0,1.4,1.3
2017-06-03,251000.0,212696.0,243500.0,1909000.0,1783314.0,1.4,1.3
2017-06-10,245000.0,234652.0,246250.0,1914000.0,1795184.0,1.4,1.3
2017-06-17,249000.0,228883.0,249500.0,1915000.0,1811385.0,1.4,1.3
2017-06-24,247000.0,239635.0,248000.0,1929000.0,1867478.0,1.4,1.3
2017-07-01,256000.0,252886.0,249250.0,1911000.0,1839969.0,1.4,1.3
2017-07-08,259000.0,284329.0,252750.0,1942000.0,1996804.0,1.4,1.4
2017-07-15,245000.0,257763.0,251750.0,1929000.0,1973777.0,1.4,1.4
2017-07-22,249000.0,220455.0,252250.0,1928000.0,1939674.0,1.4,1.4
2017-07-29,245000.0,198776.0,249500.0,1926000.0,1920454.0,1.4,1.4
2017-08-05,254000.0,211924.0,248250.0,1928000.0,1889713.0,1.4,1.3
2017-08-12,245000.0,198280.0,248250.0,1926000.0,1885774.0,1.4,1.3
2017-08-19,245000.0,195130.0,247250.0,1928000.0,1841596.0,1.4,1.3
2017-08-26,247000.0,196227.0,247750.0,1912000.0,1812487.0,1.4,1.3
2017-09-02,297000.0,250627.0,258500.0,1911000.0,1699145.0,1.4,1.2
2017-09-09,280000.0,211923.0,267250.0,1939000.0,1738986.0,1.4,1.2
2017-09-16,261000.0,212313.0,271250.0,1872000.0,1622607.0,1.3,1.2
2017-09-23,264000.0,212987.0,275500.0,1871000.0,1614906.0,1.3,1.2
2017-09-30,260000.0,204180.0,266250.0,1871000.0,1582806.0,1.3,1.1
2017-10-07,252000.0,229241.0,259250.0,1869000.0,1566253.0,1.3,1.1
2017-10-14,235000.0,205592.0,252750.0,1902000.0,1603587.0,1.4,1.1
2017-10-21,241000.0,216004.0,247000.0,1913000.0,1608736.0,1.4,1.1
2017-10-28,241000.0,215977.0,242250.0,1927000.0,1631860.0,1.4,1.2
2017-11-04,248000.0,242111.0,241250.0,1939000.0,1623213.0,1.4,1.2
2017-11-11,254000.0,236654.0,246000.0,1944000.0,1724422.0,1.4,1.2
2017-11-18,246000.0,275004.0,247250.0,1974000.0,1618630.0,1.4,1.2
2017-11-25,243000.0,224851.0,247750.0,1997000.0,1957137.0,1.4,1.4
2017-12-02,241000.0,326052.0,246000.0,1953000.0,1869012.0,1.4,1.3
2017-12-09,229000.0,282055.0,239750.0,1984000.0,1968105.0,1.4,1.4
2017-12-16,244000.0,287479.0,239250.0,2006000.0,1985967.0,1.4,1.4
2017-12-23,251000.0,325180.0,241250.0,1979000.0,2066441.0,1.4,1.5
2017-12-30,248000.0,351500.0,243000.0,1933000.0,2301683.0,1.4,1.6
2018-01-06,252000.0,403930.0,248750.0,1971000.0,2416489.0,1.4,1.7
2018-01-13,230000.0,354708.0,245250.0,1972000.0,2287734.0,1.4,1.6
2018-01-20,231000.0,260432.0,240250.0,1990000.0,2376238.0,1.4,1.7
2018-01-27,228000.0,268197.0,235250.0,1985000.0,2310659.0,1.4,1.6
2018-02-03,224000.0,243422.0,228250.0,1996000.0,2323553.0,1.4,1.6
2018-02-10,225000.0,233252.0,227000.0,1959000.0,2260662.0,1.4,1.6
2018-02-17,219000.0,212609.0,224000.0,1985000.0,2258815.0,1.4,1.6
2018-02-24,216000.0,196294.0,221000.0,1957000.0,2232578.0,1.4,1.6
2018-03-03,228000.0,225893.0,222000.0,1960000.0,2193796.0,1.4,1.6
2018-03-10,223000.0,205185.0,221500.0,1948000.0,2108273.0,1.4,1.5
2018-03-17,225000.0,198649.0,223000.0,1959000.0,2111985.0,1.4,1.5
2018-03-24,221000.0,195433.0,224250.0,1917000.0,2003104.0,1.4,1.4
2018-03-31,232000.0,201057.0,225250.0,1943000.0,2001558.0,1.4,1.4
2018-04-07,234000.0,231759.0,228000.0,1949000.0,1929729.0,1.4,1.4
2018-04-14,236000.0,226090.0,230750.0,1900000.0,1865447.0,1.3,1.3
2018-04-21,207000.0,200139.0,227250.0,1827000.0,1738881.0,1.3,1.2
2018-04-28,209000.0,186451.0,221500.0,1834000.0,1724410.0,1.3,1.2
2018-05-05,211000.0,190262.0,215750.0,1765000.0,1595249.0,1.2,1.1
2018-05-12,222000.0,195214.0,212250.0,1769000.0,1604119.0,1.3,1.1
2018-05-19,230000.0,207043.0,218000.0,1751000.0,1574005.0,1.2,1.1
2018-05-26,222000.0,202846.0,221250.0,1737000.0,1573324.0,1.2,1.1
2018-06-02,223000.0,191523.0,224250.0,1690000.0,1559759.0,1.2,1.1
2018-06-09,222000.0,217289.0,224250.0,1693000.0,1588055.0,1.2,1.1
2018-06-16,218000.0,206023.0,221250.0,1671000.0,1585979.0,1.2,1.1
2018-06-23,222000.0,222766.0,221250.0,1671000.0,1645954.0,1.2,1.2
2018-06-30,228000.0,231539.0,222500.0,1672000.0,1636791.0,1.2,1.2
2018-07-07,216000.0,264869.0,221000.0,1676000.0,1772705.0,1.2,1.2
2018-07-14,205000.0,232238.0,217750.0,1659000.0,1760512.0,1.2,1.2
2018-07-21,210000.0,201288.0,214750.0,1624000.0,1710317.0,1.1,1.2
2018-07-28,207000.0,179880.0,209500.0,1657000.0,1729890.0,1.2,1.2
2018-08-04,210000.0,185174.0,208000.0,1624000.0,1678892.0,1.1,1.2
2018-08-11,206000.0,180038.0,208250.0,1625000.0,1668840.0,1.1,1.2
2018-08-18,207000.0,173331.0,207500.0,1605000.0,1624222.0,1.1,1.1
2018-08-25,211000.0,175745.0,208500.0,1602000.0,1600035.0,1.1,1.1
2018-09-01,201000.0,173607.0,206250.0,1575000.0,1494794.0,1.1,1.1
2018-09-08,204000.0,162640.0,205750.0,1538000.0,1461553.0,1.1,1.0
2018-09-15,206000.0,173624.0,205500.0,1544000.0,1412803.0,1.1,1.0
2018-09-22,205000.0,172930.0,204000.0,1545000.0,1395338.0,1.1,1.0
2018-09-29,210000.0,171816.0,206250.0,1553000.0,1369317.0,1.1,1.0
2018-10-06,211000.0,193936.0,208000.0,1565000.0,1350834.0,1.1,0.9
2018-10-13,208000.0,190501.0,208500.0,1588000.0,1370783.0,1.1,1.0
2018-10-20,217000.0,198733.0,211500.0,1603000.0,1383438.0,1.1,1.0
2018-10-27,216000.0,198530.0,213000.0,1615000.0,1392026.0,1.1,1.0
2018-11-03,218000.0,214814.0,214750.0,1642000.0,1436650.0,1.2,1.0
2018-11-10,221000.0,235981.0,218000.0,1665000.0,1447041.0,1.2,1.0
2018-11-17,225000.0,226576.0,220000.0,1749000.0,1437625.0,1.2,1.0
2018-11-24,237000.0,218658.0,225250.0,1684000.0,1665498.0,1.2,1.2
2018-12-01,232000.0,317936.0,228750.0,1694000.0,1649838.0,1.2,1.2
2018-12-08,208000.0,261525.0,225500.0,1745000.0,1722153.0,1.2,1.2
2018-12-15,217000.0,255195.0,223500.0,1756000.0,1764701.0,1.2,1.2
2018-12-22,228000.0,291581.0,221250.0,1770000.0,1798455.0,1.2,1.3
2018-12-29,238000.0,327388.0,222750.0,1783000.0,2076626.0,1.3,1.5
2019-01-05,225000.0,350681.0,227000.0,1766000.0,2172537.0,1.2,1.5
2019-01-12,218000.0,343678.0,227250.0,1780000.0,2090268.0,1.2,1.5
2019-01-19,214000.0,269369.0,223750.0,1813000.0,2124743.0,1.3,1.5
2019-01-26,234000.0,250580.0,222750.0,1759000.0,2098575.0,1.2,1.5
2019-02-02,232000.0,254263.0,224500.0,1806000.0,2142462.0,1.3,1.5
2019-02-09,226000.0,242762.0,226500.0,1778000.0,2084361.0,1.2,1.5
2019-02-16,211000.0,210679.0,225750.0,1826000.0,2125992.0,1.3,1.5
2019-02-23,221000.0,203049.0,222500.0,1796000.0,2112404.0,1.3,1.5
2019-03-02,216000.0,220540.0,218500.0,1807000.0,2088410.0,1.3,1.5
2019-03-09,218000.0,209302.0,216500.0,1792000.0,2008348.0,1.3,1.4
2019-03-16,212000.0,194335.0,216750.0,1800000.0,2009317.0,1.3,1.4
2019-03-23,210000.0,190023.0,214000.0,1760000.0,1908355.0,1.2,1.3
2019-03-30,203000.0,183775.0,210750.0,1742000.0,1861690.0,1.2,1.3
2019-04-06,196000.0,196071.0,205250.0,1680000.0,1730108.0,1.2,1.2
2019-04-13,197000.0,196364.0,201500.0,1664000.0,1703576.0,1.2,1.2
2019-04-20,222000.0,211762.0,204500.0,1659000.0,1647874.0,1.2,1.1
2019-04-27,224000.0,204755.0,209750.0,1663000.0,1633529.0,1.2,1.1
2019-05-04,225000.0,204033.0,217000.0,1627000.0,1539086.0,1.1,1.1
2019-05-11,212000.0,188264.0,220750.0,1635000.0,1543472.0,1.1,1.1
2019-05-18,215000.0,191931.0,219000.0,1621000.0,1509265.0,1.1,1.1
2019-05-25,222000.0,198194.0,218500.0,1629000.0,1521741.0,1.1,1.1
2019-06-01,223000.0,189577.0,218000.0,1631000.0,1538065.0,1.1,1.1
2019-06-08,226000.0,220186.0,221500.0,1608000.0,1522665.0,1.1,1.1
2019-06-15,217000.0,205921.0,222000.0,1634000.0,1558646.0,1.1,1.1
2019-06-22,234000.0,225819.0,225000.0,1625000.0,1588879.0,1.1,1.1
2019-06-29,226000.0,224565.0,225750.0,1657000.0,1610633.0,1.2,1.1
2019-07-06,215000.0,231995.0,223000.0,1633000.0,1702745.0,1.1,1.2
2019-07-13,211000.0,243621.0,221500.0,1634000.0,1697505.0,1.1,1.2
2019-07-20,202000.0,196382.0,213500.0,1623000.0,1680029.0,1.1,1.2
2019-07-27,206000.0,178897.0,208500.0,1634000.0,1665287.0,1.1,1.2
2019-08-03,208000.0,179879.0,206750.0,1656000.0,1679471.0,1.1,1.2
2019-08-10,212000.0,186914.0,207000.0,1618000.0,1619391.0,1.1,1.1
2019-08-17,207000.0,171386.0,208250.0,1629000.0,1615803.0,1.1,1.1
2019-08-24,213000.0,176867.0,210000.0,1604000.0,1566934.0,1.1,1.1
2019-08-31,215000.0,179516.0,211750.0,1591000.0,1476199.0,1.1,1.0
2019-09-07,207000.0,160342.0,210500.0,1596000.0,1465554.0,1.1,1.0
2019-09-14,205000.0,173134.0,210000.0,1567000.0,1399601.0,1.1,1.0
2019-09-21,211000.0,175394.0,209500.0,1561000.0,1383346.0,1.1,1.0
2019-09-28,215000.0,172968.0,209500.0,1600000.0,1392109.0,1.1,1.0
2019-10-05,209000.0,188106.0,210000.0,1602000.0,1369887.0,1.1,0.9
2019-10-12,215000.0,201677.0,212500.0,1611000.0,1386868.0,1.1,1.0
2019-10-19,210000.0,186748.0,212250.0,1628000.0,1419512.0,1.1,1.0
2019-10-26,215000.0,198733.0,212250.0,1633000.0,1423681.0,1.1,1.0
2019-11-02,214000.0,205625.0,213500.0,1646000.0,1450304.0,1.1,1.0
2019-11-09,227000.0,238996.0,216500.0,1668000.0,1460773.0,1.2,1.0
2019-11-16,229000.0,227892.0,221250.0,1702000.0,1545007.0,1.2,1.1
2019-11-23,221000.0,252428.0,222750.0,1702000.0,1508294.0,1.2,1.0
2019-11-30,231000.0,216827.0,227000.0,1708000.0,1754590.0,1.2,1.2
2019-12-07,247000.0,317866.0,232000.0,1728000.0,1728066.0,1.2,1.2
2019-12-14,236000.0,270547.0,233750.0,1753000.0,1798885.0,1.2,1.2
2019-12-21,230000.0,287243.0,236000.0,1754000.0,1776317.0,1.2,1.2
2019-12-28,231000.0,312524.0,236000.0,1843000.0,2145748.0,1.3,1.5
2020-01-04,224000.0,335294.0,226750.0,1827000.0,2251286.0,1.3,1.6
2020-01-11,207000.0,337883.0,224250.0,1804000.0,2142711.0,1.2,1.5
2020-01-18,221000.0,281646.0,222500.0,1774000.0,2082416.0,1.2,1.4
2020-01-25,210000.0,228443.0,215500.0,1796000.0,2154866.0,1.2,1.5
2020-02-01,207000.0,224561.0,211250.0,1755000.0,2088693.0,1.2,1.4
2020-02-08,202000.0,219459.0,210000.0,1782000.0,2100473.0,1.2,1.4
2020-02-15,209000.0,209218.0,207000.0,1760000.0,2062380.0,1.2,1.4
2020-02-22,218000.0,198845.0,209000.0,1783000.0,2103967.0,1.2,1.4
2020-02-29,215000.0,216625.0,211000.0,1771000.0,2055782.0,1.2,1.4
2020-03-07,208000.0,199914.0,212500.0,1753000.0,1977774.0,1.2,1.4
2020-03-14,273000.0,251875.0,228500.0,1844000.0,2072982.0,1.3,1.4
2020-03-21,2914000.0,2914268.0,902500.0,3238000.0,3409946.0,2.2,2.3
2020-03-28,5946000.0,5981838.0,2335250.0,8004000.0,8155772.0,5.5,5.6
2020-04-04,6137000.0,6161268.0,3817500.0,12396000.0,12445761.0,8.5,8.5
2020-04-11,4869000.0,4898119.0,4966500.0,16193000.0,16257569.0,11.1,11.2
2020-04-18,4201000.0,4221704.0,5288250.0,17789000.0,17771539.0,12.2,12.2
2020-04-25,3446000.0,3466665.0,4663250.0,21750000.0,21750455.0,14.9,14.9
2020-05-02,2796000.0,2790860.0,3828000.0,20939000.0,20855239.0,14.4,14.3
2020-05-09,2335000.0,2325889.0,3194500.0,23130000.0,23037921.0,15.9,15.8
2020-05-16,2176000.0,2162822.0,2688250.0,19153000.0,19038443.0,13.1,13.1
2020-05-23,1921000.0,1902006.0,2307000.0,19194000.0,19117418.0,13.2,13.1
2020-05-30,1639000.0,1610909.0,2017750.0,19216000.0,19119534.0,13.2,13.1
2020-06-06,1575000.0,1555824.0,1827750.0,18743000.0,18687210.0,12.9,12.8
2020-06-13,1473000.0,1456353.0,1652000.0,17860000.0,17824245.0,12.3,12.2
2020-06-20,1467000.0,1446176.0,1538500.0,17501000.0,17518701.0,12.0,12.0
2020-06-27,1446000.0,1425969.0,1490250.0,16610000.0,16610187.0,11.4,11.4
2020-07-04,1413000.0,1390315.0,1449750.0,17273000.0,17393811.0,11.8,11.9
2020-07-11,1468000.0,1511632.0,1448500.0,16251000.0,16396755.0,11.1,11.2
2020-07-18,1393000.0,1372247.0,1430000.0,16799000.0,16882651.0,11.5,11.6
2020-07-25,1260000.0,1200962.0,1383500.0,15929000.0,15912870.0,10.9,10.9
2020-08-01,1044000.0,982808.0,1291250.0,15255000.0,15254647.0,10.4,10.4
2020-08-08,884000.0,830266.0,1145250.0,14184000.0,14155561.0,9.7,9.7
2020-08-15,927000.0,878555.0,1028750.0,13910000.0,13839981.0,9.5,9.5
2020-08-22,876000.0,813744.0,932750.0,13217000.0,13111405.0,9.0,9.0
2020-08-29,881000.0,826436.0,892000.0,13501000.0,13325312.0,9.2,9.1
2020-09-05,892000.0,857006.0,894000.0,12765000.0,12408041.0,8.7,8.5
2020-09-12,861000.0,784765.0,877500.0,12684000.0,12391859.0,8.7,8.5
2020-09-19,859000.0,814441.0,873250.0,11367000.0,11037698.0,7.8,7.6
2020-09-26,795000.0,731391.0,851750.0,10481000.0,10156207.0,7.2,7.0
2020-10-03,785000.0,722387.0,825000.0,9270000.0,8917793.0,6.3,6.1
2020-10-10,839000.0,820590.0,819500.0,8425000.0,8079336.0,5.7,5.5
2020-10-17,804000.0,757745.0,805750.0,7777000.0,7458507.0,5.3,5.1
2020-10-24,776000.0,731660.0,801000.0,7180000.0,6856962.0,4.9,4.7
2020-10-31,773000.0,736618.0,798000.0,6705000.0,6463798.0,4.6,4.4
2020-11-07,737000.0,719716.0,772500.0,6341000.0,6061953.0,4.3,4.1
2020-11-14,738000.0,708717.0,756000.0,6088000.0,5917243.0,4.2,4.0
2020-11-21,793000.0,827447.0,760250.0,5580000.0,5233699.0,3.8,3.6
2020-11-28,737000.0,710901.0,751250.0,5784000.0,5790244.0,3.9,4.0
2020-12-05,873000.0,946091.0,785250.0,5609000.0,5479766.0,3.8,3.7
2020-12-12,886000.0,928178.0,822250.0,5416000.0,5415955.0,3.7,3.7
2020-12-19,815000.0,854113.0,827750.0,5332000.0,5225786.0,3.6,3.6
2020-12-26,773000.0,823512.0,836750.0,5181000.0,5362308.0,3.5,3.7
2021-01-02,803000.0,898597.0,819250.0,5330000.0,5756886.0,3.8,4.1
2021-01-09,890000.0,1082696.0,820250.0,5069000.0,5479170.0,3.6,3.9
2021-01-16,844000.0,930184.0,827500.0,4877000.0,5189122.0,3.4,3.7
2021-01-23,799000.0,833704.0,834000.0,4789000.0,5172094.0,3.4,3.6
2021-01-30,803000.0,843702.0,834000.0,4658000.0,5016190.0,3.3,3.5
2021-02-06,812000.0,860209.0,814500.0,4599000.0,4948967.0,3.2,3.5
2021-02-13,802000.0,827835.0,804000.0,4495000.0,4804914.0,3.2,3.4
2021-02-20,702000.0,707268.0,779750.0,4406000.0,4820155.0,3.1,3.4
2021-02-27,704000.0,749251.0,755000.0,4227000.0,4539713.0,3.0,3.2
2021-03-06,693000.0,714661.0,725250.0,4185000.0,4461608.0,2.9,3.1
2021-03-13,699000.0,750287.0,699500.0,3970000.0,4200385.0,2.8,3.0
2021-03-20,627000.0,630621.0,680750.0,3887000.0,4069329.0,2.7,2.9
2021-03-27,658000.0,701073.0,669250.0,3859000.0,4002030.0,2.7,2.8
2021-04-03,645000.0,668346.0,657250.0,3830000.0,3902729.0,2.8,2.8
2021-04-10,571000.0,620420.0,625250.0,3779000.0,3828584.0,2.7,2.7
2021-04-17,566000.0,583397.0,610000.0,3776000.0,3776395.0,2.7,2.7
2021-04-24,574000.0,611236.0,589000.0,3767000.0,3763243.0,2.7,2.7
2021-05-01,517000.0,510161.0,557000.0,3756000.0,3688043.0,2.7,2.6
2021-05-08,494000.0,488815.0,537750.0,3737000.0,3666448.0,2.7,2.6
2021-05-15,467000.0,451302.0,513000.0,3618000.0,3502467.0,2.6,2.5
2021-05-22,441000.0,416310.0,479750.0,3575000.0,3499487.0,2.6,2.5
2021-05-29,427000.0,430171.0,457250.0,3422000.0,3333477.0,2.5,2.4
2021-06-05,420000.0,364577.0,438750.0,3350000.0,3296139.0,2.4,2.4
2021-06-12,428000.0,407148.0,429000.0,3268000.0,3228357.0,2.3,2.3
2021-06-19,422000.0,396935.0,424250.0,3263000.0,3282102.0,2.3,2.4
2021-06-26,369000.0,362899.0,409750.0,3316000.0,3233414.0,2.4,2.3
2021-07-03,371000.0,382622.0,397500.0,3182000.0,3121875.0,2.3,2.3
2021-07-10,332000.0,388662.0,373500.0,3069000.0,3259565.0,2.2,2.4
2021-07-17,387000.0,411244.0,364750.0,3142000.0,3260889.0,2.3,2.4
2021-07-24,380000.0,342003.0,367500.0,2868000.0,2922698.0,2.1,2.1
2021-07-31,380000.0,325265.0,369750.0,2793000.0,2849196.0,2.0,2.1
2021-08-07,361000.0,322782.0,377000.0,2815000.0,2806138.0,2.1,2.0
2021-08-14,368000.0,309229.0,372250.0,2805000.0,2807966.0,2.0,2.0
2021-08-21,358000.0,298533.0,366750.0,2736000.0,2673190.0,2.0,2.0
2021-08-28,353000.0,291942.0,360000.0,2789000.0,2660507.0,2.0,1.9
2021-09-04,337000.0,285683.0,354000.0,2611000.0,2376245.0,1.9,1.7
2021-09-11,344000.0,265902.0,348000.0,2756000.0,2505265.0,2.0,1.8
2021-09-18,367000.0,306581.0,350250.0,2803000.0,2469313.0,2.0,1.8
2021-09-25,374000.0,301143.0,355500.0,2722000.0,2395401.0,2.0,1.7
2021-10-02,314000.0,262105.0,349750.0,2624000.0,2259403.0,1.9,1.7
2021-10-09,290000.0,280538.0,336250.0,2536000.0,2166061.0,1.9,1.6
2021-10-16,290000.0,257197.0,317000.0,2268000.0,1984074.0,1.7,1.5
2021-10-23,268000.0,247270.0,290500.0,2173000.0,1881734.0,1.6,1.4
2021-10-30,262000.0,241656.0,277500.0,2199000.0,1950768.0,1.6,1.4
2021-11-06,251000.0,256937.0,267750.0,2041000.0,1781793.0,1.5,1.3
2021-11-13,250000.0,240332.0,257750.0,1970000.0,1818308.0,1.5,1.3
2021-11-20,223000.0,253211.0,246500.0,1807000.0,1559780.0,1.3,1.2
2021-11-27,222000.0,216420.0,236500.0,1876000.0,1962434.0,1.4,1.5
2021-12-04,207000.0,283651.0,225500.0,1767000.0,1733785.0,1.3,1.3
2021-12-11,227000.0,265349.0,219750.0,1769000.0,1827028.0,1.3,1.4
2021-12-18,215000.0,254823.0,217750.0,1625000.0,1637701.0,1.2,1.2
2021-12-25,216000.0,257349.0,216250.0,1705000.0,1868469.0,1.3,1.4
2022-01-01,227000.0,314796.0,221250.0,1690000.0,2061856.0,1.2,1.5
2022-01-08,247000.0,415162.0,226250.0,1721000.0,2072681.0,1.2,1.5
2022-01-15,245000.0,337075.0,233750.0,1697000.0,2009022.0,1.2,1.5
2022-01-22,238000.0,267637.0,239250.0,1706000.0,2043402.0,1.2,1.5
2022-01-29,231000.0,258288.0,240250.0,1692000.0,2005387.0,1.2,1.5
2022-02-05,210000.0,231452.0,231000.0,1667000.0,1980368.0,1.2,1.4
2022-02-12,234000.0,240502.0,228250.0,1634000.0,1918036.0,1.2,1.4
2022-02-19,225000.0,216574.0,225000.0,1614000.0,1859328.0,1.2,1.3
2022-02-26,209000.0,196537.0,219500.0,1610000.0,1917459.0,1.2,1.4
2022-03-05,222000.0,220486.0,222500.0,1581000.0,1810381.0,1.1,1.3
2022-03-12,217000.0,204494.0,218250.0,1538000.0,1727708.0,1.1,1.3
2022-03-19,207000.0,182581.0,213750.0,1518000.0,1676374.0,1.1,1.2
2022-03-26,214000.0,197128.0,215000.0,1528000.0,1654359.0,1.1,1.2
2022-04-02,215000.0,194671.0,213250.0,1491000.0,1569797.0,1.1,1.1
2022-04-09,213000.0,223751.0,212250.0,1426000.0,1467346.0,1.0,1.0
2022-04-16,209000.0,197219.0,212750.0,1428000.0,1441824.0,1.0,1.0
2022-04-23,210000.0,202952.0,211750.0,1422000.0,1403640.0,1.0,1.0
2022-04-30,219000.0,196422.0,212750.0,1380000.0,1332072.0,1.0,1.0
2022-05-07,204000.0,185815.0,210500.0,1367000.0,1283158.0,1.0,0.9
2022-05-14,225000.0,199631.0,214500.0,1374000.0,1290047.0,1.0,0.9
2022-05-21,211000.0,187695.0,214750.0,1360000.0,1256209.0,1.0,0.9
2022-05-28,200000.0,183446.0,210000.0,1364000.0,1256450.0,1.0,0.9
2022-06-04,214000.0,186568.0,212500.0,1349000.0,1270456.0,1.0,0.9
2022-06-11,213000.0,205890.0,209500.0,1359000.0,1288323.0,1.0,0.9
2022-06-18,215000.0,206272.0,210500.0,1362000.0,1302015.0,1.0,0.9
2022-06-25,212000.0,207061.0,213500.0,1403000.0,1372008.0,1.0,1.0
2022-07-02,215000.0,218886.0,213750.0,1363000.0,1327199.0,1.0,0.9
2022-07-09,212000.0,243485.0,213500.0,1371000.0,1450142.0,1.0,1.0
2022-07-16,216000.0,237092.0,213750.0,1392000.0,1443848.0,1.0,1.0
2022-07-23,220000.0,200929.0,215750.0,1420000.0,1451592.0,1.0,1.0
2022-07-30,228000.0,196116.0,219000.0,1429000.0,1457158.0,1.0,1.0
2022-08-06,221000.0,196308.0,221250.0,1424000.0,1423854.0,1.0,1.0
2022-08-13,220000.0,187391.0,222250.0,1411000.0,1414317.0,1.0,1.0
2022-08-20,215000.0,179211.0,221000.0,1421000.0,1390837.0,1.0,1.0
2022-08-27,210000.0,173867.0,216500.0,1420000.0,1365751.0,1.0,1.0
2022-09-03,204000.0,172835.0,212250.0,1397000.0,1273057.0,1.0,0.9
2022-09-10,197000.0,152144.0,206500.0,1402000.0,1279779.0,1.0,0.9
2022-09-17,201000.0,168702.0,203000.0,1382000.0,1217825.0,1.0,0.9
2022-09-24,189000.0,153431.0,197750.0,1397000.0,1233270.0,1.0,0.9
2022-10-01,204000.0,167378.0,197750.0,1392000.0,1201432.0,1.0,0.8
2022-10-08,206000.0,198340.0,200000.0,1406000.0,1199269.0,1.0,0.8
2022-10-15,199000.0,178773.0,199500.0,1405000.0,1226861.0,1.0,0.9
2022-10-22,201000.0,184420.0,202500.0,1432000.0,1239975.0,1.0,0.9
2022-10-29,202000.0,185973.0,202000.0,1430000.0,1267368.0,1.0,0.9
2022-11-05,204000.0,206079.0,201500.0,1409000.0,1230153.0,1.0,0.9
2022-11-12,210000.0,200237.0,204250.0,1452000.0,1342834.0,1.0,0.9
2022-11-19,220000.0,249258.0,209000.0,1465000.0,1261674.0,1.0,0.9
2022-11-26,209000.0,199323.0,210750.0,1513000.0,1561449.0,1.1,1.1
2022-12-03,209000.0,287976.0,212000.0,1537000.0,1503416.0,1.1,1.0
2022-12-10,210000.0,250038.0,212000.0,1553000.0,1594527.0,1.1,1.1
2022-12-17,213000.0,248444.0,210250.0,1557000.0,1577004.0,1.1,1.1
2022-12-24,204000.0,269877.0,209000.0,1596000.0,1710626.0,1.1,1.2
2022-12-31,204000.0,278487.0,207750.0,1585000.0,1870058.0,1.1,1.3
2023-01-07,208000.0,342411.0,207250.0,1584000.0,1908639.0,1.1,1.3
2023-01-14,203000.0,292116.0,204750.0,1601000.0,1863962.0,1.1,1.3
2023-01-21,203000.0,228356.0,204500.0,1597000.0,1911213.0,1.1,1.3
2023-01-28,200000.0,227941.0,203500.0,1628000.0,1925707.0,1.1,1.3
2023-02-04,215000.0,237150.0,205250.0,1637000.0,1948437.0,1.1,1.3
2023-02-11,219000.0,227930.0,209250.0,1643000.0,1928688.0,1.1,1.3
2023-02-18,217000.0,211588.0,212750.0,1634000.0,1891796.0,1.1,1.3
2023-02-25,209000.0,193414.0,215000.0,1661000.0,1970054.0,1.1,1.4
2023-03-04,229000.0,230148.0,218500.0,1658000.0,1910050.0,1.1,1.3
2023-03-11,222000.0,210665.0,219250.0,1674000.0,1878293.0,1.2,1.3
2023-03-18,230000.0,204021.0,222500.0,1690000.0,1877339.0,1.2,1.3
2023-03-25,234000.0,214153.0,228750.0,1701000.0,1841752.0,1.2,1.3
2023-04-01,217000.0,195200.0,225750.0,1691000.0,1792755.0,1.2,1.2
2023-04-08,219000.0,223382.0,225000.0,1735000.0,1785781.0,1.2,1.2
2023-04-15,223000.0,216740.0,223250.0,1724000.0,1749975.0,1.2,1.2
2023-04-22,210000.0,203233.0,217250.0,1708000.0,1687739.0,1.2,1.1
2023-04-29,214000.0,192152.0,216500.0,1710000.0,1658533.0,1.2,1.1
2023-05-06,223000.0,203898.0,217500.0,1715000.0,1610523.0,1.2,1.1
2023-05-13,225000.0,199654.0,218000.0,1714000.0,1610901.0,1.2,1.1
2023-05-20,227000.0,201921.0,222250.0,1739000.0,1608222.0,1.2,1.1
2023-05-27,230000.0,208053.0,226250.0,1729000.0,1593705.0,1.2,1.1
2023-06-03,253000.0,219975.0,233750.0,1755000.0,1647848.0,1.2,1.1
2023-06-10,258000.0,250795.0,242000.0,1764000.0,1670300.0,1.2,1.1
2023-06-17,260000.0,249813.0,250250.0,1759000.0,1674548.0,1.2,1.1
2023-06-24,236000.0,229726.0,251750.0,1775000.0,1737351.0,1.2,1.2
2023-07-01,248000.0,251705.0,250500.0,1778000.0,1724280.0,1.2,1.2
2023-07-08,229000.0,258065.0,243250.0,1793000.0,1887928.0,1.2,1.3
2023-07-15,228000.0,258328.0,235250.0,1772000.0,1835614.0,1.2,1.2
2023-07-22,231000.0,213497.0,234000.0,1781000.0,1827375.0,1.2,1.2
2023-07-29,238000.0,205550.0,231500.0,1778000.0,1809776.0,1.2,1.2
2023-08-05,258000.0,227917.0,238750.0,1807000.0,1814133.0,1.2,1.2
2023-08-12,248000.0,213803.0,243750.0,1801000.0,1802463.0,1.2,1.2
2023-08-19,240000.0,199517.0,246000.0,1821000.0,1789862.0,1.2,1.2
2023-08-26,234000.0,193441.0,245000.0,1806000.0,1747737.0,1.2,1.2
2023-09-02,227000.0,191353.0,237250.0,1812000.0,1655840.0,1.2,1.1
2023-09-09,227000.0,175594.0,232000.0,1799000.0,1645927.0,1.2,1.1
2023-09-16,210000.0,176586.0,224500.0,1799000.0,1588285.0,1.2,1.1
2023-09-23,215000.0,175650.0,219750.0,1793000.0,1585277.0,1.2,1.1
2023-09-30,216000.0,174701.0,217000.0,1798000.0,1555172.0,1.2,1.1
2023-10-07,210000.0,199743.0,212750.0,1808000.0,1542397.0,1.2,1.0
2023-10-14,200000.0,182394.0,210250.0,1806000.0,1572658.0,1.2,1.1
2023-10-21,214000.0,193999.0,210000.0,1816000.0,1574471.0,1.2,1.1
2023-10-28,217000.0,199306.0,210250.0,1821000.0,1607693.0,1.2,1.1
2023-11-04,216000.0,214161.0,211750.0,1805000.0,1578946.0,1.2,1.1
2023-11-11,229000.0,217438.0,219000.0,1789000.0,1654732.0,1.2,1.1
2023-11-18,213000.0,240990.0,218750.0,1807000.0,1555596.0,1.2,1.0
2023-11-25,214000.0,199750.0,218000.0,1814000.0,1845084.0,1.2,1.2
2023-12-02,216000.0,294615.0,218000.0,1813000.0,1767267.0,1.2,1.2
2023-12-09,204000.0,249090.0,211750.0,1801000.0,1835427.0,1.2,1.2
2023-12-16,209000.0,241040.0,210750.0,1801000.0,1836539.0,1.2,1.2
2023-12-23,210000.0,274840.0,209750.0,1813000.0,1902054.0,1.2,1.3
2023-12-30,198000.0,269416.0,205250.0,1752000.0,2104257.0,1.2,1.4
2024-01-06,199000.0,318906.0,204000.0,1723000.0,2122561.0,1.1,1.4
2024-01-13,193000.0,291330.0,200000.0,1752000.0,2053289.0,1.2,1.4
2024-01-20,223000.0,249947.0,203250.0,1824000.0,2181430.0,1.2,1.5
2024-01-27,225000.0,263919.0,210000.0,1802000.0,2130018.0,1.2,1.4
2024-02-03,214000.0,234729.0,213750.0,1797000.0,2139970.0,1.2,1.4
2024-02-10,212000.0,223985.0,218500.0,1781000.0,2092787.0,1.2,1.4
2024-02-17,203000.0,199337.0,213500.0,1797000.0,2092108.0,1.2,1.4
2024-02-24,214000.0,195604.0,210750.0,1790000.0,2113581.0,1.2,1.4
2024-03-02,212000.0,214425.0,210250.0,1795000.0,2078603.0,1.2,1.4
2024-03-09,213000.0,202723.0,210500.0,1790000.0,2008790.0,1.2,1.3
2024-03-16,213000.0,191773.0,213000.0,1802000.0,2012613.0,1.2,1.3
2024-03-23,214000.0,193923.0,213000.0,1788000.0,1937982.0,1.2,1.3
2024-03-30,223000.0,197349.0,215750.0,1804000.0,1928017.0,1.2,1.3
2024-04-06,212000.0,215265.0,215500.0,1793000.0,1848827.0,1.2,1.2
2024-04-13,211000.0,209064.0,215000.0,1776000.0,1812811.0,1.2,1.2
2024-04-20,209000.0,202619.0,213750.0,1771000.0,1753465.0,1.2,1.2
2024-04-27,209000.0,189634.0,210250.0,1786000.0,1743445.0,1.2,1.2
2024-05-04,229000.0,210050.0,214500.0,1790000.0,1686177.0,1.2,1.1
2024-05-11,222000.0,197680.0,217250.0,1793000.0,1686782.0,1.2,1.1
2024-05-18,216000.0,192717.0,219000.0,1798000.0,1666648.0,1.2,1.1
2024-05-25,221000.0,197164.0,222000.0,1810000.0,1670550.0,1.2,1.1
2024-06-01,229000.0,196177.0,222000.0,1825000.0,1708158.0,1.2,1.1
2024-06-08,241000.0,236046.0,226750.0,1832000.0,1727754.0,1.2,1.1
2024-06-15,237000.0,227980.0,232000.0,1844000.0,1747949.0,1.2,1.2
2024-06-22,233000.0,225100.0,235000.0,1864000.0,1820786.0,1.2,1.2
2024-06-29,238000.0,239379.0,237250.0,1856000.0,1795072.0,1.2,1.2
2024-07-06,222000.0,242191.0,232500.0,1866000.0,1945762.0,1.2,1.3
2024-07-13,240000.0,280555.0,233250.0,1853000.0,1913683.0,1.2,1.3
2024-07-20,236000.0,225839.0,234000.0,1874000.0,1934409.0,1.2,1.3
2024-07-27,248000.0,216643.0,236500.0,1876000.0,1906472.0,1.2,1.3
2024-08-03,234000.0,204030.0,239500.0,1863000.0,1883316.0,1.2,1.2
2024-08-10,228000.0,200845.0,236500.0,1859000.0,1857111.0,1.2,1.2
2024-08-17,232000.0,192463.0,235500.0,1864000.0,1843165.0,1.2,1.2
2024-08-24,232000.0,192741.0,231500.0,1849000.0,1800462.0,1.2,1.2
2024-08-31,228000.0,190631.0,230000.0,1845000.0,1704574.0,1.2,1.1
2024-09-07,230000.0,178687.0,230500.0,1827000.0,1671782.0,1.2,1.1
2024-09-14,222000.0,186835.0,228000.0,1831000.0,1628013.0,1.2,1.1
2024-09-21,221000.0,181713.0,225250.0,1825000.0,1613670.0,1.2,1.1
2024-09-28,227000.0,181210.0,225000.0,1858000.0,1614324.0,1.2,1.1
2024-10-05,259000.0,236179.0,232250.0,1869000.0,1598184.0,1.2,1.1
2024-10-12,240000.0,225245.0,236750.0,1884000.0,1627757.0,1.2,1.1
2024-10-19,228000.0,203482.0,238500.0,1855000.0,1616081.0,1.2,1.1
2024-10-26,218000.0,201447.0,236250.0,1880000.0,1646920.0,1.2,1.1
2024-11-02,221000.0,212743.0,226750.0,1872000.0,1647230.0,1.2,1.1
2024-11-09,219000.0,230810.0,221500.0,1892000.0,1660806.0,1.2,1.1
2024-11-16,216000.0,214257.0,218500.0,1892000.0,1722043.0,1.2,1.1
2024-11-23,216000.0,245163.0,218000.0,1871000.0,1661748.0,1.2,1.1
2024-11-30,225000.0,211226.0,219000.0,1873000.0,1931449.0,1.2,1.3
2024-12-07,239000.0,309459.0,224000.0,1862000.0,1864310.0,1.2,1.2
2024-12-14,222000.0,252071.0,225500.0,1882000.0,1945890.0,1.2,1.3
2024-12-21,219000.0,275557.0,226250.0,1828000.0,1859372.0,1.2,1.2
2024-12-28,209000.0,283488.0,222250.0,1871000.0,2186732.0,1.2,1.4
2025-01-04,205000.0,306657.0,213750.0,1850000.0,2273297.0,1.2,1.5
2025-01-11,217000.0,352357.0,212500.0,1888000.0,2242358.0,1.2,1.5
2025-01-18,222000.0,284325.0,213250.0,1849000.0,2170197.0,1.2,1.4
2025-01-25,210000.0,228320.0,213500.0,1874000.0,2252149.0,1.2,1.5
2025-02-01,222000.0,241101.0,217750.0,1839000.0,2187841.0,1.2,1.4
2025-02-08,215000.0,232745.0,217250.0,1861000.0,2191941.0,1.2,1.4
2025-02-15,224000.0,223538.0,217750.0,1847000.0,2162489.0,1.2,1.4
2025-02-22,243000.0,220856.0,226000.0,1892000.0,2231017.0,1.2,1.5
2025-03-01,224000.0,226019.0,226500.0,1851000.0,2151269.0,1.2,1.4
2025-03-08,223000.0,214006.0,228500.0,1881000.0,2118174.0,1.2,1.4
2025-03-15,225000.0,207398.0,228750.0,1847000.0,2074108.0,1.2,1.4
2025-03-22,225000.0,199900.0,224250.0,1893000.0,2060082.0,1.2,1.4
2025-03-29,219000.0,200081.0,223000.0,1844000.0,1985726.0,1.2,1.3
2025-04-05,224000.0,216534.0,223250.0,1878000.0,1943696.0,1.2,1.3
2025-04-12,216000.0,220993.0,221000.0,1833000.0,1880531.0,1.2,1.2
2025-04-19,223000.0,210713.0,220500.0,1908000.0,1898289.0,1.3,1.2
2025-04-26,241000.0,223909.0,226000.0,1872000.0,1838382.0,1.2,1.2
2025-05-03,229000.0,207814.0,227250.0,1877000.0,1779757.0,1.2,1.2
2025-05-10,228000.0,204652.0,230250.0,1893000.0,1779771.0,1.2,1.2
2025-05-17,226000.0,201764.0,231000.0,1907000.0,1775572.0,1.3,1.2
2025-05-24,239000.0,211770.0,230500.0,1902000.0,1755416.0,1.2,1.2
2025-05-31,248000.0,208969.0,235250.0,1951000.0,1826082.0,1.3,1.2
2025-06-07,250000.0,245870.0,240750.0,1937000.0,1813467.0,1.3,1.2
2025-06-14,246000.0,236518.0,245750.0,1964000.0,1862036.0,1.3,1.2
2025-06-21,237000.0,227516.0,245250.0,1956000.0,1900783.0,1.3,1.2
2025-06-28,232000.0,230392.0,241250.0,1954000.0,1895590.0,1.3,1.2
2025-07-05,228000.0,241361.0,235750.0,1951000.0,2011503.0,1.3,1.3
2025-07-12,221000.0,261111.0,229500.0,1946000.0,2006609.0,1.3,1.3
2025-07-19,217000.0,216023.0,224500.0,1936000.0,2005921.0,1.3,1.3
2025-07-26,219000.0,193790.0,221250.0,1968000.0,1999971.0,1.3,1.3
2025-08-02,227000.0,195492.0,221000.0,1942000.0,1973534.0,1.3,1.3
2025-08-09,224000.0,199390.0,221750.0,1961000.0,1955063.0,1.3,1.3
2025-08-16,234000.0,194217.0,226000.0,1944000.0,1934364.0,1.3,1.3
2025-08-23,229000.0,191208.0,228500.0,1939000.0,1892210.0,1.3,1.2
2025-08-30,236000.0,196712.0,230750.0,1927000.0,1803344.0,1.3,1.2
2025-09-06,264000.0,204862.0,240750.0,1928000.0,1759869.0,1.3,1.2
2025-09-13,232000.0,195433.0,240250.0,1926000.0,1727777.0,1.3,1.1
2025-09-20,218000.0,180611.0,237500.0,,,,
