lastYearRptDt,lastYearEPS,time,symbol,name,marketCap,fiscalQuarterEnding,epsForecast,noOfEsts,epsForecast_num,lastYearEPS_num,noOfEsts_num,queryDate
N/A,N/A,time-after-hours,CRWV,"CoreWeave, Inc.","$56,552,253,911",Sep/2025,($0.54),1,,,1.0,2025-11-10
10/25/2024,$0.31,time-pre-market,B,Barrick Mining Corporation,"$53,980,333,745",Sep/2025,$0.57,4,0.57,0.31,4.0,2025-11-10
11/07/2024,$0.31,time-pre-market,B,Barrick Mining Corporation,"$53,980,333,745",Sep/2025,$0.57,4,0.57,0.31,4.0,2025-11-10
11/12/2024,$1,time-after-hours,OXY,Occidental Petroleum Corporation,"$39,456,344,859",Sep/2025,$0.48,8,0.48,1.0,8.0,2025-11-10
11/12/2024,($0.10),time-after-hours,RKLB,Rocket Lab Corporation,"$27,117,152,684",Sep/2025,($0.09),3,,,3.0,2025-11-10
11/14/2024,($0.24),time-after-hours,ASTS,"AST SpaceMobile, Inc.","$25,114,191,154",Sep/2025,($0.18),6,,,6.0,2025-11-10
N/A,N/A,time-pre-market,VG,"Venture Global, Inc.","$19,350,735,765",Sep/2025,$0.23,1,0.23,,1.0,2025-11-10
11/21/2024,$0.15,time-pre-market,BEKE,KE Holdings Inc,"$18,875,767,443",Sep/2025,$0.09,2,0.09,0.15,2.0,2025-11-10
11/12/2024,$0.92,time-pre-market,TSN,"Tyson Foods, Inc.","$18,514,238,899",Sep/2025,$0.85,3,0.85,0.92,3.0,2025-11-10
11/12/2024,$1.61,time-after-hours,SBS,Companhia de saneamento Basico Do Estado De Sao Paulo - Sabesp,"$16,903,199,036",Sep/2025,,N/A,,1.61,,2025-11-10
10/29/2024,$2.53,time-pre-market,KSPI,Joint Stock Company Kaspi.kz,"$13,914,116,343",Sep/2025,$4.30,2,4.3,2.53,2.0,2025-11-10
11/12/2024,($0.37),time-pre-market,ROIV,Roivant Sciences Ltd.,"$13,568,860,233",Sep/2025,($0.34),2,,,2.0,2025-11-10
11/12/2024,($0.08),time-after-hours,RGTI,"Rigetti Computing, Inc. ","$11,404,130,681",Sep/2025,($0.05),2,,,2.0,2025-11-10
N/A,$0.49,time-after-hours,PSKY,Paramount Skydance Corporation,"$10,005,497,279",Sep/2025,$0.49,1,0.49,0.49,1.0,2025-11-10
11/11/2024,$0.24,time-pre-market,MNDY,monday.com Ltd.,"$9,782,498,840",Sep/2025,$0.10,3,0.1,0.24,3.0,2025-11-10
11/12/2024,$0.42,time-pre-market,CART,Maplebear Inc.,"$9,607,593,853",Sep/2025,$0.50,10,0.5,0.42,10.0,2025-11-10
11/13/2024,$0.49,time-pre-market,TSEM,Tower Semiconductor Ltd.,"$9,214,333,566",Sep/2025,$0.47,2,0.47,0.49,2.0,2025-11-10
11/13/2024,$0.06,time-after-hours,SARO,"StandardAero, Inc.","$9,197,932,260",Sep/2025,$0.20,3,0.2,0.06,3.0,2025-11-10
N/A,N/A,time-not-supplied,MTSR,"Metsera, Inc.","$7,687,964,271",Sep/2025,($0.56),1,,,1.0,2025-11-10
11/06/2024,$0.45,time-pre-market,STWD,"STARWOOD PROPERTY TRUST, INC.","$6,744,338,103",Sep/2025,$0.44,1,0.44,0.45,1.0,2025-11-10
11/10/2024,$0.18,time-pre-market,RDNT,"RadNet, Inc.","$6,037,141,706",Sep/2025,$0.23,3,0.23,0.18,3.0,2025-11-10
11/12/2024,($0.05),time-after-hours,WULF,TeraWulf Inc.,"$5,882,814,859",Sep/2025,($0.04),4,,,4.0,2025-11-10
11/12/2024,$0.68,time-pre-market,CAMT,Camtek Ltd.,"$5,355,526,916",Sep/2025,$0.73,4,0.73,0.68,4.0,2025-11-10
11/12/2024,$0.91,time-pre-market,BXSL,Blackstone Secured Lending Fund,"$5,023,777,853",Sep/2025,$0.80,6,0.8,0.91,6.0,2025-11-10
11/04/2024,$1.95,time-pre-market,HHH,Howard Hughes Holdings Inc.,"$4,636,858,453",Sep/2025,$1.56,1,1.56,1.95,1.0,2025-11-10
11/07/2024,($0.74),time-pre-market,IMVT,"Immunovant, Inc. ","$4,216,724,384",Sep/2025,($0.72),10,,,10.0,2025-11-10
11/18/2024,($0.35),time-pre-market,BTDR,Bitdeer Technologies Group,"$4,198,562,820",Sep/2025,($0.22),4,,,4.0,2025-11-10
11/05/2024,($0.22),time-pre-market,GBTG,"Global Business Travel Group, Inc.","$3,674,053,479",Sep/2025,$0.02,1,0.02,,1.0,2025-11-10
11/12/2024,($0.28),time-after-hours,BLTE,"Belite Bio, Inc","$3,585,858,234",Sep/2025,($0.53),2,,,2.0,2025-11-10
12/13/2024,$3,time-pre-market,VEON,VEON Ltd.,"$3,363,308,000",Sep/2025,$1.21,2,1.21,3.0,2.0,2025-11-10
N/A,N/A,time-pre-market,KYIV,Kyivstar Group Ltd.,"$3,093,571,208",Sep/2025,$0.34,1,0.34,,1.0,2025-11-10
11/12/2024,($0.25),time-after-hours,PLUG,"Plug Power, Inc.","$2,910,198,670",Sep/2025,($0.13),7,,,7.0,2025-11-10
11/12/2024,$0.13,time-pre-market,SGRY,"Surgery Partners, Inc.","$2,820,607,020",Sep/2025,$0.12,2,0.12,0.13,2.0,2025-11-10
N/A,N/A,time-pre-market,ETOR,eToro Group Ltd.,"$2,785,284,821",Sep/2025,$0.52,1,0.52,,1.0,2025-11-10
11/19/2024,$0.14,time-pre-market,RNW,ReNew Energy Global plc,"$2,724,396,271",Sep/2025,$0.17,2,0.17,0.14,2.0,2025-11-10
11/11/2024,($1.13),time-after-hours,MLYS,"Mineralys Therapeutics, Inc.","$2,639,211,275",Sep/2025,($0.66),3,,,3.0,2025-11-10
11/07/2024,$0.87,time-after-hours,TDW,Tidewater Inc.,"$2,516,685,896",Sep/2025,$0.46,1,0.46,0.87,1.0,2025-11-10
10/21/2024,($0.16),time-not-supplied,LU,Lufax Holding Ltd,"$2,469,924,000",Sep/2025,,N/A,,,,2025-11-10
11/11/2024,$0.36,time-not-supplied,SPNS,Sapiens International Corporation N.V.,"$2,409,298,270",Sep/2025,$0.32,1,0.32,0.36,1.0,2025-11-10
11/11/2024,$0.20,time-not-supplied,CEPU,Central Puerto S.A.,"$2,404,267,349",Sep/2025,,N/A,,0.2,,2025-11-10
11/05/2024,($0.05),time-after-hours,BBAI,"BigBear.ai, Inc.","$2,124,129,325",Sep/2025,($0.06),2,,,2.0,2025-11-10
11/12/2024,($0.27),time-pre-market,BKV,BKV Corporation,"$2,086,437,349",Sep/2025,$0.13,1,0.13,,1.0,2025-11-10
11/12/2024,$0.27,time-pre-market,PGY,Pagaya Technologies Ltd.,"$2,053,267,998",Sep/2025,$0.42,1,0.42,0.27,1.0,2025-11-10
N/A,N/A,time-after-hours,GEMI,"Gemini Space Station, Inc.","$1,934,976,194",Sep/2025,($0.81),1,,,1.0,2025-11-10
11/12/2024,$2,time-after-hours,GRDN,"Guardian Pharmacy Services, Inc.","$1,804,019,848",Sep/2025,$0.19,3,0.19,2.0,3.0,2025-11-10
11/07/2024,N/A,time-after-hours,JAMF,Jamf Holding Corp.,"$1,705,623,331",Sep/2025,$0.08,4,0.08,,4.0,2025-11-10
N/A,N/A,time-not-supplied,SION,"Sionna Therapeutics, Inc.","$1,573,143,292",Sep/2025,($0.52),1,,,1.0,2025-11-10
11/13/2024,($0.12),time-after-hours,HROW,"Harrow, Inc.","$1,306,545,422",Sep/2025,$0.11,3,0.11,,3.0,2025-11-10
11/04/2024,($0.17),time-after-hours,REAL,"The RealReal, Inc.","$1,289,505,118",Sep/2025,($0.14),2,,,2.0,2025-11-10
11/12/2024,($0.47),time-pre-market,WVE,WAVE Life Sciences Ltd.,"$1,274,715,085",Sep/2025,($0.30),7,,,7.0,2025-11-10
11/13/2024,$0.19,time-pre-market,DOLE,Dole plc,"$1,230,134,780",Sep/2025,$0.17,2,0.17,0.19,2.0,2025-11-10
N/A,$0.22,time-after-hours,YALA,Yalla Group Limited,"$1,162,614,595",Sep/2025,,1,,0.22,1.0,2025-11-10
11/12/2024,($0.11),time-pre-market,EVGO,EVgo Inc.,"$1,128,491,632",Sep/2025,($0.18),4,,,4.0,2025-11-10
11/11/2024,$2.45,time-pre-market,GSL,"Global Ship Lease, Inc.","$1,109,249,258",Sep/2025,$2.27,1,2.27,2.45,1.0,2025-11-10
11/13/2024,$0.52,time-after-hours,KBDC,"Kayne Anderson BDC, Inc.","$1,012,073,836",Sep/2025,$0.40,1,0.4,0.52,1.0,2025-11-10
11/12/2024,($0.22),time-after-hours,CNNE,"Cannae Holdings, Inc.","$992,022,374",Sep/2025,($0.31),1,,,1.0,2025-11-10
10/31/2024,($0.01),time-pre-market,NVRI,Enviri Corporation,"$955,678,539",Sep/2025,($0.05),1,,,1.0,2025-11-10
11/12/2024,$0.74,time-pre-market,THS,"Treehouse Foods, Inc.","$948,895,000",Sep/2025,$0.53,3,0.53,0.74,3.0,2025-11-10
N/A,$1.54,time-not-supplied,CBL,"CBL & Associates Properties, Inc.","$938,821,892",Sep/2025,,1,,1.54,1.0,2025-11-10
11/05/2024,$0.53,time-after-hours,BCSF,"Bain Capital Specialty Finance, Inc.","$906,213,043",Sep/2025,$0.45,1,0.45,0.53,1.0,2025-11-10
11/06/2024,($1.99),time-after-hours,BALY,Bally's Corporation,"$891,580,671",Sep/2025,($0.70),2,,,2.0,2025-11-10
11/12/2024,$0.04,time-after-hours,HNRG,Hallador Energy Company,"$875,258,181",Sep/2025,$0.06,2,0.06,0.04,2.0,2025-11-10
11/13/2024,($0.20),time-pre-market,SPRY,"ARS Pharmaceuticals, Inc.","$860,777,395",Sep/2025,($0.45),4,,,4.0,2025-11-10
11/07/2024,($0.55),time-pre-market,OCS,Oculis Holding AG,"$841,374,487",Sep/2025,($0.50),4,,,4.0,2025-11-10
11/06/2024,($0.13),time-pre-market,ACDC,ProFrac Holding Corp.,"$820,634,547",Sep/2025,($0.43),4,,,4.0,2025-11-10
N/A,$1.13,time-not-supplied,NPK,"National Presto Industries, Inc.","$778,798,194",Sep/2025,,1,,1.13,1.0,2025-11-10
N/A,N/A,time-after-hours,AIV,Apartment Investment and Management Company,"$755,778,815",Sep/2025,,1,,,1.0,2025-11-10
11/12/2024,($0.26),time-after-hours,TBPH,"Theravance Biopharma, Inc.","$742,829,116",Sep/2025,($0.12),2,,,2.0,2025-11-10
11/07/2024,N/A,time-after-hours,GETY,"Getty Images Holdings, Inc.","$738,364,125",Sep/2025,$0.04,2,0.04,,2.0,2025-11-10
N/A,N/A,time-after-hours,INR,"Infinity Natural Resources, Inc.","$687,903,196",Sep/2025,$0.44,1,0.44,,1.0,2025-11-10
11/12/2024,$0.03,time-pre-market,EXOD,"Exodus Movement, Inc.","$672,378,738",Sep/2025,($0.01),2,,0.03,2.0,2025-11-10
11/12/2024,($0.16),time-after-hours,SIBN,"SI-BONE, Inc.","$662,213,368",Sep/2025,($0.16),4,,,4.0,2025-11-10
11/07/2024,$0.01,time-after-hours,GDOT,Green Dot Corporation,"$645,325,013",Sep/2025,($0.20),2,,0.01,2.0,2025-11-10
11/12/2024,($0.02),time-pre-market,AIOT,"PowerFleet, Inc.","$637,858,936",Sep/2025,$0,4,0.0,,4.0,2025-11-10
11/07/2024,($0.04),time-pre-market,CEVA,"CEVA, Inc.","$624,878,888",Sep/2025,($0.09),3,,,3.0,2025-11-10
11/07/2024,($0.16),time-after-hours,IHRT,"iHeartMedia, Inc.","$599,067,693",Sep/2025,$0,3,0.0,,3.0,2025-11-10
11/11/2024,$0.13,time-pre-market,LINC,Lincoln Educational Services Corporation,"$586,521,413",Sep/2025,$0.12,2,0.12,0.13,2.0,2025-11-10
11/08/2024,$0.31,time-after-hours,ALTI,"AlTi Global, Inc.","$571,948,155",Sep/2025,$0.02,1,0.02,0.31,1.0,2025-11-10
11/12/2024,$0.04,time-after-hours,APEI,"American Public Education, Inc.","$569,114,721",Sep/2025,($0.09),6,,0.04,6.0,2025-11-10
11/07/2024,($0.10),time-pre-market,AKBA,"Akebia Therapeutics, Inc.","$554,153,129",Sep/2025,$0,3,0.0,,3.0,2025-11-10
11/14/2024,$0.31,time-after-hours,CWCO,Consolidated Water Co. Ltd.,"$550,430,243",Sep/2025,$0.24,3,0.24,0.31,3.0,2025-11-10
11/12/2024,($0.12),time-after-hours,DSP,Viant Technology Inc.,"$535,084,631",Sep/2025,($0.09),2,,,2.0,2025-11-10
N/A,$0.26,time-pre-market,CMCL,Caledonia Mining Corporation Plc,"$523,274,542",Sep/2025,,1,,0.26,1.0,2025-11-10
11/12/2024,($0.18),time-after-hours,NRGV,"Energy Vault Holdings, Inc.","$516,318,748",Sep/2025,($0.03),1,,,1.0,2025-11-10
11/07/2024,($0.09),time-after-hours,GEVO,"Gevo, Inc.","$510,280,465",Sep/2025,($0.04),1,,,1.0,2025-11-10
11/13/2024,($0.98),time-pre-market,SNDA,"Sonida Senior Living, Inc.","$484,506,800",Sep/2025,($0.75),1,,,1.0,2025-11-10
11/12/2024,($0.22),time-pre-market,TLS,Telos Corporation,"$474,023,632",Sep/2025,($0.09),4,,,4.0,2025-11-10
N/A,($3.49),time-pre-market,BKKT,"Bakkt Holdings, Inc.","$465,061,840",Sep/2025,,1,,,1.0,2025-11-10
11/07/2024,($0.42),time-pre-market,ADCT,ADC Therapeutics SA,"$453,372,562",Sep/2025,($0.40),1,,,1.0,2025-11-10
11/11/2024,$0.51,time-after-hours,DDI,"DoubleDown Interactive Co., Ltd.","$432,601,531",Sep/2025,$0.60,3,0.6,0.51,3.0,2025-11-10
N/A,($15.28),time-after-hours,SMC,Summit Midstream Corporation,"$408,918,352",Sep/2025,,1,,,1.0,2025-11-10
11/11/2024,$0.08,time-after-hours,EGY,"VAALCO Energy, Inc. ","$395,138,779",Sep/2025,($0.02),1,,0.08,1.0,2025-11-10
11/12/2024,($0.03),time-pre-market,SRTA,"Strata Critical Medical, Inc.","$385,603,256",Sep/2025,($0.02),1,,,1.0,2025-11-10
11/12/2024,($0.46),time-after-hours,AMBC,"Ambac Financial Group, Inc.","$383,742,357",Sep/2025,($0.23),2,,,2.0,2025-11-10
11/13/2024,$0.07,time-pre-market,KMDA,Kamada Ltd.,"$383,558,557",Sep/2025,$0.10,3,0.1,0.07,3.0,2025-11-10
N/A,$0.11,time-after-hours,TTGT,"TechTarget, Inc.","$368,883,240",Sep/2025,,1,,0.11,1.0,2025-11-10
11/12/2024,($0.02),time-after-hours,PUBM,"PubMatic, Inc.","$359,840,262",Sep/2025,($0.22),3,,,3.0,2025-11-10
11/12/2024,$0.18,time-after-hours,RPAY,Repay Holdings Corporation,"$355,373,970",Sep/2025,$0.17,2,0.17,0.18,2.0,2025-11-10
11/14/2024,$0.40,time-after-hours,NGS,"Natural Gas Services Group, Inc.","$351,184,792",Sep/2025,$0.33,1,0.33,0.4,1.0,2025-11-10
11/07/2024,($0.01),time-pre-market,VFF,"Village Farms International, Inc.","$337,932,507",Sep/2025,$0.03,2,0.03,,2.0,2025-11-10
11/12/2024,$0.27,time-pre-market,MPAA,"Motorcar Parts of America, Inc.","$330,340,944",Sep/2025,,N/A,,0.27,,2025-11-10
N/A,($5.89),time-after-hours,SEG,Seaport Entertainment Group Inc.,"$302,768,791",Sep/2025,,1,,,1.0,2025-11-10
10/28/2024,$0.39,time-pre-market,RNGR,"Ranger Energy Services, Inc.","$297,289,518",Sep/2025,$0.38,1,0.38,0.39,1.0,2025-11-10
N/A,$0.16,time-after-hours,RLGT,"Radiant Logistics, Inc.","$282,387,636",Sep/2025,,1,,0.16,1.0,2025-11-10
11/12/2024,($0.23),time-pre-market,MASS,908 Devices Inc.,"$279,664,160",Sep/2025,($0.13),3,,,3.0,2025-11-10
11/13/2024,($0.38),time-after-hours,CAPR,"Capricor Therapeutics, Inc.","$277,044,869",Sep/2025,($0.54),5,,,5.0,2025-11-10
N/A,N/A,time-pre-market,ANTA,Antalpha Platform Holding Company,"$266,307,915",Sep/2025,$0.12,1,0.12,,1.0,2025-11-10
11/07/2024,($0.26),time-after-hours,ARCT,Arcturus Therapeutics Holdings Inc.,"$242,489,944",Sep/2025,($1.25),4,,,4.0,2025-11-10
12/23/2024,($0.22),time-after-hours,QTRX,Quanterix Corporation,"$242,087,417",Sep/2025,($0.23),1,,,1.0,2025-11-10
N/A,($0.15),time-pre-market,PESI,"Perma-Fix Environmental Services, Inc.","$239,558,507",Sep/2025,,1,,,1.0,2025-11-10
N/A,($0.02),time-after-hours,KLTR,"Kaltura, Inc.","$231,737,243",Sep/2025,,1,,,1.0,2025-11-10
11/06/2024,($7.80),time-after-hours,OM,"Outset Medical, Inc.","$226,874,285",Sep/2025,($0.94),1,,,1.0,2025-11-10
11/07/2024,($0.26),time-after-hours,ONTF,"ON24, Inc.","$222,108,023",Sep/2025,($0.17),1,,,1.0,2025-11-10
11/06/2024,($0.09),time-after-hours,HCAT,"Health Catalyst, Inc","$213,232,084",Sep/2025,($0.05),4,,,4.0,2025-11-10
N/A,($0.11),time-pre-market,POWW,Outdoor Holding Company,"$187,377,323",Sep/2025,($0.05),1,,,1.0,2025-11-10
11/12/2024,($0.98),time-after-hours,IMDX,Insight Molecular Diagnostics Inc.,"$175,439,061",Sep/2025,,N/A,,,,2025-11-10
11/12/2024,($0.21),time-after-hours,CATX,"Perspective Therapeutics, Inc.","$173,032,767",Sep/2025,($0.33),7,,,7.0,2025-11-10
11/07/2024,$0.39,time-pre-market,WHF,"WhiteHorse Finance, Inc.","$165,955,648",Sep/2025,$0.29,4,0.29,0.39,4.0,2025-11-10
N/A,N/A,time-after-hours,HIT,"Health In Tech, Inc.","$165,784,516",Sep/2025,$0.01,1,0.01,,1.0,2025-11-10
11/06/2024,($0.06),time-after-hours,SANG,Sangoma Technologies Corporation,"$165,518,258",Sep/2025,($0.04),2,,,2.0,2025-11-10
N/A,($0.03),time-after-hours,FF,FutureFuel Corp.,"$164,700,194",Sep/2025,,1,,,1.0,2025-11-10
11/12/2024,$0.08,time-pre-market,RAIL,"Freightcar America, Inc.","$158,948,794",Sep/2025,$0.15,2,0.15,0.08,2.0,2025-11-10
N/A,N/A,time-after-hours,FLD,"Fold Holdings, Inc.","$154,406,769",Sep/2025,($0.12),1,,,1.0,2025-11-10
N/A,N/A,time-not-supplied,AVR,Anteris Technologies Global Corp.,"$153,986,320",Sep/2025,,1,,,1.0,2025-11-10
11/12/2024,$0.01,time-pre-market,CGEN,Compugen Ltd.,"$150,555,901",Sep/2025,($0.09),3,,0.01,3.0,2025-11-10
11/12/2024,($0.06),time-after-hours,BEEP,Mobile Infrastructure Corporation,"$145,180,000",Sep/2025,($0.08),2,,,2.0,2025-11-10
11/07/2024,($0.01),time-pre-market,BARK,"BARK, Inc.","$136,280,234",Sep/2025,,N/A,,,,2025-11-10
N/A,($0.69),time-not-supplied,AVD,American Vanguard Corporation,"$134,195,623",Sep/2025,,1,,,1.0,2025-11-10
11/14/2024,($0.89),time-after-hours,INO,"Inovio Pharmaceuticals, Inc.","$129,136,666",Sep/2025,($0.51),3,,,3.0,2025-11-10
11/12/2024,$0.05,time-after-hours,HFFG,HF Foods Group Inc.,"$123,777,288",Sep/2025,$0.11,1,0.11,0.05,1.0,2025-11-10
11/07/2024,$0.35,time-pre-market,TSQ,"Townsquare Media, Inc.","$101,632,893",Sep/2025,$0.04,2,0.04,0.35,2.0,2025-11-10
11/12/2024,($0.11),time-after-hours,CHGG,"Chegg, Inc.","$101,524,055",Sep/2025,($0.20),1,,,1.0,2025-11-10
11/07/2024,$0.05,time-after-hours,DCGO,DocGo Inc.,"$99,764,300",Sep/2025,($0.09),3,,0.05,3.0,2025-11-10
11/11/2024,($0.10),time-not-supplied,ISPR,Ispire Technology Inc.,"$95,081,271",Sep/2025,($0.08),1,,,1.0,2025-11-10
11/12/2024,$0.05,time-after-hours,DHX,"DHI Group, Inc.","$90,739,565",Sep/2025,$0.02,2,0.02,0.05,2.0,2025-11-10
11/07/2024,($0.25),time-after-hours,INVE,"Identiv, Inc.","$88,007,974",Sep/2025,($0.23),1,,,1.0,2025-11-10
N/A,($48.88),time-after-hours,VELO,"Velo3D, Inc.","$85,175,784",Sep/2025,,1,,,1.0,2025-11-10
11/06/2024,($1.13),time-after-hours,RRGB,"Red Robin Gourmet Burgers, Inc.","$84,356,364",Sep/2025,($0.78),1,,,1.0,2025-11-10
11/12/2024,N/A,time-pre-market,CBAT,"CBAK Energy Technology, Inc.","$78,939,117",Sep/2025,($0.04),1,,,1.0,2025-11-10
N/A,($2.84),time-not-supplied,TISI,"Team, Inc.","$73,871,183",Sep/2025,,1,,,1.0,2025-11-10
N/A,$0.08,time-not-supplied,GEG,"Great Elm Group, Inc. ","$71,622,064",Sep/2025,,1,,0.08,1.0,2025-11-10
11/11/2024,($0.03),time-not-supplied,ASRT,"Assertio Holdings, Inc.","$69,792,976",Sep/2025,($0.08),1,,,1.0,2025-11-10
11/12/2024,$0.05,time-after-hours,VTSI,"VirTra, Inc.","$61,938,734",Sep/2025,$0.05,1,0.05,0.05,1.0,2025-11-10
11/11/2024,($15.79),time-not-supplied,SPRB,"Spruce Biosciences, Inc.","$59,085,627",Sep/2025,($15.56),1,,,1.0,2025-11-10
11/07/2024,($1.95),time-after-hours,LPSN,"LivePerson, Inc.","$58,129,319",Sep/2025,($3.38),1,,,1.0,2025-11-10
11/04/2024,($0.01),time-after-hours,CVGI,"Commercial Vehicle Group, Inc.","$56,278,690",Sep/2025,($0.12),2,,,2.0,2025-11-10
11/06/2024,($0.05),time-after-hours,LSF,"Laird Superfood, Inc.","$47,883,708",Sep/2025,($0.04),1,,,1.0,2025-11-10
11/14/2024,($4.10),time-after-hours,BLNE,"Beeline Holdings, Inc.","$44,122,993",Sep/2025,,N/A,,,,2025-11-10
11/07/2024,($0.06),time-after-hours,TACT,TransAct Technologies Incorporated,"$43,598,848",Sep/2025,($0.02),1,,,1.0,2025-11-10
N/A,N/A,time-not-supplied,AMOD,"Alpha Modus Holdings, Inc.","$42,589,357",Sep/2025,,1,,,1.0,2025-11-10
N/A,($0.17),time-after-hours,PRTS,"CarParts.com, Inc.","$37,158,670",Sep/2025,,1,,,1.0,2025-11-10
11/12/2024,($0.22),time-after-hours,WPRT,Westport Fuel Systems Inc,"$34,441,908",Sep/2025,($0.88),2,,,2.0,2025-11-10
11/11/2024,($4.37),time-not-supplied,QNTM,Quantum Biopharma Ltd.,"$33,999,090",Sep/2025,($0.20),1,,,1.0,2025-11-10
11/12/2024,($1.75),time-after-hours,BODI,"The Beachbody Company, Inc.","$32,508,269",Sep/2025,($0.54),2,,,2.0,2025-11-10
11/06/2024,($0.03),time-after-hours,MYO,Myomo Inc.,"$31,771,799",Sep/2025,($0.11),2,,,2.0,2025-11-10
11/07/2024,($0.06),time-after-hours,QRHC,Quest Resource Holding Corporation,"$28,997,086",Sep/2025,$0,2,0.0,,2.0,2025-11-10
N/A,$0.03,time-after-hours,CVV,CVD Equipment Corporation,"$25,256,345",Sep/2025,,1,,0.03,1.0,2025-11-10
11/12/2024,($2.07),time-after-hours,SNES,"SenesTech, Inc.","$16,139,116",Sep/2025,($0.35),1,,,1.0,2025-11-10
11/11/2024,($0.05),time-not-supplied,FGI,FGI Industries Ltd.,"$9,860,119",Sep/2025,($0.43),1,,,1.0,2025-11-10
11/11/2024,($5.60),time-after-hours,XAIR,"Beyond Air, Inc.","$9,720,756",Sep/2025,,N/A,,,,2025-11-10
N/A,($2.33),time-pre-market,BBGI,"Beasley Broadcast Group, Inc.","$8,947,810",Sep/2025,,1,,,1.0,2025-11-10
11/12/2024,($0.69),time-after-hours,PRSO,Peraso Inc.,"$7,652,090",Sep/2025,($0.28),1,,,1.0,2025-11-10
11/12/2024,$0.24,time-pre-market,SE,Sea Limited,"$92,657,039,870",Sep/2025,$0.75,3,0.75,0.24,3.0,2025-11-11
11/12/2024,$0.81,time-after-hours,ALC,Alcon Inc.,"$36,695,585,078",Sep/2025,$0.77,4,0.77,0.81,4.0,2025-11-11
11/07/2024,$0.56,time-pre-market,AU,AngloGold Ashanti PLC,"$32,029,355,778",Sep/2025,$1.34,1,1.34,0.56,1.0,2025-11-11
N/A,N/A,time-pre-market,NBIS,Nebius Group N.V.,"$26,320,550,179",Sep/2025,($0.50),2,,,2.0,2025-11-11
N/A,$1.06,time-not-supplied,KEP,Korea Electric Power Corporation,"$20,029,279,202",Sep/2025,,2,,1.06,2.0,2025-11-11
11/14/2024,($0.08),time-after-hours,OKLO,Oklo Inc.,"$16,566,179,843",Sep/2025,($0.13),6,,,6.0,2025-11-11
11/12/2024,$1.52,time-after-hours,DOX,Amdocs Limited,"$9,425,233,188",Sep/2025,$1.62,3,1.62,1.52,3.0,2025-11-11
10/22/2024,$0.70,time-not-supplied,IPG,"Interpublic Group of Companies, Inc. (The)","$9,255,551,675",Sep/2025,$0.71,3,0.71,0.7,3.0,2025-11-11
11/12/2024,$0.18,time-after-hours,CAE,CAE Inc,"$8,726,795,700",Sep/2025,$0.14,11,0.14,0.18,11.0,2025-11-11
N/A,N/A,time-not-supplied,SBXD,SilverBox Corp IV,"$7,880,171,220",Sep/2025,,2,,,2.0,2025-11-11
N/A,N/A,time-not-supplied,PONY,Pony AI Inc.,"$5,890,750,529",Sep/2025,,2,,,2.0,2025-11-11
11/12/2024,($0.04),time-not-supplied,TEO,Telecom Argentina Stet - France Telecom S.A.,"$5,190,388,104",Sep/2025,($0.49),2,,,2.0,2025-11-11
11/12/2024,$0.53,time-not-supplied,GLNG,Golar LNG Limited,"$4,240,348,952",Sep/2025,$0.46,2,0.46,0.53,2.0,2025-11-11
11/12/2024,$0.68,time-not-supplied,PHI,PLDT Inc.,"$4,191,482,035",Sep/2025,,N/A,,0.68,,2025-11-11
11/12/2024,($0.86),time-not-supplied,APGE,"Apogee Therapeutics, Inc.","$3,212,246,445",Sep/2025,($1.14),3,,,3.0,2025-11-11
11/12/2024,($0.37),time-not-supplied,CNTA,Centessa Pharmaceuticals plc,"$3,182,903,371",Sep/2025,($0.39),7,,,7.0,2025-11-11
11/12/2024,$0.06,time-not-supplied,ORLA,Orla Mining Ltd.,"$3,119,089,425",Sep/2025,$0.20,3,0.2,0.06,3.0,2025-11-11
11/12/2024,($0.96),time-not-supplied,DYN,"Dyne Therapeutics, Inc.","$3,061,515,685",Sep/2025,($0.81),8,,,8.0,2025-11-11
11/12/2024,($0.89),time-not-supplied,IRON,"Disc Medicine, Inc.","$2,991,925,901",Sep/2025,($1.48),9,,,9.0,2025-11-11
11/12/2024,($0.30),time-not-supplied,CGON,"CG Oncology, Inc.","$2,978,992,990",Sep/2025,($0.57),7,,,7.0,2025-11-11
11/25/2024,($0.05),time-pre-market,HSAI,Hesai Group,"$2,969,925,027",Sep/2025,,N/A,,,,2025-11-11
11/12/2024,$0.09,time-not-supplied,LIF,"Life360, Inc.","$2,636,654,134",Sep/2025,$0.03,1,0.03,0.09,1.0,2025-11-11
11/12/2024,($0.64),time-not-supplied,COGT,"Cogent Biosciences, Inc.","$1,973,972,247",Sep/2025,($0.53),7,,,7.0,2025-11-11
11/12/2024,($0.14),time-not-supplied,IBRX,"ImmunityBio, Inc.","$1,966,129,745",Sep/2025,($0.10),2,,,2.0,2025-11-11
11/12/2024,$0.11,time-not-supplied,TIGR,UP Fintech Holding Limited,"$1,896,993,365",Sep/2025,,N/A,,0.11,,2025-11-11
11/12/2024,($1.15),time-not-supplied,VRDN,"Viridian Therapeutics, Inc. ","$1,841,486,421",Sep/2025,($0.82),7,,,7.0,2025-11-11
11/12/2024,$6.50,time-not-supplied,DAC,Danaos Corporation,"$1,672,770,176",Sep/2025,,N/A,,6.5,,2025-11-11
11/12/2024,$0.02,time-not-supplied,MVST,"Microvast Holdings, Inc.","$1,620,263,473",Sep/2025,,N/A,,0.02,,2025-11-11
11/12/2024,$2.78,time-not-supplied,EDN,Empresa Distribuidora Y Comercializadora Norte S.A. (Edenor),"$1,538,707,532",Sep/2025,,N/A,,2.78,,2025-11-11
11/12/2024,($0.28),time-not-supplied,TERN,"Terns Pharmaceuticals, Inc.","$1,525,317,567",Sep/2025,($0.30),4,,,4.0,2025-11-11
11/12/2024,($1.70),time-not-supplied,BHVN,Biohaven Ltd.,"$1,475,745,348",Sep/2025,($1.90),10,,,10.0,2025-11-11
N/A,N/A,time-not-supplied,MAZE,"Maze Therapeutics, Inc.","$1,421,645,659",Sep/2025,($0.74),2,,,2.0,2025-11-11
11/12/2024,$0.18,time-not-supplied,AZTA,"Azenta, Inc.","$1,383,442,991",Sep/2025,$0.21,1,0.21,0.18,1.0,2025-11-11
11/12/2024,($0.15),time-not-supplied,ONDS,Ondas Holdings Inc.,"$1,306,222,315",Sep/2025,($0.05),3,,,3.0,2025-11-11
11/12/2024,($5.02),time-not-supplied,ZBIO,"Zenas BioPharma, Inc.","$1,261,203,874",Sep/2025,($0.87),3,,,3.0,2025-11-11
11/12/2024,($0.49),time-not-supplied,ORIC,"Oric Pharmaceuticals, Inc.","$1,194,612,740",Sep/2025,($0.41),4,,,4.0,2025-11-11
11/12/2024,$1.65,time-not-supplied,CVAC,CureVac N.V.,"$1,188,992,762",Sep/2025,($0.17),1,,1.65,1.0,2025-11-11
N/A,N/A,time-after-hours,BRCB,"Black Rock Coffee Bar, Inc.","$1,179,611,099",Sep/2025,($0.24),2,,,2.0,2025-11-11
11/12/2024,($0.06),time-not-supplied,HIVE,HIVE Digital Technologies Ltd,"$1,161,459,240",Sep/2025,$0,4,0.0,,4.0,2025-11-11
N/A,$1.31,time-not-supplied,SBR,Sabine Royalty Trust,"$1,057,148,306",Sep/2025,,2,,1.31,2.0,2025-11-11
11/12/2024,($0.13),time-not-supplied,SLSR,Solaris Resources Inc.,"$1,033,228,122",Sep/2025,,N/A,,,,2025-11-11
N/A,$0.17,time-not-supplied,PBT,Permian Basin Royalty Trust,"$852,474,879",Sep/2025,,2,,0.17,2.0,2025-11-11
11/12/2024,($0.01),time-not-supplied,UAMY,United States Antimony Corporation,"$841,441,540",Sep/2025,$0.01,2,0.01,,2.0,2025-11-11
11/13/2024,($2.19),time-pre-market,PVLA,"Palvella Therapeutics, Inc.","$830,138,455",Sep/2025,($0.85),6,,,6.0,2025-11-11
11/12/2024,($0.14),time-not-supplied,PROK,ProKidney Corp.,"$823,990,891",Sep/2025,($0.12),2,,,2.0,2025-11-11
11/12/2024,($1.60),time-not-supplied,BCAX,Bicara Therapeutics Inc.,"$804,256,276",Sep/2025,($0.55),6,,,6.0,2025-11-11
N/A,$0.26,time-pre-market,IMOS,ChipMOS TECHNOLOGIES INC.,"$760,170,196",Sep/2025,,2,,0.26,2.0,2025-11-11
11/12/2024,($0.10),time-not-supplied,SKYH,Sky Harbour Group Corporation,"$741,768,970",Sep/2025,($0.10),2,,,2.0,2025-11-11
11/12/2024,($0.11),time-not-supplied,SVRA,"Savara, Inc.","$713,816,488",Sep/2025,($0.13),4,,,4.0,2025-11-11
11/12/2024,($0.68),time-not-supplied,REPL,"Replimune Group, Inc.","$700,160,939",Sep/2025,($0.87),5,,,5.0,2025-11-11
11/12/2024,($0.29),time-not-supplied,ODV,Osisko Development Corp.,"$695,371,233",Sep/2025,($0.03),1,,,1.0,2025-11-11
11/12/2024,($0.03),time-after-hours,SMWB,Similarweb Ltd.,"$687,484,252",Sep/2025,($0.05),2,,,2.0,2025-11-11
N/A,($0.04),time-not-supplied,LWLG,"Lightwave Logic, Inc.","$687,326,326",Sep/2025,,2,,,2.0,2025-11-11
11/12/2024,($0.03),time-not-supplied,SLI,Standard Lithium Ltd.,"$656,912,652",Sep/2025,($0.03),2,,,2.0,2025-11-11
11/12/2024,($0.11),time-not-supplied,ERAS,"Erasca, Inc.","$655,278,021",Sep/2025,($0.11),5,,,5.0,2025-11-11
11/12/2024,$0.04,time-not-supplied,ASM,Avino Silver,"$629,150,346",Sep/2025,$0.03,1,0.03,0.04,1.0,2025-11-11
11/12/2024,($0.44),time-not-supplied,PRME,"Prime Medicine, Inc.","$578,668,191",Sep/2025,($0.28),5,,,5.0,2025-11-11
11/12/2024,($0.60),time-not-supplied,OLMA,"Olema Pharmaceuticals, Inc.","$562,801,498",Sep/2025,($0.44),5,,,5.0,2025-11-11
N/A,($0.91),time-pre-market,KALV,"KalVista Pharmaceuticals, Inc.","$543,630,428",Sep/2025,($0.96),2,,,2.0,2025-11-11
11/12/2024,$0.64,time-not-supplied,LEGH,Legacy Housing Corporation,"$538,239,794",Sep/2025,$0.57,1,0.57,0.64,1.0,2025-11-11
11/12/2024,($0.08),time-not-supplied,CMPX,"Compass Therapeutics, Inc.","$524,090,667",Sep/2025,($0.14),7,,,7.0,2025-11-11
11/12/2024,($0.03),time-not-supplied,KOPN,Kopin Corporation,"$490,045,615",Sep/2025,$0,1,0.0,,1.0,2025-11-11
11/12/2024,($0.17),time-not-supplied,NAKA,"Kindly MD, Inc.","$477,567,710",Sep/2025,($0.01),1,,,1.0,2025-11-11
11/12/2024,($3.76),time-not-supplied,RAPT,"RAPT Therapeutics, Inc.","$471,327,129",Sep/2025,($0.88),4,,,4.0,2025-11-11
N/A,N/A,time-after-hours,AII,"American Integrity Insurance Group, Inc.","$464,834,169",Sep/2025,$0.41,2,0.41,,2.0,2025-11-11
11/12/2024,($0.04),time-not-supplied,NFGC,New Found Gold Corp,"$460,146,378",Sep/2025,($0.03),1,,,1.0,2025-11-11
11/12/2024,$0.05,time-pre-market,DAVA,Endava plc,"$459,611,521",Sep/2025,$0.08,4,0.08,0.05,4.0,2025-11-11
11/12/2024,($0.45),time-not-supplied,NMRA,"Neumora Therapeutics, Inc.","$451,827,741",Sep/2025,($0.34),4,,,4.0,2025-11-11
N/A,($0.39),time-not-supplied,SOHU,Sohu.com Limited ,"$445,569,228",Sep/2025,,2,,,2.0,2025-11-11
10/22/2024,$0.43,time-not-supplied,PGC,Peapack-Gladstone Financial Corporation,"$436,976,142",Sep/2025,$0.59,3,0.59,0.43,3.0,2025-11-11
N/A,$2.45,time-not-supplied,GRVY,"GRAVITY Co., Ltd.","$402,549,777",Sep/2025,,2,,2.45,2.0,2025-11-11
N/A,($0.05),time-not-supplied,BOC,Boston Omaha Corporation,"$395,369,665",Sep/2025,,2,,,2.0,2025-11-11
11/14/2024,($0.06),time-after-hours,HYLN,Hyliion Holdings Corp.,"$366,662,569",Sep/2025,($0.08),1,,,1.0,2025-11-11
11/12/2024,($0.42),time-not-supplied,AURA,"Aura Biosciences, Inc.","$352,840,879",Sep/2025,($0.46),3,,,3.0,2025-11-11
N/A,$0.21,time-not-supplied,EVI,"EVI Industries, Inc.","$352,486,247",Sep/2025,,2,,0.21,2.0,2025-11-11
N/A,$0.10,time-not-supplied,NETD,Nabors Energy Transition Corp. II,"$345,805,950",Sep/2025,,2,,0.1,2.0,2025-11-11
N/A,$0.11,time-not-supplied,CUB,Lionheart Holdings,"$337,382,277",Sep/2025,,2,,0.11,2.0,2025-11-11
11/07/2024,($0.04),time-after-hours,LPTH,"LightPath Technologies, Inc.","$336,366,704",Sep/2025,($0.06),1,,,1.0,2025-11-11
N/A,N/A,time-not-supplied,VCIC,Vine Hill Capital Investment Corp.,"$334,047,500",Sep/2025,,2,,,2.0,2025-11-11
N/A,$0.25,time-not-supplied,PBFS,"Pioneer Bancorp, Inc.","$332,121,105",Sep/2025,,2,,0.25,2.0,2025-11-11
N/A,($0.07),time-after-hours,MVIS,"Microvision, Inc.","$319,022,777",Sep/2025,,2,,,2.0,2025-11-11
11/12/2024,($2.26),time-not-supplied,KRRO,"Korro Bio, Inc.","$317,882,067",Sep/2025,($2.61),5,,,5.0,2025-11-11
11/12/2024,$0.04,time-pre-market,BWAY,Brainsway Ltd.,"$315,304,800",Sep/2025,$0.11,2,0.11,0.04,2.0,2025-11-11
11/12/2024,($0.62),time-not-supplied,ANRO,"Alto Neuroscience, Inc.","$304,070,544",Sep/2025,($0.66),5,,,5.0,2025-11-11
11/12/2024,($19.65),time-not-supplied,JBIO,"Jade Biosciences, Inc.","$293,640,570",Sep/2025,($0.57),3,,,3.0,2025-11-11
11/12/2024,($0.02),time-not-supplied,MREO,Mereo BioPharma Group plc,"$276,159,180",Sep/2025,$0,3,0.0,,3.0,2025-11-11
11/12/2024,($0.32),time-not-supplied,ELDN,"Eledon Pharmaceuticals, Inc.","$249,108,184",Sep/2025,($0.22),4,,,4.0,2025-11-11
11/11/2024,($0.08),time-after-hours,STXS,"Stereotaxis, Inc.","$244,765,176",Sep/2025,($0.05),2,,,2.0,2025-11-11
11/12/2024,($1.14),time-not-supplied,SLND,"Southland Holdings, Inc.","$242,426,401",Sep/2025,($0.21),1,,,1.0,2025-11-11
11/12/2024,($0.16),time-not-supplied,VYGR,"Voyager Therapeutics, Inc.","$230,750,233",Sep/2025,($0.53),6,,,6.0,2025-11-11
N/A,N/A,time-after-hours,SI,"Shoulder Innovations, Inc.","$227,420,753",Sep/2025,($0.37),2,,,2.0,2025-11-11
N/A,N/A,time-not-supplied,SRG,Seritage Growth Properties,"$226,988,166",Sep/2025,,2,,,2.0,2025-11-11
N/A,$0.04,time-pre-market,SLSN,"Solesence, Inc.","$223,427,766",Sep/2025,,2,,0.04,2.0,2025-11-11
11/12/2024,($0.12),time-not-supplied,DERM,Journey Medical Corporation,"$219,403,674",Sep/2025,($0.08),1,,,1.0,2025-11-11
11/13/2024,$0.15,time-pre-market,CRNT,Ceragon Networks Ltd.,"$214,990,571",Sep/2025,$0.04,2,0.04,0.15,2.0,2025-11-11
11/12/2024,($0.41),time-not-supplied,OBIO,"Orchestra BioMed Holdings, Inc.","$201,792,018",Sep/2025,($0.38),3,,,3.0,2025-11-11
11/08/2024,$0.03,time-after-hours,PAL,"Proficient Auto Logistics, Inc.","$196,746,014",Sep/2025,$0.03,4,0.03,0.03,4.0,2025-11-11
11/12/2024,$0.28,time-not-supplied,EARN,Ellington Credit Company,"$193,429,854",Sep/2025,$0.20,1,0.2,0.28,1.0,2025-11-11
N/A,N/A,time-not-supplied,SATL,Satellogic Inc.,"$179,466,149",Sep/2025,,2,,,2.0,2025-11-11
11/12/2024,($0.50),time-not-supplied,TARA,"Protara Therapeutics, Inc. ","$179,212,754",Sep/2025,($0.39),3,,,3.0,2025-11-11
N/A,($3.20),time-not-supplied,KG,"Kestrel Group, Ltd.","$176,206,623",Sep/2025,,2,,,2.0,2025-11-11
11/12/2024,($0.08),time-not-supplied,SKYX,SKYX Platforms Corp.,"$171,628,482",Sep/2025,($0.08),3,,,3.0,2025-11-11
11/12/2024,($0.14),time-not-supplied,MIST,Milestone Pharmaceuticals Inc.,"$156,389,440",Sep/2025,($0.17),3,,,3.0,2025-11-11
11/12/2024,$23,time-not-supplied,TNXP,Tonix Pharmaceuticals Holding Corp.,"$153,666,157",Sep/2025,($3.59),2,,23.0,2.0,2025-11-11
11/12/2024,$0.02,time-after-hours,EPM,"Evolution Petroleum Corporation, Inc.","$150,493,059",Sep/2025,$0.01,2,0.01,0.02,2.0,2025-11-11
N/A,($0.10),time-not-supplied,FRD,Friedman Industries Inc.,"$148,460,023",Sep/2025,,2,,,2.0,2025-11-11
11/12/2024,$0.11,time-not-supplied,KGEI,Kolibri Global Energy Inc.,"$148,012,883",Sep/2025,$0.13,1,0.13,0.11,1.0,2025-11-11
11/12/2024,($0.40),time-not-supplied,FATE,"Fate Therapeutics, Inc.","$137,242,339",Sep/2025,($0.28),6,,,6.0,2025-11-11
11/12/2024,($0.29),time-not-supplied,IRD,"Opus Genetics, Inc.","$130,000,479",Sep/2025,($0.14),2,,,2.0,2025-11-11
11/12/2024,($0.13),time-not-supplied,CLYM,"Climb Bio, Inc.","$127,396,508",Sep/2025,($0.16),4,,,4.0,2025-11-11
11/11/2024,($0.14),time-after-hours,QUIK,QuickLogic Corporation,"$124,844,805",Sep/2025,($0.27),1,,,1.0,2025-11-11
11/12/2024,($3.17),time-not-supplied,AGEN,Agenus Inc.,"$118,853,123",Sep/2025,$2.31,2,2.31,,2.0,2025-11-11
N/A,($99.99),time-not-supplied,VRM,"Vroom, Inc.","$118,394,186",Sep/2025,,2,,,2.0,2025-11-11
11/12/2024,($0.50),time-not-supplied,ABOS,"Acumen Pharmaceuticals, Inc.","$117,512,445",Sep/2025,($0.63),2,,,2.0,2025-11-11
N/A,N/A,time-not-supplied,EXOZ,eXoZymes Inc.,"$113,227,875",Sep/2025,,2,,,2.0,2025-11-11
N/A,$0.06,time-not-supplied,SNT,Senstar Technologies Corporation,"$112,434,467",Sep/2025,,2,,0.06,2.0,2025-11-11
11/12/2024,($0.05),time-not-supplied,ATOS,"Atossa Therapeutics, Inc.","$109,550,285",Sep/2025,($0.07),2,,,2.0,2025-11-11
N/A,$0.10,time-not-supplied,SIEB,Siebert Financial Corp.,"$108,344,188",Sep/2025,,2,,0.1,2.0,2025-11-11
N/A,N/A,time-not-supplied,ZENA,"ZenaTech, Inc.","$106,849,710",Sep/2025,,2,,,2.0,2025-11-11
11/06/2024,($0.41),time-after-hours,BYND,"Beyond Meat, Inc.","$101,939,341",Sep/2025,($0.41),1,,,1.0,2025-11-11
N/A,$0.46,time-not-supplied,FONR,Fonar Corporation,"$97,935,664",Sep/2025,,2,,0.46,2.0,2025-11-11
11/12/2024,($0.09),time-not-supplied,ONCY,Oncolytics Biotech Inc.,"$96,838,442",Sep/2025,($0.12),1,,,1.0,2025-11-11
N/A,($0.04),time-pre-market,XTNT,"Xtant Medical Holdings, Inc.","$96,694,266",Sep/2025,,2,,,2.0,2025-11-11
11/12/2024,($0.24),time-not-supplied,IMMX,"Immix Biopharma, Inc.","$96,017,590",Sep/2025,($0.19),1,,,1.0,2025-11-11
11/12/2024,($0.47),time-not-supplied,GAUZ,Gauzy Ltd.,"$95,623,226",Sep/2025,($0.24),1,,,1.0,2025-11-11
11/12/2024,($0.56),time-not-supplied,ZNTL,"Zentalis Pharmaceuticals, Inc.","$95,218,798",Sep/2025,($0.49),6,,,6.0,2025-11-11
11/12/2024,($0.20),time-not-supplied,OVID,Ovid Therapeutics Inc.,"$94,575,654",Sep/2025,($0.15),6,,,6.0,2025-11-11
11/12/2024,$0.01,time-not-supplied,GENK,"GEN Restaurant Group, Inc.","$94,186,335",Sep/2025,($0.03),1,,0.01,1.0,2025-11-11
N/A,N/A,time-not-supplied,SND,"Smart Sand, Inc.","$93,216,737",Sep/2025,,2,,,2.0,2025-11-11
11/12/2024,N/A,time-not-supplied,YTRA,"Yatra Online, Inc.","$91,842,510",Sep/2025,$0,1,0.0,,1.0,2025-11-11
11/12/2024,($0.02),time-not-supplied,FURY,Fury Gold Mines Limited,"$91,295,406",Sep/2025,,N/A,,,,2025-11-11
11/12/2024,($0.92),time-not-supplied,KLRS,"Kalaris Therapeutics, Inc. ","$88,088,389",Sep/2025,($0.66),4,,,4.0,2025-11-11
11/12/2024,($0.92),time-not-supplied,ARTV,"Artiva Biotherapeutics, Inc.","$87,688,486",Sep/2025,($0.92),3,,,3.0,2025-11-11
N/A,($0.20),time-not-supplied,THCH,TH International Limited,"$87,430,621",Sep/2025,,2,,,2.0,2025-11-11
11/12/2024,($2.93),time-not-supplied,ATRA,"Atara Biotherapeutics, Inc.","$86,313,063",Sep/2025,($0.83),1,,,1.0,2025-11-11
N/A,$0.10,time-not-supplied,LFT,"Lument Finance Trust, Inc.","$80,081,800",Sep/2025,,2,,0.1,2.0,2025-11-11
N/A,($0.02),time-not-supplied,PZG,Paramount Gold Nevada Corp.,"$79,894,323",Sep/2025,,2,,,2.0,2025-11-11
11/12/2024,($0.88),time-not-supplied,VTVT,vTv Therapeutics Inc.,"$79,608,535",Sep/2025,($0.97),1,,,1.0,2025-11-11
N/A,($0.04),time-not-supplied,XBP,"XBP Global Holdings, Inc.","$73,224,202",Sep/2025,,2,,,2.0,2025-11-11
11/12/2024,($0.16),time-not-supplied,LGO,Largo Inc.,"$72,093,649",Sep/2025,,N/A,,,,2025-11-11
N/A,$0.25,time-not-supplied,CPBI,"Central Plains Bancshares, Inc.","$68,186,369",Sep/2025,,2,,0.25,2.0,2025-11-11
N/A,($0.01),time-not-supplied,TORO,Toro Corp.,"$67,974,117",Sep/2025,,2,,,2.0,2025-11-11
N/A,$0.01,time-not-supplied,HOUR,"Hour Loop, Inc.","$66,122,542",Sep/2025,,2,,0.01,2.0,2025-11-11
11/12/2024,($0.55),time-not-supplied,CRVO,CervoMed Inc.,"$64,954,087",Sep/2025,($0.68),3,,,3.0,2025-11-11
N/A,$0.09,time-not-supplied,WFCF,"Where Food Comes From, Inc.","$64,808,927",Sep/2025,,2,,0.09,2.0,2025-11-11
11/12/2024,($0.25),time-not-supplied,TCRX,"TScan Therapeutics, Inc.","$63,557,752",Sep/2025,($0.35),5,,,5.0,2025-11-11
N/A,($1.20),time-not-supplied,LITS,"Lite Strategy, Inc.","$62,753,073",Sep/2025,,2,,,2.0,2025-11-11
N/A,($0.18),time-not-supplied,DWSN,Dawson Geophysical Company,"$62,406,080",Sep/2025,,2,,,2.0,2025-11-11
N/A,($0.04),time-not-supplied,AAME,Atlantic American Corporation,"$60,171,823",Sep/2025,,2,,,2.0,2025-11-11
N/A,$0.91,time-not-supplied,AIRT,"Air T, Inc.","$59,620,216",Sep/2025,,2,,0.91,2.0,2025-11-11
11/12/2024,($0.48),time-not-supplied,GUTS,"Fractyl Health, Inc.","$56,323,696",Sep/2025,($0.34),3,,,3.0,2025-11-11
11/12/2024,($0.36),time-not-supplied,IOBT,"IO Biotech, Inc.","$55,254,323",Sep/2025,($0.31),3,,,3.0,2025-11-11
N/A,$0.03,time-not-supplied,KBSX,FST Corp.,"$55,114,096",Sep/2025,,2,,0.03,2.0,2025-11-11
N/A,($1.20),time-pre-market,GGR,Gogoro Inc.,"$54,953,360",Sep/2025,,2,,,2.0,2025-11-11
11/06/2024,($0.02),time-after-hours,MDAI,"Spectral AI, Inc.","$52,660,046",Sep/2025,($0.08),3,,,3.0,2025-11-11
N/A,$0.02,time-not-supplied,SYPR,"Sypris Solutions, Inc.","$48,063,547",Sep/2025,,2,,0.02,2.0,2025-11-11
N/A,($1.33),time-after-hours,SPRU,Spruce Power Holding Corporation,"$47,617,763",Sep/2025,,2,,,2.0,2025-11-11
11/12/2024,($0.22),time-not-supplied,MSAI,"MultiSensor AI Holdings, Inc.","$46,329,810",Sep/2025,($0.09),1,,,1.0,2025-11-11
11/12/2024,($0.20),time-not-supplied,TELO,"Telomir Pharmaceuticals, Inc.","$45,516,168",Sep/2025,($0.07),1,,,1.0,2025-11-11
11/12/2024,($2.78),time-not-supplied,KZR,"Kezar Life Sciences, Inc.","$44,597,716",Sep/2025,($1.81),2,,,2.0,2025-11-11
11/12/2024,($4.25),time-not-supplied,FGEN,"FibroGen, Inc","$44,482,889",Sep/2025,($4.01),2,,,2.0,2025-11-11
11/12/2024,$0.13,time-not-supplied,SER,"Serina Therapeutics, Inc.","$44,354,294",Sep/2025,($0.47),1,,0.13,1.0,2025-11-11
11/12/2024,($0.05),time-not-supplied,AIRE,reAlpha Tech Corp.,"$43,630,040",Sep/2025,($0.05),1,,,1.0,2025-11-11
11/12/2024,($5.33),time-not-supplied,TPST,"Tempest Therapeutics, Inc.","$40,494,268",Sep/2025,($3.27),1,,,1.0,2025-11-11
N/A,$0.16,time-not-supplied,ICMB,"Investcorp Credit Management BDC, Inc.","$39,830,118",Sep/2025,,2,,0.16,2.0,2025-11-11
11/19/2024,($0.13),time-not-supplied,STRR,"Star Equity Holdings, Inc.","$38,145,923",Sep/2025,$0.32,1,0.32,,1.0,2025-11-11
11/12/2024,($0.08),time-not-supplied,USEG,U.S. Energy Corp.,"$38,106,375",Sep/2025,($0.09),1,,,1.0,2025-11-11
N/A,($0.19),time-not-supplied,OMCC,Old Market Capital Corporation,"$37,820,300",Sep/2025,,2,,,2.0,2025-11-11
11/07/2024,($0.40),time-after-hours,FTHM,Fathom Holdings Inc.,"$36,872,730",Sep/2025,($0.13),1,,,1.0,2025-11-11
11/12/2024,($0.11),time-not-supplied,MAIA,"MAIA Biotechnology, Inc.","$36,292,542",Sep/2025,($0.19),1,,,1.0,2025-11-11
11/12/2024,($0.35),time-after-hours,INTZ,Intrusion Inc.,"$35,422,077",Sep/2025,($0.10),2,,,2.0,2025-11-11
11/12/2024,($0.02),time-not-supplied,IGC,"IGC Pharma, Inc.","$35,333,825",Sep/2025,($0.02),1,,,1.0,2025-11-11
N/A,($0.83),time-not-supplied,MDBH,"MDB Capital Holdings, LLC","$35,060,057",Sep/2025,,2,,,2.0,2025-11-11
11/07/2024,$0.11,time-pre-market,ACCS,ACCESS Newswire Inc.,"$34,867,794",Sep/2025,$0.10,1,0.1,0.11,1.0,2025-11-11
11/12/2024,($1.68),time-after-hours,PXLW,"Pixelworks, Inc.","$32,865,553",Sep/2025,$1,1,1.0,,1.0,2025-11-11
N/A,N/A,time-not-supplied,KFFB,Kentucky First Federal Bancorp,"$32,185,126",Sep/2025,,2,,,2.0,2025-11-11
11/12/2024,($0.46),time-not-supplied,IBIO,"iBio, Inc.","$30,071,593",Sep/2025,($0.07),3,,,3.0,2025-11-11
11/12/2024,($0.14),time-not-supplied,MIRA,"MIRA Pharmaceuticals, Inc.","$29,938,825",Sep/2025,,N/A,,,,2025-11-11
N/A,$0.14,time-not-supplied,CRWS,"Crown Crafts, Inc.","$29,793,331",Sep/2025,,2,,0.14,2.0,2025-11-11
N/A,N/A,time-not-supplied,NOEM,CO2 Energy Transition Corp.,"$29,604,234",Sep/2025,,2,,,2.0,2025-11-11
N/A,($1.08),time-not-supplied,PLUR,Pluri Inc.,"$28,872,056",Sep/2025,,2,,,2.0,2025-11-11
N/A,($0.06),time-not-supplied,TRT,Trio-Tech International,"$28,680,153",Sep/2025,,2,,,2.0,2025-11-11
N/A,($0.22),time-not-supplied,FENG,Phoenix New Media Limited,"$27,144,354",Sep/2025,,2,,,2.0,2025-11-11
N/A,($0.25),time-pre-market,NRXS,"Neuraxis, Inc.","$25,041,139",Sep/2025,,2,,,2.0,2025-11-11
N/A,($4.58),time-not-supplied,TAOX,Tao Synergies Inc.,"$24,584,386",Sep/2025,,2,,,2.0,2025-11-11
N/A,($0.02),time-not-supplied,TLF,"Tandy Leather Factory, Inc.","$24,283,181",Sep/2025,,2,,,2.0,2025-11-11
11/12/2024,($0.24),time-not-supplied,FEMY,Femasys Inc.,"$22,265,291",Sep/2025,,N/A,,,,2025-11-11
N/A,($0.07),time-after-hours,ROLR,"High Roller Technologies, Inc.","$21,884,009",Sep/2025,,2,,,2.0,2025-11-11
11/12/2024,($1.50),time-not-supplied,CLSD,"Clearside Biomedical, Inc.","$19,365,878",Sep/2025,($0.67),2,,,2.0,2025-11-11
N/A,N/A,time-not-supplied,EHLD,Euroholdings Ltd.,"$19,152,982",Sep/2025,,2,,,2.0,2025-11-11
N/A,($0.01),time-not-supplied,SYBX,"Synlogic, Inc.","$18,718,270",Sep/2025,,2,,,2.0,2025-11-11
N/A,($0.44),time-not-supplied,LIXT,"Lixte Biotechnology Holdings, Inc.","$18,701,588",Sep/2025,,2,,,2.0,2025-11-11
N/A,($1.31),time-not-supplied,BATL,Battalion Oil Corporation,"$18,102,219",Sep/2025,,2,,,2.0,2025-11-11
N/A,($0.16),time-not-supplied,IPM,Intelligent Protection Management Corp. ,"$17,827,385",Sep/2025,,2,,,2.0,2025-11-11
N/A,($0.11),time-after-hours,NXGL,"NexGel, Inc","$17,749,483",Sep/2025,,2,,,2.0,2025-11-11
N/A,($0.12),time-after-hours,IRIX,IRIDEX Corporation,"$17,671,943",Sep/2025,,2,,,2.0,2025-11-11
11/12/2024,($0.31),time-not-supplied,HOTH,"Hoth Therapeutics, Inc.","$17,501,916",Sep/2025,,N/A,,,,2025-11-11
N/A,N/A,time-not-supplied,MDRR,"Medalist Diversified REIT, Inc.","$17,501,833",Sep/2025,,2,,,2.0,2025-11-11
N/A,($0.17),time-not-supplied,MTEX,"Mannatech, Incorporated","$17,013,324",Sep/2025,,2,,,2.0,2025-11-11
11/12/2024,($2.32),time-not-supplied,PALI,"Palisade Bio, Inc.","$16,779,240",Sep/2025,($0.32),1,,,1.0,2025-11-11
N/A,($0.32),time-not-supplied,CXAI,CXApp Inc.,"$15,071,199",Sep/2025,,2,,,2.0,2025-11-11
N/A,($0.17),time-not-supplied,WVVI,"Willamette Valley Vineyards, Inc.","$14,943,232",Sep/2025,,2,,,2.0,2025-11-11
N/A,($0.06),time-not-supplied,EFOI,"Energy Focus, Inc.","$14,891,633",Sep/2025,,2,,,2.0,2025-11-11
11/12/2024,($0.91),time-not-supplied,GOVX,"GeoVax Labs, Inc.","$13,800,691",Sep/2025,($0.24),1,,,1.0,2025-11-11
N/A,($0.05),time-not-supplied,TXMD,"TherapeuticsMD, Inc.","$13,542,004",Sep/2025,,2,,,2.0,2025-11-11
N/A,($73.76),time-not-supplied,ERNA,Ernexa Therapeutics Inc.,"$12,887,094",Sep/2025,,2,,,2.0,2025-11-11
11/12/2024,($0.13),time-not-supplied,BRTX,"BioRestorative Therapies, Inc.","$11,648,051",Sep/2025,($0.38),1,,,1.0,2025-11-11
11/12/2024,($0.06),time-not-supplied,VRME,"VerifyMe, Inc.","$11,457,312",Sep/2025,($0.04),1,,,1.0,2025-11-11
11/12/2024,($15.02),time-not-supplied,WATT,Energous Corporation,"$10,303,942",Sep/2025,,N/A,,,,2025-11-11
11/12/2024,$8,time-not-supplied,BOLT,"Bolt Biotherapeutics, Inc.","$9,673,983",Sep/2025,($5.07),3,,8.0,3.0,2025-11-11
N/A,($0.29),time-not-supplied,CENN,Cenntro Inc.,"$9,474,092",Sep/2025,,2,,,2.0,2025-11-11
N/A,$0.12,time-not-supplied,MARPS,Marine Petroleum Trust,"$9,180,000",Sep/2025,,2,,0.12,2.0,2025-11-11
11/12/2024,$9,time-not-supplied,LYRA,"Lyra Therapeutics, Inc.","$8,954,052",Sep/2025,($5.97),2,,9.0,2.0,2025-11-11
11/12/2024,($6.95),time-not-supplied,SINT,"SiNtx Technologies, Inc.","$8,855,957",Sep/2025,($0.55),1,,,1.0,2025-11-11
N/A,($1.50),time-not-supplied,CVR,Chicago Rivet & Machine Co.,"$8,793,733",Sep/2025,,2,,,2.0,2025-11-11
11/12/2024,($0.35),time-not-supplied,LFWD,Lifeward Ltd.,"$8,692,508",Sep/2025,($0.14),1,,,1.0,2025-11-11
N/A,($0.86),time-not-supplied,SMTK,"SmartKem, Inc.","$8,407,307",Sep/2025,,2,,,2.0,2025-11-11
N/A,($1.82),time-not-supplied,ALBT,Avalon GloboCare Corp.,"$7,516,814",Sep/2025,,2,,,2.0,2025-11-11
11/12/2024,($4.50),time-not-supplied,INAB,"IN8bio, Inc.","$7,490,533",Sep/2025,($1.20),1,,,1.0,2025-11-11
N/A,($0.99),time-not-supplied,LUCY,"Innovative Eyewear, Inc.","$7,182,125",Sep/2025,,2,,,2.0,2025-11-11
N/A,($38.43),time-not-supplied,KITT,"Nauticus Robotics, Inc.","$6,856,751",Sep/2025,,2,,,2.0,2025-11-11
N/A,$0.20,time-not-supplied,SHFS,"SHF Holdings, Inc.","$6,794,177",Sep/2025,,2,,0.2,2.0,2025-11-11
N/A,($0.40),time-not-supplied,SRXH,"SRX Health Solutions, Inc.","$6,660,774",Sep/2025,,2,,,2.0,2025-11-11
N/A,($0.02),time-not-supplied,IBO,"Impact BioMedical, Inc.","$6,493,606",Sep/2025,,2,,,2.0,2025-11-11
N/A,($2.01),time-not-supplied,ASTC,Astrotech Corporation,"$6,244,283",Sep/2025,,2,,,2.0,2025-11-11
11/12/2024,$1.05,time-not-supplied,ENSC,"Ensysce Biosciences, Inc.","$6,174,364",Sep/2025,($0.85),2,,1.05,2.0,2025-11-11
N/A,($0.03),time-not-supplied,LCFY,Locafy Limited,"$5,584,027",Sep/2025,,2,,,2.0,2025-11-11
11/12/2024,($5.40),time-not-supplied,POAI,Predictive Oncology Inc.,"$5,497,005",Sep/2025,,N/A,,,,2025-11-11
11/12/2024,($1.93),time-not-supplied,KALA,"KALA BIO, Inc.","$5,276,312",Sep/2025,,N/A,,,,2025-11-11
11/12/2024,($7.80),time-not-supplied,CLDI,"Calidi Biotherapeutics, Inc.","$5,139,609",Sep/2025,,N/A,,,,2025-11-11
11/12/2024,($6.30),time-not-supplied,SDOT,Sadot Group Inc.,"$5,001,220",Sep/2025,,N/A,,,,2025-11-11
N/A,($99.99),time-not-supplied,HSDT,Solana Company,"$4,901,519",Sep/2025,,2,,,2.0,2025-11-11
N/A,($0.87),time-not-supplied,RKDA,"Arcadia Biosciences, Inc.","$4,825,651",Sep/2025,,2,,,2.0,2025-11-11
N/A,($0.22),time-not-supplied,SILO,"Silo Pharma, Inc.","$4,703,384",Sep/2025,,2,,,2.0,2025-11-11
11/12/2024,($0.28),time-not-supplied,XBIO,"Xenetic Biosciences, Inc.","$4,395,096",Sep/2025,,N/A,,,,2025-11-11
11/12/2024,($9.48),time-not-supplied,ULY,Urgent.ly Inc.,"$3,530,681",Sep/2025,,N/A,,,,2025-11-11
N/A,($8.96),time-not-supplied,INDP,"Indaptus Therapeutics, Inc.","$3,142,542",Sep/2025,,2,,,2.0,2025-11-11
N/A,($6.81),time-not-supplied,TOVX,"Theriva Biologics, Inc.","$2,853,471",Sep/2025,,2,,,2.0,2025-11-11
N/A,($2.10),time-not-supplied,ARTL,"Artelo Biosciences, Inc.","$2,458,087",Sep/2025,,2,,,2.0,2025-11-11
11/12/2024,($0.17),time-not-supplied,AZTR,Azitra Inc,"$1,659,207",Sep/2025,($0.79),1,,,1.0,2025-11-11
N/A,($43.18),time-not-supplied,BGMS,"Bio Green Med Solution, Inc.",,Sep/2025,,2,,,2.0,2025-11-11
N/A,($99.99),time-not-supplied,EMPD,Empery Digital Inc.,,Sep/2025,,2,,,2.0,2025-11-11
11/13/2024,$0.75,time-after-hours,CSCO,"Cisco Systems, Inc.","$285,895,203,641",Oct/2025,$0.80,7,0.8,0.75,7.0,2025-11-12
11/13/2024,$0.12,time-not-supplied,NU,Nu Holdings Ltd.,"$76,134,806,512",Sep/2025,$0.15,3,0.15,0.12,3.0,2025-11-12
11/07/2024,$9.19,time-pre-market,TDG,Transdigm Group Incorporated,"$72,802,877,711",Sep/2025,$9.61,6,9.61,9.19,6.0,2025-11-12
11/06/2024,$0.73,time-after-hours,MFC,Manulife Financial Corp,"$55,743,809,844",Sep/2025,$0.74,3,0.74,0.73,3.0,2025-11-12
11/12/2024,$0.13,time-after-hours,FLUT,Flutter Entertainment plc,"$39,095,625,996",Sep/2025,$0.17,3,0.17,0.13,3.0,2025-11-12
11/12/2024,$0.15,time-pre-market,TME,Tencent Music Entertainment Group,"$34,865,840,385",Sep/2025,$0.20,2,0.2,0.15,2.0,2025-11-12
N/A,N/A,time-not-supplied,JBS,JBS N.V.,"$29,700,578,194",Sep/2025,$0.55,1,0.55,,1.0,2025-11-12
N/A,N/A,time-pre-market,CRCL,"Circle Internet Group, Inc.","$25,523,857,324",Sep/2025,$0.17,1,0.17,,1.0,2025-11-12
11/13/2024,$0.25,time-not-supplied,CYBR,CyberArk Software Ltd.,"$25,124,037,030",Sep/2025,($0.06),11,,0.25,11.0,2025-11-12
11/12/2024,$0.10,time-pre-market,ONON,On Holding AG,"$22,977,365,117",Sep/2025,$0.20,6,0.2,0.1,6.0,2025-11-12
11/05/2024,$0.32,time-pre-market,GFS,GlobalFoundries Inc.,"$19,031,259,368",Sep/2025,$0.31,6,0.31,0.32,6.0,2025-11-12
11/05/2024,$0.32,time-after-hours,PAAS,Pan American Silver Corp.,"$11,999,470,576",Sep/2025,$0.49,9,0.49,0.32,9.0,2025-11-12
11/11/2024,$0.11,time-pre-market,ICL,ICL Group Ltd.,"$8,504,014,302",Sep/2025,$0.09,1,0.09,0.11,1.0,2025-11-12
11/13/2024,$0.38,time-after-hours,TTEK,"Tetra Tech, Inc.","$8,432,398,791",Sep/2025,$0.40,2,0.4,0.38,2.0,2025-11-12
11/13/2024,$0.15,time-not-supplied,LOAR,Loar Holdings Inc.,"$7,123,733,818",Sep/2025,$0.19,1,0.19,0.15,1.0,2025-11-12
11/13/2024,$0.07,time-not-supplied,CIG,Comp En De Mn Cemig ADS,"$6,124,213,255",Sep/2025,,N/A,,0.07,,2025-11-12
11/12/2024,($0.34),time-pre-market,LEGN,Legend Biotech Corporation,"$5,885,955,514",Sep/2025,($0.13),7,,,7.0,2025-11-12
11/13/2024,$0.13,time-pre-market,HBM,Hudbay Minerals Inc.,"$5,878,366,594",Sep/2025,$0.08,15,0.08,0.13,15.0,2025-11-12
11/13/2024,$0.09,time-not-supplied,AVAL,Grupo Aval Acciones y Valores S.A.,"$4,986,129,910",Sep/2025,$0.10,1,0.1,0.09,1.0,2025-11-12
11/06/2024,$0.07,time-after-hours,LB,LandBridge Company LLC,"$4,516,480,680",Sep/2025,$0.69,2,0.69,0.07,2.0,2025-11-12
11/13/2024,$0.10,time-not-supplied,UGP,Ultrapar Participacoes S.A.,"$4,252,545,290",Sep/2025,$0.09,1,0.09,0.1,1.0,2025-11-12
11/13/2024,$0.12,time-pre-market,ENLT,Enlight Renewable Energy Ltd.,"$4,206,458,005",Sep/2025,$0.07,3,0.07,0.12,3.0,2025-11-12
11/13/2024,$0.15,time-after-hours,DLO,DLocal Limited,"$4,019,489,915",Sep/2025,$0.16,3,0.16,0.15,3.0,2025-11-12
11/06/2024,$0.11,time-after-hours,CLBT,Cellebrite DI Ltd.,"$3,807,573,986",Sep/2025,$0.10,2,0.1,0.11,2.0,2025-11-12
11/13/2024,$1.47,time-not-supplied,GFF,Griffon Corporation,"$3,439,287,402",Sep/2025,$1.56,2,1.56,1.47,2.0,2025-11-12
N/A,$0.15,time-pre-market,BGSI,Boyd Group Services Inc.,"$3,402,465,758",Sep/2025,,1,,0.15,1.0,2025-11-12
N/A,N/A,time-after-hours,FLY,Firefly Aerospace Inc.,"$3,348,422,160",Sep/2025,($0.42),1,,,1.0,2025-11-12
11/12/2024,($3.94),time-after-hours,GRAL,"GRAIL, Inc.","$2,908,696,901",Sep/2025,($3.40),1,,,1.0,2025-11-12
N/A,N/A,time-after-hours,HTFL,"Heartflow, Inc.","$2,826,293,897",Sep/2025,($0.27),1,,,1.0,2025-11-12
N/A,N/A,time-after-hours,WBI,WaterBridge Infrastructure LLC,"$2,779,320,000",Sep/2025,$0.08,1,0.08,,1.0,2025-11-12
11/12/2024,($0.15),time-after-hours,RUM,Rumble Inc.,"$2,634,093,086",Sep/2025,($0.07),2,,,2.0,2025-11-12
N/A,N/A,time-pre-market,TIC,"TIC Solutions, Inc.","$2,342,888,373",Sep/2025,,1,,,1.0,2025-11-12
11/13/2024,($0.05),time-not-supplied,PPTA,Perpetua Resources Corp.,"$2,288,444,686",Sep/2025,($0.01),1,,,1.0,2025-11-12
11/13/2024,($0.23),time-not-supplied,SA,"Seabridge Gold, Inc.","$2,250,914,067",Sep/2025,($0.03),1,,,1.0,2025-11-12
11/07/2024,$0.22,time-after-hours,WBTN,WEBTOON Entertainment Inc.,"$2,239,931,933",Sep/2025,($0.04),2,,0.22,2.0,2025-11-12
11/13/2024,$1.01,time-not-supplied,HI,Hillenbrand Inc,"$2,225,118,224",Sep/2025,$0.62,1,0.62,1.01,1.0,2025-11-12
11/12/2024,($0.61),time-pre-market,IHS,IHS Holding Limited,"$2,214,047,822",Sep/2025,$0.10,1,0.1,,1.0,2025-11-12
11/27/2024,($0.11),time-after-hours,SID,National Steel Company,"$2,174,794,073",Sep/2025,$0.10,1,0.1,,1.0,2025-11-12
11/06/2024,$0.19,time-after-hours,ARDT,"Ardent Health, Inc.","$2,083,629,868",Sep/2025,$0.42,6,0.42,0.19,6.0,2025-11-12
N/A,N/A,time-pre-market,MH,"McGraw Hill, Inc.","$2,081,916,557",Sep/2025,$0.35,1,0.35,,1.0,2025-11-12
11/12/2024,$0.92,time-after-hours,FIHL,Fidelis Insurance Holdings Limited,"$2,018,626,502",Sep/2025,$1.60,1,1.6,0.92,1.0,2025-11-12
11/13/2024,$0.10,time-not-supplied,CSAN,Cosan S.A.,"$2,002,689,979",Sep/2025,,N/A,,0.1,,2025-11-12
11/13/2024,($0.20),time-not-supplied,GPCR,Structure Therapeutics Inc.,"$1,958,905,905",Sep/2025,($0.36),7,,,7.0,2025-11-12
11/13/2024,$0.17,time-pre-market,ARCO,Arcos Dorados Holdings Inc.,"$1,462,001,616",Sep/2025,$0.17,1,0.17,0.17,1.0,2025-11-12
11/13/2024,$0.19,time-not-supplied,ALVO,Alvotech,"$1,457,721,420",Sep/2025,$0.05,1,0.05,0.19,1.0,2025-11-12
11/12/2024,$0.53,time-pre-market,FLNG,FLEX LNG Ltd.,"$1,391,678,271",Sep/2025,,N/A,,0.53,,2025-11-12
11/12/2024,$0.10,time-after-hours,TWFG,"TWFG, Inc.","$1,371,278,739",Sep/2025,$0.16,4,0.16,0.1,4.0,2025-11-12
11/13/2024,($0.78),time-not-supplied,IMNM,"Immunome, Inc.","$1,341,363,573",Sep/2025,($0.57),6,,,6.0,2025-11-12
11/13/2024,$0.45,time-after-hours,DGII,Digi International Inc.,"$1,320,436,014",Sep/2025,$0.43,3,0.43,0.45,3.0,2025-11-12
N/A,N/A,time-pre-market,JMIA,Jumia Technologies AG,"$1,316,475,369",Sep/2025,,1,,,1.0,2025-11-12
11/13/2024,$0.31,time-not-supplied,AFYA,Afya Limited,"$1,277,193,984",Sep/2025,$0.31,1,0.31,0.31,1.0,2025-11-12
11/13/2024,($0.85),time-not-supplied,PHVS,Pharvaris N.V.,"$1,179,231,593",Sep/2025,($0.78),6,,,6.0,2025-11-12
11/13/2024,($0.16),time-not-supplied,ATAI,Atai Beckley N.V,"$1,131,706,377",Sep/2025,($0.12),3,,,3.0,2025-11-12
11/13/2024,($0.48),time-not-supplied,ELVN,"Enliven Therapeutics, Inc. ","$1,126,067,748",Sep/2025,($0.43),2,,,2.0,2025-11-12
11/13/2024,$0.26,time-not-supplied,EZPW,"EZCORP, Inc.","$1,076,643,684",Sep/2025,$0.29,1,0.29,0.26,1.0,2025-11-12
11/13/2024,($1.46),time-not-supplied,ORKA,"Oruka Therapeutics, Inc.","$1,027,273,935",Sep/2025,($0.56),5,,,5.0,2025-11-12
11/13/2024,($0.09),time-not-supplied,CNL,Collective Mining Ltd.,"$919,442,046",Sep/2025,($0.10),1,,,1.0,2025-11-12
11/13/2024,$0.51,time-after-hours,IBTA,"Ibotta, Inc.","$870,990,767",Sep/2025,$0,2,0.0,0.51,2.0,2025-11-12
10/30/2024,($0.05),time-pre-market,CRMD,CorMedix Inc.,"$852,491,489",Sep/2025,$0.48,3,0.48,,3.0,2025-11-12
11/13/2024,$0.28,time-not-supplied,AGRO,Adecoagro S.A.,"$763,947,712",Sep/2025,,N/A,,0.28,,2025-11-12
11/13/2024,$0.14,time-pre-market,GILT,Gilat Satellite Networks Ltd.,"$761,809,099",Sep/2025,$0.13,1,0.13,0.14,1.0,2025-11-12
11/13/2024,($0.05),time-pre-market,RSKD,Riskified Ltd.,"$756,683,376",Sep/2025,($0.04),3,,,3.0,2025-11-12
11/12/2024,($0.07),time-after-hours,IAUX,i-80 Gold Corp.,"$734,442,562",Sep/2025,,N/A,,,,2025-11-12
11/07/2024,($0.20),time-after-hours,SERV,Serve Robotics Inc.,"$700,017,435",Sep/2025,($0.37),3,,,3.0,2025-11-12
11/13/2024,$0.02,time-not-supplied,GYRE,"Gyre Therapeutics, Inc.","$698,270,388",Sep/2025,$0.05,2,0.05,0.02,2.0,2025-11-12
11/13/2024,($0.42),time-not-supplied,ATXS,"Astria Therapeutics, Inc.","$691,327,452",Sep/2025,($0.41),3,,,3.0,2025-11-12
11/20/2024,$0.05,time-after-hours,KLC,"KinderCare Learning Companies, Inc.","$689,838,898",Sep/2025,$0.12,3,0.12,0.05,3.0,2025-11-12
11/13/2024,($0.54),time-not-supplied,MGTX,MeiraGTx Holdings plc,"$688,630,403",Sep/2025,($0.50),2,,,2.0,2025-11-12
11/14/2024,$0.04,time-after-hours,CINT,CI&T Inc,"$622,232,023",Sep/2025,$0.08,4,0.08,0.04,4.0,2025-11-12
11/12/2024,$0.04,time-pre-market,HUYA,HUYA Inc.,"$596,770,923",Sep/2025,$0,1,0.0,0.04,1.0,2025-11-12
11/12/2024,($0.24),time-after-hours,ABSI,Absci Corporation,"$589,119,229",Sep/2025,($0.19),4,,,4.0,2025-11-12
N/A,($0.11),time-not-supplied,TRON,Tron Inc.,"$555,094,944",Sep/2025,,1,,,1.0,2025-11-12
11/12/2024,$0.64,time-after-hours,CCAP,"Crescent Capital BDC, Inc.","$525,532,736",Sep/2025,$0.47,3,0.47,0.64,3.0,2025-11-12
11/13/2024,($0.79),time-not-supplied,FDMT,"4D Molecular Therapeutics, Inc.","$502,051,520",Sep/2025,($1.02),4,,,4.0,2025-11-12
11/12/2024,$0.11,time-after-hours,KDK,"Kodiak AI, Inc.","$494,259,099",Sep/2025,($0.16),1,,0.11,1.0,2025-11-12
11/13/2024,($0.05),time-not-supplied,NB,NioCorp Developments Ltd.,"$487,925,733",Sep/2025,($0.09),1,,,1.0,2025-11-12
11/11/2024,$0.34,time-after-hours,RMR,The RMR Group Inc.,"$484,654,117",Sep/2025,$0.22,1,0.22,0.34,1.0,2025-11-12
11/13/2024,$0.16,time-not-supplied,SB,"Safe Bulkers, Inc","$478,977,190",Sep/2025,,N/A,,0.16,,2025-11-12
11/13/2024,($1.73),time-not-supplied,ALMS,Alumis Inc.,"$473,492,574",Sep/2025,($0.92),4,,,4.0,2025-11-12
11/13/2024,($0.64),time-not-supplied,OMER,Omeros Corporation,"$458,015,709",Sep/2025,($0.58),1,,,1.0,2025-11-12
11/13/2024,($0.08),time-not-supplied,ITRG,Integra Resources Corp.,"$453,014,035",Sep/2025,$0.13,4,0.13,,4.0,2025-11-12
N/A,N/A,time-after-hours,CNCK,Coincheck Group N.V.,"$451,310,115",Sep/2025,($0.01),1,,,1.0,2025-11-12
11/13/2024,($0.89),time-not-supplied,LXEO,"Lexeo Therapeutics, Inc.","$450,910,137",Sep/2025,($0.48),5,,,5.0,2025-11-12
N/A,($0.11),time-not-supplied,DC,Dakota Gold Corp.,"$446,005,132",Sep/2025,,1,,,1.0,2025-11-12
11/13/2024,$0.50,time-not-supplied,GLAD,Gladstone Capital Corporation,"$428,286,561",Sep/2025,$0.51,4,0.51,0.5,4.0,2025-11-12
10/30/2024,$0.82,time-after-hours,NOA,North American Construction Group Ltd.,"$426,706,734",Sep/2025,$0.46,2,0.46,0.82,2.0,2025-11-12
11/13/2024,($0.12),time-not-supplied,CDZI,"Cadiz, Inc.","$418,297,022",Sep/2025,($0.09),2,,,2.0,2025-11-12
11/06/2024,$0.11,time-pre-market,PERI,Perion Network Ltd,"$413,891,684",Sep/2025,$0.12,2,0.12,0.11,2.0,2025-11-12
11/12/2024,$0.02,time-after-hours,EGAN,eGain Corporation,"$409,185,430",Sep/2025,$0.02,1,0.02,0.02,1.0,2025-11-12
N/A,N/A,time-not-supplied,AIRO,"AIRO Group Holdings, Inc.","$391,299,026",Sep/2025,,1,,,1.0,2025-11-12
11/13/2024,($0.01),time-not-supplied,NEWP,New Pacific Metals Corp.,"$381,710,568",Sep/2025,$0,1,0.0,,1.0,2025-11-12
11/12/2024,($0.31),time-pre-market,AUTL,Autolus Therapeutics plc,"$375,259,390",Sep/2025,($0.23),3,,,3.0,2025-11-12
11/13/2024,($0.69),time-after-hours,ATEX,Anterix Inc.,"$359,616,570",Sep/2025,($0.65),2,,,2.0,2025-11-12
N/A,$0.72,time-after-hours,SMLR,"Semler Scientific, Inc.","$354,572,397",Sep/2025,,1,,0.72,1.0,2025-11-12
11/13/2024,($0.15),time-not-supplied,DMAC,DiaMedica Therapeutics Inc.,"$346,832,606",Sep/2025,($0.15),1,,,1.0,2025-11-12
N/A,$0.09,time-not-supplied,PCSC,Perceptive Capital Solutions Corp,"$334,047,500",Sep/2025,,1,,0.09,1.0,2025-11-12
11/12/2024,$0.01,time-after-hours,AENT,Alliance Entertainment Holding Corporation,"$327,655,889",Sep/2025,$0.08,1,0.08,0.01,1.0,2025-11-12
11/13/2024,($0.15),time-pre-market,INVZ,Innoviz Technologies Ltd.,"$322,318,370",Sep/2025,($0.10),1,,,1.0,2025-11-12
N/A,N/A,time-not-supplied,CEP,"Cantor Equity Partners, Inc.","$303,168,746",Sep/2025,,1,,,1.0,2025-11-12
11/13/2024,$0.07,time-not-supplied,AIRJ,AirJoule Technologies Corporation,"$299,780,381",Sep/2025,($0.10),1,,0.07,1.0,2025-11-12
N/A,($0.27),time-not-supplied,PDYN,Palladyne AI Corp.,"$297,417,517",Sep/2025,,1,,,1.0,2025-11-12
11/05/2024,$0.03,time-after-hours,PAYS,"Paysign, Inc.","$277,704,629",Sep/2025,,N/A,,0.03,,2025-11-12
11/13/2024,($0.04),time-after-hours,TGEN,Tecogen Inc.,"$277,608,961",Sep/2025,($0.05),1,,,1.0,2025-11-12
11/13/2024,($0.80),time-not-supplied,KYTX,"Kyverna Therapeutics, Inc.","$275,042,442",Sep/2025,($0.97),5,,,5.0,2025-11-12
N/A,($0.01),time-not-supplied,ANNA,"AleAnna, Inc.","$271,608,005",Sep/2025,,1,,,1.0,2025-11-12
11/13/2024,$0.22,time-after-hours,FVR,"FrontView REIT, Inc.","$268,217,293",Sep/2025,$0.26,3,0.26,0.22,3.0,2025-11-12
N/A,$0.27,time-not-supplied,PCYO,Pure Cycle Corporation,"$265,780,327",Aug/2025,,1,,0.27,1.0,2025-11-12
N/A,($1.90),time-not-supplied,OZ,"Belpointe PREP, LLC","$256,951,258",Sep/2025,,1,,,1.0,2025-11-12
11/12/2024,($0.34),time-pre-market,SMTI,Sanara MedTech Inc.,"$251,224,345",Sep/2025,($0.24),1,,,1.0,2025-11-12
N/A,($0.06),time-after-hours,ALMU,"Aeluma, Inc.","$246,498,677",Sep/2025,,1,,,1.0,2025-11-12
11/06/2024,($0.06),time-after-hours,CURI,CuriosityStream Inc. ,"$237,511,905",Sep/2025,($0.02),2,,,2.0,2025-11-12
11/06/2024,($0.40),time-after-hours,MDXH,MDxHealth SA,"$235,607,310",Sep/2025,($0.12),1,,,1.0,2025-11-12
11/13/2024,($0.49),time-not-supplied,IMRX,Immuneering Corporation,"$231,714,435",Sep/2025,($0.37),3,,,3.0,2025-11-12
N/A,($0.15),time-not-supplied,AZ,A2Z Cust2Mate Solutions Corp.,"$227,999,631",Sep/2025,,1,,,1.0,2025-11-12
11/13/2024,($1.95),time-not-supplied,NXXT,"NextNRG, Inc.","$222,318,315",Sep/2025,($0.05),1,,,1.0,2025-11-12
11/13/2024,$0.01,time-not-supplied,RGCO,RGC Resources Inc.,"$215,390,222",Sep/2025,($0.05),1,,0.01,1.0,2025-11-12
N/A,N/A,time-not-supplied,AARD,"Aardvark Therapeutics, Inc.","$212,629,551",Sep/2025,($0.82),1,,,1.0,2025-11-12
11/13/2024,$0.15,time-pre-market,RDCM,Radcom Ltd.,"$209,608,663",Sep/2025,$0.12,1,0.12,0.15,1.0,2025-11-12
11/12/2024,$0.16,time-after-hours,ELMD,"Electromed, Inc.","$208,144,958",Sep/2025,$0.22,2,0.22,0.16,2.0,2025-11-12
11/14/2024,$0.10,time-pre-market,EWCZ,"European Wax Center, Inc.","$207,631,956",Sep/2025,$0.12,3,0.12,0.1,3.0,2025-11-12
N/A,$0.10,time-not-supplied,CCIX,Churchill Capital Corp IX,"$207,353,709",Sep/2025,,1,,0.1,1.0,2025-11-12
N/A,($0.05),time-after-hours,DFDV,DeFi Development Corp.,"$182,250,124",Sep/2025,,1,,,1.0,2025-11-12
11/13/2024,($0.03),time-after-hours,KRMD,"KORU Medical Systems, Inc.","$178,466,934",Sep/2025,($0.03),2,,,2.0,2025-11-12
11/13/2024,($0.15),time-not-supplied,ARMP,"Armata Pharmaceuticals, Inc.","$175,352,435",Sep/2025,($0.42),1,,,1.0,2025-11-12
11/13/2024,($0.10),time-not-supplied,SLS,"SELLAS Life Sciences Group, Inc. ","$174,793,799",Sep/2025,,N/A,,,,2025-11-12
11/13/2024,$15,time-not-supplied,CBIO,"Crescent Biopharma, Inc.","$172,823,471",Sep/2025,($1.01),3,,15.0,3.0,2025-11-12
11/06/2024,($0.07),time-pre-market,VLN,Valens Semiconductor Ltd.,"$168,092,673",Sep/2025,($0.11),3,,,3.0,2025-11-12
11/13/2024,($0.05),time-not-supplied,BTM,Bitcoin Depot Inc.,"$167,480,805",Sep/2025,$0.04,4,0.04,,4.0,2025-11-12
11/13/2024,$0.81,time-not-supplied,MPTI,"M-tron Industries, Inc.","$159,615,974",Sep/2025,$0.57,1,0.57,0.81,1.0,2025-11-12
11/12/2024,($0.15),time-after-hours,SVCO,"Silvaco Group, Inc.","$158,594,599",Sep/2025,($0.14),1,,,1.0,2025-11-12
N/A,$0.07,time-not-supplied,ALPS,ALPS Group Inc,"$157,997,110",Sep/2025,,1,,0.07,1.0,2025-11-12
11/13/2024,($0.16),time-not-supplied,ATLN,Atlantic International Corp.,"$152,360,024",Sep/2025,,N/A,,,,2025-11-12
N/A,($0.05),time-not-supplied,STRS,Stratus Properties Inc.,"$152,042,150",Sep/2025,,1,,,1.0,2025-11-12
11/13/2024,($1.39),time-not-supplied,ELTX,"Elicio Therapeutics, Inc.","$149,495,299",Sep/2025,($0.62),1,,,1.0,2025-11-12
11/13/2024,($0.10),time-not-supplied,BTCS,BTCS Inc.,"$148,483,084",Sep/2025,($0.02),1,,,1.0,2025-11-12
11/14/2024,($0.94),time-after-hours,SRFM,Surf Air Mobility Inc.,"$147,321,681",Sep/2025,($0.61),2,,,2.0,2025-11-12
11/13/2024,($2.10),time-not-supplied,CYBN,Cybin Inc.,"$145,550,454",Sep/2025,($0.74),1,,,1.0,2025-11-12
N/A,($0.12),time-not-supplied,VGAS,"Verde Clean Fuels, Inc.","$141,667,795",Sep/2025,,1,,,1.0,2025-11-12
11/13/2024,($0.08),time-not-supplied,KULR,"KULR Technology Group, Inc.","$135,658,192",Sep/2025,,N/A,,,,2025-11-12
11/13/2024,($0.55),time-not-supplied,ACTU,"Actuate Therapeutics, Inc.","$133,184,101",Sep/2025,($0.27),2,,,2.0,2025-11-12
N/A,$0.18,time-not-supplied,CAAS,"China Automotive Systems, Inc.","$128,527,191",Sep/2025,,1,,0.18,1.0,2025-11-12
11/12/2024,($0.45),time-after-hours,PLBY,"Playboy, Inc.","$123,640,823",Sep/2025,($0.02),1,,,1.0,2025-11-12
N/A,$0.04,time-after-hours,WRAP,"Wrap Technologies, Inc.","$121,461,468",Sep/2025,,1,,0.04,1.0,2025-11-12
11/13/2024,($0.22),time-pre-market,LUCD,Lucid Diagnostics Inc.,"$120,410,019",Sep/2025,($0.07),1,,,1.0,2025-11-12
N/A,($0.02),time-not-supplied,CTM,"Castellum, Inc.","$118,110,742",Sep/2025,,1,,,1.0,2025-11-12
11/12/2024,($1.10),time-pre-market,FTCI,"FTC Solar, Inc.","$117,808,392",Sep/2025,($0.57),2,,,2.0,2025-11-12
N/A,($0.32),time-not-supplied,RDZN,"Roadzen, Inc.","$116,313,285",Sep/2025,,1,,,1.0,2025-11-12
11/13/2024,($0.25),time-not-supplied,CGTX,"Cognition Therapeutics, Inc.","$115,351,352",Sep/2025,($0.07),3,,,3.0,2025-11-12
11/12/2024,($0.11),time-after-hours,SSTI,"SoundThinking, Inc.","$113,842,134",Sep/2025,($0.07),3,,,3.0,2025-11-12
11/13/2024,($1.97),time-not-supplied,QMCO,Quantum Corporation,"$113,080,424",Sep/2025,($0.35),1,,,1.0,2025-11-12
N/A,$0.61,time-not-supplied,ESP,Espey Mfg. & Electronics Corp.,"$112,239,163",Sep/2025,,1,,0.61,1.0,2025-11-12
11/13/2024,($1.22),time-not-supplied,CLNN,Clene Inc.,"$109,097,003",Sep/2025,($0.60),2,,,2.0,2025-11-12
11/13/2024,($2.90),time-not-supplied,PTHS,Pelthos Therapeutics Inc.,"$105,714,469",Sep/2025,($0.67),1,,,1.0,2025-11-12
N/A,($0.08),time-not-supplied,ANEB,"Anebulo Pharmaceuticals, Inc.","$103,944,369",Sep/2025,,1,,,1.0,2025-11-12
11/13/2024,($3.54),time-not-supplied,TIL,"Instil Bio, Inc.","$102,340,855",Sep/2025,$2,1,2.0,,1.0,2025-11-12
N/A,($1.07),time-not-supplied,VHC,VirnetX Holding Corp,"$98,491,151",Sep/2025,,1,,,1.0,2025-11-12
11/13/2024,($0.20),time-not-supplied,MBOT,Microbot Medical Inc. ,"$92,002,797",Sep/2025,($0.06),1,,,1.0,2025-11-12
11/13/2024,($4.61),time-not-supplied,FEAM,"5E Advanced Materials, Inc.","$89,553,902",Sep/2025,,N/A,,,,2025-11-12
11/13/2024,($0.11),time-not-supplied,VANI,"Vivani Medical, Inc. ","$89,162,074",Sep/2025,($0.12),1,,,1.0,2025-11-12
11/13/2024,($0.02),time-not-supplied,IDN,"Intellicheck, Inc.","$87,562,874",Sep/2025,($0.01),3,,,3.0,2025-11-12
11/13/2024,($0.59),time-not-supplied,STRO,"Sutro Biopharma, Inc.","$86,469,661",Sep/2025,($0.42),7,,,7.0,2025-11-12
11/13/2024,($0.45),time-not-supplied,MGX,"Metagenomi, Inc.","$85,950,881",Sep/2025,($0.60),3,,,3.0,2025-11-12
11/13/2024,($0.13),time-not-supplied,QNCX,"Quince Therapeutics, Inc.","$85,942,077",Sep/2025,($0.20),2,,,2.0,2025-11-12
11/13/2024,N/A,time-not-supplied,EQ,"Equillium, Inc.","$85,684,641",Sep/2025,($0.14),1,,,1.0,2025-11-12
N/A,$0.15,time-after-hours,LPA,Logistic Properties of the Americas,"$84,871,851",Sep/2025,,1,,0.15,1.0,2025-11-12
11/06/2024,$0.20,time-pre-market,MHH,"Mastech Digital, Inc","$83,149,195",Sep/2025,$0.13,2,0.13,0.2,2.0,2025-11-12
N/A,N/A,time-not-supplied,BYSI,"BeyondSpring, Inc.","$81,471,286",Sep/2025,,1,,,1.0,2025-11-12
11/14/2024,($0.52),time-after-hours,IZEA,"IZEA Worldwide, Inc.","$81,471,084",Sep/2025,,N/A,,,,2025-11-12
N/A,N/A,time-not-supplied,GRO,Brazil Potash Corp.,"$81,437,122",Sep/2025,($0.07),1,,,1.0,2025-11-12
N/A,($0.02),time-not-supplied,ZTEK,Zentek Ltd.,"$80,936,629",Sep/2025,,1,,,1.0,2025-11-12
N/A,$0.13,time-not-supplied,OMEX,"Odyssey Marine Exploration, Inc.","$80,891,170",Sep/2025,,1,,0.13,1.0,2025-11-12
11/13/2024,($0.50),time-not-supplied,UNCY,"Unicycive Therapeutics, Inc.","$78,417,939",Sep/2025,($0.59),4,,,4.0,2025-11-12
N/A,($0.18),time-not-supplied,INTG,The Intergroup Corporation,"$77,644,756",Sep/2025,,1,,,1.0,2025-11-12
11/14/2024,($0.16),time-after-hours,GCTS,"GCT Semiconductor Holding, Inc.","$74,852,271",Sep/2025,($0.19),1,,,1.0,2025-11-12
N/A,($1.18),time-after-hours,VATE,INNOVATE Corp.,"$74,682,434",Sep/2025,,1,,,1.0,2025-11-12
11/19/2024,$1,time-after-hours,KORE,"KORE Group Holdings, Inc.","$73,820,768",Sep/2025,($0.49),1,,1.0,1.0,2025-11-12
11/13/2024,$0.34,time-pre-market,AFCG,Advanced Flower Capital Inc.,"$71,850,640",Sep/2025,$0.17,1,0.17,0.34,1.0,2025-11-12
N/A,$0.93,time-pre-market,RGS,Regis Corporation,"$71,496,042",Sep/2025,,1,,0.93,1.0,2025-11-12
N/A,$1,time-not-supplied,COEP,"Coeptis Therapeutics Holdings, Inc.","$71,099,676",Sep/2025,,1,,1.0,1.0,2025-11-12
10/30/2024,($0.36),time-after-hours,LUNG,Pulmonx Corporation,"$70,084,076",Sep/2025,($0.40),2,,,2.0,2025-11-12
11/13/2024,($0.06),time-not-supplied,MNOV,"MediciNova, Inc.","$69,645,669",Sep/2025,($0.08),1,,,1.0,2025-11-12
11/13/2024,($0.59),time-not-supplied,ACRV,"Acrivon Therapeutics, Inc.","$67,629,637",Sep/2025,($0.57),4,,,4.0,2025-11-12
N/A,$0.08,time-not-supplied,AFJK,"Aimei Health Technology Co., Ltd","$66,600,000",Sep/2025,,1,,0.08,1.0,2025-11-12
N/A,($0.16),time-not-supplied,XBIT,XBiotech Inc.,"$65,853,499",Sep/2025,,1,,,1.0,2025-11-12
N/A,($0.02),time-after-hours,SCWO,374Water Inc.,"$58,478,153",Sep/2025,,1,,,1.0,2025-11-12
N/A,($0.03),time-not-supplied,NSTS,"NSTS Bancorp, Inc.","$58,441,469",Sep/2025,,1,,,1.0,2025-11-12
N/A,($0.09),time-not-supplied,ICCC,ImmuCell Corporation,"$54,275,106",Sep/2025,,1,,,1.0,2025-11-12
11/06/2024,($2.05),time-pre-market,KPLT,"Katapult Holdings, Inc.","$52,549,779",Sep/2025,,N/A,,,,2025-11-12
11/12/2024,($0.73),time-after-hours,SURG,"SurgePays, Inc.","$50,874,557",Sep/2025,($0.17),1,,,1.0,2025-11-12
11/12/2024,($0.10),time-after-hours,AIRG,"Airgain, Inc.","$49,160,567",Sep/2025,($0.08),2,,,2.0,2025-11-12
N/A,$0.01,time-not-supplied,NTWK,NetSol Technologies Inc.,"$48,438,569",Sep/2025,,1,,0.01,1.0,2025-11-12
N/A,$0.11,time-not-supplied,PRT,PermRock Royalty Trust,"$47,568,012",Sep/2025,,1,,0.11,1.0,2025-11-12
N/A,$0.17,time-not-supplied,TCBS,"Texas Community Bancshares, Inc.","$47,171,214",Sep/2025,,1,,0.17,1.0,2025-11-12
N/A,$0.25,time-not-supplied,CRT,Cross Timbers Royalty Trust,"$45,780,000",Sep/2025,,1,,0.25,1.0,2025-11-12
11/13/2024,($5.41),time-not-supplied,XFOR,"X4 Pharmaceuticals, Inc.","$45,291,177",Sep/2025,($0.79),4,,,4.0,2025-11-12
11/13/2024,($0.33),time-not-supplied,GRCE,"Grace Therapeutics, Inc.","$42,730,257",Sep/2025,($0.12),1,,,1.0,2025-11-12
11/13/2024,($0.50),time-not-supplied,CALC,"CalciMedica, Inc.","$42,615,140",Sep/2025,($0.41),2,,,2.0,2025-11-12
11/13/2024,($0.09),time-not-supplied,INLX,"Intellinetics, Inc.","$41,835,009",Sep/2025,($0.10),1,,,1.0,2025-11-12
N/A,$0.05,time-pre-market,JRSH,"Jerash Holdings (US), Inc.","$41,528,804",Sep/2025,,1,,0.05,1.0,2025-11-12
N/A,($0.10),time-after-hours,AP,Ampco-Pittsburgh Corporation,"$41,446,741",Sep/2025,,1,,,1.0,2025-11-12
11/13/2024,($2.25),time-not-supplied,MRSN,"Mersana Therapeutics, Inc.","$40,724,047",Sep/2025,($1.44),4,,,4.0,2025-11-12
11/13/2024,($1.22),time-pre-market,PYPD,PolyPid Ltd.,"$39,133,071",Sep/2025,($0.54),2,,,2.0,2025-11-12
11/06/2024,($0.02),time-after-hours,USIO,"Usio, Inc.","$39,081,278",Sep/2025,$0,2,0.0,,2.0,2025-11-12
11/13/2024,$0.01,time-not-supplied,SNAL,"Snail, Inc.","$38,166,521",Sep/2025,($0.05),1,,0.01,1.0,2025-11-12
11/12/2024,($0.01),time-after-hours,DYAI,"Dyadic International, Inc.","$37,997,188",Sep/2025,($0.04),2,,,2.0,2025-11-12
N/A,($0.26),time-pre-market,CSTE,Caesarstone Ltd.,"$36,283,618",Sep/2025,,1,,,1.0,2025-11-12
11/13/2024,($1.87),time-not-supplied,MURA,Mural Oncology plc,"$36,034,667",Sep/2025,($0.59),1,,,1.0,2025-11-12
11/12/2024,$0.05,time-pre-market,RMTI,"Rockwell Medical, Inc.","$35,807,566",Sep/2025,($0.04),1,,0.05,1.0,2025-11-12
N/A,($0.16),time-not-supplied,GIFT,"Giftify, Inc.","$32,985,538",Sep/2025,,1,,,1.0,2025-11-12
N/A,($0.31),time-after-hours,AUID,authID Inc.,"$32,399,413",Sep/2025,,1,,,1.0,2025-11-12
N/A,$0.01,time-not-supplied,LGL,"LGL Group, Inc. (The)","$32,055,888",Sep/2025,,1,,0.01,1.0,2025-11-12
11/13/2024,($0.19),time-not-supplied,TENX,"Tenax Therapeutics, Inc.","$32,005,938",Sep/2025,($1.33),4,,,4.0,2025-11-12
11/13/2024,($0.43),time-not-supplied,ANTX,"AN2 Therapeutics, Inc.","$31,151,828",Sep/2025,($0.23),1,,,1.0,2025-11-12
N/A,$0.06,time-not-supplied,CVU,"CPI Aerostructures, Inc.","$28,797,942",Sep/2025,,1,,0.06,1.0,2025-11-12
11/13/2024,$0.01,time-pre-market,CREX,"Creative Realities, Inc.","$28,716,684",Sep/2025,($0.08),1,,0.01,1.0,2025-11-12
N/A,($0.13),time-not-supplied,TLPH,"Talphera, Inc.","$26,268,998",Sep/2025,,1,,,1.0,2025-11-12
11/13/2024,($0.25),time-not-supplied,INTS,"Intensity Therapeutics, Inc.","$25,175,884",Sep/2025,($0.06),1,,,1.0,2025-11-12
N/A,($2.62),time-pre-market,NYC,American Strategic Investment Co.,"$24,140,411",Sep/2025,,1,,,1.0,2025-11-12
11/13/2024,($0.20),time-not-supplied,AYTU,"Aytu BioPharma, Inc. ","$21,112,375",Sep/2025,($0.06),1,,,1.0,2025-11-12
11/13/2024,($6.20),time-not-supplied,PASG,"Passage Bio, Inc.","$21,106,634",Sep/2025,($2.64),2,,,2.0,2025-11-12
11/13/2024,($1.40),time-not-supplied,WKSP,"Worksport, Ltd.","$18,796,968",Sep/2025,($0.73),1,,,1.0,2025-11-12
11/13/2024,($0.44),time-not-supplied,LPTX,"LEAP THERAPEUTICS, INC.","$17,296,859",Sep/2025,($0.24),1,,,1.0,2025-11-12
N/A,N/A,time-not-supplied,ASBP,"Aspire Biopharma Holdings, Inc. ","$17,175,606",Sep/2025,,1,,,1.0,2025-11-12
N/A,($0.33),time-not-supplied,NAII,"Natural Alternatives International, Inc.","$16,862,604",Sep/2025,,1,,,1.0,2025-11-12
N/A,($0.60),time-not-supplied,PRHI,"Presurance Holdings, Inc.","$16,378,661",Sep/2025,,1,,,1.0,2025-11-12
N/A,$0.07,time-not-supplied,ELSE,"Electro-Sensors, Inc.","$16,244,889",Sep/2025,,1,,0.07,1.0,2025-11-12
N/A,N/A,time-not-supplied,ADGM,"Adagio Medical Holdings, Inc","$15,996,828",Sep/2025,,1,,,1.0,2025-11-12
N/A,($0.49),time-not-supplied,DTSS,Datasea Inc.,"$14,861,443",Sep/2025,,1,,,1.0,2025-11-12
N/A,($1.10),time-not-supplied,ICU,SeaStar Medical Holding Corporation,"$14,510,007",Sep/2025,,1,,,1.0,2025-11-12
N/A,N/A,time-not-supplied,ABP,"Abpro Holdings, Inc","$14,417,650",Sep/2025,,1,,,1.0,2025-11-12
11/13/2024,($1.54),time-not-supplied,LMFA,"LM Funding America, Inc.","$14,392,873",Sep/2025,($0.49),1,,,1.0,2025-11-12
11/13/2024,($0.41),time-not-supplied,SMSI,"Smith Micro Software, Inc.","$14,083,390",Sep/2025,($0.23),1,,,1.0,2025-11-12
11/13/2024,($0.03),time-not-supplied,AMS,American Shared Hospital Services,"$13,692,483",Sep/2025,$0,1,0.0,,1.0,2025-11-12
11/13/2024,($3.50),time-not-supplied,ALUR,"Allurion Technologies, Inc.","$13,196,558",Sep/2025,,N/A,,,,2025-11-12
N/A,($2.40),time-after-hours,LVLU,"Lulu's Fashion Lounge Holdings, Inc.","$12,370,185",Sep/2025,,1,,,1.0,2025-11-12
N/A,($0.04),time-not-supplied,GRNQ,Greenpro Capital Corp.,"$12,165,445",Sep/2025,,1,,,1.0,2025-11-12
11/13/2024,($0.35),time-not-supplied,PRPH,"ProPhase Labs, Inc.","$12,121,724",Sep/2025,,N/A,,,,2025-11-12
N/A,($0.10),time-not-supplied,ZONE,CleanCore Solutions Inc.,"$12,069,914",Sep/2025,,1,,,1.0,2025-11-12
11/13/2024,$7,time-not-supplied,BIVI,BioVie Inc.,"$11,565,035",Sep/2025,($0.79),1,,7.0,1.0,2025-11-12
N/A,($11.51),time-not-supplied,AEON,"AEON Biopharma, Inc.","$11,052,282",Sep/2025,,1,,,1.0,2025-11-12
11/13/2024,($0.86),time-not-supplied,BFRI,Biofrontera Inc.,"$10,988,495",Sep/2025,($0.60),1,,,1.0,2025-11-12
N/A,($0.04),time-not-supplied,BTBD,"BT Brands, Inc.","$10,832,314",Sep/2025,,1,,,1.0,2025-11-12
11/13/2024,($0.49),time-not-supplied,COCP,"Cocrystal Pharma, Inc.","$10,566,632",Sep/2025,($0.22),2,,,2.0,2025-11-12
N/A,($0.75),time-not-supplied,DSS,"DSS, Inc.","$9,728,994",Sep/2025,,1,,,1.0,2025-11-12
N/A,N/A,time-not-supplied,CYCU,"Cycurion, Inc.","$8,047,607",Sep/2025,,1,,,1.0,2025-11-12
11/13/2024,($0.61),time-not-supplied,BCDA,"BioCardia, Inc.","$7,715,628",Sep/2025,($0.25),1,,,1.0,2025-11-12
11/12/2024,($3.40),time-pre-market,ACXP,"Acurx Pharmaceuticals, Inc.","$7,638,616",Sep/2025,($1.61),1,,,1.0,2025-11-12
11/13/2024,($0.38),time-not-supplied,ADIL,"Adial Pharmaceuticals, Inc","$7,100,718",Sep/2025,($0.09),1,,,1.0,2025-11-12
11/13/2024,($0.53),time-not-supplied,SSKN,"Strata Skin Sciences, Inc.","$7,090,974",Sep/2025,,N/A,,,,2025-11-12
N/A,($43.82),time-not-supplied,JTAI,Jet.AI Inc.,"$6,652,962",Sep/2025,,1,,,1.0,2025-11-12
N/A,($0.85),time-not-supplied,MTNB,"Matinas Biopharma Holdings, Inc.","$6,460,471",Sep/2025,,1,,,1.0,2025-11-12
N/A,($1.32),time-not-supplied,ENTO,Entero Therapeutics Inc.,"$6,449,619",Sep/2025,,1,,,1.0,2025-11-12
N/A,($1.80),time-not-supplied,CDIO,Cardio Diagnostics Holdings Inc.,"$6,382,527",Sep/2025,,1,,,1.0,2025-11-12
N/A,($2.87),time-not-supplied,KTTA,Pasithea Therapeutics Corp.,"$5,716,667",Sep/2025,,1,,,1.0,2025-11-12
11/13/2024,($9.38),time-not-supplied,FLGC,Flora Growth Corp.,"$5,428,047",Sep/2025,($2.13),1,,,1.0,2025-11-12
N/A,($0.60),time-not-supplied,CPHI,"China Pharma Holdings, Inc.","$5,069,151",Sep/2025,,1,,,1.0,2025-11-12
N/A,($58.30),time-not-supplied,SOBR,"SOBR Safe, Inc.","$4,685,228",Sep/2025,,1,,,1.0,2025-11-12
N/A,($16.25),time-not-supplied,EDBL,Edible Garden AG Incorporated,"$4,679,891",Sep/2025,,1,,,1.0,2025-11-12
N/A,($11.41),time-not-supplied,OGEN,Oragenics Inc.,"$4,663,705",Sep/2025,,1,,,1.0,2025-11-12
N/A,($0.01),time-not-supplied,GBR,"New Concept Energy, Inc","$4,489,929",Sep/2025,,1,,,1.0,2025-11-12
N/A,($1.06),time-not-supplied,CTNT,Cheetah Net Supply Chain Service Inc.,"$4,034,737",Sep/2025,,1,,,1.0,2025-11-12
N/A,($61.50),time-not-supplied,GNPX,"Genprex, Inc.","$4,033,103",Sep/2025,,1,,,1.0,2025-11-12
N/A,($99.99),time-not-supplied,ELAB,PMGC Holdings Inc.,"$3,889,738",Sep/2025,,1,,,1.0,2025-11-12
11/13/2024,($26.25),time-not-supplied,JAGX,"Jaguar Health, Inc.","$3,653,748",Sep/2025,,N/A,,,,2025-11-12
N/A,($1.70),time-not-supplied,BOXL,Boxlight Corporation,"$3,533,301",Sep/2025,,1,,,1.0,2025-11-12
11/13/2024,$16,time-not-supplied,AEMD,"Aethlon Medical, Inc.","$3,440,669",Sep/2025,($1.70),2,,16.0,2.0,2025-11-12
N/A,($39.75),time-not-supplied,SHPH,"Shuttle Pharmaceuticals Holdings, Inc.","$3,094,534",Sep/2025,,1,,,1.0,2025-11-12
N/A,($9.50),time-not-supplied,IVP,"Inspire Veterinary Partners, Inc.","$2,959,614",Sep/2025,,1,,,1.0,2025-11-12
11/13/2024,($38.21),time-not-supplied,VTAK,"Catheter Precision, Inc.","$2,787,024",Sep/2025,,N/A,,,,2025-11-12
N/A,$73.11,time-pre-market,NUWE,"Nuwellis, Inc.","$2,428,169",Sep/2025,,1,,73.11,1.0,2025-11-12
N/A,($20.40),time-not-supplied,DRMA,"Dermata Therapeutics, Inc.","$2,092,380",Sep/2025,,1,,,1.0,2025-11-12
N/A,N/A,time-not-supplied,NEXM,NexMetals Mining Corp.,,Sep/2025,,1,,,1.0,2025-11-12
11/14/2024,$1.14,time-pre-market,DIS,Walt Disney Company (The),"$200,415,684,365",Sep/2025,$1.03,8,1.03,1.14,8.0,2025-11-13
11/14/2024,$2.32,time-after-hours,AMAT,"Applied Materials, Inc.","$183,379,120,271",Oct/2025,$2.11,10,2.11,2.32,10.0,2025-11-13
11/14/2024,$0.41,time-not-supplied,MUFG,Mitsubishi UFJ Financial Group Inc,"$181,860,403,564",Sep/2025,$0.34,1,0.34,0.41,1.0,2025-11-13
11/14/2024,$0.36,time-not-supplied,SMFG,Sumitomo Mitsui Financial Group Inc,"$104,491,582,815",Sep/2025,$0.40,1,0.4,0.36,1.0,2025-11-13
11/14/2024,$0.56,time-pre-market,BN,Brookfield Corporation,"$102,154,462,198",Sep/2025,$0.68,4,0.68,0.56,4.0,2025-11-13
11/14/2024,$1.44,time-not-supplied,NTES,"NetEase, Inc.","$87,628,310,523",Sep/2025,$1.88,2,1.88,1.44,2.0,2025-11-13
11/14/2024,$0.15,time-not-supplied,MFG,"Mizuho Financial Group, Inc.","$83,677,792,779",Sep/2025,$0.17,1,0.17,0.15,1.0,2025-11-13
11/14/2024,$1.18,time-pre-market,JD,"JD.com, Inc.","$46,243,830,131",Sep/2025,$0.34,2,0.34,1.18,2.0,2025-11-13
11/14/2024,$3.02,time-not-supplied,KB,KB Financial Group Inc,"$31,274,116,187",Sep/2025,,N/A,,3.02,,2025-11-13
N/A,$0.43,time-after-hours,EC,Ecopetrol S.A.,"$19,037,029,646",Sep/2025,$0.34,1,0.34,0.43,1.0,2025-11-13
N/A,N/A,time-pre-market,AEG,Aegon Ltd.,"$14,986,203,683",Sep/2025,,1,,,1.0,2025-11-13
11/14/2024,$3.75,time-not-supplied,YPF,YPF Sociedad Anonima,"$14,249,722,490",Sep/2025,$0.82,2,0.82,3.75,2.0,2025-11-13
N/A,$0.05,time-not-supplied,BNT,Brookfield Wealth Solutions Ltd.,"$13,875,583,217",Sep/2025,,1,,0.05,1.0,2025-11-13
11/14/2024,$2.57,time-not-supplied,WF,Woori Bank,"$13,634,749,113",Sep/2025,,N/A,,2.57,,2025-11-13
11/14/2024,($1.89),time-not-supplied,ASND,Ascendis Pharma A/S,"$12,637,978,773",Sep/2025,($0.41),9,,,9.0,2025-11-13
11/07/2024,$0.95,time-after-hours,STN,Stantec Inc,"$12,297,528,834",Sep/2025,$1.11,5,1.11,0.95,5.0,2025-11-13
11/14/2024,($0.02),time-pre-market,BILI,Bilibili Inc.,"$11,952,914,242",Sep/2025,$0.12,2,0.12,,2.0,2025-11-13
11/14/2024,$7.73,time-not-supplied,DDS,"Dillard's, Inc.","$9,290,963,807",Oct/2025,$6.43,3,6.43,7.73,3.0,2025-11-13
11/14/2024,$2.26,time-not-supplied,NICE,NICE Ltd,"$8,214,257,110",Sep/2025,$2.58,7,2.58,2.26,7.0,2025-11-13
N/A,N/A,time-after-hours,FIGR,"Figure Technology Solutions, Inc.","$8,100,043,700",Sep/2025,$0.16,1,0.16,,1.0,2025-11-13
N/A,N/A,time-after-hours,STUB,"StubHub Holdings, Inc.","$6,296,984,634",Sep/2025,($2.91),1,,,1.0,2025-11-13
N/A,N/A,time-pre-market,ALH,Alliance Laundry Holdings Inc.,"$5,267,018,994",Sep/2025,$28.11,1,28.11,,1.0,2025-11-13
N/A,N/A,time-after-hours,SOBO,South Bow Corporation,"$5,259,521,404",Sep/2025,$0.38,1,0.38,,1.0,2025-11-13
11/14/2024,($0.26),time-not-supplied,LPL,"LG Display Co., Ltd.","$4,940,000,000",Sep/2025,$0.06,2,0.06,,2.0,2025-11-13
11/14/2024,$0.10,time-not-supplied,INTR,Inter & Co. Inc.,"$4,049,675,415",Sep/2025,$0.14,3,0.14,0.1,3.0,2025-11-13
N/A,N/A,time-pre-market,VIA,"Via Transportation, Inc.","$4,013,879,033",Sep/2025,($0.65),1,,,1.0,2025-11-13
N/A,N/A,time-pre-market,NIQ,NIQ Global Intelligence plc,"$3,613,750,000",Sep/2025,$0.04,1,0.04,,1.0,2025-11-13
11/14/2024,($0.70),time-not-supplied,CELC,Celcuity Inc.,"$3,096,725,636",Sep/2025,($1.05),4,,,4.0,2025-11-13
11/14/2024,$0.32,time-not-supplied,PAGS,PagSeguro Digital Ltd.,"$3,068,654,427",Sep/2025,$0.35,4,0.35,0.32,4.0,2025-11-13
N/A,N/A,time-pre-market,ARX,Accelerant Holdings,"$2,655,237,815",Sep/2025,$0.22,1,0.22,,1.0,2025-11-13
11/14/2024,$1.25,time-after-hours,GLOB,Globant S.A.,"$2,592,961,999",Sep/2025,$1.18,5,1.18,1.25,5.0,2025-11-13
N/A,$0.07,time-not-supplied,XNET,Xunlei Limited,"$2,519,831,474",Sep/2025,,1,,0.07,1.0,2025-11-13
11/14/2024,($0.06),time-not-supplied,TMC,TMC the metals company Inc.,"$2,434,293,597",Sep/2025,($0.06),1,,,1.0,2025-11-13
11/13/2024,($0.09),time-pre-market,BITF,Bitfarms Ltd.,"$2,116,083,933",Sep/2025,($0.02),3,,,3.0,2025-11-13
11/13/2024,$0.86,time-pre-market,SPMC,"Sound Point Meridian Capital, Inc.","$2,030,984,153",Sep/2025,$0.56,2,0.56,0.86,2.0,2025-11-13
N/A,($2.64),time-not-supplied,SBET,"SharpLink Gaming, Inc.","$1,972,363,336",Sep/2025,($0.08),1,,,1.0,2025-11-13
11/14/2024,$0.02,time-not-supplied,LUNR,"Intuitive Machines, Inc.","$1,858,675,406",Sep/2025,($0.03),5,,0.02,5.0,2025-11-13
11/14/2024,($0.31),time-not-supplied,SKE,Skeena Resources Limited,"$1,786,510,248",Sep/2025,($0.06),1,,,1.0,2025-11-13
N/A,$0.38,time-not-supplied,FBYD,"Falcon's Beyond Global, Inc.","$1,492,509,411",Sep/2025,,1,,0.38,1.0,2025-11-13
12/05/2024,($0.31),time-pre-market,CSIQ,Canadian Solar Inc.,"$1,472,489,872",Sep/2025,($1.08),2,,,2.0,2025-11-13
11/14/2024,$0.50,time-pre-market,SBH,"Sally Beauty Holdings, Inc.","$1,400,068,807",Sep/2025,$0.49,2,0.49,0.5,2.0,2025-11-13
11/15/2024,$0.97,time-pre-market,SPB,"Spectrum Brands Holdings, Inc.","$1,316,378,509",Sep/2025,$0.77,3,0.77,0.97,3.0,2025-11-13
N/A,($0.19),time-after-hours,EVLV,"Evolv Technologies Holdings, Inc.","$1,244,494,221",Sep/2025,($0.07),1,,,1.0,2025-11-13
N/A,$0.11,time-not-supplied,DAO,"Youdao, Inc.","$1,243,520,190",Sep/2025,,1,,0.11,1.0,2025-11-13
11/14/2024,($2.84),time-not-supplied,INBX,"Inhibrx Biosciences, Inc.","$1,187,659,668",Sep/2025,,N/A,,,,2025-11-13
N/A,($0.69),time-pre-market,SPH,"Suburban Propane Partners, L.P.","$1,177,865,063",Sep/2025,,1,,,1.0,2025-11-13
N/A,N/A,time-after-hours,NMAX,"Newsmax, Inc.","$1,176,934,140",Sep/2025,($0.12),1,,,1.0,2025-11-13
11/14/2024,($0.09),time-not-supplied,PGEN,"Precigen, Inc.","$1,156,134,930",Sep/2025,($0.08),2,,,2.0,2025-11-13
N/A,N/A,time-after-hours,JCAP,"Jefferson Capital, Inc.","$1,130,949,019",Sep/2025,$0.64,1,0.64,,1.0,2025-11-13
11/05/2024,($0.19),time-pre-market,BLDP,"Ballard Power Systems, Inc.","$1,014,594,073",Sep/2025,($0.11),4,,,4.0,2025-11-13
11/14/2024,($0.01),time-not-supplied,NAK,"Northern Dynasty Minerals, Ltd.","$993,811,312",Sep/2025,,N/A,,,,2025-11-13
11/14/2024,($3.23),time-pre-market,BETR,Better Home & Finance Holding Company,"$992,256,480",Sep/2025,($2.05),1,,,1.0,2025-11-13
11/14/2024,($0.84),time-not-supplied,KOD,Kodiak Sciences Inc,"$956,072,571",Sep/2025,($1.07),4,,,4.0,2025-11-13
N/A,($0.18),time-after-hours,RCAT,"Red Cat Holdings, Inc.","$945,765,147",Sep/2025,($0.07),1,,,1.0,2025-11-13
11/07/2024,$0.72,time-pre-market,EPC,Edgewell Personal Care,"$892,113,485",Sep/2025,$0.82,3,0.82,0.72,3.0,2025-11-13
N/A,($0.41),time-not-supplied,ASST,"Strive, Inc.","$861,203,538",Sep/2025,,1,,,1.0,2025-11-13
11/14/2024,($0.23),time-not-supplied,GHRS,GH Research PLC,"$837,379,958",Sep/2025,($0.23),3,,,3.0,2025-11-13
N/A,N/A,time-pre-market,AEBI,Aebi Schmidt Holding AG,"$833,417,384",Sep/2025,$0.10,1,0.1,,1.0,2025-11-13
11/12/2024,$0.01,time-after-hours,NPWR,NET Power Inc.,"$780,434,478",Sep/2025,,N/A,,0.01,,2025-11-13
11/14/2024,($0.61),time-not-supplied,AVBP,"ArriVent BioPharma, Inc.","$759,044,942",Sep/2025,($0.78),4,,,4.0,2025-11-13
N/A,$0.18,time-after-hours,VINP,Vinci Compass Investments Ltd.,"$732,373,151",Sep/2025,,1,,0.18,1.0,2025-11-13
11/14/2024,$0.45,time-not-supplied,CBRL,"Cracker Barrel Old Country Store, Inc.","$721,951,059",Oct/2025,($0.68),4,,0.45,4.0,2025-11-13
11/13/2024,($0.08),time-pre-market,SSYS,"Stratasys, Ltd.","$708,493,374",Sep/2025,($0.08),4,,,4.0,2025-11-13
11/13/2024,$1.69,time-after-hours,BZH,"Beazer Homes USA, Inc.","$659,613,860",Sep/2025,$0.80,3,0.8,1.69,3.0,2025-11-13
11/13/2024,$0.36,time-pre-market,PSFE,Paysafe Limited,"$622,838,362",Sep/2025,$0.61,1,0.61,0.36,1.0,2025-11-13
N/A,$0.05,time-not-supplied,DEFT,"Defi Technologies, Inc.","$601,246,890",Sep/2025,$0.07,1,0.07,0.05,1.0,2025-11-13
11/14/2024,($1.24),time-not-supplied,SOC,Sable Offshore Corp.,"$587,092,775",Sep/2025,($0.84),2,,,2.0,2025-11-13
11/14/2024,($0.01),time-not-supplied,MTA,Metalla Royalty & Streaming Ltd.,"$578,812,356",Sep/2025,$0,1,0.0,,1.0,2025-11-13
11/14/2024,($0.20),time-not-supplied,POET,POET Technologies Inc.,"$539,785,553",Sep/2025,($0.09),1,,,1.0,2025-11-13
10/31/2024,$0.24,time-pre-market,HZO,"MarineMax, Inc.","$505,037,637",Sep/2025,($0.15),3,,0.24,3.0,2025-11-13
11/14/2024,($0.10),time-not-supplied,EU,enCore Energy Corp.,"$501,512,143",Sep/2025,,N/A,,,,2025-11-13
N/A,($0.14),time-not-supplied,ABAT,American Battery Technology Company,"$463,924,270",Sep/2025,,1,,,1.0,2025-11-13
N/A,$0.10,time-after-hours,TSSI,"TSS, Inc.","$459,600,101",Sep/2025,,1,,0.1,1.0,2025-11-13
11/12/2024,($0.42),time-after-hours,TBN,Tamboran Resources Corporation,"$431,796,966",Sep/2025,($0.25),2,,,2.0,2025-11-13
11/14/2024,($0.48),time-not-supplied,BNTC,Benitec Biopharma Inc.,"$412,394,868",Sep/2025,($0.33),2,,,2.0,2025-11-13
11/14/2024,$0.79,time-not-supplied,GDEV,GDEV Inc.,"$404,482,308",Sep/2025,$0.41,2,0.41,0.79,2.0,2025-11-13
11/13/2024,($0.18),time-after-hours,TOI,"The Oncology Institute, Inc.","$396,460,212",Sep/2025,($0.12),2,,,2.0,2025-11-13
11/14/2024,$0.29,time-pre-market,ECC,Eagle Point Credit Company Inc.,"$376,714,274",Sep/2025,$0.23,2,0.23,0.29,2.0,2025-11-13
11/14/2024,($0.05),time-not-supplied,NMG,Nouveau Monde Graphite Inc.,"$370,688,958",Sep/2025,($0.06),1,,,1.0,2025-11-13
N/A,$0.19,time-not-supplied,LWAY,"Lifeway Foods, Inc.","$368,024,988",Sep/2025,,1,,0.19,1.0,2025-11-13
11/14/2024,($0.18),time-not-supplied,GALT,Galectin Therapeutics Inc.,"$363,221,686",Sep/2025,($0.11),1,,,1.0,2025-11-13
N/A,N/A,time-after-hours,BZAI,"Blaize Holdings, Inc.","$356,092,059",Sep/2025,($0.14),1,,,1.0,2025-11-13
11/14/2024,($0.25),time-not-supplied,NBP,NovaBridge Biosciences,"$348,009,633",Sep/2025,($0.06),3,,,3.0,2025-11-13
11/14/2024,($0.25),time-not-supplied,ANNX,"Annexon, Inc.","$338,450,799",Sep/2025,($0.34),4,,,4.0,2025-11-13
11/14/2024,($0.13),time-not-supplied,AREC,American Resources Corporation,"$334,205,234",Sep/2025,($0.13),2,,,2.0,2025-11-13
N/A,N/A,time-not-supplied,NHIC,NewHold Investment Corp III,"$334,047,500",Sep/2025,,1,,,1.0,2025-11-13
N/A,($0.11),time-not-supplied,OCFT,"OneConnect Financial Technology Co., Ltd.","$307,704,911",Sep/2025,,1,,,1.0,2025-11-13
11/14/2024,($0.19),time-not-supplied,GNLX,Genelux Corporation,"$306,342,623",Sep/2025,($0.22),2,,,2.0,2025-11-13
11/14/2024,($0.75),time-not-supplied,SLN,Silence Therapeutics Plc,"$304,668,000",Sep/2025,($0.40),3,,,3.0,2025-11-13
N/A,N/A,time-not-supplied,GRRR,Gorilla Technology Group Inc.,"$299,289,182",Sep/2025,$0.26,1,0.26,,1.0,2025-11-13
N/A,($0.11),time-not-supplied,MLP,"Maui Land & Pineapple Company, Inc.","$295,352,004",Sep/2025,,1,,,1.0,2025-11-13
11/14/2024,($0.14),time-not-supplied,REKR,"Rekor Systems, Inc.","$291,831,619",Sep/2025,($0.05),2,,,2.0,2025-11-13
N/A,($0.32),time-not-supplied,FLYX,"flyExclusive, Inc.","$289,267,805",Sep/2025,,1,,,1.0,2025-11-13
11/14/2024,($0.33),time-not-supplied,CADL,"Candel Therapeutics, Inc.","$281,611,858",Sep/2025,($0.18),3,,,3.0,2025-11-13
N/A,N/A,time-not-supplied,SJT,San Juan Basin Royalty Trust,"$279,652,776",Sep/2025,,1,,,1.0,2025-11-13
11/06/2024,$0.12,time-pre-market,GWRS,"Global Water Resources, Inc.","$278,579,029",Sep/2025,$0.09,2,0.09,0.12,2.0,2025-11-13
N/A,$0.08,time-after-hours,TRAK,"ReposiTrak, Inc.","$274,624,223",Sep/2025,,1,,0.08,1.0,2025-11-13
11/14/2024,($0.17),time-after-hours,DGXX,Digi Power X Inc.,"$274,622,451",Sep/2025,($0.11),1,,,1.0,2025-11-13
N/A,($0.31),time-not-supplied,RDI,Reading International Inc,"$255,796,348",Sep/2025,,1,,,1.0,2025-11-13
11/14/2024,($0.36),time-pre-market,ONEW,OneWater Marine Inc.,"$250,303,798",Sep/2025,$0.14,2,0.14,,2.0,2025-11-13
11/14/2024,($0.45),time-not-supplied,SGMT,Sagimet Biosciences Inc.,"$247,489,368",Sep/2025,($0.41),5,,,5.0,2025-11-13
11/14/2024,($0.62),time-not-supplied,CABA,"Cabaletta Bio, Inc.","$246,956,129",Sep/2025,($0.49),3,,,3.0,2025-11-13
N/A,N/A,time-not-supplied,FBLA,"FB Bancorp, Inc.","$241,819,125",Sep/2025,,1,,,1.0,2025-11-13
N/A,($0.14),time-after-hours,VUZI,Vuzix Corporation,"$241,306,079",Sep/2025,,1,,,1.0,2025-11-13
11/14/2024,$0.25,time-pre-market,GAMB,Gambling.com Group Limited,"$238,125,858",Sep/2025,,N/A,,0.25,,2025-11-13
N/A,$0.13,time-after-hours,AREN,"The Arena Group Holdings, Inc.","$234,955,458",Sep/2025,,1,,0.13,1.0,2025-11-13
11/14/2024,($0.40),time-after-hours,TLSI,"TriSalus Life Sciences, Inc.","$234,376,211",Sep/2025,($0.17),2,,,2.0,2025-11-13
11/14/2024,($0.31),time-not-supplied,ABEO,Abeona Therapeutics Inc.,"$233,830,138",Sep/2025,($0.27),4,,,4.0,2025-11-13
11/07/2024,N/A,time-pre-market,LIEN,"Chicago Atlantic BDC, Inc.","$233,454,636",Sep/2025,$0.35,1,0.35,,1.0,2025-11-13
N/A,$8.80,time-not-supplied,PNRG,PrimeEnergy Resources Corporation,"$219,531,370",Sep/2025,,1,,8.8,1.0,2025-11-13
N/A,N/A,time-after-hours,CV,"CapsoVision, Inc.","$214,692,968",Sep/2025,,1,,,1.0,2025-11-13
N/A,$0.04,time-pre-market,SUIG,Sui Group Holdings Limited,"$207,739,939",Sep/2025,,1,,0.04,1.0,2025-11-13
N/A,$0.47,time-not-supplied,SNFCA,Security National Financial Corporation,"$206,820,557",Sep/2025,,1,,0.47,1.0,2025-11-13
11/06/2024,($2.66),time-after-hours,SPCE,"Virgin Galactic Holdings, Inc.","$201,568,378",Sep/2025,($1.50),2,,,2.0,2025-11-13
N/A,$0.33,time-not-supplied,SWKH,SWK Holdings Corporation,"$196,058,891",Sep/2025,,1,,0.33,1.0,2025-11-13
N/A,$0.59,time-not-supplied,SMID,Smith-Midland Corporation,"$194,838,178",Sep/2025,,1,,0.59,1.0,2025-11-13
11/14/2024,($0.82),time-not-supplied,DPRO,Draganfly Inc.,"$191,745,578",Sep/2025,($0.19),1,,,1.0,2025-11-13
11/06/2024,($0.55),time-after-hours,NYXH,Nyxoah SA,"$189,756,234",Sep/2025,($0.61),3,,,3.0,2025-11-13
N/A,$0.10,time-not-supplied,GRAF,Graf Global Corp.,"$186,888,969",Sep/2025,,1,,0.1,1.0,2025-11-13
11/14/2024,$0.03,time-not-supplied,PLX,"Protalix BioTherapeutics, Inc.","$186,573,149",Sep/2025,$0.05,2,0.05,0.03,2.0,2025-11-13
11/14/2024,$0.23,time-not-supplied,FTLF,"FitLife Brands, Inc.","$186,412,779",Sep/2025,$0.25,1,0.25,0.23,1.0,2025-11-13
11/14/2024,($0.94),time-not-supplied,INV,"Innventure, Inc.","$184,884,328",Sep/2025,($0.16),3,,,3.0,2025-11-13
N/A,N/A,time-after-hours,STRZ,Starz Entertainment Corp.,"$180,428,330",Sep/2025,($1.44),1,,,1.0,2025-11-13
11/07/2024,($0.38),time-after-hours,PROF,Profound Medical Corp.,"$177,952,836",Sep/2025,($0.38),2,,,2.0,2025-11-13
N/A,N/A,time-after-hours,ANGX,"Angel Studios, Inc.","$176,316,450",Sep/2025,,1,,,1.0,2025-11-13
11/14/2024,($0.24),time-not-supplied,RANI,"Rani Therapeutics Holdings, Inc.","$171,047,237",Sep/2025,($0.09),1,,,1.0,2025-11-13
N/A,($0.10),time-not-supplied,HUSA,Houston American Energy Corporation,"$163,797,298",Sep/2025,,1,,,1.0,2025-11-13
N/A,N/A,time-not-supplied,JFB,JFB Construction Holdings,"$158,123,385",Sep/2025,,1,,,1.0,2025-11-13
11/25/2024,($0.16),time-after-hours,BHST,BioHarvest Sciences Inc.,"$149,414,167",Sep/2025,($0.14),2,,,2.0,2025-11-13
11/14/2024,($0.12),time-not-supplied,STEX,Streamex Corp.,"$142,641,329",Sep/2025,,N/A,,,,2025-11-13
11/13/2024,$0.03,time-after-hours,OWLT,"Owlet, Inc.","$139,764,572",Sep/2025,($0.38),1,,0.03,1.0,2025-11-13
N/A,N/A,time-after-hours,PEW,GrabAGun Digital Holdings Inc.,"$137,537,368",Sep/2025,$0.01,1,0.01,,1.0,2025-11-13
11/14/2024,($4.54),time-not-supplied,FBRX,"Forte Biosciences, Inc. ","$135,642,437",Sep/2025,($1.04),2,,,2.0,2025-11-13
11/14/2024,($0.32),time-not-supplied,SPRO,"Spero Therapeutics, Inc.","$132,246,779",Sep/2025,($0.25),1,,,1.0,2025-11-13
N/A,$0.01,time-after-hours,ICG,Intchains Group Limited,"$128,344,892",Sep/2025,,1,,0.01,1.0,2025-11-13
11/14/2024,($0.06),time-not-supplied,AISP,"Airship AI Holdings, Inc","$128,275,579",Sep/2025,$0.02,1,0.02,,1.0,2025-11-13
11/07/2024,$0.25,time-pre-market,SUNS,"Sunrise Realty Trust, Inc.","$126,425,688",Sep/2025,$0.29,2,0.29,0.25,2.0,2025-11-13
N/A,($0.06),time-not-supplied,MAMO,Massimo Group,"$123,673,622",Sep/2025,,1,,,1.0,2025-11-13
11/14/2024,($1.37),time-not-supplied,HURA,"TuHURA Biosciences, Inc.","$122,614,969",Sep/2025,($0.15),3,,,3.0,2025-11-13
11/14/2024,($4.98),time-not-supplied,FGNX,FG Nexus Inc.,"$120,561,795",Sep/2025,$0.10,1,0.1,,1.0,2025-11-13
11/14/2024,($0.65),time-not-supplied,IKT,"Inhibikase Therapeutics, Inc.","$118,481,450",Sep/2025,,N/A,,,,2025-11-13
11/14/2024,($0.29),time-not-supplied,IXHL,Incannex Healthcare Inc.,"$118,011,249",Sep/2025,($0.39),1,,,1.0,2025-11-13
11/06/2024,($0.24),time-after-hours,SERA,"Sera Prognostics, Inc.","$114,946,841",Sep/2025,($0.19),1,,,1.0,2025-11-13
11/14/2024,$0.05,time-not-supplied,FSI,Flexible Solutions International Inc.,"$111,883,743",Sep/2025,$0.05,2,0.05,0.05,2.0,2025-11-13
11/11/2024,($0.09),time-pre-market,BIOX,Bioceres Crop Solutions Corp.,"$111,241,815",Sep/2025,($0.04),2,,,2.0,2025-11-13
11/14/2024,$0.50,time-pre-market,EIC,Eagle Point Income Company Inc.,"$110,282,377",Sep/2025,$0.36,1,0.36,0.5,1.0,2025-11-13
11/14/2024,($0.20),time-not-supplied,GLSI,"Greenwich LifeSciences, Inc.","$110,268,779",Sep/2025,($0.30),2,,,2.0,2025-11-13
11/14/2024,$0.21,time-after-hours,LGCY,Legacy Education Inc.,"$108,784,183",Sep/2025,$0.15,1,0.15,0.21,1.0,2025-11-13
N/A,($0.51),time-after-hours,FOSL,"Fossil Group, Inc.","$105,419,323",Sep/2025,,1,,,1.0,2025-11-13
N/A,($0.12),time-not-supplied,EP,Empire Petroleum Corporation,"$104,307,879",Sep/2025,,1,,,1.0,2025-11-13
N/A,$0.19,time-not-supplied,AEI,Alset Inc.,"$101,976,358",Sep/2025,,1,,0.19,1.0,2025-11-13
11/14/2024,$0.02,time-not-supplied,RSSS,"Research Solutions, Inc","$101,767,336",Sep/2025,$0.01,1,0.01,0.02,1.0,2025-11-13
11/14/2024,($0.05),time-not-supplied,WWR,"Westwater Resources, Inc.","$100,884,517",Sep/2025,,N/A,,,,2025-11-13
11/14/2024,$0.09,time-not-supplied,SOL,Emeren Group Ltd,"$95,971,433",Sep/2025,$0.03,1,0.03,0.09,1.0,2025-11-13
11/14/2024,($0.31),time-after-hours,ACOG,Alpha Cognition Inc.,"$93,732,565",Sep/2025,($0.43),2,,,2.0,2025-11-13
N/A,($0.29),time-not-supplied,ILLR,Triller Group Inc.,"$93,313,114",Sep/2025,,1,,,1.0,2025-11-13
11/11/2024,($3.45),time-after-hours,LAZR,"Luminar Technologies, Inc. ","$92,832,018",Sep/2025,($1.31),2,,,2.0,2025-11-13
11/14/2024,($0.33),time-not-supplied,STTK,"Shattuck Labs, Inc.","$92,453,205",Sep/2025,($0.15),4,,,4.0,2025-11-13
11/14/2024,($1.29),time-not-supplied,SLNH,"Soluna Holdings, Inc.","$91,342,253",Sep/2025,($0.61),1,,,1.0,2025-11-13
11/14/2024,($0.34),time-not-supplied,SPAI,Safe Pro Group Inc.,"$89,734,354",Sep/2025,($0.11),1,,,1.0,2025-11-13
N/A,N/A,time-not-supplied,OPTX,"Syntec Optics Holdings, Inc.","$88,608,542",Sep/2025,,1,,,1.0,2025-11-13
11/14/2024,($0.13),time-not-supplied,CRDL,Cardiol Therapeutics Inc.,"$87,875,639",Sep/2025,($0.09),2,,,2.0,2025-11-13
N/A,($0.09),time-not-supplied,ESLA,"Estrella Immunopharma, Inc.","$84,880,199",Sep/2025,,1,,,1.0,2025-11-13
11/12/2024,($0.14),time-after-hours,HYPR,"Hyperfine, Inc. ","$81,724,241",Sep/2025,($0.10),1,,,1.0,2025-11-13
N/A,($17.31),time-not-supplied,RYM,"RYTHM, Inc.","$80,843,670",Sep/2025,,1,,,1.0,2025-11-13
11/12/2024,($0.05),time-after-hours,SHIM,Shimmick Corporation,"$80,776,523",Sep/2025,($0.09),1,,,1.0,2025-11-13
N/A,($0.26),time-after-hours,ORGN,"Origin Materials, Inc.","$78,307,140",Sep/2025,,1,,,1.0,2025-11-13
N/A,($0.23),time-not-supplied,BRLS,Borealis Foods Inc.,"$77,829,941",Sep/2025,,1,,,1.0,2025-11-13
N/A,($0.72),time-not-supplied,NVFY,"Nova Lifestyle, Inc","$76,706,264",Sep/2025,,1,,,1.0,2025-11-13
11/07/2024,$0.06,time-after-hours,CBUS,"Cibus, Inc.","$74,306,583",Sep/2025,($0.41),2,,0.06,2.0,2025-11-13
N/A,($0.15),time-not-supplied,FDSB,"Fifth District Bancorp, Inc.","$74,057,740",Sep/2025,,1,,,1.0,2025-11-13
11/14/2024,($0.76),time-not-supplied,FBIO,"Fortress Biotech, Inc.","$73,494,240",Sep/2025,($0.43),1,,,1.0,2025-11-13
N/A,$16,time-not-supplied,CHAI,Defiance Israel Bond ETF,"$73,115,138",Sep/2025,,1,,16.0,1.0,2025-11-13
11/13/2024,($0.04),time-after-hours,WYY,WidePoint Corporation,"$67,069,575",Sep/2025,($0.05),2,,,2.0,2025-11-13
N/A,($0.06),time-not-supplied,TZUP,Thumzup Media Corporation,"$63,876,804",Sep/2025,,1,,,1.0,2025-11-13
N/A,($0.13),time-not-supplied,ATPC,Agape ATP Corporation,"$62,006,672",Sep/2025,,1,,,1.0,2025-11-13
N/A,$0.05,time-not-supplied,PVL,Permianville Royalty Trust,"$60,060,000",Sep/2025,,1,,0.05,1.0,2025-11-13
11/14/2024,($0.17),time-not-supplied,GANX,"Gain Therapeutics, Inc.","$59,674,686",Sep/2025,($0.15),3,,,3.0,2025-11-13
N/A,$0.04,time-not-supplied,FKWL,Franklin Wireless Corp.,"$59,628,457",Sep/2025,,1,,0.04,1.0,2025-11-13
11/14/2024,$0.01,time-not-supplied,SUUN,PowerBank Corporation,"$58,546,914",Sep/2025,($0.05),2,,0.01,2.0,2025-11-13
11/14/2024,($0.50),time-not-supplied,INKT,"MiNK Therapeutics, Inc.","$57,938,695",Sep/2025,($0.86),2,,,2.0,2025-11-13
11/07/2024,($0.19),time-after-hours,BEAT,"Heartbeam, Inc.","$56,614,122",Sep/2025,($0.16),1,,,1.0,2025-11-13
11/14/2024,($4.01),time-not-supplied,LOCL,Local Bounti Corporation,"$55,749,985",Sep/2025,,N/A,,,,2025-11-13
11/14/2024,($0.14),time-not-supplied,GAME,"GameSquare Holdings, Inc.","$55,587,712",Sep/2025,($0.03),1,,,1.0,2025-11-13
11/14/2024,($0.17),time-not-supplied,CUE,"Cue Biopharma, Inc.","$55,421,266",Sep/2025,($0.10),1,,,1.0,2025-11-13
11/14/2024,($0.01),time-pre-market,BRAG,Bragg Gaming Group Inc.,"$55,406,239",Sep/2025,,N/A,,,,2025-11-13
11/14/2024,($0.15),time-not-supplied,NRXP,"NRX Pharmaceuticals, Inc.","$53,991,911",Sep/2025,($0.08),1,,,1.0,2025-11-13
N/A,($0.09),time-not-supplied,CNVS,Cineverse Corp.,"$53,792,244",Sep/2025,,1,,,1.0,2025-11-13
11/14/2024,$0.02,time-not-supplied,PED,Pedevco Corp.,"$53,541,181",Sep/2025,,N/A,,0.02,,2025-11-13
N/A,$0.66,time-not-supplied,MDIA,Mediaco Holding Inc.,"$52,351,672",Sep/2025,,1,,0.66,1.0,2025-11-13
N/A,($0.13),time-not-supplied,LASE,Laser Photonics Corporation,"$51,822,425",Sep/2025,,1,,,1.0,2025-11-13
11/13/2024,($1.90),time-after-hours,GWH,"ESS Tech, Inc.","$51,366,580",Sep/2025,($0.76),1,,,1.0,2025-11-13
N/A,($0.01),time-after-hours,GROV,"Grove Collaborative Holdings, Inc.","$51,266,099",Sep/2025,,1,,,1.0,2025-11-13
11/07/2024,($0.42),time-after-hours,TELA,"TELA Bio, Inc.","$51,105,208",Sep/2025,($0.17),1,,,1.0,2025-11-13
N/A,($0.04),time-not-supplied,SMXT,Solarmax Technology Inc.,"$50,794,979",Sep/2025,,1,,,1.0,2025-11-13
11/07/2024,($0.09),time-after-hours,CTSO,Cytosorbents Corporation,"$49,657,140",Sep/2025,($0.05),2,,,2.0,2025-11-13
11/13/2024,N/A,time-pre-market,BWEN,"Broadwind, Inc.","$48,617,489",Sep/2025,$0.03,2,0.03,,2.0,2025-11-13
11/14/2024,($0.25),time-after-hours,FLNT,"Fluent, Inc.","$48,536,598",Sep/2025,($0.16),1,,,1.0,2025-11-13
11/14/2024,($0.07),time-not-supplied,VNRX,VolitionRX Limited,"$48,310,344",Sep/2025,($0.04),2,,,2.0,2025-11-13
11/14/2024,($0.10),time-not-supplied,PPSI,"Pioneer Power Solutions, Inc.","$47,376,786",Sep/2025,($0.16),1,,,1.0,2025-11-13
11/14/2024,($6.31),time-not-supplied,SNTI,"Senti Biosciences, Inc. ","$47,349,973",Sep/2025,($0.59),1,,,1.0,2025-11-13
N/A,($0.23),time-not-supplied,ODYS,Odysight.ai Inc.,"$46,216,240",Sep/2025,,1,,,1.0,2025-11-13
11/14/2024,($0.02),time-not-supplied,CLIR,ClearSign Technologies Corporation,"$45,338,249",Sep/2025,($0.04),1,,,1.0,2025-11-13
11/14/2024,($3.58),time-not-supplied,KSCP,"Knightscope, Inc.","$44,194,823",Sep/2025,($0.72),2,,,2.0,2025-11-13
11/12/2024,($0.04),time-pre-market,SOHO,Sotherly Hotels Inc.,"$44,054,577",Sep/2025,,N/A,,,,2025-11-13
11/14/2024,($0.37),time-not-supplied,ATNM,"Actinium Pharmaceuticals, Inc.","$42,114,453",Sep/2025,($0.25),1,,,1.0,2025-11-13
11/14/2024,($0.29),time-not-supplied,PDSB,PDS Biotechnology Corporation,"$41,433,742",Sep/2025,($0.20),2,,,2.0,2025-11-13
N/A,($0.31),time-pre-market,IPWR,Ideal Power Inc.,"$41,257,858",Sep/2025,,1,,,1.0,2025-11-13
11/14/2024,($5.40),time-not-supplied,TVRD,"Tvardi Therapeutics, Inc.","$41,166,931",Sep/2025,($0.83),3,,,3.0,2025-11-13
11/14/2024,$0.09,time-not-supplied,BEEM,Beam Global,"$40,601,234",Sep/2025,($0.25),2,,0.09,2.0,2025-11-13
N/A,($0.11),time-not-supplied,RAIN,"Rain Enhancement Technologies Holdco, Inc.","$38,691,216",Sep/2025,,1,,,1.0,2025-11-13
N/A,$0.20,time-not-supplied,BHM,"Bluerock Homes Trust, Inc.","$38,635,280",Sep/2025,,1,,0.2,1.0,2025-11-13
N/A,($0.08),time-pre-market,JG,Aurora Mobile Limited,"$37,975,944",Sep/2025,,1,,,1.0,2025-11-13
11/14/2024,($0.25),time-not-supplied,RVPH,"Reviva Pharmaceuticals Holdings, Inc.","$37,605,998",Sep/2025,($0.11),3,,,3.0,2025-11-13
11/13/2024,($0.10),time-after-hours,RNXT,"RenovoRx, Inc.","$37,378,802",Sep/2025,($0.08),2,,,2.0,2025-11-13
3/20/2025,($0.10),time-after-hours,FLUX,"Flux Power Holdings, Inc.","$37,375,250",Sep/2025,($0.04),2,,,2.0,2025-11-13
N/A,($0.19),time-not-supplied,BOF,BranchOut Food Inc.,"$35,232,620",Sep/2025,,1,,,1.0,2025-11-13
N/A,($0.11),time-pre-market,SWAG,"Stran & Company, Inc.","$35,069,642",Sep/2025,,1,,,1.0,2025-11-13
N/A,N/A,time-not-supplied,CSAI,"Cloudastructure, Inc.","$34,814,643",Sep/2025,,1,,,1.0,2025-11-13
N/A,($0.21),time-not-supplied,FMST,Foremost Clean Energy Ltd.,"$34,595,386",Sep/2025,,1,,,1.0,2025-11-13
N/A,($0.05),time-not-supplied,TOON,"Kartoon Studios, Inc.","$34,548,816",Sep/2025,,1,,,1.0,2025-11-13
N/A,($67.50),time-not-supplied,DBGI,"Digital Brands Group, Inc.","$33,707,364",Sep/2025,,1,,,1.0,2025-11-13
N/A,($0.23),time-not-supplied,NNVC,"NanoViricides, Inc.","$33,293,210",Sep/2025,,1,,,1.0,2025-11-13
11/14/2024,($0.27),time-not-supplied,RNTX,"Rein Therapeutics, Inc.","$33,093,253",Sep/2025,($0.24),2,,,2.0,2025-11-13
N/A,($0.21),time-not-supplied,POCI,"Precision Optics Corporation, Inc.","$32,324,597",Sep/2025,,1,,,1.0,2025-11-13
11/13/2024,($2.20),time-after-hours,SDST,Stardust Power Inc.,"$31,974,926",Sep/2025,($0.30),1,,,1.0,2025-11-13
N/A,($0.14),time-not-supplied,MODD,"Modular Medical, Inc.","$31,290,949",Sep/2025,,1,,,1.0,2025-11-13
N/A,($8.80),time-after-hours,HYPD,"Hyperion DeFi, Inc.","$30,836,578",Sep/2025,,1,,,1.0,2025-11-13
N/A,($1.14),time-not-supplied,NIXX,"Nixxy, Inc.","$30,624,970",Sep/2025,,1,,,1.0,2025-11-13
N/A,$0.02,time-not-supplied,DTST,Data Storage Corporation,"$29,993,861",Sep/2025,,1,,0.02,1.0,2025-11-13
N/A,($32.50),time-not-supplied,XTIA,"XTI Aerospace, Inc. Common Stock ","$29,772,375",Sep/2025,,1,,,1.0,2025-11-13
N/A,($0.02),time-not-supplied,MLSS,"Milestone Scientific, Inc.","$29,726,781",Sep/2025,,1,,,1.0,2025-11-13
N/A,($0.06),time-not-supplied,VRAR,"The Glimpse Group, Inc.","$29,492,408",Sep/2025,,1,,,1.0,2025-11-13
11/12/2024,($2.87),time-after-hours,RBOT,Vicarious Surgical Inc.,"$27,677,930",Sep/2025,($2.37),1,,,1.0,2025-11-13
11/14/2024,($0.30),time-not-supplied,ITRM,Iterum Therapeutics plc,"$27,325,561",Sep/2025,($0.13),1,,,1.0,2025-11-13
N/A,($0.93),time-not-supplied,SIDU,"Sidus Space, Inc.","$27,121,807",Sep/2025,,1,,,1.0,2025-11-13
11/14/2024,($5.12),time-not-supplied,BTAI,"BioXcel Therapeutics, Inc.","$27,075,542",Sep/2025,($1.54),1,,,1.0,2025-11-13
N/A,$0.22,time-not-supplied,WETH,Wetouch Technology Inc.,"$26,965,267",Sep/2025,,1,,0.22,1.0,2025-11-13
N/A,($0.57),time-not-supplied,XCUR,"Exicure, Inc.","$26,724,264",Sep/2025,,1,,,1.0,2025-11-13
N/A,($0.21),time-not-supplied,BNKK,"Bonk, Inc.","$26,583,152",Sep/2025,,1,,,1.0,2025-11-13
11/14/2024,$0.02,time-not-supplied,SGRP,"SPAR Group, Inc.","$26,403,762",Sep/2025,,N/A,,0.02,,2025-11-13
N/A,($0.07),time-not-supplied,RVP,"Retractable Technologies, Inc.","$25,177,151",Sep/2025,,1,,,1.0,2025-11-13
N/A,($0.07),time-not-supplied,BCG,"Binah Capital Group, Inc.","$24,571,641",Sep/2025,,1,,,1.0,2025-11-13
11/14/2024,($0.55),time-not-supplied,DARE,"Dare Bioscience, Inc.","$24,397,899",Sep/2025,($0.33),2,,,2.0,2025-11-13
N/A,($0.91),time-not-supplied,BURU,"Nuburu, Inc.","$23,186,347",Sep/2025,,1,,,1.0,2025-11-13
N/A,($0.61),time-not-supplied,AIFF,"Firefly Neuroscience, Inc. ","$22,366,173",Sep/2025,,1,,,1.0,2025-11-13
N/A,N/A,time-not-supplied,TOPP,Toppoint Holdings Inc.,"$22,225,000",Sep/2025,,1,,,1.0,2025-11-13
11/14/2024,($0.49),time-not-supplied,LIQT,"LiqTech International, Inc.","$22,016,158",Sep/2025,($0.17),1,,,1.0,2025-11-13
N/A,$0.17,time-pre-market,SPCB,"SuperCom, Ltd.","$21,945,836",Sep/2025,,1,,0.17,1.0,2025-11-13
N/A,N/A,time-not-supplied,AGAE,Allied Gaming & Entertainment Inc.,"$21,883,668",Sep/2025,,1,,,1.0,2025-11-13
11/14/2024,($0.14),time-not-supplied,PMN,ProMIS Neurosciences Inc.,"$21,868,835",Sep/2025,($0.15),1,,,1.0,2025-11-13
N/A,$0.13,time-not-supplied,HHS,"Harte Hanks, Inc.","$21,651,198",Sep/2025,,1,,0.13,1.0,2025-11-13
11/13/2024,($1.32),time-after-hours,XOS,"Xos, Inc.","$21,031,211",Sep/2025,($0.73),1,,,1.0,2025-11-13
11/14/2024,($0.66),time-not-supplied,MIGI,Mawson Infrastructure Group Inc.,"$20,846,102",Sep/2025,($0.53),1,,,1.0,2025-11-13
N/A,N/A,time-after-hours,ZSPC,"zSpace, Inc.","$20,845,571",Sep/2025,($0.20),1,,,1.0,2025-11-13
12/06/2024,$0.10,time-pre-market,SNYR,Synergy CHC Corp.,"$20,731,538",Sep/2025,$0.01,1,0.01,0.1,1.0,2025-11-13
N/A,($0.22),time-pre-market,NXPL,NextPlat Corp,"$20,508,214",Sep/2025,,1,,,1.0,2025-11-13
N/A,($0.45),time-not-supplied,COSM,Cosmos Health Inc.,"$20,391,345",Sep/2025,,1,,,1.0,2025-11-13
N/A,($0.02),time-not-supplied,NCRA,"Nocera, Inc.","$19,970,879",Sep/2025,,1,,,1.0,2025-11-13
N/A,($0.09),time-not-supplied,DLPN,"Dolphin Entertainment, Inc.","$19,367,245",Sep/2025,,1,,,1.0,2025-11-13
N/A,($0.30),time-not-supplied,LNAI,Lunai Bioworks Inc.,"$19,332,326",Sep/2025,,1,,,1.0,2025-11-13
11/14/2024,$0.53,time-not-supplied,HTCR,"Heartcore Enterprises, Inc.","$19,210,406",Sep/2025,$0.02,1,0.02,0.53,1.0,2025-11-13
11/14/2024,$0.10,time-not-supplied,GTEC,Greenland Technologies Holding Corporation,"$19,046,677",Sep/2025,,N/A,,0.1,,2025-11-13
N/A,($0.16),time-not-supplied,BNAI,Brand Engagement Network Inc.,"$19,029,457",Sep/2025,,1,,,1.0,2025-11-13
N/A,N/A,time-not-supplied,IQST,iQSTEL Inc.,"$18,974,224",Sep/2025,($0.41),1,,,1.0,2025-11-13
N/A,($0.99),time-not-supplied,MGRX,"Mangoceuticals, Inc.","$18,964,424",Sep/2025,,1,,,1.0,2025-11-13
11/14/2024,($0.10),time-not-supplied,KAPA,"Kairos Pharma, Ltd.","$17,993,142",Sep/2025,($0.10),1,,,1.0,2025-11-13
11/14/2024,($7.71),time-not-supplied,ALLR,"Allarity Therapeutics, Inc.","$17,982,152",Sep/2025,($0.23),1,,,1.0,2025-11-13
11/14/2024,($0.40),time-not-supplied,VVOS,"Vivos Therapeutics, Inc.","$17,711,345",Sep/2025,($0.50),1,,,1.0,2025-11-13
11/14/2024,($0.16),time-not-supplied,ELBM,Electra Battery Materials Corporation,"$17,705,256",Sep/2025,,N/A,,,,2025-11-13
N/A,N/A,time-not-supplied,CJMB,Callan JMB Inc.,"$17,453,764",Sep/2025,,1,,,1.0,2025-11-13
N/A,($99.99),time-not-supplied,HIND,"Vyome Holdings, Inc.","$16,617,895",Sep/2025,,1,,,1.0,2025-11-13
N/A,($0.41),time-not-supplied,CARV,"Carver Bancorp, Inc.","$15,940,615",Sep/2025,,1,,,1.0,2025-11-13
11/14/2024,($0.37),time-not-supplied,COCH,"Envoy Medical, Inc.","$15,606,980",Sep/2025,($0.27),2,,,2.0,2025-11-13
N/A,($8.81),time-not-supplied,TRAW,"Traws Pharma, Inc.","$15,540,424",Sep/2025,,1,,,1.0,2025-11-13
11/14/2024,$55,time-not-supplied,HCTI,"Healthcare Triangle, Inc.","$15,337,710",Sep/2025,($0.22),1,,55.0,1.0,2025-11-13
11/14/2024,($0.12),time-not-supplied,AIRI,Air Industries Group,"$14,697,618",Sep/2025,($0.22),1,,,1.0,2025-11-13
11/07/2024,($0.32),time-after-hours,CODX,"Co-Diagnostics, Inc.","$14,600,438",Sep/2025,($0.19),1,,,1.0,2025-11-13
11/14/2024,($0.80),time-not-supplied,CMMB,Chemomab Therapeutics Ltd. ,"$13,860,173",Sep/2025,($0.20),1,,,1.0,2025-11-13
N/A,N/A,time-not-supplied,KIDZ,"Classover Holdings, Inc.","$13,655,875",Sep/2025,,1,,,1.0,2025-11-13
11/14/2024,($0.63),time-not-supplied,BTCT,BTC Digital Ltd.,"$13,575,824",Sep/2025,,N/A,,,,2025-11-13
N/A,N/A,time-not-supplied,PPCB,"Propanc Biopharma, Inc.","$13,575,152",Sep/2025,,1,,,1.0,2025-11-13
N/A,$0.04,time-not-supplied,TAIT,Taitron Components Incorporated,"$13,126,172",Sep/2025,,1,,0.04,1.0,2025-11-13
N/A,($1.77),time-not-supplied,ORBS,Eightco Holdings Inc.,"$13,092,399",Sep/2025,,1,,,1.0,2025-11-13
N/A,($1.80),time-not-supplied,IPW,iPower Inc.,"$13,059,388",Sep/2025,,1,,,1.0,2025-11-13
N/A,N/A,time-not-supplied,OSRH,"OSR Holdings, Inc.","$12,996,545",Sep/2025,,1,,,1.0,2025-11-13
N/A,($0.16),time-not-supplied,PLAG,Planet Green Holdings Corp,"$12,744,750",Sep/2025,,1,,,1.0,2025-11-13
N/A,($0.16),time-not-supplied,PMNT,Perfect Moment Ltd.,"$12,652,919",Sep/2025,,1,,,1.0,2025-11-13
N/A,($6.30),time-not-supplied,MNTS,Momentus Inc.,"$12,216,083",Sep/2025,,1,,,1.0,2025-11-13
11/14/2024,($0.26),time-not-supplied,MRKR,"Marker Therapeutics, Inc.","$11,672,191",Sep/2025,($0.69),1,,,1.0,2025-11-13
N/A,N/A,time-not-supplied,XHLD,"TEN Holdings, Inc.","$11,524,571",Sep/2025,,1,,,1.0,2025-11-13
11/14/2024,($5.80),time-not-supplied,SNSE,"Sensei Biotherapeutics, Inc.","$10,947,997",Sep/2025,($4.11),1,,,1.0,2025-11-13
11/14/2024,($0.97),time-not-supplied,PHGE,BiomX Inc.,"$10,772,759",Sep/2025,($0.32),1,,,1.0,2025-11-13
N/A,($0.61),time-not-supplied,GXAI,Gaxos.ai Inc.,"$10,613,945",Sep/2025,,1,,,1.0,2025-11-13
N/A,($0.04),time-not-supplied,MSN,Emerson Radio Corporation,"$10,519,222",Sep/2025,,1,,,1.0,2025-11-13
N/A,($3.63),time-after-hours,TNON,"Tenon Medical, Inc.","$10,388,687",Sep/2025,,1,,,1.0,2025-11-13
11/14/2024,($0.53),time-not-supplied,RVYL,Ryvyl Inc.,"$10,195,556",Sep/2025,($0.13),1,,,1.0,2025-11-13
N/A,N/A,time-not-supplied,CEPO,"Cantor Equity Partners I, Inc.","$9,949,127",Sep/2025,,1,,,1.0,2025-11-13
N/A,($7.60),time-not-supplied,AQMS,"Aqua Metals, Inc.","$9,940,455",Sep/2025,,1,,,1.0,2025-11-13
11/14/2024,($1.54),time-not-supplied,PHIO,Phio Pharmaceuticals Corp.,"$9,334,603",Sep/2025,($0.45),2,,,2.0,2025-11-13
N/A,N/A,time-not-supplied,POLA,"Polar Power, Inc.","$9,292,668",Sep/2025,,1,,,1.0,2025-11-13
N/A,($0.42),time-not-supplied,MYSE,"Myseum, Inc.","$9,218,431",Sep/2025,,1,,,1.0,2025-11-13
N/A,($0.92),time-not-supplied,OLB,"The OLB Group, Inc.","$9,118,857",Sep/2025,,1,,,1.0,2025-11-13
N/A,($0.25),time-after-hours,ATER,"Aterian, Inc.","$8,986,594",Sep/2025,,1,,,1.0,2025-11-13
N/A,($21.68),time-not-supplied,YHC,LQR House Inc.,"$8,713,439",Sep/2025,,1,,,1.0,2025-11-13
N/A,($0.22),time-not-supplied,VS,Versus Systems Inc.,"$8,626,952",Sep/2025,,1,,,1.0,2025-11-13
N/A,N/A,time-not-supplied,MITQ,"Moving iMage Technologies, Inc.","$8,464,121",Sep/2025,,1,,,1.0,2025-11-13
N/A,$0.03,time-not-supplied,MTR,Mesa Royalty Trust,"$8,292,976",Sep/2025,,1,,0.03,1.0,2025-11-13
11/13/2024,($0.54),time-pre-market,PAVM,PAVmed Inc.,"$8,251,162",Sep/2025,($0.21),1,,,1.0,2025-11-13
11/14/2024,($19.16),time-after-hours,BNGO,"Bionano Genomics, Inc.","$7,957,700",Sep/2025,($1.81),1,,,1.0,2025-11-13
N/A,($99.99),time-not-supplied,RNAZ,"TransCode Therapeutics, Inc.","$7,919,989",Sep/2025,,1,,,1.0,2025-11-13
N/A,($17.50),time-not-supplied,TGL,Treasure Global Inc.,"$7,426,367",Sep/2025,,1,,,1.0,2025-11-13
11/14/2024,($1.80),time-not-supplied,GP,GreenPower Motor Company Inc.,"$7,419,987",Sep/2025,($1.50),1,,,1.0,2025-11-13
N/A,$4,time-not-supplied,HCWB,HCW Biologics Inc.,"$7,315,464",Sep/2025,,1,,4.0,1.0,2025-11-13
N/A,($0.30),time-not-supplied,IPDN,"Professional Diversity Network, Inc.","$7,274,078",Sep/2025,,1,,,1.0,2025-11-13
N/A,N/A,time-not-supplied,PFSA,"Profusa, Inc.","$6,744,672",Sep/2025,,1,,,1.0,2025-11-13
11/14/2024,($0.02),time-not-supplied,BENF,Beneficient,"$6,656,604",Sep/2025,($0.25),2,,,2.0,2025-11-13
11/12/2024,$0.20,time-after-hours,CWD,CaliberCos Inc.,"$6,556,828",Sep/2025,($0.32),1,,0.2,1.0,2025-11-13
N/A,($0.55),time-not-supplied,GIPR,Generation Income Properties Inc.,"$6,205,234",Sep/2025,,1,,,1.0,2025-11-13
11/14/2024,($21.92),time-not-supplied,NWTG,"Newton Golf Company, Inc.","$6,131,861",Sep/2025,($0.19),1,,,1.0,2025-11-13
N/A,($0.11),time-not-supplied,ONFO,Onfolio Holdings Inc.,"$5,691,410",Sep/2025,,1,,,1.0,2025-11-13
N/A,($1.37),time-not-supplied,ASTI,"Ascent Solar Technologies, Inc","$5,668,644",Sep/2025,,1,,,1.0,2025-11-13
N/A,($0.29),time-not-supplied,CYCN,"Cyclerion Therapeutics, Inc.","$5,640,267",Sep/2025,,1,,,1.0,2025-11-13
N/A,($0.70),time-not-supplied,TCRT,"Alaunos Therapeutics, Inc.","$5,531,251",Sep/2025,,1,,,1.0,2025-11-13
N/A,($99.99),time-not-supplied,GCTK,"GlucoTrack, Inc.","$5,468,413",Sep/2025,,1,,,1.0,2025-11-13
N/A,($0.09),time-not-supplied,SGN,"Signing Day Sports, Inc.","$5,368,982",Sep/2025,,1,,,1.0,2025-11-13
N/A,($0.13),time-not-supplied,ATXG,Addentax Group Corp.,"$5,342,199",Sep/2025,,1,,,1.0,2025-11-13
N/A,($99.99),time-not-supplied,QCLS,"Q/C Technologies, Inc.","$5,280,809",Sep/2025,,1,,,1.0,2025-11-13
N/A,($0.99),time-not-supplied,XWEL,"XWELL, Inc.","$5,181,033",Sep/2025,,1,,,1.0,2025-11-13
11/14/2024,($0.09),time-not-supplied,ASNS,"Actelis Networks, Inc.","$5,179,693",Sep/2025,($0.13),1,,,1.0,2025-11-13
11/14/2024,($4.65),time-not-supplied,SXTP,"60 Degrees Pharmaceuticals, Inc.","$5,171,631",Sep/2025,,N/A,,,,2025-11-13
N/A,($2.71),time-not-supplied,INM,InMed Pharmaceuticals Inc.,"$4,851,242",Sep/2025,,1,,,1.0,2025-11-13
N/A,($0.39),time-not-supplied,BKYI,"BIO-key International, Inc.","$4,773,756",Sep/2025,,1,,,1.0,2025-11-13
N/A,($0.80),time-not-supplied,EVTV,"Envirotech Vehicles, Inc.","$4,766,237",Sep/2025,,1,,,1.0,2025-11-13
N/A,($99.99),time-not-supplied,SUNE,"SUNation Energy, Inc.","$4,564,863",Sep/2025,,1,,,1.0,2025-11-13
N/A,($99.99),time-not-supplied,GNLN,"Greenlane Holdings, Inc.","$4,478,560",Sep/2025,,1,,,1.0,2025-11-13
11/14/2024,($99.99),time-not-supplied,ACON,"Aclarion, Inc.","$4,367,783",Sep/2025,($2.64),1,,,1.0,2025-11-13
N/A,($10.60),time-not-supplied,MOVE,Movano Inc.,"$4,341,522",Sep/2025,,1,,,1.0,2025-11-13
11/14/2024,$6,time-not-supplied,AIM,AIM ImmunoTech Inc.,"$4,333,901",Sep/2025,($0.98),1,,6.0,1.0,2025-11-13
11/14/2024,($23.03),time-not-supplied,XPON,Expion360 Inc.,"$4,308,653",Sep/2025,,N/A,,,,2025-11-13
N/A,($4.70),time-not-supplied,QLGN,"Qualigen Therapeutics, Inc.","$4,272,534",Sep/2025,,1,,,1.0,2025-11-13
11/14/2024,($11.39),time-not-supplied,GRI,"GRI Bio, Inc.","$4,200,559",Sep/2025,($1.11),1,,,1.0,2025-11-13
N/A,($99.99),time-not-supplied,STSS,Sharps Technology Inc.,"$4,010,999",Sep/2025,,1,,,1.0,2025-11-13
N/A,($2.47),time-after-hours,NVVE,Nuvve Holding Corp.,"$3,962,369",Sep/2025,,1,,,1.0,2025-11-13
N/A,($0.30),time-not-supplied,IMCC,IM Cannabis Corp.,"$3,949,379",Sep/2025,,1,,,1.0,2025-11-13
N/A,($14.08),time-pre-market,VERO,Venus Concept Inc. ,"$3,922,750",Sep/2025,,1,,,1.0,2025-11-13
N/A,($99.99),time-not-supplied,CNSP,"CNS Pharmaceuticals, Inc.","$3,792,228",Sep/2025,,1,,,1.0,2025-11-13
N/A,($39.60),time-not-supplied,NAOV,"NanoVibronix, Inc.","$3,785,513",Sep/2025,,1,,,1.0,2025-11-13
N/A,($0.46),time-not-supplied,AMZE,"Amaze Holdings, Inc.","$3,753,373",Sep/2025,,1,,,1.0,2025-11-13
N/A,($2.61),time-not-supplied,SGD,Safe and Green Development Corporation,"$3,683,492",Sep/2025,,1,,,1.0,2025-11-13
11/14/2024,($0.64),time-not-supplied,MYSZ,"My Size, Inc.","$3,647,682",Sep/2025,,N/A,,,,2025-11-13
11/14/2024,($14.22),time-not-supplied,BBLG,Bone Biologics Corp,"$3,608,473",Sep/2025,($1.23),1,,,1.0,2025-11-13
N/A,($99.99),time-not-supplied,CDT,CDT Equity Inc.,"$3,299,973",Sep/2025,,1,,,1.0,2025-11-13
N/A,($0.26),time-not-supplied,IVDA,"Iveda Solutions, Inc.","$3,284,600",Sep/2025,,1,,,1.0,2025-11-13
N/A,($0.20),time-not-supplied,XRTX,XORTX Therapeutics Inc.,"$3,252,624",Sep/2025,,1,,,1.0,2025-11-13
N/A,($13.64),time-not-supplied,NITO,"N2OFF, Inc.","$3,002,076",Sep/2025,,1,,,1.0,2025-11-13
N/A,($43.20),time-not-supplied,ENVB,"Enveric Biosciences, Inc. ","$2,954,293",Sep/2025,,1,,,1.0,2025-11-13
N/A,($4.80),time-not-supplied,BIAF,"bioAffinity Technologies, Inc.","$2,796,481",Sep/2025,,1,,,1.0,2025-11-13
N/A,($2.31),time-not-supplied,GLMD,Galmed Pharmaceuticals Ltd.,"$2,687,512",Sep/2025,,1,,,1.0,2025-11-13
N/A,($3.91),time-not-supplied,TIVC,"Tivic Health Systems, Inc.","$2,501,797",Sep/2025,,1,,,1.0,2025-11-13
N/A,($0.27),time-not-supplied,SGLY,Singularity Future Technology Ltd.,"$2,478,799",Sep/2025,,1,,,1.0,2025-11-13
N/A,$4,time-not-supplied,SBLX,"StableX Technologies, Inc.","$2,424,682",Sep/2025,,1,,4.0,1.0,2025-11-13
11/14/2024,N/A,time-not-supplied,TRUG,"TruGolf Holdings, Inc.","$2,411,213",Sep/2025,($0.45),1,,,1.0,2025-11-13
N/A,($0.27),time-not-supplied,WORX,SCWorx Corp.,"$2,216,951",Sep/2025,,1,,,1.0,2025-11-13
11/14/2024,($1.53),time-not-supplied,GTBP,"GT Biopharma, Inc.","$2,198,536",Sep/2025,($0.38),1,,,1.0,2025-11-13
N/A,($99.99),time-not-supplied,SLXN,Silexion Therapeutics Corp,"$2,194,926",Sep/2025,,1,,,1.0,2025-11-13
N/A,($0.50),time-not-supplied,AIHS,Senmiao Technology Limited,"$1,717,884",Sep/2025,,1,,,1.0,2025-11-13
N/A,($11.39),time-not-supplied,SLRX,"Salarius Pharmaceuticals, Inc.","$1,631,059",Sep/2025,,1,,,1.0,2025-11-13
N/A,($1.96),time-not-supplied,PTIX,"Protagenic Therapeutics, Inc.","$1,266,270",Sep/2025,,1,,,1.0,2025-11-13
11/14/2024,($21.60),time-after-hours,SLE,"Super League Enterprise, Inc.","$1,261,310",Sep/2025,($2.83),1,,,1.0,2025-11-13
N/A,($82.28),time-not-supplied,MSPR,"MSP Recovery, Inc.","$934,193",Sep/2025,,1,,,1.0,2025-11-13
11/08/2024,$0.37,time-not-supplied,SONY,Sony Group Corporation,"$168,157,814,053",Sep/2025,$0.33,2,0.33,0.37,2.0,2025-11-14
11/08/2024,$2.12,time-not-supplied,UI,Ubiquiti Inc.,"$45,943,327,639",Sep/2025,$2.45,1,2.45,2.12,1.0,2025-11-14
11/08/2024,$0.56,time-not-supplied,IX,ORIX Corporation,"$28,329,760,264",Sep/2025,,N/A,,0.56,,2025-11-14
N/A,$1.89,time-not-supplied,FRHC,Freedom Holding Corp.,"$8,594,300,421",Sep/2025,,1,,1.89,1.0,2025-11-14
11/08/2024,$1.49,time-not-supplied,CIB,Grupo Cibest S.A.,"$7,398,362,037",Sep/2025,$1.84,2,1.84,1.49,2.0,2025-11-14
11/20/2024,($0.54),time-pre-market,SR,Spire Inc.,"$5,218,407,323",Sep/2025,($0.46),6,,,6.0,2025-11-14
11/08/2024,($1.05),time-not-supplied,AKRO,"Akero Therapeutics, Inc.","$4,321,804,319",Sep/2025,($0.94),5,,,5.0,2025-11-14
11/13/2024,($0.75),time-pre-market,ABTC,American Bitcoin Corp.,"$4,215,848,970",Sep/2025,,N/A,,,,2025-11-14
N/A,$114.77,time-not-supplied,BH,Biglari Holdings Inc.,"$4,021,316,179",Sep/2025,,1,,114.77,1.0,2025-11-14
N/A,$114.77,time-not-supplied,BH.A,Biglari Holdings Inc.,"$4,021,316,179",Sep/2025,,1,,114.77,1.0,2025-11-14
N/A,N/A,time-pre-market,LGN,Legence Corp.,"$3,896,268,862",Sep/2025,$0.03,1,0.03,,1.0,2025-11-14
N/A,$0.02,time-pre-market,RLX,RLX Technology Inc.,"$3,722,773,651",Sep/2025,,1,,0.02,1.0,2025-11-14
11/12/2024,($0.66),time-pre-market,SRRK,Scholar Rock Holding Corporation,"$2,696,369,783",Sep/2025,($0.88),8,,,8.0,2025-11-14
11/06/2024,($0.06),time-after-hours,QUBT,Quantum Computing Inc.,"$2,191,998,494",Sep/2025,($0.05),1,,,1.0,2025-11-14
N/A,$1.20,time-not-supplied,NHC,National HealthCare Corporation,"$1,893,126,260",Sep/2025,,1,,1.2,1.0,2025-11-14
11/18/2024,($0.59),time-pre-market,TWST,Twist Bioscience Corporation,"$1,814,449,406",Sep/2025,($0.40),2,,,2.0,2025-11-14
11/08/2024,($0.36),time-not-supplied,IE,Ivanhoe Electric Inc.,"$1,665,195,553",Sep/2025,($0.21),1,,,1.0,2025-11-14
N/A,$0.21,time-not-supplied,PSEC,Prospect Capital Corporation,"$1,192,846,106",Sep/2025,,1,,0.21,1.0,2025-11-14
11/08/2024,$0.45,time-not-supplied,ECO,Okeanis Eco Tankers Corp.,"$1,072,707,679",Sep/2025,$0.29,1,0.29,0.45,1.0,2025-11-14
11/08/2024,($0.25),time-not-supplied,SANA,"Sana Biotechnology, Inc.","$986,896,967",Sep/2025,($0.18),6,,,6.0,2025-11-14
N/A,($0.71),time-not-supplied,CRESY,Cresud S.A.C.I.F. y A.,"$731,362,456",Sep/2025,,1,,,1.0,2025-11-14
11/14/2024,($0.23),time-pre-market,SGML,Sigma Lithium Corporation,"$524,918,770",Sep/2025,($0.09),2,,,2.0,2025-11-14
11/08/2024,($0.37),time-not-supplied,MNPR,Monopar Therapeutics Inc.,"$510,317,474",Sep/2025,($0.48),5,,,5.0,2025-11-14
12/23/2024,($0.13),time-after-hours,VENU,Venu Holding Corporation,"$507,115,286",Sep/2025,($0.21),1,,,1.0,2025-11-14
11/08/2024,$0.56,time-not-supplied,IMXI,"International Money Express, Inc.","$444,073,448",Sep/2025,$0.50,2,0.5,0.56,2.0,2025-11-14
11/13/2024,$0.03,time-pre-market,SBC,SBC Medical Group Holdings Incorporated,"$339,691,691",Sep/2025,$0.13,2,0.13,0.03,2.0,2025-11-14
N/A,($8.50),time-pre-market,ETHZ,ETHZilla Corporation,"$254,418,827",Sep/2025,,1,,,1.0,2025-11-14
11/08/2024,($0.33),time-not-supplied,HUMA,"Humacyte, Inc.","$231,223,373",Sep/2025,($0.17),2,,,2.0,2025-11-14
N/A,$0.01,time-not-supplied,TG,Tredegar Corporation,"$222,265,875",Sep/2025,,1,,0.01,1.0,2025-11-14
N/A,$33.44,time-not-supplied,NEN,New England Realty Associates Limited Partnership,"$200,306,060",Sep/2025,,1,,33.44,1.0,2025-11-14
N/A,N/A,time-pre-market,ARAI,Arrive AI Inc.,"$160,504,654",Sep/2025,,1,,,1.0,2025-11-14
11/06/2024,$0.34,time-after-hours,MDV,"Modiv Industrial, Inc.","$146,279,578",Sep/2025,$0.34,2,0.34,0.34,2.0,2025-11-14
N/A,($0.03),time-not-supplied,NEOV,NeoVolta Inc.,"$136,171,075",Sep/2025,,1,,,1.0,2025-11-14
11/08/2024,($0.08),time-not-supplied,ENTX,Entera Bio Ltd.,"$127,857,467",Sep/2025,($0.09),1,,,1.0,2025-11-14
N/A,$0.01,time-not-supplied,ULBI,Ultralife Corporation,"$114,175,192",Sep/2025,,1,,0.01,1.0,2025-11-14
11/08/2024,($0.50),time-not-supplied,PROP,Prairie Operating Co.,"$96,030,491",Sep/2025,$0.28,2,0.28,,2.0,2025-11-14
N/A,($0.60),time-not-supplied,NAMM,Namib Minerals,"$90,178,081",Sep/2025,,1,,,1.0,2025-11-14
11/08/2024,($0.60),time-not-supplied,ATLX,Atlas Lithium Corporation,"$86,358,706",Sep/2025,,N/A,,,,2025-11-14
N/A,$2.04,time-not-supplied,DIT,AMCON Distributing Company,"$76,164,516",Sep/2025,,1,,2.04,1.0,2025-11-14
11/08/2024,($0.33),time-not-supplied,IFRX,InflaRx N.V.,"$75,376,672",Sep/2025,($0.16),4,,,4.0,2025-11-14
11/13/2024,($0.01),time-after-hours,FORA,Forian Inc.,"$70,313,825",Sep/2025,($0.04),1,,,1.0,2025-11-14
N/A,($0.45),time-not-supplied,DOMH,Dominari Holdings Inc.,"$69,086,155",Sep/2025,,1,,,1.0,2025-11-14
11/14/2024,($1.53),time-after-hours,DFLI,Dragonfly Energy Holdings Corp,"$64,810,823",Sep/2025,($0.71),1,,,1.0,2025-11-14
N/A,($0.12),time-pre-market,AMPG,"Amplitech Group, Inc.","$64,189,616",Sep/2025,,1,,,1.0,2025-11-14
11/12/2024,($15.50),time-pre-market,PIII,P3 Health Partners Inc.,"$60,804,913",Sep/2025,,N/A,,,,2025-11-14
N/A,$0.10,time-not-supplied,SELF,"Global Self Storage, Inc.","$56,464,440",Sep/2025,,1,,0.1,1.0,2025-11-14
N/A,$0.01,time-not-supplied,FSEA,"First Seacoast Bancorp, Inc.","$54,690,226",Sep/2025,,1,,0.01,1.0,2025-11-14
N/A,$0.32,time-not-supplied,OPHC,"OptimumBank Holdings, Inc.","$47,298,105",Sep/2025,,1,,0.32,1.0,2025-11-14
11/08/2024,$29,time-not-supplied,LNZA,"LanzaTech Global, Inc.","$44,769,245",Sep/2025,($12.42),1,,29.0,1.0,2025-11-14
11/08/2024,($0.97),time-not-supplied,ANVS,"Annovis Bio, Inc.","$36,828,977",Sep/2025,($0.36),1,,,1.0,2025-11-14
N/A,$0.19,time-not-supplied,UG,"United-Guardian, Inc.","$32,481,376",Sep/2025,,1,,0.19,1.0,2025-11-14
N/A,($0.23),time-not-supplied,NXL,"Nexalin Technology, Inc.","$24,036,742",Sep/2025,,1,,,1.0,2025-11-14
N/A,$0.03,time-not-supplied,CKX,"CKX Lands, Inc.","$20,839,259",Sep/2025,,1,,0.03,1.0,2025-11-14
11/08/2024,($2.09),time-not-supplied,MBRX,"Moleculin Biotech, Inc.","$15,043,140",Sep/2025,($0.20),2,,,2.0,2025-11-14
N/A,($0.50),time-not-supplied,YHGJ,Yunhong Green CTI Ltd.,"$13,564,185",Sep/2025,,1,,,1.0,2025-11-14
N/A,($0.22),time-not-supplied,BFRG,"Bullfrog AI Holdings, Inc.","$10,988,661",Sep/2025,,1,,,1.0,2025-11-14
N/A,$0.47,time-not-supplied,AWX,Avalon Holdings Corporation,"$10,294,498",Sep/2025,,1,,0.47,1.0,2025-11-14
N/A,$2,time-not-supplied,MBIO,"Mustang Bio, Inc.","$9,194,350",Sep/2025,,1,,2.0,1.0,2025-11-14
N/A,($0.33),time-pre-market,SOWG,Sow Good Inc.,"$8,804,658",Sep/2025,,1,,,1.0,2025-11-14
11/08/2024,($0.81),time-not-supplied,KPRX,"Kiora Pharmaceuticals, Inc. ","$8,137,374",Sep/2025,($0.72),1,,,1.0,2025-11-14
11/08/2024,($0.75),time-not-supplied,CELZ,"Creative Medical Technology Holdings, Inc.","$7,354,516",Sep/2025,($0.48),1,,,1.0,2025-11-14
N/A,N/A,time-not-supplied,GIG,GigCapital7 Corp.,"$6,156,250",Sep/2025,,1,,,1.0,2025-11-14
11/14/2024,($4.60),time-after-hours,BNZI,"Banzai International, Inc.","$6,155,352",Sep/2025,($1.33),2,,,2.0,2025-11-14
11/08/2024,($0.78),time-not-supplied,SNGX,"Soligenix, Inc.","$5,742,664",Sep/2025,($0.63),1,,,1.0,2025-11-14
N/A,($1.68),time-not-supplied,VIVS,"VivoSim Labs, Inc.","$5,719,553",Sep/2025,,1,,,1.0,2025-11-14
11/08/2024,($2.47),time-not-supplied,AMIX,"Autonomix Medical, Inc.","$4,675,895",Sep/2025,,N/A,,,,2025-11-14
N/A,($99.99),time-not-supplied,CMCT,Creative Media ,"$3,803,219",Sep/2025,,1,,,1.0,2025-11-14
11/14/2024,($15.30),time-pre-market,TRNR,Interactive Strength Inc.,"$3,712,846",Sep/2025,,N/A,,,,2025-11-14
N/A,($0.30),time-not-supplied,CREG,Smart Powerr Corp.,"$3,303,919",Sep/2025,,1,,,1.0,2025-11-14
11/08/2024,($40.32),time-not-supplied,REVB,"Revelation Biosciences, Inc.","$1,869,601",Sep/2025,($1.34),2,,,2.0,2025-11-14
