date,DGS10,DGS2,DGS3MO,spr_10y_2y,spr_10y_3m,inv_10y_2y,inv_10y_3m
1962-01-02,4.06,,,,,,
1962-01-03,4.03,,,,,,
1962-01-04,3.99,,,,,,
1962-01-05,4.02,,,,,,
1962-01-08,4.03,,,,,,
1962-01-09,4.05,,,,,,
1962-01-10,4.07,,,,,,
1962-01-11,4.08,,,,,,
1962-01-12,4.08,,,,,,
1962-01-15,4.1,,,,,,
1962-01-16,4.13,,,,,,
1962-01-17,4.12,,,,,,
1962-01-18,4.11,,,,,,
1962-01-19,4.11,,,,,,
1962-01-22,4.09,,,,,,
1962-01-23,4.11,,,,,,
1962-01-24,4.1,,,,,,
1962-01-25,4.11,,,,,,
1962-01-26,4.11,,,,,,
1962-01-29,4.12,,,,,,
1962-01-30,4.11,,,,,,
1962-01-31,4.1,,,,,,
1962-02-01,4.09,,,,,,
1962-02-02,4.08,,,,,,
1962-02-05,4.07,,,,,,
1962-02-06,4.06,,,,,,
1962-02-07,4.07,,,,,,
1962-02-08,4.07,,,,,,
1962-02-09,4.05,,,,,,
1962-02-12,4.05,,,,,,
1962-02-13,4.03,,,,,,
1962-02-14,4.03,,,,,,
1962-02-15,4.02,,,,,,
1962-02-16,4.02,,,,,,
1962-02-19,4.01,,,,,,
1962-02-20,4.05,,,,,,
1962-02-21,4.03,,,,,,
1962-02-22,4.03,,,,,,
1962-02-23,4.02,,,,,,
1962-02-26,4.0,,,,,,
1962-02-27,4.01,,,,,,
1962-02-28,4.0,,,,,,
1962-03-01,3.98,,,,,,
1962-03-02,3.98,,,,,,
1962-03-05,4.0,,,,,,
1962-03-06,4.01,,,,,,
1962-03-07,4.0,,,,,,
1962-03-08,3.98,,,,,,
1962-03-09,3.96,,,,,,
1962-03-12,3.94,,,,,,
1962-03-13,3.92,,,,,,
1962-03-14,3.93,,,,,,
1962-03-15,3.96,,,,,,
1962-03-16,3.96,,,,,,
1962-03-19,3.93,,,,,,
1962-03-20,3.91,,,,,,
1962-03-21,3.86,,,,,,
1962-03-22,3.83,,,,,,
1962-03-23,3.87,,,,,,
1962-03-26,3.89,,,,,,
1962-03-27,3.9,,,,,,
1962-03-28,3.9,,,,,,
1962-03-29,3.9,,,,,,
1962-03-30,3.86,,,,,,
1962-04-02,3.86,,,,,,
1962-04-03,3.83,,,,,,
1962-04-04,3.78,,,,,,
1962-04-05,3.84,,,,,,
1962-04-06,3.81,,,,,,
1962-04-09,3.83,,,,,,
1962-04-10,3.83,,,,,,
1962-04-11,3.87,,,,,,
1962-04-12,3.86,,,,,,
1962-04-13,3.85,,,,,,
1962-04-16,3.83,,,,,,
1962-04-17,3.82,,,,,,
1962-04-18,3.81,,,,,,
1962-04-19,3.82,,,,,,
1962-04-20,3.82,,,,,,
1962-04-23,3.86,,,,,,
1962-04-24,3.87,,,,,,
1962-04-25,3.88,,,,,,
1962-04-26,3.89,,,,,,
1962-04-27,3.86,,,,,,
1962-04-30,3.86,,,,,,
1962-05-01,3.85,,,,,,
1962-05-02,3.86,,,,,,
1962-05-03,3.86,,,,,,
1962-05-04,3.87,,,,,,
1962-05-07,3.86,,,,,,
1962-05-08,3.85,,,,,,
1962-05-09,3.82,,,,,,
1962-05-10,3.83,,,,,,
1962-05-11,3.82,,,,,,
1962-05-14,3.85,,,,,,
1962-05-15,3.87,,,,,,
1962-05-16,3.86,,,,,,
1962-05-17,3.87,,,,,,
1962-05-18,3.93,,,,,,
1962-05-21,3.94,,,,,,
1962-05-22,3.93,,,,,,
1962-05-23,3.91,,,,,,
1962-05-24,3.9,,,,,,
1962-05-25,3.88,,,,,,
1962-05-28,3.87,,,,,,
1962-05-29,3.89,,,,,,
1962-05-30,3.89,,,,,,
1962-05-31,3.9,,,,,,
1962-06-01,3.89,,,,,,
1962-06-04,3.88,,,,,,
1962-06-05,3.89,,,,,,
1962-06-06,3.89,,,,,,
1962-06-07,3.87,,,,,,
1962-06-08,3.86,,,,,,
1962-06-11,3.87,,,,,,
1962-06-12,3.86,,,,,,
1962-06-13,3.87,,,,,,
1962-06-14,3.9,,,,,,
1962-06-15,3.89,,,,,,
1962-06-18,3.91,,,,,,
1962-06-19,3.93,,,,,,
1962-06-20,3.92,,,,,,
1962-06-21,3.9,,,,,,
1962-06-22,3.9,,,,,,
1962-06-25,3.95,,,,,,
1962-06-26,3.97,,,,,,
1962-06-27,3.96,,,,,,
1962-06-28,3.98,,,,,,
1962-06-29,4.0,,,,,,
1962-07-02,4.0,,,,,,
1962-07-03,4.0,,,,,,
1962-07-04,4.0,,,,,,
1962-07-05,4.0,,,,,,
1962-07-06,4.02,,,,,,
1962-07-09,4.05,,,,,,
1962-07-10,4.02,,,,,,
1962-07-11,3.99,,,,,,
1962-07-12,4.0,,,,,,
1962-07-13,4.0,,,,,,
1962-07-16,4.01,,,,,,
1962-07-17,4.03,,,,,,
1962-07-18,4.02,,,,,,
1962-07-19,4.02,,,,,,
1962-07-20,4.01,,,,,,
1962-07-23,4.0,,,,,,
1962-07-24,4.01,,,,,,
1962-07-25,4.02,,,,,,
1962-07-26,4.01,,,,,,
1962-07-27,4.02,,,,,,
1962-07-30,4.03,,,,,,
1962-07-31,4.04,,,,,,
1962-08-01,4.03,,,,,,
1962-08-02,4.0,,,,,,
1962-08-03,4.01,,,,,,
1962-08-06,4.01,,,,,,
1962-08-07,4.02,,,,,,
1962-08-08,4.01,,,,,,
1962-08-09,3.99,,,,,,
1962-08-10,3.99,,,,,,
1962-08-13,3.99,,,,,,
1962-08-14,3.98,,,,,,
1962-08-15,3.98,,,,,,
1962-08-16,3.96,,,,,,
1962-08-17,3.96,,,,,,
1962-08-20,3.94,,,,,,
1962-08-21,3.94,,,,,,
1962-08-22,3.95,,,,,,
1962-08-23,3.95,,,,,,
1962-08-24,3.95,,,,,,
1962-08-27,3.95,,,,,,
1962-08-28,3.96,,,,,,
1962-08-29,3.96,,,,,,
1962-08-30,3.95,,,,,,
1962-08-31,3.96,,,,,,
1962-09-03,3.96,,,,,,
1962-09-04,3.96,,,,,,
1962-09-05,3.97,,,,,,
1962-09-06,3.99,,,,,,
1962-09-07,4.01,,,,,,
1962-09-10,4.0,,,,,,
1962-09-11,4.0,,,,,,
1962-09-12,4.0,,,,,,
1962-09-13,3.99,,,,,,
1962-09-14,3.99,,,,,,
1962-09-17,3.99,,,,,,
1962-09-18,3.98,,,,,,
1962-09-19,3.99,,,,,,
1962-09-20,3.98,,,,,,
1962-09-21,3.98,,,,,,
1962-09-24,3.97,,,,,,
1962-09-25,3.96,,,,,,
1962-09-26,3.95,,,,,,
1962-09-27,3.95,,,,,,
1962-09-28,3.94,,,,,,
1962-10-01,3.93,,,,,,
1962-10-02,3.92,,,,,,
1962-10-03,3.9,,,,,,
1962-10-04,3.9,,,,,,
1962-10-05,3.92,,,,,,
1962-10-08,3.93,,,,,,
1962-10-09,3.95,,,,,,
1962-10-10,3.93,,,,,,
1962-10-11,3.94,,,,,,
1962-10-12,3.94,,,,,,
1962-10-15,3.94,,,,,,
1962-10-16,3.94,,,,,,
1962-10-17,3.94,,,,,,
1962-10-18,3.92,,,,,,
1962-10-19,3.88,,,,,,
1962-10-22,3.91,,,,,,
1962-10-23,3.94,,,,,,
1962-10-24,3.94,,,,,,
1962-10-25,3.94,,,,,,
1962-10-26,3.93,,,,,,
1962-10-29,3.92,,,,,,
1962-10-30,3.92,,,,,,
1962-10-31,3.92,,,,,,
1962-11-01,3.92,,,,,,
1962-11-02,3.91,,,,,,
1962-11-05,3.91,,,,,,
1962-11-06,3.91,,,,,,
1962-11-07,3.91,,,,,,
1962-11-08,3.9,,,,,,
1962-11-09,3.89,,,,,,
1962-11-12,3.89,,,,,,
1962-11-13,3.9,,,,,,
1962-11-14,3.91,,,,,,
1962-11-15,3.91,,,,,,
1962-11-16,3.93,,,,,,
1962-11-19,3.93,,,,,,
1962-11-20,3.93,,,,,,
1962-11-21,3.92,,,,,,
1962-11-22,3.92,,,,,,
1962-11-23,3.92,,,,,,
1962-11-26,3.93,,,,,,
1962-11-27,3.92,,,,,,
1962-11-28,3.92,,,,,,
1962-11-29,3.92,,,,,,
1962-11-30,3.92,,,,,,
1962-12-03,3.93,,,,,,
1962-12-04,3.94,,,,,,
1962-12-05,3.93,,,,,,
1962-12-06,3.92,,,,,,
1962-12-07,3.91,,,,,,
1962-12-10,3.9,,,,,,
1962-12-11,3.89,,,,,,
1962-12-12,3.88,,,,,,
1962-12-13,3.88,,,,,,
1962-12-14,3.87,,,,,,
1962-12-17,3.85,,,,,,
1962-12-18,3.83,,,,,,
1962-12-19,3.84,,,,,,
1962-12-20,3.83,,,,,,
1962-12-21,3.81,,,,,,
1962-12-24,3.79,,,,,,
1962-12-25,3.79,,,,,,
1962-12-26,3.79,,,,,,
1962-12-27,3.81,,,,,,
1962-12-28,3.84,,,,,,
1962-12-31,3.85,,,,,,
1963-01-01,3.85,,,,,,
1963-01-02,3.82,,,,,,
1963-01-03,3.81,,,,,,
1963-01-04,3.84,,,,,,
1963-01-07,3.83,,,,,,
1963-01-08,3.81,,,,,,
1963-01-09,3.82,,,,,,
1963-01-10,3.81,,,,,,
1963-01-11,3.8,,,,,,
1963-01-14,3.81,,,,,,
1963-01-15,3.8,,,,,,
1963-01-16,3.8,,,,,,
1963-01-17,3.82,,,,,,
1963-01-18,3.84,,,,,,
1963-01-21,3.85,,,,,,
1963-01-22,3.86,,,,,,
1963-01-23,3.86,,,,,,
1963-01-24,3.86,,,,,,
1963-01-25,3.85,,,,,,
1963-01-28,3.86,,,,,,
1963-01-29,3.86,,,,,,
1963-01-30,3.86,,,,,,
1963-01-31,3.87,,,,,,
1963-02-01,3.88,,,,,,
1963-02-04,3.89,,,,,,
1963-02-05,3.9,,,,,,
1963-02-06,3.91,,,,,,
1963-02-07,3.91,,,,,,
1963-02-08,3.91,,,,,,
1963-02-11,3.92,,,,,,
1963-02-12,3.92,,,,,,
1963-02-13,3.92,,,,,,
1963-02-14,3.91,,,,,,
1963-02-15,3.91,,,,,,
1963-02-18,3.91,,,,,,
1963-02-19,3.93,,,,,,
1963-02-20,3.94,,,,,,
1963-02-21,3.95,,,,,,
1963-02-22,3.95,,,,,,
1963-02-25,3.95,,,,,,
1963-02-26,3.95,,,,,,
1963-02-27,3.95,,,,,,
1963-02-28,3.94,,,,,,
1963-03-01,3.93,,,,,,
1963-03-04,3.92,,,,,,
1963-03-05,3.92,,,,,,
1963-03-06,3.91,,,,,,
1963-03-07,3.92,,,,,,
1963-03-08,3.92,,,,,,
1963-03-11,3.92,,,,,,
1963-03-12,3.92,,,,,,
1963-03-13,3.92,,,,,,
1963-03-14,3.92,,,,,,
1963-03-15,3.92,,,,,,
1963-03-18,3.92,,,,,,
1963-03-19,3.92,,,,,,
1963-03-20,3.92,,,,,,
1963-03-21,3.92,,,,,,
1963-03-22,3.93,,,,,,
1963-03-25,3.94,,,,,,
1963-03-26,3.96,,,,,,
1963-03-27,3.96,,,,,,
1963-03-28,3.96,,,,,,
1963-03-29,3.95,,,,,,
1963-04-01,3.95,,,,,,
1963-04-02,3.96,,,,,,
1963-04-03,3.96,,,,,,
1963-04-04,3.95,,,,,,
1963-04-05,3.95,,,,,,
1963-04-08,3.97,,,,,,
1963-04-09,3.98,,,,,,
1963-04-10,4.0,,,,,,
1963-04-11,4.0,,,,,,
1963-04-12,4.0,,,,,,
1963-04-15,4.01,,,,,,
1963-04-16,4.0,,,,,,
1963-04-17,4.0,,,,,,
1963-04-18,3.99,,,,,,
1963-04-19,3.97,,,,,,
1963-04-22,3.97,,,,,,
1963-04-23,3.97,,,,,,
1963-04-24,3.96,,,,,,
1963-04-25,3.95,,,,,,
1963-04-26,3.95,,,,,,
1963-04-29,3.95,,,,,,
1963-04-30,3.95,,,,,,
1963-05-01,3.94,,,,,,
1963-05-02,3.94,,,,,,
1963-05-03,3.93,,,,,,
1963-05-06,3.92,,,,,,
1963-05-07,3.91,,,,,,
1963-05-08,3.92,,,,,,
1963-05-09,3.93,,,,,,
1963-05-10,3.93,,,,,,
1963-05-13,3.92,,,,,,
1963-05-14,3.91,,,,,,
1963-05-15,3.91,,,,,,
1963-05-16,3.9,,,,,,
1963-05-17,3.92,,,,,,
1963-05-20,3.93,,,,,,
1963-05-21,3.92,,,,,,
1963-05-22,3.92,,,,,,
1963-05-23,3.93,,,,,,
1963-05-24,3.95,,,,,,
1963-05-27,3.95,,,,,,
1963-05-28,3.96,,,,,,
1963-05-29,3.96,,,,,,
1963-05-30,3.96,,,,,,
1963-05-31,3.96,,,,,,
1963-06-03,3.98,,,,,,
1963-06-04,3.98,,,,,,
1963-06-05,3.98,,,,,,
1963-06-06,3.99,,,,,,
1963-06-07,3.99,,,,,,
1963-06-10,3.99,,,,,,
1963-06-11,3.98,,,,,,
1963-06-12,3.99,,,,,,
1963-06-13,3.99,,,,,,
1963-06-14,3.99,,,,,,
1963-06-17,4.0,,,,,,
1963-06-18,4.0,,,,,,
1963-06-19,4.0,,,,,,
1963-06-20,4.0,,,,,,
1963-06-21,4.0,,,,,,
1963-06-24,4.0,,,,,,
1963-06-25,4.0,,,,,,
1963-06-26,4.0,,,,,,
1963-06-27,4.0,,,,,,
1963-06-28,4.0,,,,,,
1963-07-01,4.01,,,,,,
1963-07-02,4.03,,,,,,
1963-07-03,4.03,,,,,,
1963-07-04,4.03,,,,,,
1963-07-05,4.04,,,,,,
1963-07-08,4.05,,,,,,
1963-07-09,4.04,,,,,,
1963-07-10,4.03,,,,,,
1963-07-11,4.04,,,,,,
1963-07-12,4.03,,,,,,
1963-07-15,4.02,,,,,,
1963-07-16,4.02,,,,,,
1963-07-17,4.03,,,,,,
1963-07-18,4.02,,,,,,
1963-07-19,4.02,,,,,,
1963-07-22,4.02,,,,,,
1963-07-23,4.02,,,,,,
1963-07-24,4.01,,,,,,
1963-07-25,4.01,,,,,,
1963-07-26,3.99,,,,,,
1963-07-29,3.99,,,,,,
1963-07-30,4.0,,,,,,
1963-07-31,4.0,,,,,,
1963-08-01,3.99,,,,,,
1963-08-02,3.99,,,,,,
1963-08-05,3.99,,,,,,
1963-08-06,4.0,,,,,,
1963-08-07,4.01,,,,,,
1963-08-08,4.0,,,,,,
1963-08-09,4.0,,,,,,
1963-08-12,4.01,,,,,,
1963-08-13,4.02,,,,,,
1963-08-14,4.02,,,,,,
1963-08-15,4.01,,,,,,
1963-08-16,4.0,,,,,,
1963-08-19,3.99,,,,,,
1963-08-20,3.99,,,,,,
1963-08-21,4.0,,,,,,
1963-08-22,4.0,,,,,,
1963-08-23,4.0,,,,,,
1963-08-26,4.0,,,,,,
1963-08-27,4.0,,,,,,
1963-08-28,4.0,,,,,,
1963-08-29,4.01,,,,,,
1963-08-30,4.02,,,,,,
1963-09-02,4.02,,,,,,
1963-09-03,4.03,,,,,,
1963-09-04,4.04,,,,,,
1963-09-05,4.08,,,,,,
1963-09-06,4.09,,,,,,
1963-09-09,4.09,,,,,,
1963-09-10,4.09,,,,,,
1963-09-11,4.09,,,,,,
1963-09-12,4.09,,,,,,
1963-09-13,4.09,,,,,,
1963-09-16,4.09,,,,,,
1963-09-17,4.09,,,,,,
1963-09-18,4.08,,,,,,
1963-09-19,4.08,,,,,,
1963-09-20,4.07,,,,,,
1963-09-23,4.07,,,,,,
1963-09-24,4.08,,,,,,
1963-09-25,4.08,,,,,,
1963-09-26,4.08,,,,,,
1963-09-27,4.07,,,,,,
1963-09-30,4.07,,,,,,
1963-10-01,4.07,,,,,,
1963-10-02,4.07,,,,,,
1963-10-03,4.07,,,,,,
1963-10-04,4.08,,,,,,
1963-10-07,4.08,,,,,,
1963-10-08,4.09,,,,,,
1963-10-09,4.1,,,,,,
1963-10-10,4.1,,,,,,
1963-10-11,4.1,,,,,,
1963-10-14,4.1,,,,,,
1963-10-15,4.11,,,,,,
1963-10-16,4.11,,,,,,
1963-10-17,4.12,,,,,,
1963-10-18,4.12,,,,,,
1963-10-21,4.12,,,,,,
1963-10-22,4.11,,,,,,
1963-10-23,4.12,,,,,,
1963-10-24,4.11,,,,,,
1963-10-25,4.12,,,,,,
1963-10-28,4.12,,,,,,
1963-10-29,4.13,,,,,,
1963-10-30,4.14,,,,,,
1963-10-31,4.15,,,,,,
1963-11-01,4.15,,,,,,
1963-11-04,4.15,,,,,,
1963-11-05,4.15,,,,,,
1963-11-06,4.17,,,,,,
1963-11-07,4.17,,,,,,
1963-11-08,4.16,,,,,,
1963-11-11,4.16,,,,,,
1963-11-12,4.16,,,,,,
1963-11-13,4.15,,,,,,
1963-11-14,4.12,,,,,,
1963-11-15,4.11,,,,,,
1963-11-18,4.11,,,,,,
1963-11-19,4.1,,,,,,
1963-11-20,4.09,,,,,,
1963-11-21,4.1,,,,,,
1963-11-22,4.09,,,,,,
1963-11-25,4.09,,,,,,
1963-11-26,4.08,,,,,,
1963-11-27,4.08,,,,,,
1963-11-28,4.08,,,,,,
1963-11-29,4.08,,,,,,
1963-12-02,4.09,,,,,,
1963-12-03,4.1,,,,,,
1963-12-04,4.1,,,,,,
1963-12-05,4.11,,,,,,
1963-12-06,4.11,,,,,,
1963-12-09,4.1,,,,,,
1963-12-10,4.1,,,,,,
1963-12-11,4.12,,,,,,
1963-12-12,4.12,,,,,,
1963-12-13,4.13,,,,,,
1963-12-16,4.15,,,,,,
1963-12-17,4.15,,,,,,
1963-12-18,4.15,,,,,,
1963-12-19,4.14,,,,,,
1963-12-20,4.15,,,,,,
1963-12-23,4.15,,,,,,
1963-12-24,4.15,,,,,,
1963-12-25,4.15,,,,,,
1963-12-26,4.15,,,,,,
1963-12-27,4.15,,,,,,
1963-12-30,4.14,,,,,,
1963-12-31,4.14,,,,,,
1964-01-01,4.14,,,,,,
1964-01-02,4.14,,,,,,
1964-01-03,4.15,,,,,,
1964-01-06,4.16,,,,,,
1964-01-07,4.15,,,,,,
1964-01-08,4.18,,,,,,
1964-01-09,4.18,,,,,,
1964-01-10,4.18,,,,,,
1964-01-13,4.18,,,,,,
1964-01-14,4.18,,,,,,
1964-01-15,4.18,,,,,,
1964-01-16,4.17,,,,,,
1964-01-17,4.17,,,,,,
1964-01-20,4.16,,,,,,
1964-01-21,4.16,,,,,,
1964-01-22,4.16,,,,,,
1964-01-23,4.16,,,,,,
1964-01-24,4.18,,,,,,
1964-01-27,4.18,,,,,,
1964-01-28,4.17,,,,,,
1964-01-29,4.17,,,,,,
1964-01-30,4.16,,,,,,
1964-01-31,4.15,,,,,,
1964-02-03,4.15,,,,,,
1964-02-04,4.15,,,,,,
1964-02-05,4.15,,,,,,
1964-02-06,4.14,,,,,,
1964-02-07,4.14,,,,,,
1964-02-10,4.14,,,,,,
1964-02-11,4.14,,,,,,
1964-02-12,4.14,,,,,,
1964-02-13,4.13,,,,,,
1964-02-14,4.13,,,,,,
1964-02-17,4.13,,,,,,
1964-02-18,4.14,,,,,,
1964-02-19,4.14,,,,,,
1964-02-20,4.14,,,,,,
1964-02-21,4.14,,,,,,
1964-02-24,4.15,,,,,,
1964-02-25,4.15,,,,,,
1964-02-26,4.15,,,,,,
1964-02-27,4.17,,,,,,
1964-02-28,4.18,,,,,,
1964-03-02,4.17,,,,,,
1964-03-03,4.18,,,,,,
1964-03-04,4.19,,,,,,
1964-03-05,4.19,,,,,,
1964-03-06,4.19,,,,,,
1964-03-09,4.2,,,,,,
1964-03-10,4.2,,,,,,
1964-03-11,4.21,,,,,,
1964-03-12,4.21,,,,,,
1964-03-13,4.22,,,,,,
1964-03-16,4.21,,,,,,
1964-03-17,4.22,,,,,,
1964-03-18,4.23,,,,,,
1964-03-19,4.24,,,,,,
1964-03-20,4.25,,,,,,
1964-03-23,4.25,,,,,,
1964-03-24,4.26,,,,,,
1964-03-25,4.26,,,,,,
1964-03-26,4.25,,,,,,
1964-03-27,4.25,,,,,,
1964-03-30,4.25,,,,,,
1964-03-31,4.23,,,,,,
1964-04-01,4.23,,,,,,
1964-04-02,4.24,,,,,,
1964-04-03,4.25,,,,,,
1964-04-06,4.25,,,,,,
1964-04-07,4.25,,,,,,
1964-04-08,4.22,,,,,,
1964-04-09,4.22,,,,,,
1964-04-10,4.22,,,,,,
1964-04-13,4.23,,,,,,
1964-04-14,4.24,,,,,,
1964-04-15,4.23,,,,,,
1964-04-16,4.23,,,,,,
1964-04-17,4.24,,,,,,
1964-04-20,4.24,,,,,,
1964-04-21,4.23,,,,,,
1964-04-22,4.23,,,,,,
1964-04-23,4.23,,,,,,
1964-04-24,4.23,,,,,,
1964-04-27,4.23,,,,,,
1964-04-28,4.23,,,,,,
1964-04-29,4.22,,,,,,
1964-04-30,4.22,,,,,,
1964-05-01,4.22,,,,,,
1964-05-04,4.22,,,,,,
1964-05-05,4.22,,,,,,
1964-05-06,4.22,,,,,,
1964-05-07,4.22,,,,,,
1964-05-08,4.2,,,,,,
1964-05-11,4.19,,,,,,
1964-05-12,4.19,,,,,,
1964-05-13,4.19,,,,,,
1964-05-14,4.19,,,,,,
1964-05-15,4.19,,,,,,
1964-05-18,4.19,,,,,,
1964-05-19,4.19,,,,,,
1964-05-20,4.2,,,,,,
1964-05-21,4.2,,,,,,
1964-05-22,4.2,,,,,,
1964-05-25,4.19,,,,,,
1964-05-26,4.19,,,,,,
1964-05-27,4.2,,,,,,
1964-05-28,4.19,,,,,,
1964-05-29,4.19,,,,,,
1964-06-01,4.19,,,,,,
1964-06-02,4.19,,,,,,
1964-06-03,4.19,,,,,,
1964-06-04,4.19,,,,,,
1964-06-05,4.18,,,,,,
1964-06-08,4.18,,,,,,
1964-06-09,4.17,,,,,,
1964-06-10,4.17,,,,,,
1964-06-11,4.18,,,,,,
1964-06-12,4.18,,,,,,
1964-06-15,4.18,,,,,,
1964-06-16,4.18,,,,,,
1964-06-17,4.18,,,,,,
1964-06-18,4.17,,,,,,
1964-06-19,4.16,,,,,,
1964-06-22,4.15,,,,,,
1964-06-23,4.15,,,,,,
1964-06-24,4.15,,,,,,
1964-06-25,4.15,,,,,,
1964-06-26,4.15,,,,,,
1964-06-29,4.15,,,,,,
1964-06-30,4.15,,,,,,
1964-07-01,4.15,,,,,,
1964-07-02,4.15,,,,,,
1964-07-03,4.15,,,,,,
1964-07-06,4.16,,,,,,
1964-07-07,4.15,,,,,,
1964-07-08,4.15,,,,,,
1964-07-09,4.18,,,,,,
1964-07-10,4.19,,,,,,
1964-07-13,4.19,,,,,,
1964-07-14,4.19,,,,,,
1964-07-15,4.19,,,,,,
1964-07-16,4.19,,,,,,
1964-07-17,4.2,,,,,,
1964-07-20,4.21,,,,,,
1964-07-21,4.2,,,,,,
1964-07-22,4.21,,,,,,
1964-07-23,4.2,,,,,,
1964-07-24,4.2,,,,,,
1964-07-27,4.2,,,,,,
1964-07-28,4.2,,,,,,
1964-07-29,4.2,,,,,,
1964-07-30,4.19,,,,,,
1964-07-31,4.19,,,,,,
1964-08-03,4.19,,,,,,
1964-08-04,4.19,,,,,,
1964-08-05,4.19,,,,,,
1964-08-06,4.18,,,,,,
1964-08-07,4.19,,,,,,
1964-08-10,4.19,,,,,,
1964-08-11,4.2,,,,,,
1964-08-12,4.2,,,,,,
1964-08-13,4.19,,,,,,
1964-08-14,4.19,,,,,,
1964-08-17,4.19,,,,,,
1964-08-18,4.19,,,,,,
1964-08-19,4.19,,,,,,
1964-08-20,4.19,,,,,,
1964-08-21,4.19,,,,,,
1964-08-24,4.19,,,,,,
1964-08-25,4.2,,,,,,
1964-08-26,4.2,,,,,,
1964-08-27,4.2,,,,,,
1964-08-28,4.21,,,,,,
1964-08-31,4.21,,,,,,
1964-09-01,4.21,,,,,,
1964-09-02,4.22,,,,,,
1964-09-03,4.22,,,,,,
1964-09-04,4.22,,,,,,
1964-09-07,4.22,,,,,,
1964-09-08,4.22,,,,,,
1964-09-09,4.22,,,,,,
1964-09-10,4.22,,,,,,
1964-09-11,4.22,,,,,,
1964-09-14,4.22,,,,,,
1964-09-15,4.22,,,,,,
1964-09-16,4.21,,,,,,
1964-09-17,4.2,,,,,,
1964-09-18,4.2,,,,,,
1964-09-21,4.19,,,,,,
1964-09-22,4.19,,,,,,
1964-09-23,4.19,,,,,,
1964-09-24,4.19,,,,,,
1964-09-25,4.19,,,,,,
1964-09-28,4.17,,,,,,
1964-09-29,4.18,,,,,,
1964-09-30,4.18,,,,,,
1964-10-01,4.18,,,,,,
1964-10-02,4.18,,,,,,
1964-10-05,4.2,,,,,,
1964-10-06,4.19,,,,,,
1964-10-07,4.19,,,,,,
1964-10-08,4.19,,,,,,
1964-10-09,4.19,,,,,,
1964-10-12,4.19,,,,,,
1964-10-13,4.19,,,,,,
1964-10-14,4.19,,,,,,
1964-10-15,4.2,,,,,,
1964-10-16,4.21,,,,,,
1964-10-19,4.21,,,,,,
1964-10-20,4.2,,,,,,
1964-10-21,4.19,,,,,,
1964-10-22,4.19,,,,,,
1964-10-23,4.19,,,,,,
1964-10-26,4.19,,,,,,
1964-10-27,4.18,,,,,,
1964-10-28,4.17,,,,,,
1964-10-29,4.16,,,,,,
1964-10-30,4.16,,,,,,
1964-11-02,4.15,,,,,,
1964-11-03,4.15,,,,,,
1964-11-04,4.15,,,,,,
1964-11-05,4.15,,,,,,
1964-11-06,4.15,,,,,,
1964-11-09,4.15,,,,,,
1964-11-10,4.14,,,,,,
1964-11-11,4.14,,,,,,
1964-11-12,4.12,,,,,,
1964-11-13,4.13,,,,,,
1964-11-16,4.13,,,,,,
1964-11-17,4.14,,,,,,
1964-11-18,4.14,,,,,,
1964-11-19,4.13,,,,,,
1964-11-20,4.13,,,,,,
1964-11-23,4.18,,,,,,
1964-11-24,4.18,,,,,,
1964-11-25,4.19,,,,,,
1964-11-26,4.19,,,,,,
1964-11-27,4.19,,,,,,
1964-11-30,4.2,,,,,,
1964-12-01,4.2,,,,,,
1964-12-02,4.19,,,,,,
1964-12-03,4.18,,,,,,
1964-12-04,4.18,,,,,,
1964-12-07,4.17,,,,,,
1964-12-08,4.16,,,,,,
1964-12-09,4.16,,,,,,
1964-12-10,4.15,,,,,,
1964-12-11,4.15,,,,,,
1964-12-14,4.16,,,,,,
1964-12-15,4.17,,,,,,
1964-12-16,4.18,,,,,,
1964-12-17,4.18,,,,,,
1964-12-18,4.19,,,,,,
1964-12-21,4.18,,,,,,
1964-12-22,4.18,,,,,,
1964-12-23,4.19,,,,,,
1964-12-24,4.19,,,,,,
1964-12-25,4.19,,,,,,
1964-12-28,4.19,,,,,,
1964-12-29,4.19,,,,,,
1964-12-30,4.2,,,,,,
1964-12-31,4.21,,,,,,
1965-01-01,4.21,,,,,,
1965-01-04,4.2,,,,,,
1965-01-05,4.2,,,,,,
1965-01-06,4.2,,,,,,
1965-01-07,4.2,,,,,,
1965-01-08,4.2,,,,,,
1965-01-11,4.2,,,,,,
1965-01-12,4.19,,,,,,
1965-01-13,4.19,,,,,,
1965-01-14,4.19,,,,,,
1965-01-15,4.19,,,,,,
1965-01-18,4.19,,,,,,
1965-01-19,4.18,,,,,,
1965-01-20,4.18,,,,,,
1965-01-21,4.17,,,,,,
1965-01-22,4.17,,,,,,
1965-01-25,4.18,,,,,,
1965-01-26,4.19,,,,,,
1965-01-27,4.19,,,,,,
1965-01-28,4.19,,,,,,
1965-01-29,4.19,,,,,,
1965-02-01,4.2,,,,,,
1965-02-02,4.2,,,,,,
1965-02-03,4.2,,,,,,
1965-02-04,4.21,,,,,,
1965-02-05,4.22,,,,,,
1965-02-08,4.21,,,,,,
1965-02-09,4.21,,,,,,
1965-02-10,4.21,,,,,,
1965-02-11,4.21,,,,,,
1965-02-12,4.21,,,,,,
1965-02-15,4.22,,,,,,
1965-02-16,4.21,,,,,,
1965-02-17,4.21,,,,,,
1965-02-18,4.21,,,,,,
1965-02-19,4.22,,,,,,
1965-02-22,4.22,,,,,,
1965-02-23,4.21,,,,,,
1965-02-24,4.22,,,,,,
1965-02-25,4.21,,,,,,
1965-02-26,4.22,,,,,,
1965-03-01,4.22,,,,,,
1965-03-02,4.24,,,,,,
1965-03-03,4.23,,,,,,
1965-03-04,4.22,,,,,,
1965-03-05,4.23,,,,,,
1965-03-08,4.23,,,,,,
1965-03-09,4.23,,,,,,
1965-03-10,4.23,,,,,,
1965-03-11,4.22,,,,,,
1965-03-12,4.22,,,,,,
1965-03-15,4.21,,,,,,
1965-03-16,4.21,,,,,,
1965-03-17,4.2,,,,,,
1965-03-18,4.2,,,,,,
1965-03-19,4.2,,,,,,
1965-03-22,4.19,,,,,,
1965-03-23,4.19,,,,,,
1965-03-24,4.18,,,,,,
1965-03-25,4.19,,,,,,
1965-03-26,4.2,,,,,,
1965-03-29,4.2,,,,,,
1965-03-30,4.2,,,,,,
1965-03-31,4.2,,,,,,
1965-04-01,4.2,,,,,,
1965-04-02,4.2,,,,,,
1965-04-05,4.2,,,,,,
1965-04-06,4.2,,,,,,
1965-04-07,4.2,,,,,,
1965-04-08,4.19,,,,,,
1965-04-09,4.2,,,,,,
1965-04-12,4.2,,,,,,
1965-04-13,4.2,,,,,,
1965-04-14,4.19,,,,,,
1965-04-15,4.2,,,,,,
1965-04-16,4.2,,,,,,
1965-04-19,4.21,,,,,,
1965-04-20,4.21,,,,,,
1965-04-21,4.21,,,,,,
1965-04-22,4.21,,,,,,
1965-04-23,4.21,,,,,,
1965-04-26,4.21,,,,,,
1965-04-27,4.21,,,,,,
1965-04-28,4.21,,,,,,
1965-04-29,4.21,,,,,,
1965-04-30,4.21,,,,,,
1965-05-03,4.21,,,,,,
1965-05-04,4.2,,,,,,
1965-05-05,4.2,,,,,,
1965-05-06,4.2,,,,,,
1965-05-07,4.2,,,,,,
1965-05-10,4.2,,,,,,
1965-05-11,4.2,,,,,,
1965-05-12,4.2,,,,,,
1965-05-13,4.21,,,,,,
1965-05-14,4.21,,,,,,
1965-05-17,4.21,,,,,,
1965-05-18,4.22,,,,,,
1965-05-19,4.22,,,,,,
1965-05-20,4.22,,,,,,
1965-05-21,4.22,,,,,,
1965-05-24,4.22,,,,,,
1965-05-25,4.22,,,,,,
1965-05-26,4.22,,,,,,
1965-05-27,4.22,,,,,,
1965-05-28,4.23,,,,,,
1965-05-31,4.23,,,,,,
1965-06-01,4.23,,,,,,
1965-06-02,4.23,,,,,,
1965-06-03,4.23,,,,,,
1965-06-04,4.23,,,,,,
1965-06-07,4.23,,,,,,
1965-06-08,4.23,,,,,,
1965-06-09,4.23,,,,,,
1965-06-10,4.23,,,,,,
1965-06-11,4.23,,,,,,
1965-06-14,4.21,,,,,,
1965-06-15,4.21,,,,,,
1965-06-16,4.21,,,,,,
1965-06-17,4.21,,,,,,
1965-06-18,4.21,,,,,,
1965-06-21,4.2,,,,,,
1965-06-22,4.2,,,,,,
1965-06-23,4.2,,,,,,
1965-06-24,4.19,,,,,,
1965-06-25,4.19,,,,,,
1965-06-28,4.19,,,,,,
1965-06-29,4.2,,,,,,
1965-06-30,4.2,,,,,,
1965-07-01,4.2,,,,,,
1965-07-02,4.21,,,,,,
1965-07-05,4.21,,,,,,
1965-07-06,4.21,,,,,,
1965-07-07,4.21,,,,,,
1965-07-08,4.2,,,,,,
1965-07-09,4.21,,,,,,
1965-07-12,4.21,,,,,,
1965-07-13,4.21,,,,,,
1965-07-14,4.21,,,,,,
1965-07-15,4.2,,,,,,
1965-07-16,4.2,,,,,,
1965-07-19,4.2,,,,,,
1965-07-20,4.2,,,,,,
1965-07-21,4.2,,,,,,
1965-07-22,4.2,,,,,,
1965-07-23,4.2,,,,,,
1965-07-26,4.2,,,,,,
1965-07-27,4.2,,,,,,
1965-07-28,4.2,,,,,,
1965-07-29,4.21,,,,,,
1965-07-30,4.22,,,,,,
1965-08-02,4.22,,,,,,
1965-08-03,4.22,,,,,,
1965-08-04,4.23,,,,,,
1965-08-05,4.23,,,,,,
1965-08-06,4.24,,,,,,
1965-08-09,4.24,,,,,,
1965-08-10,4.24,,,,,,
1965-08-11,4.25,,,,,,
1965-08-12,4.25,,,,,,
1965-08-13,4.25,,,,,,
1965-08-16,4.26,,,,,,
1965-08-17,4.27,,,,,,
1965-08-18,4.26,,,,,,
1965-08-19,4.26,,,,,,
1965-08-20,4.26,,,,,,
1965-08-23,4.26,,,,,,
1965-08-24,4.27,,,,,,
1965-08-25,4.26,,,,,,
1965-08-26,4.27,,,,,,
1965-08-27,4.27,,,,,,
1965-08-30,4.27,,,,,,
1965-08-31,4.27,,,,,,
1965-09-01,4.28,,,,,,
1965-09-02,4.28,,,,,,
1965-09-03,4.27,,,,,,
1965-09-06,4.27,,,,,,
1965-09-07,4.27,,,,,,
1965-09-08,4.27,,,,,,
1965-09-09,4.27,,,,,,
1965-09-10,4.28,,,,,,
1965-09-13,4.28,,,,,,
1965-09-14,4.28,,,,,,
1965-09-15,4.28,,,,,,
1965-09-16,4.27,,,,,,
1965-09-17,4.27,,,,,,
1965-09-20,4.27,,,,,,
1965-09-21,4.28,,,,,,
1965-09-22,4.29,,,,,,
1965-09-23,4.3,,,,,,
1965-09-24,4.31,,,,,,
1965-09-27,4.31,,,,,,
1965-09-28,4.33,,,,,,
1965-09-29,4.36,,,,,,
1965-09-30,4.35,,,,,,
1965-10-01,4.36,,,,,,
1965-10-04,4.35,,,,,,
1965-10-05,4.33,,,,,,
1965-10-06,4.32,,,,,,
1965-10-07,4.31,,,,,,
1965-10-08,4.32,,,,,,
1965-10-11,4.31,,,,,,
1965-10-12,4.31,,,,,,
1965-10-13,4.3,,,,,,
1965-10-14,4.31,,,,,,
1965-10-15,4.34,,,,,,
1965-10-18,4.34,,,,,,
1965-10-19,4.35,,,,,,
1965-10-20,4.36,,,,,,
1965-10-21,4.37,,,,,,
1965-10-22,4.36,,,,,,
1965-10-25,4.38,,,,,,
1965-10-26,4.38,,,,,,
1965-10-27,4.39,,,,,,
1965-10-28,4.4,,,,,,
1965-10-29,4.41,,,,,,
1965-11-01,4.43,,,,,,
1965-11-02,4.43,,,,,,
1965-11-03,4.43,,,,,,
1965-11-04,4.43,,,,,,
1965-11-05,4.43,,,,,,
1965-11-08,4.45,,,,,,
1965-11-09,4.47,,,,,,
1965-11-10,4.46,,,,,,
1965-11-11,4.46,,,,,,
1965-11-12,4.44,,,,,,
1965-11-15,4.45,,,,,,
1965-11-16,4.44,,,,,,
1965-11-17,4.45,,,,,,
1965-11-18,4.45,,,,,,
1965-11-19,4.46,,,,,,
1965-11-22,4.45,,,,,,
1965-11-23,4.45,,,,,,
1965-11-24,4.45,,,,,,
1965-11-25,4.45,,,,,,
1965-11-26,4.45,,,,,,
1965-11-29,4.46,,,,,,
1965-11-30,4.48,,,,,,
1965-12-01,4.52,,,,,,
1965-12-02,4.52,,,,,,
1965-12-03,4.52,,,,,,
1965-12-06,4.61,,,,,,
1965-12-07,4.59,,,,,,
1965-12-08,4.6,,,,,,
1965-12-09,4.6,,,,,,
1965-12-10,4.6,,,,,,
1965-12-13,4.65,,,,,,
1965-12-14,4.67,,,,,,
1965-12-15,4.67,,,,,,
1965-12-16,4.66,,,,,,
1965-12-17,4.65,,,,,,
1965-12-20,4.61,,,,,,
1965-12-21,4.64,,,,,,
1965-12-22,4.65,,,,,,
1965-12-23,4.65,,,,,,
1965-12-24,4.65,,,,,,
1965-12-27,4.62,,,,,,
1965-12-28,4.61,,,,,,
1965-12-29,4.62,,,,,,
1965-12-30,4.63,,,,,,
1965-12-31,4.65,,,,,,
1966-01-03,4.63,,,,,,
1966-01-04,4.65,,,,,,
1966-01-05,4.63,,,,,,
1966-01-06,4.6,,,,,,
1966-01-07,4.6,,,,,,
1966-01-10,4.61,,,,,,
1966-01-11,4.6,,,,,,
1966-01-12,4.56,,,,,,
1966-01-13,4.58,,,,,,
1966-01-14,4.59,,,,,,
1966-01-17,4.61,,,,,,
1966-01-18,4.61,,,,,,
1966-01-19,4.61,,,,,,
1966-01-20,4.6,,,,,,
1966-01-21,4.59,,,,,,
1966-01-24,4.6,,,,,,
1966-01-25,4.61,,,,,,
1966-01-26,4.61,,,,,,
1966-01-27,4.63,,,,,,
1966-01-28,4.65,,,,,,
1966-01-31,4.69,,,,,,
1966-02-01,4.69,,,,,,
1966-02-02,4.7,,,,,,
1966-02-03,4.7,,,,,,
1966-02-04,4.71,,,,,,
1966-02-07,4.73,,,,,,
1966-02-08,4.72,,,,,,
1966-02-09,4.74,,,,,,
1966-02-10,4.78,,,,,,
1966-02-11,4.86,,,,,,
1966-02-14,4.87,,,,,,
1966-02-15,4.88,,,,,,
1966-02-16,4.89,,,,,,
1966-02-17,4.88,,,,,,
1966-02-18,4.9,,,,,,
1966-02-21,4.92,,,,,,
1966-02-22,4.92,,,,,,
1966-02-23,4.92,,,,,,
1966-02-24,4.93,,,,,,
1966-02-25,4.97,,,,,,
1966-02-28,5.02,,,,,,
1966-03-01,5.01,,,,,,
1966-03-02,5.0,,,,,,
1966-03-03,5.0,,,,,,
1966-03-04,4.98,,,,,,
1966-03-07,4.96,,,,,,
1966-03-08,4.93,,,,,,
1966-03-09,4.93,,,,,,
1966-03-10,4.95,,,,,,
1966-03-11,4.96,,,,,,
1966-03-14,4.94,,,,,,
1966-03-15,4.91,,,,,,
1966-03-16,4.9,,,,,,
1966-03-17,4.86,,,,,,
1966-03-18,4.84,,,,,,
1966-03-21,4.81,,,,,,
1966-03-22,4.78,,,,,,
1966-03-23,4.73,,,,,,
1966-03-24,4.76,,,,,,
1966-03-25,4.82,,,,,,
1966-03-28,4.81,,,,,,
1966-03-29,4.8,,,,,,
1966-03-30,4.7,,,,,,
1966-03-31,4.71,,,,,,
1966-04-01,4.7,,,,,,
1966-04-04,4.69,,,,,,
1966-04-05,4.66,,,,,,
1966-04-06,4.71,,,,,,
1966-04-07,4.73,,,,,,
1966-04-08,4.73,,,,,,
1966-04-11,4.73,,,,,,
1966-04-12,4.73,,,,,,
1966-04-13,4.74,,,,,,
1966-04-14,4.76,,,,,,
1966-04-15,4.77,,,,,,
1966-04-18,4.76,,,,,,
1966-04-19,4.76,,,,,,
1966-04-20,4.8,,,,,,
1966-04-21,4.77,,,,,,
1966-04-22,4.77,,,,,,
1966-04-25,4.78,,,,,,
1966-04-26,4.79,,,,,,
1966-04-27,4.78,,,,,,
1966-04-28,4.78,,,,,,
1966-04-29,4.79,,,,,,
1966-05-02,4.8,,,,,,
1966-05-03,4.81,,,,,,
1966-05-04,4.81,,,,,,
1966-05-05,4.81,,,,,,
1966-05-06,4.79,,,,,,
1966-05-09,4.75,,,,,,
1966-05-10,4.75,,,,,,
1966-05-11,4.77,,,,,,
1966-05-12,4.77,,,,,,
1966-05-13,4.77,,,,,,
1966-05-16,4.77,,,,,,
1966-05-17,4.75,,,,,,
1966-05-18,4.75,,,,,,
1966-05-19,4.75,,,,,,
1966-05-20,4.75,,,,,,
1966-05-23,4.77,,,,,,
1966-05-24,4.79,,,,,,
1966-05-25,4.78,,,,,,
1966-05-26,4.8,,,,,,
1966-05-27,4.81,,,,,,
1966-05-30,4.81,,,,,,
1966-05-31,4.8,,,,,,
1966-06-01,4.79,,,,,,
1966-06-02,4.77,,,,,,
1966-06-03,4.78,,,,,,
1966-06-06,4.79,,,,,,
1966-06-07,4.81,,,,,,
1966-06-08,4.83,,,,,,
1966-06-09,4.83,,,,,,
1966-06-10,4.83,,,,,,
1966-06-13,4.83,,,,,,
1966-06-14,4.83,,,,,,
1966-06-15,4.79,,,,,,
1966-06-16,4.81,,,,,,
1966-06-17,4.8,,,,,,
1966-06-20,4.76,,,,,,
1966-06-21,4.75,,,,,,
1966-06-22,4.76,,,,,,
1966-06-23,4.77,,,,,,
1966-06-24,4.8,,,,,,
1966-06-27,4.83,,,,,,
1966-06-28,4.89,,,,,,
1966-06-29,4.9,,,,,,
1966-06-30,4.97,,,,,,
1966-07-01,4.99,,,,,,
1966-07-04,4.99,,,,,,
1966-07-05,4.96,,,,,,
1966-07-06,4.95,,,,,,
1966-07-07,4.95,,,,,,
1966-07-08,4.97,,,,,,
1966-07-11,5.03,,,,,,
1966-07-12,5.05,,,,,,
1966-07-13,5.07,,,,,,
1966-07-14,5.1,,,,,,
1966-07-15,5.09,,,,,,
1966-07-18,5.04,,,,,,
1966-07-19,5.03,,,,,,
1966-07-20,5.02,,,,,,
1966-07-21,5.04,,,,,,
1966-07-22,5.02,,,,,,
1966-07-25,4.99,,,,,,
1966-07-26,4.99,,,,,,
1966-07-27,4.99,,,,,,
1966-07-28,5.03,,,,,,
1966-07-29,5.05,,,,,,
1966-08-01,5.05,,,,,,
1966-08-02,5.04,,,,,,
1966-08-03,5.06,,,,,,
1966-08-04,5.07,,,,,,
1966-08-05,5.07,,,,,,
1966-08-08,5.08,,,,,,
1966-08-09,5.1,,,,,,
1966-08-10,5.1,,,,,,
1966-08-11,5.11,,,,,,
1966-08-12,5.11,,,,,,
1966-08-15,5.15,,,,,,
1966-08-16,5.18,,,,,,
1966-08-17,5.24,,,,,,
1966-08-18,5.29,,,,,,
1966-08-19,5.31,,,,,,
1966-08-22,5.29,,,,,,
1966-08-23,5.33,,,,,,
1966-08-24,5.36,,,,,,
1966-08-25,5.39,,,,,,
1966-08-26,5.48,,,,,,
1966-08-29,5.51,,,,,,
1966-08-30,5.48,,,,,,
1966-08-31,5.36,,,,,,
1966-09-01,5.3,,,,,,
1966-09-02,5.23,,,,,,
1966-09-05,5.23,,,,,,
1966-09-06,5.19,,,,,,
1966-09-07,5.2,,,,,,
1966-09-08,5.18,,,,,,
1966-09-09,5.17,,,,,,
1966-09-12,5.18,,,,,,
1966-09-13,5.16,,,,,,
1966-09-14,5.21,,,,,,
1966-09-15,5.25,,,,,,
1966-09-16,5.24,,,,,,
1966-09-19,5.32,,,,,,
1966-09-20,5.27,,,,,,
1966-09-21,5.21,,,,,,
1966-09-22,5.15,,,,,,
1966-09-23,5.17,,,,,,
1966-09-26,5.17,,,,,,
1966-09-27,5.13,,,,,,
1966-09-28,5.09,,,,,,
1966-09-29,4.99,,,,,,
1966-09-30,5.02,,,,,,
1966-10-03,5.08,,,,,,
1966-10-04,5.06,,,,,,
1966-10-05,5.05,,,,,,
1966-10-06,5.03,,,,,,
1966-10-07,5.02,,,,,,
1966-10-10,5.05,,,,,,
1966-10-11,5.05,,,,,,
1966-10-12,5.05,,,,,,
1966-10-13,5.07,,,,,,
1966-10-14,5.06,,,,,,
1966-10-17,5.04,,,,,,
1966-10-18,4.99,,,,,,
1966-10-19,5.0,,,,,,
1966-10-20,5.02,,,,,,
1966-10-21,4.94,,,,,,
1966-10-24,4.94,,,,,,
1966-10-25,4.94,,,,,,
1966-10-26,4.96,,,,,,
1966-10-27,4.99,,,,,,
1966-10-28,4.97,,,,,,
1966-10-31,4.97,,,,,,
1966-11-01,4.99,,,,,,
1966-11-02,5.04,,,,,,
1966-11-03,5.06,,,,,,
1966-11-04,5.11,,,,,,
1966-11-07,5.11,,,,,,
1966-11-08,5.11,,,,,,
1966-11-09,5.12,,,,,,
1966-11-10,5.17,,,,,,
1966-11-11,5.17,,,,,,
1966-11-14,5.19,,,,,,
1966-11-15,5.21,,,,,,
1966-11-16,5.22,,,,,,
1966-11-17,5.23,,,,,,
1966-11-18,5.22,,,,,,
1966-11-21,5.17,,,,,,
1966-11-22,5.2,,,,,,
1966-11-23,5.22,,,,,,
1966-11-24,5.22,,,,,,
1966-11-25,5.23,,,,,,
1966-11-28,5.19,,,,,,
1966-11-29,5.15,,,,,,
1966-11-30,5.12,,,,,,
1966-12-01,5.09,,,,,,
1966-12-02,5.03,,,,,,
1966-12-05,5.06,,,,,,
1966-12-06,5.07,,,,,,
1966-12-07,5.07,,,,,,
1966-12-08,5.1,,,,,,
1966-12-09,5.05,,,,,,
1966-12-12,4.93,,,,,,
1966-12-13,4.86,,,,,,
1966-12-14,4.83,,,,,,
1966-12-15,4.76,,,,,,
1966-12-16,4.78,,,,,,
1966-12-19,4.72,,,,,,
1966-12-20,4.69,,,,,,
1966-12-21,4.66,,,,,,
1966-12-22,4.68,,,,,,
1966-12-23,4.67,,,,,,
1966-12-26,4.67,,,,,,
1966-12-27,4.71,,,,,,
1966-12-28,4.64,,,,,,
1966-12-29,4.66,,,,,,
1966-12-30,4.64,,,,,,
1967-01-02,4.64,,,,,,
1967-01-03,4.69,,,,,,
1967-01-04,4.65,,,,,,
1967-01-05,4.63,,,,,,
1967-01-06,4.64,,,,,,
1967-01-09,4.71,,,,,,
1967-01-10,4.69,,,,,,
1967-01-11,4.54,,,,,,
1967-01-12,4.55,,,,,,
1967-01-13,4.51,,,,,,
1967-01-16,4.49,,,,,,
1967-01-17,4.51,,,,,,
1967-01-18,4.53,,,,,,
1967-01-19,4.58,,,,,,
1967-01-20,4.6,,,,,,
1967-01-23,4.6,,,,,,
1967-01-24,4.65,,,,,,
1967-01-25,4.62,,,,,,
1967-01-26,4.5,,,,,,
1967-01-27,4.47,,,,,,
1967-01-30,4.48,,,,,,
1967-01-31,4.52,,,,,,
1967-02-01,4.52,,,,,,
1967-02-02,4.51,,,,,,
1967-02-03,4.52,,,,,,
1967-02-06,4.53,,,,,,
1967-02-07,4.54,,,,,,
1967-02-08,4.54,,,,,,
1967-02-09,4.53,,,,,,
1967-02-10,4.59,,,,,,
1967-02-13,4.59,,,,,,
1967-02-14,4.64,,,,,,
1967-02-15,4.69,,,,,,
1967-02-16,4.67,,,,,,
1967-02-17,4.68,,,,,,
1967-02-20,4.7,,,,,,
1967-02-21,4.71,,,,,,
1967-02-22,4.71,,,,,,
1967-02-23,4.74,,,,,,
1967-02-24,4.73,,,,,,
1967-02-27,4.72,,,,,,
1967-02-28,4.72,,,,,,
1967-03-01,4.66,,,,,,
1967-03-02,4.63,,,,,,
1967-03-03,4.62,,,,,,
1967-03-06,4.61,,,,,,
1967-03-07,4.6,,,,,,
1967-03-08,4.61,,,,,,
1967-03-09,4.57,,,,,,
1967-03-10,4.58,,,,,,
1967-03-13,4.56,,,,,,
1967-03-14,4.53,,,,,,
1967-03-15,4.49,,,,,,
1967-03-16,4.45,,,,,,
1967-03-17,4.47,,,,,,
1967-03-20,4.45,,,,,,
1967-03-21,4.51,,,,,,
1967-03-22,4.52,,,,,,
1967-03-23,4.5,,,,,,
1967-03-24,4.5,,,,,,
1967-03-27,4.52,,,,,,
1967-03-28,4.52,,,,,,
1967-03-29,4.52,,,,,,
1967-03-30,4.5,,,,,,
1967-03-31,4.5,,,,,,
1967-04-03,4.5,,,,,,
1967-04-04,4.49,,,,,,
1967-04-05,4.5,,,,,,
1967-04-06,4.49,,,,,,
1967-04-07,4.48,,,,,,
1967-04-10,4.5,,,,,,
1967-04-11,4.51,,,,,,
1967-04-12,4.51,,,,,,
1967-04-13,4.54,,,,,,
1967-04-14,4.56,,,,,,
1967-04-17,4.61,,,,,,
1967-04-18,4.63,,,,,,
1967-04-19,4.63,,,,,,
1967-04-20,4.63,,,,,,
1967-04-21,4.66,,,,,,
1967-04-24,4.68,,,,,,
1967-04-25,4.71,,,,,,
1967-04-26,4.73,,,,,,
1967-04-27,4.73,,,,,,
1967-04-28,4.78,,,,,,
1967-05-01,4.77,,,,,,
1967-05-02,4.75,,,,,,
1967-05-03,4.75,,,,,,
1967-05-04,4.76,,,,,,
1967-05-05,4.77,,,,,,
1967-05-08,4.83,,,,,,
1967-05-09,4.87,,,,,,
1967-05-10,4.87,,,,,,
1967-05-11,4.84,,,,,,
1967-05-12,4.82,,,,,,
1967-05-15,4.86,,,,,,
1967-05-16,4.87,,,,,,
1967-05-17,4.88,,,,,,
1967-05-18,4.88,,,,,,
1967-05-19,4.89,,,,,,
1967-05-22,4.94,,,,,,
1967-05-23,4.94,,,,,,
1967-05-24,4.93,,,,,,
1967-05-25,4.92,,,,,,
1967-05-26,4.86,,,,,,
1967-05-29,4.84,,,,,,
1967-05-30,4.84,,,,,,
1967-05-31,4.81,,,,,,
1967-06-01,4.81,,,,,,
1967-06-02,4.82,,,,,,
1967-06-05,4.85,,,,,,
1967-06-06,4.84,,,,,,
1967-06-07,4.84,,,,,,
1967-06-08,4.86,,,,,,
1967-06-09,4.89,,,,,,
1967-06-12,4.94,,,,,,
1967-06-13,4.95,,,,,,
1967-06-14,5.02,,,,,,
1967-06-15,5.02,,,,,,
1967-06-16,5.07,,,,,,
1967-06-19,5.07,,,,,,
1967-06-20,5.14,,,,,,
1967-06-21,5.14,,,,,,
1967-06-22,5.13,,,,,,
1967-06-23,5.14,,,,,,
1967-06-26,5.16,,,,,,
1967-06-27,5.21,,,,,,
1967-06-28,5.18,,,,,,
1967-06-29,5.2,,,,,,
1967-06-30,5.22,,,,,,
1967-07-03,5.22,,,,,,
1967-07-04,5.22,,,,,,
1967-07-05,5.17,,,,,,
1967-07-06,5.11,,,,,,
1967-07-07,5.15,,,,,,
1967-07-10,5.16,,,,,,
1967-07-11,5.09,,,,,,
1967-07-12,5.06,,,,,,
1967-07-13,5.08,,,,,,
1967-07-14,5.08,,,,,,
1967-07-17,5.09,,,,,,
1967-07-18,5.16,,,,,,
1967-07-19,5.18,,,,,,
1967-07-20,5.2,,,,,,
1967-07-21,5.2,,,,,,
1967-07-24,5.23,,,,,,
1967-07-25,5.23,,,,,,
1967-07-26,5.23,,,,,,
1967-07-27,5.2,,,,,,
1967-07-28,5.18,,,,,,
1967-07-31,5.16,,,,,,
1967-08-01,5.18,,,,,,
1967-08-02,5.21,,,,,,
1967-08-03,5.2,,,,,,
1967-08-04,5.26,,,,,,
1967-08-07,5.3,,,,,,
1967-08-08,5.28,,,,,,
1967-08-09,5.27,,,,,,
1967-08-10,5.28,,,,,,
1967-08-11,5.29,,,,,,
1967-08-14,5.29,,,,,,
1967-08-15,5.29,,,,,,
1967-08-16,5.28,,,,,,
1967-08-17,5.28,,,,,,
1967-08-18,5.28,,,,,,
1967-08-21,5.3,,,,,,
1967-08-22,5.3,,,,,,
1967-08-23,5.31,,,,,,
1967-08-24,5.31,,,,,,
1967-08-25,5.32,,,,,,
1967-08-28,5.29,,,,,,
1967-08-29,5.27,,,,,,
1967-08-30,5.28,,,,,,
1967-08-31,5.27,,,,,,
1967-09-01,5.25,,,,,,
1967-09-04,5.25,,,,,,
1967-09-05,5.22,,,,,,
1967-09-06,5.2,,,,,,
1967-09-07,5.2,,,,,,
1967-09-08,5.26,,,,,,
1967-09-11,5.28,,,,,,
1967-09-12,5.29,,,,,,
1967-09-13,5.27,,,,,,
1967-09-14,5.28,,,,,,
1967-09-15,5.29,,,,,,
1967-09-18,5.3,,,,,,
1967-09-19,5.35,,,,,,
1967-09-20,5.34,,,,,,
1967-09-21,5.36,,,,,,
1967-09-22,5.36,,,,,,
1967-09-25,5.38,,,,,,
1967-09-26,5.37,,,,,,
1967-09-27,5.37,,,,,,
1967-09-28,5.36,,,,,,
1967-09-29,5.31,,,,,,
1967-10-02,5.35,,,,,,
1967-10-03,5.35,,,,,,
1967-10-04,5.37,,,,,,
1967-10-05,5.37,,,,,,
1967-10-06,5.37,,,,,,
1967-10-09,5.39,,,,,,
1967-10-10,5.42,,,,,,
1967-10-11,5.42,,,,,,
1967-10-12,5.42,,,,,,
1967-10-13,5.45,,,,,,
1967-10-16,5.47,,,,,,
1967-10-17,5.49,,,,,,
1967-10-18,5.52,,,,,,
1967-10-19,5.53,,,,,,
1967-10-20,5.52,,,,,,
1967-10-23,5.56,,,,,,
1967-10-24,5.56,,,,,,
1967-10-25,5.57,,,,,,
1967-10-26,5.58,,,,,,
1967-10-27,5.57,,,,,,
1967-10-30,5.6,,,,,,
1967-10-31,5.64,,,,,,
1967-11-01,5.7,,,,,,
1967-11-02,5.71,,,,,,
1967-11-03,5.75,,,,,,
1967-11-06,5.77,,,,,,
1967-11-07,5.77,,,,,,
1967-11-08,5.74,,,,,,
1967-11-09,5.78,,,,,,
1967-11-10,5.83,,,,,,
1967-11-13,5.87,,,,,,
1967-11-14,5.81,,,,,,
1967-11-15,5.78,,,,,,
1967-11-16,5.72,,,,,,
1967-11-17,5.75,,,,,,
1967-11-20,5.85,,,,,,
1967-11-21,5.71,,,,,,
1967-11-22,5.7,,,,,,
1967-11-23,5.7,,,,,,
1967-11-24,5.78,,,,,,
1967-11-27,5.76,,,,,,
1967-11-28,5.65,,,,,,
1967-11-29,5.67,,,,,,
1967-11-30,5.74,,,,,,
1967-12-01,5.78,,,,,,
1967-12-04,5.76,,,,,,
1967-12-05,5.74,,,,,,
1967-12-06,5.69,,,,,,
1967-12-07,5.71,,,,,,
1967-12-08,5.72,,,,,,
1967-12-11,5.74,,,,,,
1967-12-12,5.75,,,,,,
1967-12-13,5.71,,,,,,
1967-12-14,5.7,,,,,,
1967-12-15,5.71,,,,,,
1967-12-18,5.68,,,,,,
1967-12-19,5.66,,,,,,
1967-12-20,5.62,,,,,,
1967-12-21,5.64,,,,,,
1967-12-22,5.69,,,,,,
1967-12-25,5.69,,,,,,
1967-12-26,5.64,,,,,,
1967-12-27,5.64,,,,,,
1967-12-28,5.7,,,,,,
1967-12-29,5.7,,,,,,
1968-01-01,5.7,,,,,,
1968-01-02,5.63,,,,,,
1968-01-03,5.63,,,,,,
1968-01-04,5.51,,,,,,
1968-01-05,5.48,,,,,,
1968-01-08,5.5,,,,,,
1968-01-09,5.52,,,,,,
1968-01-10,5.46,,,,,,
1968-01-11,5.46,,,,,,
1968-01-12,5.43,,,,,,
1968-01-15,5.49,,,,,,
1968-01-16,5.52,,,,,,
1968-01-17,5.48,,,,,,
1968-01-18,5.55,,,,,,
1968-01-19,5.59,,,,,,
1968-01-22,5.61,,,,,,
1968-01-23,5.56,,,,,,
1968-01-24,5.56,,,,,,
1968-01-25,5.52,,,,,,
1968-01-26,5.53,,,,,,
1968-01-29,5.53,,,,,,
1968-01-30,5.53,,,,,,
1968-01-31,5.54,,,,,,
1968-02-01,5.58,,,,,,
1968-02-02,5.58,,,,,,
1968-02-05,5.6,,,,,,
1968-02-06,5.61,,,,,,
1968-02-07,5.59,,,,,,
1968-02-08,5.6,,,,,,
1968-02-09,5.59,,,,,,
1968-02-12,5.59,,,,,,
1968-02-13,5.55,,,,,,
1968-02-14,5.54,,,,,,
1968-02-15,5.51,,,,,,
1968-02-16,5.5,,,,,,
1968-02-19,5.53,,,,,,
1968-02-20,5.54,,,,,,
1968-02-21,5.54,,,,,,
1968-02-22,5.54,,,,,,
1968-02-23,5.56,,,,,,
1968-02-26,5.58,,,,,,
1968-02-27,5.58,,,,,,
1968-02-28,5.57,,,,,,
1968-02-29,5.56,,,,,,
1968-03-01,5.56,,,,,,
1968-03-04,5.57,,,,,,
1968-03-05,5.59,,,,,,
1968-03-06,5.61,,,,,,
1968-03-07,5.67,,,,,,
1968-03-08,5.75,,,,,,
1968-03-11,5.75,,,,,,
1968-03-12,5.79,,,,,,
1968-03-13,5.86,,,,,,
1968-03-14,5.95,,,,,,
1968-03-15,5.84,,,,,,
1968-03-18,5.76,,,,,,
1968-03-19,5.77,,,,,,
1968-03-20,5.73,,,,,,
1968-03-21,5.76,,,,,,
1968-03-22,5.74,,,,,,
1968-03-25,5.74,,,,,,
1968-03-26,5.78,,,,,,
1968-03-27,5.78,,,,,,
1968-03-28,5.78,,,,,,
1968-03-29,5.76,,,,,,
1968-04-01,5.64,,,,,,
1968-04-02,5.62,,,,,,
1968-04-03,5.49,,,,,,
1968-04-04,5.52,,,,,,
1968-04-05,5.52,,,,,,
1968-04-08,5.54,,,,,,
1968-04-09,5.54,,,,,,
1968-04-10,5.53,,,,,,
1968-04-11,5.54,,,,,,
1968-04-12,5.54,,,,,,
1968-04-15,5.6,,,,,,
1968-04-16,5.62,,,,,,
1968-04-17,5.62,,,,,,
1968-04-18,5.64,,,,,,
1968-04-19,5.76,,,,,,
1968-04-22,5.78,,,,,,
1968-04-23,5.73,,,,,,
1968-04-24,5.72,,,,,,
1968-04-25,5.72,,,,,,
1968-04-26,5.71,,,,,,
1968-04-29,5.73,,,,,,
1968-04-30,5.74,,,,,,
1968-05-01,5.73,,,,,,
1968-05-02,5.76,,,,,,
1968-05-03,5.8,,,,,,
1968-05-06,5.78,,,,,,
1968-05-07,5.79,,,,,,
1968-05-08,5.8,,,,,,
1968-05-09,5.79,,,,,,
1968-05-10,5.79,,,,,,
1968-05-13,5.79,,,,,,
1968-05-14,5.82,,,,,,
1968-05-15,5.85,,,,,,
1968-05-16,5.9,,,,,,
1968-05-17,5.92,,,,,,
1968-05-20,5.96,,,,,,
1968-05-21,6.02,,,,,,
1968-05-22,6.02,,,,,,
1968-05-23,5.98,,,,,,
1968-05-24,5.96,,,,,,
1968-05-27,5.92,,,,,,
1968-05-28,5.94,,,,,,
1968-05-29,5.95,,,,,,
1968-05-30,5.95,,,,,,
1968-05-31,5.86,,,,,,
1968-06-03,5.79,,,,,,
1968-06-04,5.78,,,,,,
1968-06-05,5.81,,,,,,
1968-06-06,5.83,,,,,,
1968-06-07,5.82,,,,,,
1968-06-10,5.8,,,,,,
1968-06-11,5.79,,,,,,
1968-06-12,5.77,,,,,,
1968-06-13,5.76,,,,,,
1968-06-14,5.72,,,,,,
1968-06-17,5.71,,,,,,
1968-06-18,5.71,,,,,,
1968-06-19,5.67,,,,,,
1968-06-20,5.62,,,,,,
1968-06-21,5.6,,,,,,
1968-06-24,5.61,,,,,,
1968-06-25,5.64,,,,,,
1968-06-26,5.64,,,,,,
1968-06-27,5.65,,,,,,
1968-06-28,5.64,,,,,,
1968-07-01,5.62,,,,,,
1968-07-02,5.58,,,,,,
1968-07-03,5.57,,,,,,
1968-07-04,5.57,,,,,,
1968-07-05,5.56,,,,,,
1968-07-08,5.53,,,,,,
1968-07-09,5.51,,,,,,
1968-07-10,5.52,,,,,,
1968-07-11,5.52,,,,,,
1968-07-12,5.53,,,,,,
1968-07-15,5.56,,,,,,
1968-07-16,5.57,,,,,,
1968-07-17,5.55,,,,,,
1968-07-18,5.56,,,,,,
1968-07-19,5.53,,,,,,
1968-07-22,5.45,,,,,,
1968-07-23,5.38,,,,,,
1968-07-24,5.39,,,,,,
1968-07-25,5.37,,,,,,
1968-07-26,5.39,,,,,,
1968-07-29,5.41,,,,,,
1968-07-30,5.41,,,,,,
1968-07-31,5.39,,,,,,
1968-08-01,5.38,,,,,,
1968-08-02,5.34,,,,,,
1968-08-05,5.37,,,,,,
1968-08-06,5.38,,,,,,
1968-08-07,5.36,,,,,,
1968-08-08,5.37,,,,,,
1968-08-09,5.39,,,,,,
1968-08-12,5.42,,,,,,
1968-08-13,5.43,,,,,,
1968-08-14,5.43,,,,,,
1968-08-15,5.45,,,,,,
1968-08-16,5.42,,,,,,
1968-08-19,5.43,,,,,,
1968-08-20,5.43,,,,,,
1968-08-21,5.46,,,,,,
1968-08-22,5.5,,,,,,
1968-08-23,5.47,,,,,,
1968-08-26,5.46,,,,,,
1968-08-27,5.46,,,,,,
1968-08-28,5.45,,,,,,
1968-08-29,5.43,,,,,,
1968-08-30,5.42,,,,,,
1968-09-02,5.42,,,,,,
1968-09-03,5.41,,,,,,
1968-09-04,5.43,,,,,,
1968-09-05,5.46,,,,,,
1968-09-06,5.48,,,,,,
1968-09-09,5.49,,,,,,
1968-09-10,5.51,,,,,,
1968-09-11,5.5,,,,,,
1968-09-12,5.49,,,,,,
1968-09-13,5.48,,,,,,
1968-09-16,5.46,,,,,,
1968-09-17,5.46,,,,,,
1968-09-18,5.42,,,,,,
1968-09-19,5.43,,,,,,
1968-09-20,5.45,,,,,,
1968-09-23,5.45,,,,,,
1968-09-24,5.44,,,,,,
1968-09-25,5.44,,,,,,
1968-09-26,5.45,,,,,,
1968-09-27,5.46,,,,,,
1968-09-30,5.49,,,,,,
1968-10-01,5.49,,,,,,
1968-10-02,5.49,,,,,,
1968-10-03,5.5,,,,,,
1968-10-04,5.52,,,,,,
1968-10-07,5.55,,,,,,
1968-10-08,5.57,,,,,,
1968-10-09,5.6,,,,,,
1968-10-10,5.61,,,,,,
1968-10-11,5.61,,,,,,
1968-10-14,5.62,,,,,,
1968-10-15,5.65,,,,,,
1968-10-16,5.62,,,,,,
1968-10-17,5.58,,,,,,
1968-10-18,5.57,,,,,,
1968-10-21,5.58,,,,,,
1968-10-22,5.58,,,,,,
1968-10-23,5.58,,,,,,
1968-10-24,5.61,,,,,,
1968-10-25,5.6,,,,,,
1968-10-28,5.61,,,,,,
1968-10-29,5.62,,,,,,
1968-10-30,5.63,,,,,,
1968-10-31,5.61,,,,,,
1968-11-01,5.61,,,,,,
1968-11-04,5.63,,,,,,
1968-11-05,5.63,,,,,,
1968-11-06,5.62,,,,,,
1968-11-07,5.63,,,,,,
1968-11-08,5.65,,,,,,
1968-11-11,5.65,,,,,,
1968-11-12,5.68,,,,,,
1968-11-13,5.66,,,,,,
1968-11-14,5.66,,,,,,
1968-11-15,5.68,,,,,,
1968-11-18,5.71,,,,,,
1968-11-19,5.74,,,,,,
1968-11-20,5.74,,,,,,
1968-11-21,5.73,,,,,,
1968-11-22,5.74,,,,,,
1968-11-25,5.75,,,,,,
1968-11-26,5.76,,,,,,
1968-11-27,5.76,,,,,,
1968-11-28,5.76,,,,,,
1968-11-29,5.78,,,,,,
1968-12-02,5.89,,,,,,
1968-12-03,5.96,,,,,,
1968-12-04,5.95,,,,,,
1968-12-05,5.93,,,,,,
1968-12-06,5.91,,,,,,
1968-12-09,5.92,,,,,,
1968-12-10,5.93,,,,,,
1968-12-11,5.93,,,,,,
1968-12-12,5.94,,,,,,
1968-12-13,5.93,,,,,,
1968-12-16,5.96,,,,,,
1968-12-17,5.97,,,,,,
1968-12-18,6.0,,,,,,
1968-12-19,6.07,,,,,,
1968-12-20,6.14,,,,,,
1968-12-23,6.23,,,,,,
1968-12-24,6.27,,,,,,
1968-12-25,6.27,,,,,,
1968-12-26,6.17,,,,,,
1968-12-27,6.2,,,,,,
1968-12-30,6.21,,,,,,
1968-12-31,6.16,,,,,,
1969-01-01,6.16,,,,,,
1969-01-02,6.04,,,,,,
1969-01-03,6.01,,,,,,
1969-01-06,6.04,,,,,,
1969-01-07,6.14,,,,,,
1969-01-08,6.09,,,,,,
1969-01-09,6.04,,,,,,
1969-01-10,6.03,,,,,,
1969-01-13,6.04,,,,,,
1969-01-14,6.04,,,,,,
1969-01-15,6.02,,,,,,
1969-01-16,5.98,,,,,,
1969-01-17,5.97,,,,,,
1969-01-20,5.95,,,,,,
1969-01-21,5.97,,,,,,
1969-01-22,6.03,,,,,,
1969-01-23,6.02,,,,,,
1969-01-24,6.01,,,,,,
1969-01-27,6.03,,,,,,
1969-01-28,6.05,,,,,,
1969-01-29,6.09,,,,,,
1969-01-30,6.14,,,,,,
1969-01-31,6.19,,,,,,
1969-02-03,6.22,,,,,,
1969-02-04,6.2,,,,,,
1969-02-05,6.19,,,,,,
1969-02-06,6.2,,,,,,
1969-02-07,6.14,,,,,,
1969-02-10,6.14,,,,,,
1969-02-11,6.1,,,,,,
1969-02-12,6.1,,,,,,
1969-02-13,6.09,,,,,,
1969-02-14,6.11,,,,,,
1969-02-17,6.14,,,,,,
1969-02-18,6.16,,,,,,
1969-02-19,6.2,,,,,,
1969-02-20,6.23,,,,,,
1969-02-21,6.24,,,,,,
1969-02-24,6.22,,,,,,
1969-02-25,6.24,,,,,,
1969-02-26,6.24,,,,,,
1969-02-27,6.27,,,,,,
1969-02-28,6.26,,,,,,
1969-03-03,6.25,,,,,,
1969-03-04,6.24,,,,,,
1969-03-05,6.24,,,,,,
1969-03-06,6.26,,,,,,
1969-03-07,6.27,,,,,,
1969-03-10,6.27,,,,,,
1969-03-11,6.3,,,,,,
1969-03-12,6.31,,,,,,
1969-03-13,6.32,,,,,,
1969-03-14,6.31,,,,,,
1969-03-17,6.35,,,,,,
1969-03-18,6.35,,,,,,
1969-03-19,6.32,,,,,,
1969-03-20,6.31,,,,,,
1969-03-21,6.29,,,,,,
1969-03-24,6.28,,,,,,
1969-03-25,6.3,,,,,,
1969-03-26,6.32,,,,,,
1969-03-27,6.33,,,,,,
1969-03-28,6.3,,,,,,
1969-03-31,6.3,,,,,,
1969-04-01,6.25,,,,,,
1969-04-02,6.25,,,,,,
1969-04-03,6.26,,,,,,
1969-04-04,6.26,,,,,,
1969-04-07,6.28,,,,,,
1969-04-08,6.25,,,,,,
1969-04-09,6.19,,,,,,
1969-04-10,6.18,,,,,,
1969-04-11,6.15,,,,,,
1969-04-14,6.06,,,,,,
1969-04-15,6.11,,,,,,
1969-04-16,6.1,,,,,,
1969-04-17,6.13,,,,,,
1969-04-18,6.16,,,,,,
1969-04-21,6.14,,,,,,
1969-04-22,6.12,,,,,,
1969-04-23,6.12,,,,,,
1969-04-24,6.14,,,,,,
1969-04-25,6.15,,,,,,
1969-04-28,6.19,,,,,,
1969-04-29,6.21,,,,,,
1969-04-30,6.2,,,,,,
1969-05-01,6.25,,,,,,
1969-05-02,6.23,,,,,,
1969-05-05,6.19,,,,,,
1969-05-06,6.22,,,,,,
1969-05-07,6.22,,,,,,
1969-05-08,6.2,,,,,,
1969-05-09,6.23,,,,,,
1969-05-12,6.27,,,,,,
1969-05-13,6.25,,,,,,
1969-05-14,6.24,,,,,,
1969-05-15,6.26,,,,,,
1969-05-16,6.31,,,,,,
1969-05-19,6.36,,,,,,
1969-05-20,6.36,,,,,,
1969-05-21,6.36,,,,,,
1969-05-22,6.36,,,,,,
1969-05-23,6.38,,,,,,
1969-05-26,6.44,,,,,,
1969-05-27,6.54,,,,,,
1969-05-28,6.56,,,,,,
1969-05-29,6.56,,,,,,
1969-05-30,6.56,,,,,,
1969-06-02,6.56,,,,,,
1969-06-03,6.55,,,,,,
1969-06-04,6.56,,,,,,
1969-06-05,6.54,,,,,,
1969-06-06,6.52,,,,,,
1969-06-09,6.59,,,,,,
1969-06-10,6.56,,,,,,
1969-06-11,6.56,,,,,,
1969-06-12,6.54,,,,,,
1969-06-13,6.51,,,,,,
1969-06-16,6.49,,,,,,
1969-06-17,6.52,,,,,,
1969-06-18,6.53,,,,,,
1969-06-19,6.57,,,,,,
1969-06-20,6.59,,,,,,
1969-06-23,6.6,,,,,,
1969-06-24,6.63,,,,,,
1969-06-25,6.63,,,,,,
1969-06-26,6.62,,,,,,
1969-06-27,6.66,,,,,,
1969-06-30,6.73,,,,,,
1969-07-01,6.75,,,,,,
1969-07-02,6.77,,,,,,
1969-07-03,6.75,,,,,,
1969-07-04,6.75,,,,,,
1969-07-07,6.76,,,,,,
1969-07-08,6.79,,,,,,
1969-07-09,6.82,,,,,,
1969-07-10,6.78,,,,,,
1969-07-11,6.64,,,,,,
1969-07-14,6.69,,,,,,
1969-07-15,6.72,,,,,,
1969-07-16,6.67,,,,,,
1969-07-17,6.69,,,,,,
1969-07-18,6.7,,,,,,
1969-07-21,6.7,,,,,,
1969-07-22,6.66,,,,,,
1969-07-23,6.68,,,,,,
1969-07-24,6.7,,,,,,
1969-07-25,6.71,,,,,,
1969-07-28,6.73,,,,,,
1969-07-29,6.72,,,,,,
1969-07-30,6.72,,,,,,
1969-07-31,6.66,,,,,,
1969-08-01,6.66,,,,,,
1969-08-04,6.63,,,,,,
1969-08-05,6.6,,,,,,
1969-08-06,6.62,,,,,,
1969-08-07,6.63,,,,,,
1969-08-08,6.64,,,,,,
1969-08-11,6.69,,,,,,
1969-08-12,6.7,,,,,,
1969-08-13,6.7,,,,,,
1969-08-14,6.68,,,,,,
1969-08-15,6.68,,,,,,
1969-08-18,6.66,,,,,,
1969-08-19,6.65,,,,,,
1969-08-20,6.66,,,,,,
1969-08-21,6.68,,,,,,
1969-08-22,6.71,,,,,,
1969-08-25,6.72,,,,,,
1969-08-26,6.76,,,,,,
1969-08-27,6.79,,,,,,
1969-08-28,6.83,,,,,,
1969-08-29,6.83,,,,,,
1969-09-01,6.83,,,,,,
1969-09-02,6.87,,,,,,
1969-09-03,6.94,,,,,,
1969-09-04,6.96,,,,,,
1969-09-05,6.99,,,,,,
1969-09-08,7.03,,,,,,
1969-09-09,7.04,,,,,,
1969-09-10,7.02,,,,,,
1969-09-11,7.05,,,,,,
1969-09-12,7.08,,,,,,
1969-09-15,7.09,,,,,,
1969-09-16,7.14,,,,,,
1969-09-17,7.14,,,,,,
1969-09-18,7.27,,,,,,
1969-09-19,7.28,,,,,,
1969-09-22,7.26,,,,,,
1969-09-23,7.26,,,,,,
1969-09-24,7.27,,,,,,
1969-09-25,7.3,,,,,,
1969-09-26,7.4,,,,,,
1969-09-29,7.45,,,,,,
1969-09-30,7.51,,,,,,
1969-10-01,7.52,,,,,,
1969-10-02,7.45,,,,,,
1969-10-03,7.38,,,,,,
1969-10-06,7.35,,,,,,
1969-10-07,7.31,,,,,,
1969-10-08,7.29,,,,,,
1969-10-09,7.3,,,,,,
1969-10-10,7.22,,,,,,
1969-10-13,7.22,,,,,,
1969-10-14,7.1,,,,,,
1969-10-15,7.12,,,,,,
1969-10-16,7.04,,,,,,
1969-10-17,6.99,,,,,,
1969-10-20,6.83,,,,,,
1969-10-21,6.77,,,,,,
1969-10-22,6.8,,,,,,
1969-10-23,6.9,,,,,,
1969-10-24,6.9,,,,,,
1969-10-27,6.93,,,,,,
1969-10-28,7.0,,,,,,
1969-10-29,7.0,,,,,,
1969-10-30,6.96,,,,,,
1969-10-31,6.94,,,,,,
1969-11-03,6.9,,,,,,
1969-11-04,6.9,,,,,,
1969-11-05,6.97,,,,,,
1969-11-06,7.01,,,,,,
1969-11-07,6.99,,,,,,
1969-11-10,6.99,,,,,,
1969-11-11,6.99,,,,,,
1969-11-12,7.06,,,,,,
1969-11-13,7.12,,,,,,
1969-11-14,7.08,,,,,,
1969-11-17,7.13,,,,,,
1969-11-18,7.22,,,,,,
1969-11-19,7.25,,,,,,
1969-11-20,7.31,,,,,,
1969-11-21,7.28,,,,,,
1969-11-24,7.27,,,,,,
1969-11-25,7.28,,,,,,
1969-11-26,7.3,,,,,,
1969-11-27,7.3,,,,,,
1969-11-28,7.29,,,,,,
1969-12-01,7.29,,,,,,
1969-12-02,7.35,,,,,,
1969-12-03,7.39,,,,,,
1969-12-04,7.35,,,,,,
1969-12-05,7.35,,,,,,
1969-12-08,7.4,,,,,,
1969-12-09,7.5,,,,,,
1969-12-10,7.59,,,,,,
1969-12-11,7.62,,,,,,
1969-12-12,7.6,,,,,,
1969-12-15,7.63,,,,,,
1969-12-16,7.72,,,,,,
1969-12-17,7.76,,,,,,
1969-12-18,7.81,,,,,,
1969-12-19,7.79,,,,,,
1969-12-22,7.76,,,,,,
1969-12-23,7.82,,,,,,
1969-12-24,7.89,,,,,,
1969-12-25,7.89,,,,,,
1969-12-26,7.87,,,,,,
1969-12-29,8.05,,,,,,
1969-12-30,7.97,,,,,,
1969-12-31,7.88,,,,,,
1970-01-01,7.88,,,,,,
1970-01-02,7.86,,,,,,
1970-01-05,7.88,,,,,,
1970-01-06,7.96,,,,,,
1970-01-07,7.99,,,,,,
1970-01-08,7.96,,,,,,
1970-01-09,7.86,,,,,,
1970-01-12,7.82,,,,,,
1970-01-13,7.81,,,,,,
1970-01-14,7.86,,,,,,
1970-01-15,7.85,,,,,,
1970-01-16,7.75,,,,,,
1970-01-19,7.69,,,,,,
1970-01-20,7.72,,,,,,
1970-01-21,7.69,,,,,,
1970-01-22,7.67,,,,,,
1970-01-23,7.69,,,,,,
1970-01-26,7.71,,,,,,
1970-01-27,7.7,,,,,,
1970-01-28,7.7,,,,,,
1970-01-29,7.77,,,,,,
1970-01-30,7.75,,,,,,
1970-02-02,7.65,,,,,,
1970-02-03,7.58,,,,,,
1970-02-04,7.5,,,,,,
1970-02-05,7.45,,,,,,
1970-02-06,7.36,,,,,,
1970-02-09,7.28,,,,,,
1970-02-10,7.32,,,,,,
1970-02-11,7.33,,,,,,
1970-02-12,7.33,,,,,,
1970-02-13,7.15,,,,,,
1970-02-16,7.17,,,,,,
1970-02-17,7.15,,,,,,
1970-02-18,7.12,,,,,,
1970-02-19,7.09,,,,,,
1970-02-20,7.12,,,,,,
1970-02-23,7.12,,,,,,
1970-02-24,7.14,,,,,,
1970-02-25,7.04,,,,,,
1970-02-26,6.94,,,,,,
1970-02-27,6.9,,,,,,
1970-03-02,6.95,,,,,,
1970-03-03,6.99,,,,,,
1970-03-04,6.97,,,,,,
1970-03-05,6.98,,,,,,
1970-03-06,6.96,,,,,,
1970-03-09,6.99,,,,,,
1970-03-10,7.04,,,,,,
1970-03-11,7.11,,,,,,
1970-03-12,7.16,,,,,,
1970-03-13,7.23,,,,,,
1970-03-16,7.24,,,,,,
1970-03-17,7.36,,,,,,
1970-03-18,7.28,,,,,,
1970-03-19,7.07,,,,,,
1970-03-20,7.06,,,,,,
1970-03-23,7.05,,,,,,
1970-03-24,7.02,,,,,,
1970-03-25,6.96,,,,,,
1970-03-26,6.98,,,,,,
1970-03-27,6.98,,,,,,
1970-03-30,7.05,,,,,,
1970-03-31,7.08,,,,,,
1970-04-01,7.04,,,,,,
1970-04-02,7.08,,,,,,
1970-04-03,7.14,,,,,,
1970-04-06,7.17,,,,,,
1970-04-07,7.18,,,,,,
1970-04-08,7.17,,,,,,
1970-04-09,7.18,,,,,,
1970-04-10,7.17,,,,,,
1970-04-13,7.2,,,,,,
1970-04-14,7.22,,,,,,
1970-04-15,7.27,,,,,,
1970-04-16,7.34,,,,,,
1970-04-17,7.4,,,,,,
1970-04-20,7.44,,,,,,
1970-04-21,7.5,,,,,,
1970-04-22,7.61,,,,,,
1970-04-23,7.64,,,,,,
1970-04-24,7.72,,,,,,
1970-04-27,7.74,,,,,,
1970-04-28,7.79,,,,,,
1970-04-29,7.78,,,,,,
1970-04-30,7.82,,,,,,
1970-05-01,7.85,,,,,,
1970-05-04,7.94,,,,,,
1970-05-05,7.92,,,,,,
1970-05-06,7.86,,,,,,
1970-05-07,7.82,,,,,,
1970-05-08,7.78,,,,,,
1970-05-11,7.82,,,,,,
1970-05-12,7.84,,,,,,
1970-05-13,7.85,,,,,,
1970-05-14,7.86,,,,,,
1970-05-15,7.83,,,,,,
1970-05-18,7.8,,,,,,
1970-05-19,7.8,,,,,,
1970-05-20,7.85,,,,,,
1970-05-21,7.9,,,,,,
1970-05-22,7.99,,,,,,
1970-05-25,8.15,,,,,,
1970-05-26,8.22,,,,,,
1970-05-27,8.02,,,,,,
1970-05-28,7.98,,,,,,
1970-05-29,7.95,,,,,,
1970-06-01,7.84,,,,,,
1970-06-02,7.78,,,,,,
1970-06-03,7.76,,,,,,
1970-06-04,7.8,,,,,,
1970-06-05,7.88,,,,,,
1970-06-08,7.89,,,,,,
1970-06-09,7.88,,,,,,
1970-06-10,7.87,,,,,,
1970-06-11,7.92,,,,,,
1970-06-12,7.98,,,,,,
1970-06-15,7.98,,,,,,
1970-06-16,7.87,,,,,,
1970-06-17,7.9,,,,,,
1970-06-18,7.9,,,,,,
1970-06-19,7.9,,,,,,
1970-06-22,7.86,,,,,,
1970-06-23,7.79,,,,,,
1970-06-24,7.74,,,,,,
1970-06-25,7.76,,,,,,
1970-06-26,7.78,,,,,,
1970-06-29,7.76,,,,,,
1970-06-30,7.68,,,,,,
1970-07-01,7.64,,,,,,
1970-07-02,7.55,,,,,,
1970-07-03,7.55,,,,,,
1970-07-06,7.49,,,,,,
1970-07-07,7.46,,,,,,
1970-07-08,7.49,,,,,,
1970-07-09,7.49,,,,,,
1970-07-10,7.54,,,,,,
1970-07-13,7.55,,,,,,
1970-07-14,7.53,,,,,,
1970-07-15,7.49,,,,,,
1970-07-16,7.46,,,,,,
1970-07-17,7.45,,,,,,
1970-07-20,7.46,,,,,,
1970-07-21,7.45,,,,,,
1970-07-22,7.43,,,,,,
1970-07-23,7.32,,,,,,
1970-07-24,7.34,,,,,,
1970-07-27,7.36,,,,,,
1970-07-28,7.41,,,,,,
1970-07-29,7.39,,,,,,
1970-07-30,7.38,,,,,,
1970-07-31,7.38,,,,,,
1970-08-03,7.39,,,,,,
1970-08-04,7.4,,,,,,
1970-08-05,7.42,,,,,,
1970-08-06,7.43,,,,,,
1970-08-07,7.45,,,,,,
1970-08-10,7.5,,,,,,
1970-08-11,7.54,,,,,,
1970-08-12,7.56,,,,,,
1970-08-13,7.58,,,,,,
1970-08-14,7.67,,,,,,
1970-08-17,7.71,,,,,,
1970-08-18,7.68,,,,,,
1970-08-19,7.65,,,,,,
1970-08-20,7.64,,,,,,
1970-08-21,7.6,,,,,,
1970-08-24,7.48,,,,,,
1970-08-25,7.46,,,,,,
1970-08-26,7.45,,,,,,
1970-08-27,7.48,,,,,,
1970-08-28,7.49,,,,,,
1970-08-31,7.49,,,,,,
1970-09-01,7.47,,,,,,
1970-09-02,7.48,,,,,,
1970-09-03,7.48,,,,,,
1970-09-04,7.47,,,,,,
1970-09-07,7.47,,,,,,
1970-09-08,7.5,,,,,,
1970-09-09,7.54,,,,,,
1970-09-10,7.52,,,,,,
1970-09-11,7.5,,,,,,
1970-09-14,7.48,,,,,,
1970-09-15,7.46,,,,,,
1970-09-16,7.4,,,,,,
1970-09-17,7.32,,,,,,
1970-09-18,7.31,,,,,,
1970-09-21,7.29,,,,,,
1970-09-22,7.28,,,,,,
1970-09-23,7.24,,,,,,
1970-09-24,7.26,,,,,,
1970-09-25,7.28,,,,,,
1970-09-28,7.31,,,,,,
1970-09-29,7.3,,,,,,
1970-09-30,7.29,,,,,,
1970-10-01,7.29,,,,,,
1970-10-02,7.26,,,,,,
1970-10-05,7.26,,,,,,
1970-10-06,7.24,,,,,,
1970-10-07,7.23,,,,,,
1970-10-08,7.25,,,,,,
1970-10-09,7.25,,,,,,
1970-10-12,7.25,,,,,,
1970-10-13,7.25,,,,,,
1970-10-14,7.3,,,,,,
1970-10-15,7.3,,,,,,
1970-10-16,7.31,,,,,,
1970-10-19,7.35,,,,,,
1970-10-20,7.37,,,,,,
1970-10-21,7.42,,,,,,
1970-10-22,7.46,,,,,,
1970-10-23,7.44,,,,,,
1970-10-26,7.44,,,,,,
1970-10-27,7.42,,,,,,
1970-10-28,7.38,,,,,,
1970-10-29,7.31,,,,,,
1970-10-30,7.33,,,,,,
1970-11-02,7.24,,,,,,
1970-11-03,7.24,,,,,,
1970-11-04,7.23,,,,,,
1970-11-05,7.2,,,,,,
1970-11-06,7.15,,,,,,
1970-11-09,7.06,,,,,,
1970-11-10,7.06,,,,,,
1970-11-11,7.06,,,,,,
1970-11-12,7.03,,,,,,
1970-11-13,7.0,,,,,,
1970-11-16,6.96,,,,,,
1970-11-17,6.93,,,,,,
1970-11-18,6.86,,,,,,
1970-11-19,6.72,,,,,,
1970-11-20,6.48,,,,,,
1970-11-23,6.32,,,,,,
1970-11-24,6.45,,,,,,
1970-11-25,6.48,,,,,,
1970-11-26,6.48,,,,,,
1970-11-27,6.48,,,,,,
1970-11-30,6.49,,,,,,
1970-12-01,6.48,,,,,,
1970-12-02,6.41,,,,,,
1970-12-03,6.31,,,,,,
1970-12-04,6.21,,,,,,
1970-12-07,6.27,,,,,,
1970-12-08,6.29,,,,,,
1970-12-09,6.34,,,,,,
1970-12-10,6.34,,,,,,
1970-12-11,6.31,,,,,,
1970-12-14,6.26,,,,,,
1970-12-15,6.29,,,,,,
1970-12-16,6.29,,,,,,
1970-12-17,6.3,,,,,,
1970-12-18,6.33,,,,,,
1970-12-21,6.45,,,,,,
1970-12-22,6.52,,,,,,
1970-12-23,6.57,,,,,,
1970-12-24,6.53,,,,,,
1970-12-25,6.53,,,,,,
1970-12-28,6.54,,,,,,
1970-12-29,6.56,,,,,,
1970-12-30,6.51,,,,,,
1970-12-31,6.5,,,,,,
1971-01-01,6.5,,,,,,
1971-01-04,6.46,,,,,,
1971-01-05,6.47,,,,,,
1971-01-06,6.47,,,,,,
1971-01-07,6.45,,,,,,
1971-01-08,6.44,,,,,,
1971-01-11,6.39,,,,,,
1971-01-12,6.35,,,,,,
1971-01-13,6.29,,,,,,
1971-01-14,6.22,,,,,,
1971-01-15,6.22,,,,,,
1971-01-18,6.16,,,,,,
1971-01-19,6.17,,,,,,
1971-01-20,6.15,,,,,,
1971-01-21,6.09,,,,,,
1971-01-22,6.06,,,,,,
1971-01-25,6.05,,,,,,
1971-01-26,6.07,,,,,,
1971-01-27,6.09,,,,,,
1971-01-28,6.08,,,,,,
1971-01-29,6.09,,,,,,
1971-02-01,6.09,,,,,,
1971-02-02,6.11,,,,,,
1971-02-03,6.11,,,,,,
1971-02-04,6.1,,,,,,
1971-02-05,6.1,,,,,,
1971-02-08,6.09,,,,,,
1971-02-09,6.07,,,,,,
1971-02-10,6.08,,,,,,
1971-02-11,6.08,,,,,,
1971-02-12,6.08,,,,,,
1971-02-15,6.08,,,,,,
1971-02-16,6.11,,,,,,
1971-02-17,6.11,,,,,,
1971-02-18,6.11,,,,,,
1971-02-19,6.12,,,,,,
1971-02-22,6.15,,,,,,
1971-02-23,6.18,,,,,,
1971-02-24,6.16,,,,,,
1971-02-25,6.11,,,,,,
1971-02-26,6.14,,,,,,
1971-03-01,6.12,,,,,,
1971-03-02,6.09,,,,,,
1971-03-03,6.05,,,,,,
1971-03-04,6.05,,,,,,
1971-03-05,6.03,,,,,,
1971-03-08,5.99,,,,,,
1971-03-09,5.9,,,,,,
1971-03-10,5.8,,,,,,
1971-03-11,5.69,,,,,,
1971-03-12,5.72,,,,,,
1971-03-15,5.7,,,,,,
1971-03-16,5.68,,,,,,
1971-03-17,5.61,,,,,,
1971-03-18,5.55,,,,,,
1971-03-19,5.51,,,,,,
1971-03-22,5.42,,,,,,
1971-03-23,5.38,,,,,,
1971-03-24,5.41,,,,,,
1971-03-25,5.43,,,,,,
1971-03-26,5.48,,,,,,
1971-03-29,5.54,,,,,,
1971-03-30,5.5,,,,,,
1971-03-31,5.53,,,,,,
1971-04-01,5.58,,,,,,
1971-04-02,5.6,,,,,,
1971-04-05,5.63,,,,,,
1971-04-06,5.6,,,,,,
1971-04-07,5.58,,,,,,
1971-04-08,5.62,,,,,,
1971-04-09,5.62,,,,,,
1971-04-12,5.73,,,,,,
1971-04-13,5.72,,,,,,
1971-04-14,5.77,,,,,,
1971-04-15,5.8,,,,,,
1971-04-16,5.82,,,,,,
1971-04-19,5.88,,,,,,
1971-04-20,5.97,,,,,,
1971-04-21,6.04,,,,,,
1971-04-22,6.02,,,,,,
1971-04-23,6.01,,,,,,
1971-04-26,6.0,,,,,,
1971-04-27,6.0,,,,,,
1971-04-28,5.99,,,,,,
1971-04-29,6.07,,,,,,
1971-04-30,6.08,,,,,,
1971-05-03,6.15,,,,,,
1971-05-04,6.25,,,,,,
1971-05-05,6.26,,,,,,
1971-05-06,6.28,,,,,,
1971-05-07,6.25,,,,,,
1971-05-10,6.22,,,,,,
1971-05-11,6.26,,,,,,
1971-05-12,6.35,,,,,,
1971-05-13,6.47,,,,,,
1971-05-14,6.49,,,,,,
1971-05-17,6.57,,,,,,
1971-05-18,6.65,,,,,,
1971-05-19,6.6,,,,,,
1971-05-20,6.49,,,,,,
1971-05-21,6.53,,,,,,
1971-05-24,6.49,,,,,,
1971-05-25,6.44,,,,,,
1971-05-26,6.37,,,,,,
1971-05-27,6.35,,,,,,
1971-05-28,6.38,,,,,,
1971-05-31,6.38,,,,,,
1971-06-01,6.36,,,,,,
1971-06-02,6.24,,,,,,
1971-06-03,6.19,,,,,,
1971-06-04,6.26,,,,,,
1971-06-07,6.34,,,,,,
1971-06-08,6.38,,,,,,
1971-06-09,6.44,,,,,,
1971-06-10,6.48,,,,,,
1971-06-11,6.5,,,,,,
1971-06-14,6.63,,,,,,
1971-06-15,6.73,,,,,,
1971-06-16,6.68,,,,,,
1971-06-17,6.68,,,,,,
1971-06-18,6.58,,,,,,
1971-06-21,6.53,,,,,,
1971-06-22,6.62,,,,,,
1971-06-23,6.61,,,,,,
1971-06-24,6.61,,,,,,
1971-06-25,6.62,,,,,,
1971-06-28,6.64,,,,,,
1971-06-29,6.67,,,,,,
1971-06-30,6.7,,,,,,
1971-07-01,6.69,,,,,,
1971-07-02,6.69,,,,,,
1971-07-05,6.69,,,,,,
1971-07-06,6.68,,,,,,
1971-07-07,6.66,,,,,,
1971-07-08,6.67,,,,,,
1971-07-09,6.68,,,,,,
1971-07-12,6.6,,,,,,
1971-07-13,6.61,,,,,,
1971-07-14,6.6,,,,,,
1971-07-15,6.59,,,,,,
1971-07-16,6.66,,,,,,
1971-07-19,6.71,,,,,,
1971-07-20,6.7,,,,,,
1971-07-21,6.7,,,,,,
1971-07-22,6.79,,,,,,
1971-07-23,6.84,,,,,,
1971-07-26,6.86,,,,,,
1971-07-27,6.91,,,,,,
1971-07-28,6.95,,,,,,
1971-07-29,6.88,,,,,,
1971-07-30,6.85,,,,,,
1971-08-02,6.86,,,,,,
1971-08-03,6.91,,,,,,
1971-08-04,6.89,,,,,,
1971-08-05,6.86,,,,,,
1971-08-06,6.86,,,,,,
1971-08-09,6.88,,,,,,
1971-08-10,6.89,,,,,,
1971-08-11,6.86,,,,,,
1971-08-12,6.8,,,,,,
1971-08-13,6.68,,,,,,
1971-08-16,6.41,,,,,,
1971-08-17,6.3,,,,,,
1971-08-18,6.35,,,,,,
1971-08-19,6.34,,,,,,
1971-08-20,6.37,,,,,,
1971-08-23,6.48,,,,,,
1971-08-24,6.38,,,,,,
1971-08-25,6.4,,,,,,
1971-08-26,6.37,,,,,,
1971-08-27,6.33,,,,,,
1971-08-30,6.32,,,,,,
1971-08-31,6.28,,,,,,
1971-09-01,6.22,,,,,,
1971-09-02,6.17,,,,,,
1971-09-03,6.12,,,,,,
1971-09-06,6.12,,,,,,
1971-09-07,6.07,,,,,,
1971-09-08,6.08,,,,,,
1971-09-09,6.13,,,,,,
1971-09-10,6.12,,,,,,
1971-09-13,6.2,,,,,,
1971-09-14,6.18,,,,,,
1971-09-15,6.17,,,,,,
1971-09-16,6.14,,,,,,
1971-09-17,6.13,,,,,,
1971-09-20,6.15,,,,,,
1971-09-21,6.17,,,,,,
1971-09-22,6.19,,,,,,
1971-09-23,6.2,,,,,,
1971-09-24,6.16,,,,,,
1971-09-27,6.13,,,,,,
1971-09-28,6.12,,,,,,
1971-09-29,6.08,,,,,,
1971-09-30,6.0,,,,,,
1971-10-01,6.0,,,,,,
1971-10-04,5.98,,,,,,
1971-10-05,6.01,,,,,,
1971-10-06,5.98,,,,,,
1971-10-07,5.97,,,,,,
1971-10-08,5.94,,,,,,
1971-10-11,5.94,,,,,,
1971-10-12,5.88,,,,,,
1971-10-13,5.86,,,,,,
1971-10-14,5.88,,,,,,
1971-10-15,5.9,,,,,,
1971-10-18,5.95,,,,,,
1971-10-19,5.96,,,,,,
1971-10-20,5.92,,,,,,
1971-10-21,5.88,,,,,,
1971-10-22,5.9,,,,,,
1971-10-25,5.9,,,,,,
1971-10-26,5.89,,,,,,
1971-10-27,5.92,,,,,,
1971-10-28,5.9,,,,,,
1971-10-29,5.87,,,,,,
1971-11-01,5.8,,,,,,
1971-11-02,5.8,,,,,,
1971-11-03,5.72,,,,,,
1971-11-04,5.72,,,,,,
1971-11-05,5.72,,,,,,
1971-11-08,5.77,,,,,,
1971-11-09,5.77,,,,,,
1971-11-10,5.82,,,,,,
1971-11-11,5.79,,,,,,
1971-11-12,5.77,,,,,,
1971-11-15,5.77,,,,,,
1971-11-16,5.76,,,,,,
1971-11-17,5.75,,,,,,
1971-11-18,5.77,,,,,,
1971-11-19,5.79,,,,,,
1971-11-22,5.82,,,,,,
1971-11-23,5.89,,,,,,
1971-11-24,5.95,,,,,,
1971-11-25,5.95,,,,,,
1971-11-26,5.94,,,,,,
1971-11-29,5.95,,,,,,
1971-11-30,5.93,,,,,,
1971-12-01,5.92,,,,,,
1971-12-02,5.9,,,,,,
1971-12-03,5.88,,,,,,
1971-12-06,5.88,,,,,,
1971-12-07,5.92,,,,,,
1971-12-08,5.92,,,,,,
1971-12-09,5.94,,,,,,
1971-12-10,5.93,,,,,,
1971-12-13,5.9,,,,,,
1971-12-14,5.94,,,,,,
1971-12-15,5.96,,,,,,
1971-12-16,5.95,,,,,,
1971-12-17,5.93,,,,,,
1971-12-20,5.97,,,,,,
1971-12-21,6.0,,,,,,
1971-12-22,6.01,,,,,,
1971-12-23,5.97,,,,,,
1971-12-24,5.97,,,,,,
1971-12-27,5.91,,,,,,
1971-12-28,5.86,,,,,,
1971-12-29,5.9,,,,,,
1971-12-30,5.9,,,,,,
1971-12-31,5.89,,,,,,
1972-01-03,5.94,,,,,,
1972-01-04,5.93,,,,,,
1972-01-05,5.91,,,,,,
1972-01-06,5.9,,,,,,
1972-01-07,5.88,,,,,,
1972-01-10,5.86,,,,,,
1972-01-11,5.88,,,,,,
1972-01-12,5.88,,,,,,
1972-01-13,5.86,,,,,,
1972-01-14,5.85,,,,,,
1972-01-17,5.89,,,,,,
1972-01-18,5.92,,,,,,
1972-01-19,5.96,,,,,,
1972-01-20,5.98,,,,,,
1972-01-21,5.99,,,,,,
1972-01-24,6.02,,,,,,
1972-01-25,6.02,,,,,,
1972-01-26,6.01,,,,,,
1972-01-27,6.05,,,,,,
1972-01-28,6.08,,,,,,
1972-01-31,6.09,,,,,,
1972-02-01,6.09,,,,,,
1972-02-02,6.08,,,,,,
1972-02-03,6.08,,,,,,
1972-02-04,6.08,,,,,,
1972-02-07,6.09,,,,,,
1972-02-08,6.11,,,,,,
1972-02-09,6.12,,,,,,
1972-02-10,6.11,,,,,,
1972-02-11,6.12,,,,,,
1972-02-14,6.1,,,,,,
1972-02-15,6.1,,,,,,
1972-02-16,6.08,,,,,,
1972-02-17,6.06,,,,,,
1972-02-18,6.06,,,,,,
1972-02-21,6.06,,,,,,
1972-02-22,6.06,,,,,,
1972-02-23,6.07,,,,,,
1972-02-24,6.07,,,,,,
1972-02-25,6.06,,,,,,
1972-02-28,6.04,,,,,,
1972-02-29,6.04,,,,,,
1972-03-01,6.04,,,,,,
1972-03-02,6.03,,,,,,
1972-03-03,6.02,,,,,,
1972-03-06,6.01,,,,,,
1972-03-07,6.02,,,,,,
1972-03-08,6.02,,,,,,
1972-03-09,6.02,,,,,,
1972-03-10,6.03,,,,,,
1972-03-13,6.07,,,,,,
1972-03-14,6.06,,,,,,
1972-03-15,6.11,,,,,,
1972-03-16,6.08,,,,,,
1972-03-17,6.08,,,,,,
1972-03-20,6.09,,,,,,
1972-03-21,6.08,,,,,,
1972-03-22,6.08,,,,,,
1972-03-23,6.1,,,,,,
1972-03-24,6.12,,,,,,
1972-03-27,6.1,,,,,,
1972-03-28,6.11,,,,,,
1972-03-29,6.12,,,,,,
1972-03-30,6.12,,,,,,
1972-03-31,6.12,,,,,,
1972-04-03,6.14,,,,,,
1972-04-04,6.18,,,,,,
1972-04-05,6.18,,,,,,
1972-04-06,6.18,,,,,,
1972-04-07,6.18,,,,,,
1972-04-10,6.17,,,,,,
1972-04-11,6.18,,,,,,
1972-04-12,6.21,,,,,,
1972-04-13,6.25,,,,,,
1972-04-14,6.25,,,,,,
1972-04-17,6.24,,,,,,
1972-04-18,6.24,,,,,,
1972-04-19,6.22,,,,,,
1972-04-20,6.21,,,,,,
1972-04-21,6.2,,,,,,
1972-04-24,6.21,,,,,,
1972-04-25,6.21,,,,,,
1972-04-26,6.19,,,,,,
1972-04-27,6.11,,,,,,
1972-04-28,6.14,,,,,,
1972-05-01,6.14,,,,,,
1972-05-02,6.16,,,,,,
1972-05-03,6.17,,,,,,
1972-05-04,6.17,,,,,,
1972-05-05,6.17,,,,,,
1972-05-08,6.17,,,,,,
1972-05-09,6.2,,,,,,
1972-05-10,6.19,,,,,,
1972-05-11,6.19,,,,,,
1972-05-12,6.16,,,,,,
1972-05-15,6.16,,,,,,
1972-05-16,6.16,,,,,,
1972-05-17,6.15,,,,,,
1972-05-18,6.13,,,,,,
1972-05-19,6.1,,,,,,
1972-05-22,6.07,,,,,,
1972-05-23,6.05,,,,,,
1972-05-24,6.06,,,,,,
1972-05-25,6.04,,,,,,
1972-05-26,6.04,,,,,,
1972-05-29,6.04,,,,,,
1972-05-30,6.05,,,,,,
1972-05-31,6.05,,,,,,
1972-06-01,6.07,,,,,,
1972-06-02,6.09,,,,,,
1972-06-05,6.1,,,,,,
1972-06-06,6.13,,,,,,
1972-06-07,6.12,,,,,,
1972-06-08,6.12,,,,,,
1972-06-09,6.11,,,,,,
1972-06-12,6.1,,,,,,
1972-06-13,6.1,,,,,,
1972-06-14,6.1,,,,,,
1972-06-15,6.1,,,,,,
1972-06-16,6.1,,,,,,
1972-06-19,6.08,,,,,,
1972-06-20,6.08,,,,,,
1972-06-21,6.09,,,,,,
1972-06-22,6.11,,,,,,
1972-06-23,6.1,,,,,,
1972-06-26,6.12,,,,,,
1972-06-27,6.12,,,,,,
1972-06-28,6.12,,,,,,
1972-06-29,6.14,,,,,,
1972-06-30,6.15,,,,,,
1972-07-03,6.14,,,,,,
1972-07-04,6.14,,,,,,
1972-07-05,6.13,,,,,,
1972-07-06,6.13,,,,,,
1972-07-07,6.13,,,,,,
1972-07-10,6.13,,,,,,
1972-07-11,6.13,,,,,,
1972-07-12,6.12,,,,,,
1972-07-13,6.11,,,,,,
1972-07-14,6.1,,,,,,
1972-07-17,6.11,,,,,,
1972-07-18,6.11,,,,,,
1972-07-19,6.09,,,,,,
1972-07-20,6.09,,,,,,
1972-07-21,6.1,,,,,,
1972-07-24,6.1,,,,,,
1972-07-25,6.09,,,,,,
1972-07-26,6.08,,,,,,
1972-07-27,6.13,,,,,,
1972-07-28,6.12,,,,,,
1972-07-31,6.12,,,,,,
1972-08-01,6.14,,,,,,
1972-08-02,6.14,,,,,,
1972-08-03,6.15,,,,,,
1972-08-04,6.16,,,,,,
1972-08-07,6.16,,,,,,
1972-08-08,6.15,,,,,,
1972-08-09,6.14,,,,,,
1972-08-10,6.14,,,,,,
1972-08-11,6.14,,,,,,
1972-08-14,6.16,,,,,,
1972-08-15,6.17,,,,,,
1972-08-16,6.18,,,,,,
1972-08-17,6.2,,,,,,
1972-08-18,6.21,,,,,,
1972-08-21,6.21,,,,,,
1972-08-22,6.2,,,,,,
1972-08-23,6.22,,,,,,
1972-08-24,6.23,,,,,,
1972-08-25,6.26,,,,,,
1972-08-28,6.3,,,,,,
1972-08-29,6.34,,,,,,
1972-08-30,6.42,,,,,,
1972-08-31,6.42,,,,,,
1972-09-01,6.43,,,,,,
1972-09-04,6.43,,,,,,
1972-09-05,6.46,,,,,,
1972-09-06,6.49,,,,,,
1972-09-07,6.52,,,,,,
1972-09-08,6.56,,,,,,
1972-09-11,6.54,,,,,,
1972-09-12,6.54,,,,,,
1972-09-13,6.54,,,,,,
1972-09-14,6.57,,,,,,
1972-09-15,6.56,,,,,,
1972-09-18,6.55,,,,,,
1972-09-19,6.55,,,,,,
1972-09-20,6.56,,,,,,
1972-09-21,6.59,,,,,,
1972-09-22,6.62,,,,,,
1972-09-25,6.62,,,,,,
1972-09-26,6.6,,,,,,
1972-09-27,6.59,,,,,,
1972-09-28,6.56,,,,,,
1972-09-29,6.54,,,,,,
1972-10-02,6.54,,,,,,
1972-10-03,6.54,,,,,,
1972-10-04,6.53,,,,,,
1972-10-05,6.53,,,,,,
1972-10-06,6.52,,,,,,
1972-10-09,6.52,,,,,,
1972-10-10,6.48,,,,,,
1972-10-11,6.47,,,,,,
1972-10-12,6.5,,,,,,
1972-10-13,6.5,,,,,,
1972-10-16,6.49,,,,,,
1972-10-17,6.49,,,,,,
1972-10-18,6.49,,,,,,
1972-10-19,6.48,,,,,,
1972-10-20,6.47,,,,,,
1972-10-23,6.47,,,,,,
1972-10-24,6.45,,,,,,
1972-10-25,6.44,,,,,,
1972-10-26,6.42,,,,,,
1972-10-27,6.42,,,,,,
1972-10-30,6.42,,,,,,
1972-10-31,6.41,,,,,,
1972-11-01,6.39,,,,,,
1972-11-02,6.34,,,,,,
1972-11-03,6.3,,,,,,
1972-11-06,6.27,,,,,,
1972-11-07,6.27,,,,,,
1972-11-08,6.3,,,,,,
1972-11-09,6.3,,,,,,
1972-11-10,6.3,,,,,,
1972-11-13,6.27,,,,,,
1972-11-14,6.26,,,,,,
1972-11-15,6.23,,,,,,
1972-11-16,6.24,,,,,,
1972-11-17,6.24,,,,,,
1972-11-20,6.23,,,,,,
1972-11-21,6.26,,,,,,
1972-11-22,6.27,,,,,,
1972-11-23,6.27,,,,,,
1972-11-24,6.27,,,,,,
1972-11-27,6.3,,,,,,
1972-11-28,6.29,,,,,,
1972-11-29,6.27,,,,,,
1972-11-30,6.28,,,,,,
1972-12-01,6.29,,,,,,
1972-12-04,6.3,,,,,,
1972-12-05,6.31,,,,,,
1972-12-06,6.31,,,,,,
1972-12-07,6.31,,,,,,
1972-12-08,6.32,,,,,,
1972-12-11,6.34,,,,,,
1972-12-12,6.35,,,,,,
1972-12-13,6.35,,,,,,
1972-12-14,6.35,,,,,,
1972-12-15,6.35,,,,,,
1972-12-18,6.38,,,,,,
1972-12-19,6.4,,,,,,
1972-12-20,6.4,,,,,,
1972-12-21,6.4,,,,,,
1972-12-22,6.4,,,,,,
1972-12-25,6.4,,,,,,
1972-12-26,6.39,,,,,,
1972-12-27,6.4,,,,,,
1972-12-28,6.41,,,,,,
1972-12-29,6.41,,,,,,
1973-01-01,6.41,,,,,,
1973-01-02,6.43,,,,,,
1973-01-03,6.42,,,,,,
1973-01-04,6.4,,,,,,
1973-01-05,6.42,,,,,,
1973-01-08,6.43,,,,,,
1973-01-09,6.42,,,,,,
1973-01-10,6.43,,,,,,
1973-01-11,6.43,,,,,,
1973-01-12,6.44,,,,,,
1973-01-15,6.44,,,,,,
1973-01-16,6.44,,,,,,
1973-01-17,6.45,,,,,,
1973-01-18,6.46,,,,,,
1973-01-19,6.49,,,,,,
1973-01-22,6.5,,,,,,
1973-01-23,6.48,,,,,,
1973-01-24,6.49,,,,,,
1973-01-25,6.51,,,,,,
1973-01-26,6.53,,,,,,
1973-01-29,6.55,,,,,,
1973-01-30,6.52,,,,,,
1973-01-31,6.54,,,,,,
1973-02-01,6.6,,,,,,
1973-02-02,6.64,,,,,,
1973-02-05,6.64,,,,,,
1973-02-06,6.64,,,,,,
1973-02-07,6.64,,,,,,
1973-02-08,6.66,,,,,,
1973-02-09,6.63,,,,,,
1973-02-12,6.63,,,,,,
1973-02-13,6.61,,,,,,
1973-02-14,6.62,,,,,,
1973-02-15,6.62,,,,,,
1973-02-16,6.63,,,,,,
1973-02-19,6.63,,,,,,
1973-02-20,6.66,,,,,,
1973-02-21,6.66,,,,,,
1973-02-22,6.65,,,,,,
1973-02-23,6.61,,,,,,
1973-02-26,6.65,,,,,,
1973-02-27,6.64,,,,,,
1973-02-28,6.64,,,,,,
1973-03-01,6.65,,,,,,
1973-03-02,6.67,,,,,,
1973-03-05,6.68,,,,,,
1973-03-06,6.68,,,,,,
1973-03-07,6.66,,,,,,
1973-03-08,6.67,,,,,,
1973-03-09,6.68,,,,,,
1973-03-12,6.68,,,,,,
1973-03-13,6.7,,,,,,
1973-03-14,6.71,,,,,,
1973-03-15,6.73,,,,,,
1973-03-16,6.77,,,,,,
1973-03-19,6.75,,,,,,
1973-03-20,6.76,,,,,,
1973-03-21,6.76,,,,,,
1973-03-22,6.76,,,,,,
1973-03-23,6.76,,,,,,
1973-03-26,6.73,,,,,,
1973-03-27,6.72,,,,,,
1973-03-28,6.67,,,,,,
1973-03-29,6.68,,,,,,
1973-03-30,6.73,,,,,,
1973-04-02,6.74,,,,,,
1973-04-03,6.73,,,,,,
1973-04-04,6.7,,,,,,
1973-04-05,6.68,,,,,,
1973-04-06,6.64,,,,,,
1973-04-09,6.62,,,,,,
1973-04-10,6.64,,,,,,
1973-04-11,6.65,,,,,,
1973-04-12,6.66,,,,,,
1973-04-13,6.63,,,,,,
1973-04-16,6.62,,,,,,
1973-04-17,6.64,,,,,,
1973-04-18,6.64,,,,,,
1973-04-19,6.66,,,,,,
1973-04-20,6.66,,,,,,
1973-04-23,6.73,,,,,,
1973-04-24,6.66,,,,,,
1973-04-25,6.66,,,,,,
1973-04-26,6.68,,,,,,
1973-04-27,6.69,,,,,,
1973-04-30,6.7,,,,,,
1973-05-01,6.72,,,,,,
1973-05-02,6.76,,,,,,
1973-05-03,6.77,,,,,,
1973-05-04,6.79,,,,,,
1973-05-07,6.81,,,,,,
1973-05-08,6.8,,,,,,
1973-05-09,6.8,,,,,,
1973-05-10,6.81,,,,,,
1973-05-11,6.82,,,,,,
1973-05-14,6.83,,,,,,
1973-05-15,6.86,,,,,,
1973-05-16,6.84,,,,,,
1973-05-17,6.85,,,,,,
1973-05-18,6.86,,,,,,
1973-05-21,6.89,,,,,,
1973-05-22,6.9,,,,,,
1973-05-23,6.92,,,,,,
1973-05-24,6.91,,,,,,
1973-05-25,6.91,,,,,,
1973-05-28,6.91,,,,,,
1973-05-29,6.93,,,,,,
1973-05-30,6.93,,,,,,
1973-05-31,6.93,,,,,,
1973-06-01,6.96,,,,,,
1973-06-04,6.98,,,,,,
1973-06-05,6.95,,,,,,
1973-06-06,6.89,,,,,,
1973-06-07,6.89,,,,,,
1973-06-08,6.87,,,,,,
1973-06-11,6.87,,,,,,
1973-06-12,6.86,,,,,,
1973-06-13,6.85,,,,,,
1973-06-14,6.85,,,,,,
1973-06-15,6.86,,,,,,
1973-06-18,6.87,,,,,,
1973-06-19,6.87,,,,,,
1973-06-20,6.89,,,,,,
1973-06-21,6.89,,,,,,
1973-06-22,6.91,,,,,,
1973-06-25,6.93,,,,,,
1973-06-26,6.93,,,,,,
1973-06-27,6.92,,,,,,
1973-06-28,6.92,,,,,,
1973-06-29,6.94,,,,,,
1973-07-02,7.01,,,,,,
1973-07-03,7.01,,,,,,
1973-07-04,7.01,,,,,,
1973-07-05,7.01,,,,,,
1973-07-06,7.03,,,,,,
1973-07-09,7.05,,,,,,
1973-07-10,7.05,,,,,,
1973-07-11,7.05,,,,,,
1973-07-12,7.04,,,,,,
1973-07-13,7.05,,,,,,
1973-07-16,7.06,,,,,,
1973-07-17,7.06,,,,,,
1973-07-18,7.07,,,,,,
1973-07-19,7.11,,,,,,
1973-07-20,7.17,,,,,,
1973-07-23,7.17,,,,,,
1973-07-24,7.19,,,,,,
1973-07-25,7.19,,,,,,
1973-07-26,7.28,,,,,,
1973-07-27,7.35,,,,,,
1973-07-30,7.37,,,,,,
1973-07-31,7.43,,,,,,
1973-08-01,7.55,,,,,,
1973-08-02,7.52,,,,,,
1973-08-03,7.53,,,,,,
1973-08-06,7.54,,,,,,
1973-08-07,7.58,,,,,,
1973-08-08,7.52,,,,,,
1973-08-09,7.54,,,,,,
1973-08-10,7.52,,,,,,
1973-08-13,7.47,,,,,,
1973-08-14,7.46,,,,,,
1973-08-15,7.45,,,,,,
1973-08-16,7.37,,,,,,
1973-08-17,7.28,,,,,,
1973-08-20,7.38,,,,,,
1973-08-21,7.36,,,,,,
1973-08-22,7.39,,,,,,
1973-08-23,7.31,,,,,,
1973-08-24,7.23,,,,,,
1973-08-27,7.26,,,,,,
1973-08-28,7.29,,,,,,
1973-08-29,7.26,,,,,,
1973-08-30,7.25,,,,,,
1973-08-31,7.25,,,,,,
1973-09-03,7.25,,,,,,
1973-09-04,7.21,,,,,,
1973-09-05,7.11,,,,,,
1973-09-06,7.1,,,,,,
1973-09-07,7.11,,,,,,
1973-09-10,7.16,,,,,,
1973-09-11,7.19,,,,,,
1973-09-12,7.2,,,,,,
1973-09-13,7.21,,,,,,
1973-09-14,7.21,,,,,,
1973-09-17,7.16,,,,,,
1973-09-18,7.08,,,,,,
1973-09-19,7.1,,,,,,
1973-09-20,7.09,,,,,,
1973-09-21,7.02,,,,,,
1973-09-24,7.0,,,,,,
1973-09-25,6.96,,,,,,
1973-09-26,6.97,,,,,,
1973-09-27,6.94,,,,,,
1973-09-28,6.9,,,,,,
1973-10-01,6.91,,,,,,
1973-10-02,6.89,,,,,,
1973-10-03,6.9,,,,,,
1973-10-04,6.88,,,,,,
1973-10-05,6.86,,,,,,
1973-10-08,6.86,,,,,,
1973-10-09,6.78,,,,,,
1973-10-10,6.77,,,,,,
1973-10-11,6.78,,,,,,
1973-10-12,6.75,,,,,,
1973-10-15,6.77,,,,,,
1973-10-16,6.81,,,,,,
1973-10-17,6.82,,,,,,
1973-10-18,6.81,,,,,,
1973-10-19,6.8,,,,,,
1973-10-22,6.8,,,,,,
1973-10-23,6.8,,,,,,
1973-10-24,6.75,,,,,,
1973-10-25,6.73,,,,,,
1973-10-26,6.72,,,,,,
1973-10-29,6.72,,,,,,
1973-10-30,6.72,,,,,,
1973-10-31,6.71,,,,,,
1973-11-01,6.71,,,,,,
1973-11-02,6.72,,,,,,
1973-11-05,6.74,,,,,,
1973-11-06,6.74,,,,,,
1973-11-07,6.76,,,,,,
1973-11-08,6.77,,,,,,
1973-11-09,6.76,,,,,,
1973-11-12,6.76,,,,,,
1973-11-13,6.76,,,,,,
1973-11-14,6.79,,,,,,
1973-11-15,6.76,,,,,,
1973-11-16,6.72,,,,,,
1973-11-19,6.71,,,,,,
1973-11-20,6.72,,,,,,
1973-11-21,6.71,,,,,,
1973-11-22,6.71,,,,,,
1973-11-23,6.7,,,,,,
1973-11-26,6.69,,,,,,
1973-11-27,6.7,,,,,,
1973-11-28,6.7,,,,,,
1973-11-29,6.7,,,,,,
1973-11-30,6.69,,,,,,
1973-12-03,6.69,,,,,,
1973-12-04,6.69,,,,,,
1973-12-05,6.72,,,,,,
1973-12-06,6.75,,,,,,
1973-12-07,6.74,,,,,,
1973-12-10,6.71,,,,,,
1973-12-11,6.69,,,,,,
1973-12-12,6.69,,,,,,
1973-12-13,6.68,,,,,,
1973-12-14,6.68,,,,,,
1973-12-17,6.67,,,,,,
1973-12-18,6.68,,,,,,
1973-12-19,6.71,,,,,,
1973-12-20,6.73,,,,,,
1973-12-21,6.78,,,,,,
1973-12-24,6.78,,,,,,
1973-12-25,6.78,,,,,,
1973-12-26,6.83,,,,,,
1973-12-27,6.88,,,,,,
1973-12-28,6.91,,,,,,
1973-12-31,6.9,,,,,,
1974-01-01,6.9,,,,,,
1974-01-02,6.94,,,,,,
1974-01-03,6.96,,,,,,
1974-01-04,6.94,,,,,,
1974-01-07,6.96,,,,,,
1974-01-08,6.96,,,,,,
1974-01-09,6.96,,,,,,
1974-01-10,7.0,,,,,,
1974-01-11,7.01,,,,,,
1974-01-14,7.01,,,,,,
1974-01-15,6.99,,,,,,
1974-01-16,6.99,,,,,,
1974-01-17,6.97,,,,,,
1974-01-18,6.98,,,,,,
1974-01-21,6.99,,,,,,
1974-01-22,7.0,,,,,,
1974-01-23,7.01,,,,,,
1974-01-24,7.02,,,,,,
1974-01-25,7.02,,,,,,
1974-01-28,7.01,,,,,,
1974-01-29,7.02,,,,,,
1974-01-30,7.01,,,,,,
1974-01-31,7.0,,,,,,
1974-02-01,7.0,,,,,,
1974-02-04,6.98,,,,,,
1974-02-05,6.95,,,,,,
1974-02-06,6.93,,,,,,
1974-02-07,6.93,,,,,,
1974-02-08,6.93,,,,,,
1974-02-11,6.93,,,,,,
1974-02-12,6.93,,,,,,
1974-02-13,6.93,,,,,,
1974-02-14,6.93,,,,,,
1974-02-15,6.93,,,,,,
1974-02-18,6.93,,,,,,
1974-02-19,6.93,,,,,,
1974-02-20,6.96,,,,,,
1974-02-21,6.98,,,,,,
1974-02-22,6.97,,,,,,
1974-02-25,6.96,,,,,,
1974-02-26,6.98,,,,,,
1974-02-27,7.0,,,,,,
1974-02-28,7.01,,,,,,
1974-03-01,7.08,,,,,,
1974-03-04,7.09,,,,,,
1974-03-05,7.1,,,,,,
1974-03-06,7.09,,,,,,
1974-03-07,7.06,,,,,,
1974-03-08,7.06,,,,,,
1974-03-11,7.08,,,,,,
1974-03-12,7.09,,,,,,
1974-03-13,7.13,,,,,,
1974-03-14,7.13,,,,,,
1974-03-15,7.18,,,,,,
1974-03-18,7.23,,,,,,
1974-03-19,7.24,,,,,,
1974-03-20,7.27,,,,,,
1974-03-21,7.3,,,,,,
1974-03-22,7.35,,,,,,
1974-03-25,7.39,,,,,,
1974-03-26,7.38,,,,,,
1974-03-27,7.35,,,,,,
1974-03-28,7.38,,,,,,
1974-03-29,7.41,,,,,,
1974-04-01,7.42,,,,,,
1974-04-02,7.43,,,,,,
1974-04-03,7.43,,,,,,
1974-04-04,7.51,,,,,,
1974-04-05,7.54,,,,,,
1974-04-08,7.5,,,,,,
1974-04-09,7.49,,,,,,
1974-04-10,7.46,,,,,,
1974-04-11,7.45,,,,,,
1974-04-12,7.45,,,,,,
1974-04-15,7.42,,,,,,
1974-04-16,7.43,,,,,,
1974-04-17,7.45,,,,,,
1974-04-18,7.5,,,,,,
1974-04-19,7.51,,,,,,
1974-04-22,7.52,,,,,,
1974-04-23,7.54,,,,,,
1974-04-24,7.58,,,,,,
1974-04-25,7.63,,,,,,
1974-04-26,7.64,,,,,,
1974-04-29,7.65,,,,,,
1974-04-30,7.66,,,,,,
1974-05-01,7.62,,,,,,
1974-05-02,7.58,,,,,,
1974-05-03,7.65,,,,,,
1974-05-06,7.65,,,,,,
1974-05-07,7.65,,,,,,
1974-05-08,7.65,,,,,,
1974-05-09,7.7,,,,,,
1974-05-10,7.63,,,,,,
1974-05-13,7.54,,,,,,
1974-05-14,7.57,,,,,,
1974-05-15,7.55,,,,,,
1974-05-16,7.54,,,,,,
1974-05-17,7.57,,,,,,
1974-05-20,7.58,,,,,,
1974-05-21,7.57,,,,,,
1974-05-22,7.56,,,,,,
1974-05-23,7.52,,,,,,
1974-05-24,7.49,,,,,,
1974-05-27,7.49,,,,,,
1974-05-28,7.5,,,,,,
1974-05-29,7.52,,,,,,
1974-05-30,7.51,,,,,,
1974-05-31,7.52,,,,,,
1974-06-03,7.53,,,,,,
1974-06-04,7.52,,,,,,
1974-06-05,7.52,,,,,,
1974-06-06,7.5,,,,,,
1974-06-07,7.46,,,,,,
1974-06-10,7.47,,,,,,
1974-06-11,7.48,,,,,,
1974-06-12,7.5,,,,,,
1974-06-13,7.5,,,,,,
1974-06-14,7.5,,,,,,
1974-06-17,7.49,,,,,,
1974-06-18,7.52,,,,,,
1974-06-19,7.52,,,,,,
1974-06-20,7.55,,,,,,
1974-06-21,7.55,,,,,,
1974-06-24,7.58,,,,,,
1974-06-25,7.62,,,,,,
1974-06-26,7.62,,,,,,
1974-06-27,7.64,,,,,,
1974-06-28,7.64,,,,,,
1974-07-01,7.65,,,,,,
1974-07-02,7.65,,,,,,
1974-07-03,7.7,,,,,,
1974-07-04,7.7,,,,,,
1974-07-05,7.71,,,,,,
1974-07-08,7.77,,,,,,
1974-07-09,7.81,,,,,,
1974-07-10,7.82,,,,,,
1974-07-11,7.84,,,,,,
1974-07-12,7.85,,,,,,
1974-07-15,7.86,,,,,,
1974-07-16,7.88,,,,,,
1974-07-17,7.91,,,,,,
1974-07-18,7.9,,,,,,
1974-07-19,7.87,,,,,,
1974-07-22,7.77,,,,,,
1974-07-23,7.79,,,,,,
1974-07-24,7.76,,,,,,
1974-07-25,7.75,,,,,,
1974-07-26,7.79,,,,,,
1974-07-29,7.85,,,,,,
1974-07-30,7.89,,,,,,
1974-07-31,7.89,,,,,,
1974-08-01,7.92,,,,,,
1974-08-02,7.96,,,,,,
1974-08-05,7.99,,,,,,
1974-08-06,7.97,,,,,,
1974-08-07,7.97,,,,,,
1974-08-08,7.97,,,,,,
1974-08-09,8.03,,,,,,
1974-08-12,8.05,,,,,,
1974-08-13,8.06,,,,,,
1974-08-14,8.05,,,,,,
1974-08-15,8.02,,,,,,
1974-08-16,8.0,,,,,,
1974-08-19,7.98,,,,,,
1974-08-20,7.99,,,,,,
1974-08-21,8.05,,,,,,
1974-08-22,8.09,,,,,,
1974-08-23,8.15,,,,,,
1974-08-26,8.16,,,,,,
1974-08-27,8.15,,,,,,
1974-08-28,8.15,,,,,,
1974-08-29,8.15,,,,,,
1974-08-30,8.11,,,,,,
1974-09-02,8.11,,,,,,
1974-09-03,8.11,,,,,,
1974-09-04,8.12,,,,,,
1974-09-05,8.1,,,,,,
1974-09-06,8.09,,,,,,
1974-09-09,8.02,,,,,,
1974-09-10,8.04,,,,,,
1974-09-11,8.05,,,,,,
1974-09-12,8.13,,,,,,
1974-09-13,8.13,,,,,,
1974-09-16,8.1,,,,,,
1974-09-17,8.09,,,,,,
1974-09-18,8.08,,,,,,
1974-09-19,8.04,,,,,,
1974-09-20,8.02,,,,,,
1974-09-23,7.91,,,,,,
1974-09-24,7.94,,,,,,
1974-09-25,7.94,,,,,,
1974-09-26,7.96,,,,,,
1974-09-27,7.94,,,,,,
1974-09-30,7.94,,,,,,
1974-10-01,7.97,,,,,,
1974-10-02,7.98,,,,,,
1974-10-03,8.04,,,,,,
1974-10-04,8.02,,,,,,
1974-10-07,8.01,,,,,,
1974-10-08,7.95,,,,,,
1974-10-09,7.95,,,,,,
1974-10-10,7.93,,,,,,
1974-10-11,7.88,,,,,,
1974-10-14,7.88,,,,,,
1974-10-15,7.87,,,,,,
1974-10-16,7.87,,,,,,
1974-10-17,7.88,,,,,,
1974-10-18,7.86,,,,,,
1974-10-21,7.81,,,,,,
1974-10-22,7.81,,,,,,
1974-10-23,7.85,,,,,,
1974-10-24,7.87,,,,,,
1974-10-25,7.86,,,,,,
1974-10-28,7.88,,,,,,
1974-10-29,7.84,,,,,,
1974-10-30,7.81,,,,,,
1974-10-31,7.79,,,,,,
1974-11-01,7.8,,,,,,
1974-11-04,7.8,,,,,,
1974-11-05,7.8,,,,,,
1974-11-06,7.76,,,,,,
1974-11-07,7.74,,,,,,
1974-11-08,7.72,,,,,,
1974-11-11,7.72,,,,,,
1974-11-12,7.78,,,,,,
1974-11-13,7.75,,,,,,
1974-11-14,7.72,,,,,,
1974-11-15,7.61,,,,,,
1974-11-18,7.63,,,,,,
1974-11-19,7.63,,,,,,
1974-11-20,7.59,,,,,,
1974-11-21,7.6,,,,,,
1974-11-22,7.6,,,,,,
1974-11-25,7.62,,,,,,
1974-11-26,7.63,,,,,,
1974-11-27,7.64,,,,,,
1974-11-28,7.64,,,,,,
1974-11-29,7.64,,,,,,
1974-12-02,7.71,,,,,,
1974-12-03,7.74,,,,,,
1974-12-04,7.68,,,,,,
1974-12-05,7.64,,,,,,
1974-12-06,7.59,,,,,,
1974-12-09,7.4,,,,,,
1974-12-10,7.42,,,,,,
1974-12-11,7.38,,,,,,
1974-12-12,7.39,,,,,,
1974-12-13,7.38,,,,,,
1974-12-16,7.34,,,,,,
1974-12-17,7.28,,,,,,
1974-12-18,7.25,,,,,,
1974-12-19,7.25,,,,,,
1974-12-20,7.27,,,,,,
1974-12-23,7.41,,,,,,
1974-12-24,7.43,,,,,,
1974-12-25,7.43,,,,,,
1974-12-26,7.37,,,,,,
1974-12-27,7.39,,,,,,
1974-12-30,7.39,,,,,,
1974-12-31,7.4,,,,,,
1975-01-01,7.4,,,,,,
1975-01-02,7.42,,,,,,
1975-01-03,7.43,,,,,,
1975-01-06,7.39,,,,,,
1975-01-07,7.38,,,,,,
1975-01-08,7.39,,,,,,
1975-01-09,7.35,,,,,,
1975-01-10,7.37,,,,,,
1975-01-13,7.46,,,,,,
1975-01-14,7.49,,,,,,
1975-01-15,7.54,,,,,,
1975-01-16,7.54,,,,,,
1975-01-17,7.53,,,,,,
1975-01-20,7.59,,,,,,
1975-01-21,7.55,,,,,,
1975-01-22,7.51,,,,,,
1975-01-23,7.57,,,,,,
1975-01-24,7.64,,,,,,
1975-01-27,7.61,,,,,,
1975-01-28,7.61,,,,,,
1975-01-29,7.59,,,,,,
1975-01-30,7.54,,,,,,
1975-01-31,7.53,,,,,,
1975-02-03,7.49,,,,,,
1975-02-04,7.47,,,,,,
1975-02-05,7.35,,,,,,
1975-02-06,7.43,,,,,,
1975-02-07,7.38,,,,,,
1975-02-10,7.45,,,,,,
1975-02-11,7.42,,,,,,
1975-02-12,7.42,,,,,,
1975-02-13,7.44,,,,,,
1975-02-14,7.35,,,,,,
1975-02-17,7.35,,,,,,
1975-02-18,7.28,,,,,,
1975-02-19,7.26,,,,,,
1975-02-20,7.3,,,,,,
1975-02-21,7.22,,,,,,
1975-02-24,7.36,,,,,,
1975-02-25,7.43,,,,,,
1975-02-26,7.5,,,,,,
1975-02-27,7.47,,,,,,
1975-02-28,7.46,,,,,,
1975-03-03,7.5,,,,,,
1975-03-04,7.53,,,,,,
1975-03-05,7.48,,,,,,
1975-03-06,7.49,,,,,,
1975-03-07,7.52,,,,,,
1975-03-10,7.56,,,,,,
1975-03-11,7.58,,,,,,
1975-03-12,7.58,,,,,,
1975-03-13,7.56,,,,,,
1975-03-14,7.58,,,,,,
1975-03-17,7.7,,,,,,
1975-03-18,7.7,,,,,,
1975-03-19,7.8,,,,,,
1975-03-20,7.95,,,,,,
1975-03-21,7.84,,,,,,
1975-03-24,8.05,,,,,,
1975-03-25,8.03,,,,,,
1975-03-26,8.02,,,,,,
1975-03-27,8.08,,,,,,
1975-03-28,8.08,,,,,,
1975-03-31,8.01,,,,,,
1975-04-01,8.08,,,,,,
1975-04-02,8.22,,,,,,
1975-04-03,8.13,,,,,,
1975-04-04,8.15,,,,,,
1975-04-07,8.26,,,,,,
1975-04-08,8.21,,,,,,
1975-04-09,8.17,,,,,,
1975-04-10,8.19,,,,,,
1975-04-11,8.22,,,,,,
1975-04-14,8.16,,,,,,
1975-04-15,8.16,,,,,,
1975-04-16,8.15,,,,,,
1975-04-17,8.21,,,,,,
1975-04-18,8.27,,,,,,
1975-04-21,8.32,,,,,,
1975-04-22,8.32,,,,,,
1975-04-23,8.27,,,,,,
1975-04-24,8.25,,,,,,
1975-04-25,8.25,,,,,,
1975-04-28,8.35,,,,,,
1975-04-29,8.34,,,,,,
1975-04-30,8.31,,,,,,
1975-05-01,8.31,,,,,,
1975-05-02,8.11,,,,,,
1975-05-05,8.08,,,,,,
1975-05-06,8.11,,,,,,
1975-05-07,8.07,,,,,,
1975-05-08,8.09,,,,,,
1975-05-09,8.08,,,,,,
1975-05-12,8.07,,,,,,
1975-05-13,8.06,,,,,,
1975-05-14,8.02,,,,,,
1975-05-15,8.02,,,,,,
1975-05-16,8.01,,,,,,
1975-05-19,8.0,,,,,,
1975-05-20,7.98,,,,,,
1975-05-21,7.98,,,,,,
1975-05-22,8.02,,,,,,
1975-05-23,8.02,,,,,,
1975-05-26,8.02,,,,,,
1975-05-27,7.98,,,,,,
1975-05-28,8.02,,,,,,
1975-05-29,8.18,,,,,,
1975-05-30,8.04,,,,,,
1975-06-02,8.02,,,,,,
1975-06-03,8.0,,,,,,
1975-06-04,7.99,,,,,,
1975-06-05,7.97,,,,,,
1975-06-06,7.88,,,,,,
1975-06-09,7.78,,,,,,
1975-06-10,7.77,,,,,,
1975-06-11,7.65,,,,,,
1975-06-12,7.67,,,,,,
1975-06-13,7.69,,,,,,
1975-06-16,7.66,,,,,,
1975-06-17,7.72,,,,,,
1975-06-18,7.83,,,,,,
1975-06-19,7.8,,,,,,
1975-06-20,7.94,,,,,,
1975-06-23,7.9,,,,,,
1975-06-24,7.9,,,,,,
1975-06-25,8.02,,,,,,
1975-06-26,7.98,,,,,,
1975-06-27,7.95,,,,,,
1975-06-30,7.96,,,,,,
1975-07-01,7.97,,,,,,
1975-07-02,8.05,,,,,,
1975-07-03,8.05,,,,,,
1975-07-04,8.05,,,,,,
1975-07-07,8.06,,,,,,
1975-07-08,8.01,,,,,,
1975-07-09,8.02,,,,,,
1975-07-10,8.02,,,,,,
1975-07-11,7.99,,,,,,
1975-07-14,7.99,,,,,,
1975-07-15,7.98,,,,,,
1975-07-16,8.03,,,,,,
1975-07-17,8.04,,,,,,
1975-07-18,8.06,,,,,,
1975-07-21,8.07,,,,,,
1975-07-22,8.1,,,,,,
1975-07-23,8.09,,,,,,
1975-07-24,8.09,,,,,,
1975-07-25,8.12,,,,,,
1975-07-28,8.12,,,,,,
1975-07-29,8.13,,,,,,
1975-07-30,8.16,,,,,,
1975-07-31,8.2,,,,,,
1975-08-01,8.26,,,,,,
1975-08-04,8.37,,,,,,
1975-08-05,8.37,,,,,,
1975-08-06,8.4,,,,,,
1975-08-07,8.48,,,,,,
1975-08-08,8.4,,,,,,
1975-08-11,8.38,,,,,,
1975-08-12,8.4,,,,,,
1975-08-13,8.39,,,,,,
1975-08-14,8.45,,,,,,
1975-08-15,8.48,,,,,,
1975-08-18,8.46,,,,,,
1975-08-19,8.42,,,,,,
1975-08-20,8.42,,,,,,
1975-08-21,8.48,,,,,,
1975-08-22,8.46,,,,,,
1975-08-25,8.46,,,,,,
1975-08-26,8.4,,,,,,
1975-08-27,8.37,,,,,,
1975-08-28,8.28,,,,,,
1975-08-29,8.22,,,,,,
1975-09-01,8.22,,,,,,
1975-09-02,8.26,,,,,,
1975-09-03,8.29,,,,,,
1975-09-04,8.29,,,,,,
1975-09-05,8.35,,,,,,
1975-09-08,8.36,,,,,,
1975-09-09,8.4,,,,,,
1975-09-10,8.46,,,,,,
1975-09-11,8.55,,,,,,
1975-09-12,8.57,,,,,,
1975-09-15,8.58,,,,,,
1975-09-16,8.59,,,,,,
1975-09-17,8.53,,,,,,
1975-09-18,8.5,,,,,,
1975-09-19,8.42,,,,,,
1975-09-22,8.38,,,,,,
1975-09-23,8.35,,,,,,
1975-09-24,8.31,,,,,,
1975-09-25,8.38,,,,,,
1975-09-26,8.45,,,,,,
1975-09-29,8.46,,,,,,
1975-09-30,8.48,,,,,,
1975-10-01,8.47,,,,,,
1975-10-02,8.44,,,,,,
1975-10-03,8.33,,,,,,
1975-10-06,8.3,,,,,,
1975-10-07,8.33,,,,,,
1975-10-08,8.3,,,,,,
1975-10-09,8.23,,,,,,
1975-10-10,8.15,,,,,,
1975-10-13,8.15,,,,,,
1975-10-14,8.19,,,,,,
1975-10-15,8.19,,,,,,
1975-10-16,8.07,,,,,,
1975-10-17,8.07,,,,,,
1975-10-20,8.07,,,,,,
1975-10-21,8.05,,,,,,
1975-10-22,8.05,,,,,,
1975-10-23,7.99,,,,,,
1975-10-24,8.0,,,,,,
1975-10-27,8.0,,,,,,
1975-10-28,7.99,,,,,,
1975-10-29,7.98,,,,,,
1975-10-30,7.92,,,,,,
1975-10-31,7.91,,,,,,
1975-11-03,7.97,,,,,,
1975-11-04,7.97,,,,,,
1975-11-05,7.91,,,,,,
1975-11-06,7.94,,,,,,
1975-11-07,7.91,,,,,,
1975-11-10,7.9,,,,,,
1975-11-11,7.9,,,,,,
1975-11-12,7.95,,,,,,
1975-11-13,7.97,,,,,,
1975-11-14,8.06,,,,,,
1975-11-17,8.08,,,,,,
1975-11-18,8.13,,,,,,
1975-11-19,8.14,,,,,,
1975-11-20,8.12,,,,,,
1975-11-21,8.21,,,,,,
1975-11-24,8.16,,,,,,
1975-11-25,8.16,,,,,,
1975-11-26,8.15,,,,,,
1975-11-27,8.15,,,,,,
1975-11-28,8.14,,,,,,
1975-12-01,8.12,,,,,,
1975-12-02,8.1,,,,,,
1975-12-03,8.1,,,,,,
1975-12-04,8.15,,,,,,
1975-12-05,8.13,,,,,,
1975-12-08,8.19,,,,,,
1975-12-09,8.23,,,,,,
1975-12-10,8.23,,,,,,
1975-12-11,8.16,,,,,,
1975-12-12,8.12,,,,,,
1975-12-15,8.06,,,,,,
1975-12-16,8.0,,,,,,
1975-12-17,7.95,,,,,,
1975-12-18,7.96,,,,,,
1975-12-19,7.88,,,,,,
1975-12-22,7.87,,,,,,
1975-12-23,7.87,,,,,,
1975-12-24,7.82,,,,,,
1975-12-25,7.82,,,,,,
1975-12-26,7.75,,,,,,
1975-12-29,7.75,,,,,,
1975-12-30,7.73,,,,,,
1975-12-31,7.76,,,,,,
1976-01-01,7.76,,,,,,
1976-01-02,7.77,,,,,,
1976-01-05,7.74,,,,,,
1976-01-06,7.64,,,,,,
1976-01-07,7.69,,,,,,
1976-01-08,7.74,,,,,,
1976-01-09,7.64,,,,,,
1976-01-12,7.63,,,,,,
1976-01-13,7.64,,,,,,
1976-01-14,7.71,,,,,,
1976-01-15,7.73,,,,,,
1976-01-16,7.79,,,,,,
1976-01-19,7.76,,,,,,
1976-01-20,7.71,,,,,,
1976-01-21,7.78,,,,,,
1976-01-22,7.8,,,,,,
1976-01-23,7.78,,,,,,
1976-01-26,7.79,,,,,,
1976-01-27,7.8,,,,,,
1976-01-28,7.83,,,,,,
1976-01-29,7.82,,,,,,
1976-01-30,7.8,,,,,,
1976-02-02,7.8,,,,,,
1976-02-03,7.82,,,,,,
1976-02-04,7.85,,,,,,
1976-02-05,7.83,,,,,,
1976-02-06,7.88,,,,,,
1976-02-09,7.86,,,,,,
1976-02-10,7.88,,,,,,
1976-02-11,7.85,,,,,,
1976-02-12,7.85,,,,,,
1976-02-13,7.82,,,,,,
1976-02-16,7.82,,,,,,
1976-02-17,7.78,,,,,,
1976-02-18,7.79,,,,,,
1976-02-19,7.8,,,,,,
1976-02-20,7.77,,,,,,
1976-02-23,7.72,,,,,,
1976-02-24,7.69,,,,,,
1976-02-25,7.68,,,,,,
1976-02-26,7.68,,,,,,
1976-02-27,7.77,,,,,,
1976-03-01,7.86,,,,,,
1976-03-02,7.82,,,,,,
1976-03-03,7.82,,,,,,
1976-03-04,7.85,,,,,,
1976-03-05,7.8,,,,,,
1976-03-08,7.76,,,,,,
1976-03-09,7.78,,,,,,
1976-03-10,7.76,,,,,,
1976-03-11,7.77,,,,,,
1976-03-12,7.71,,,,,,
1976-03-15,7.74,,,,,,
1976-03-16,7.76,,,,,,
1976-03-17,7.76,,,,,,
1976-03-18,7.73,,,,,,
1976-03-19,7.74,,,,,,
1976-03-22,7.68,,,,,,
1976-03-23,7.67,,,,,,
1976-03-24,7.65,,,,,,
1976-03-25,7.64,,,,,,
1976-03-26,7.64,,,,,,
1976-03-29,7.64,,,,,,
1976-03-30,7.65,,,,,,
1976-03-31,7.66,,,,,,
1976-04-01,7.68,,,,,,
1976-04-02,7.67,,,,,,
1976-04-05,7.62,,,,,,
1976-04-06,7.59,,,,,,
1976-04-07,7.56,,,,,,
1976-04-08,7.55,,,,,,
1976-04-09,7.52,,,,,,
1976-04-12,7.52,,,,,,
1976-04-13,7.5,,,,,,
1976-04-14,7.47,,,,,,
1976-04-15,7.47,,,,,,
1976-04-16,7.47,,,,,,
1976-04-19,7.51,,,,,,
1976-04-20,7.5,,,,,,
1976-04-21,7.47,,,,,,
1976-04-22,7.52,,,,,,
1976-04-23,7.59,,,,,,
1976-04-26,7.61,,,,,,
1976-04-27,7.62,,,,,,
1976-04-28,7.6,,,,,,
1976-04-29,7.61,,,,,,
1976-04-30,7.67,,,,,,
1976-05-03,7.69,,,,,,
1976-05-04,7.66,,,,,,
1976-05-05,7.68,,,,,,
1976-05-06,7.78,,,,,,
1976-05-07,7.87,,,,,,
1976-05-10,7.92,,,,,,
1976-05-11,7.92,,,,,,
1976-05-12,7.94,,,,,,
1976-05-13,7.92,,,,,,
1976-05-14,7.93,,,,,,
1976-05-17,7.94,,,,,,
1976-05-18,7.94,,,,,,
1976-05-19,7.94,,,,,,
1976-05-20,7.95,,,,,,
1976-05-21,8.0,,,,,,
1976-05-24,7.98,,,,,,
1976-05-25,7.94,,,,,,
1976-05-26,7.95,,,,,,
1976-05-27,7.99,,,,,,
1976-05-28,7.96,,,,,,
1976-05-31,7.96,,,,,,
1976-06-01,7.94,7.26,,0.6800000000000006,,False,
1976-06-02,7.94,7.23,,0.71,,False,
1976-06-03,7.92,7.22,,0.7000000000000002,,False,
1976-06-04,7.89,7.12,,0.7699999999999996,,False,
1976-06-07,7.88,7.09,,0.79,,False,
1976-06-08,7.9,7.11,,0.79,,False,
1976-06-09,7.9,7.08,,0.8200000000000003,,False,
1976-06-10,7.86,7.0,,0.8600000000000003,,False,
1976-06-11,7.86,7.03,,0.8300000000000001,,False,
1976-06-14,7.84,7.01,,0.8300000000000001,,False,
1976-06-15,7.85,7.02,,0.8300000000000001,,False,
1976-06-16,7.87,7.06,,0.8100000000000005,,False,
1976-06-17,7.85,7.06,,0.79,,False,
1976-06-18,7.81,6.99,,0.8199999999999994,,False,
1976-06-21,7.8,6.95,,0.8499999999999996,,False,
1976-06-22,7.81,7.01,,0.7999999999999998,,False,
1976-06-23,7.81,7.01,,0.7999999999999998,,False,
1976-06-24,7.81,6.99,,0.8199999999999994,,False,
1976-06-25,7.83,7.02,,0.8100000000000005,,False,
1976-06-28,7.86,7.02,,0.8400000000000007,,False,
1976-06-29,7.86,7.02,,0.8400000000000007,,False,
1976-06-30,7.86,7.02,,0.8400000000000007,,False,
1976-07-01,7.88,7.02,,0.8600000000000003,,False,
1976-07-02,7.84,6.99,,0.8499999999999996,,False,
1976-07-05,7.84,6.99,,0.8499999999999996,,False,
1976-07-06,7.82,6.96,,0.8600000000000003,,False,
1976-07-07,7.84,6.99,,0.8499999999999996,,False,
1976-07-08,7.82,6.92,,0.9000000000000004,,False,
1976-07-09,7.78,6.77,,1.0100000000000007,,False,
1976-07-12,7.76,6.72,,1.04,,False,
1976-07-13,7.77,6.74,,1.0299999999999994,,False,
1976-07-14,7.79,6.76,,1.0300000000000002,,False,
1976-07-15,7.77,6.72,,1.0499999999999998,,False,
1976-07-16,7.83,6.85,,0.9800000000000004,,False,
1976-07-19,7.86,6.89,,0.9700000000000006,,False,
1976-07-20,7.87,6.91,,0.96,,False,
1976-07-21,7.86,6.9,,0.96,,False,
1976-07-22,7.86,6.91,,0.9500000000000002,,False,
1976-07-23,7.84,6.9,,0.9399999999999995,,False,
1976-07-26,7.87,6.86,,1.0099999999999998,,False,
1976-07-27,7.85,6.76,,1.0899999999999999,,False,
1976-07-28,7.85,6.79,,1.0599999999999996,,False,
1976-07-29,7.85,6.75,,1.0999999999999996,,False,
1976-07-30,7.86,6.74,,1.12,,False,
1976-08-02,7.85,6.75,,1.0999999999999996,,False,
1976-08-03,7.82,6.72,,1.1000000000000005,,False,
1976-08-04,7.81,6.73,,1.0799999999999992,,False,
1976-08-05,7.82,6.74,,1.08,,False,
1976-08-06,7.84,6.71,,1.13,,False,
1976-08-09,7.84,6.68,,1.1600000000000001,,False,
1976-08-10,7.84,6.68,,1.1600000000000001,,False,
1976-08-11,7.82,6.66,,1.1600000000000001,,False,
1976-08-12,7.81,6.64,,1.17,,False,
1976-08-13,7.78,6.6,,1.1800000000000006,,False,
1976-08-16,7.74,6.57,,1.17,,False,
1976-08-17,7.75,6.57,,1.1799999999999997,,False,
1976-08-18,7.76,6.59,,1.17,,False,
1976-08-19,7.76,6.61,,1.1499999999999995,,False,
1976-08-20,7.76,6.68,,1.08,,False,
1976-08-23,7.73,6.62,,1.1100000000000003,,False,
1976-08-24,7.72,6.6,,1.12,,False,
1976-08-25,7.69,6.53,,1.1600000000000001,,False,
1976-08-26,7.68,6.54,,1.1399999999999997,,False,
1976-08-27,7.72,6.6,,1.12,,False,
1976-08-30,7.71,6.57,,1.1399999999999997,,False,
1976-08-31,7.66,6.5,,1.1600000000000001,,False,
1976-09-01,7.64,6.5,,1.1399999999999997,,False,
1976-09-02,7.67,6.54,,1.13,,False,
1976-09-03,7.65,6.52,,1.1300000000000008,,False,
1976-09-06,7.65,6.52,,1.1300000000000008,,False,
1976-09-07,7.64,6.46,,1.1799999999999997,,False,
1976-09-08,7.64,6.44,,1.1999999999999993,,False,
1976-09-09,7.66,6.49,,1.17,,False,
1976-09-10,7.64,6.46,,1.1799999999999997,,False,
1976-09-13,7.64,6.47,,1.17,,False,
1976-09-14,7.64,6.49,,1.1499999999999995,,False,
1976-09-15,7.62,6.45,,1.17,,False,
1976-09-16,7.6,6.41,,1.1899999999999995,,False,
1976-09-17,7.49,6.26,,1.2300000000000004,,False,
1976-09-20,7.52,6.34,,1.1799999999999997,,False,
1976-09-21,7.51,6.3,,1.21,,False,
1976-09-22,7.53,6.36,,1.17,,False,
1976-09-23,7.54,6.35,,1.1900000000000004,,False,
1976-09-24,7.58,6.44,,1.1399999999999997,,False,
1976-09-27,7.6,6.41,,1.1899999999999995,,False,
1976-09-28,7.56,6.36,,1.1999999999999993,,False,
1976-09-29,7.56,6.36,,1.1999999999999993,,False,
1976-09-30,7.55,6.33,,1.2199999999999998,,False,
1976-10-01,7.49,6.24,,1.25,,False,
1976-10-04,7.46,6.19,,1.2699999999999996,,False,
1976-10-05,7.47,6.19,,1.2799999999999994,,False,
1976-10-06,7.44,6.11,,1.33,,False,
1976-10-07,7.43,6.09,,1.3399999999999999,,False,
1976-10-08,7.38,5.87,,1.5099999999999998,,False,
1976-10-11,7.38,5.87,,1.5099999999999998,,False,
1976-10-12,7.35,5.8,,1.5499999999999998,,False,
1976-10-13,7.35,5.82,,1.5299999999999994,,False,
1976-10-14,7.34,5.81,,1.5300000000000002,,False,
1976-10-15,7.31,5.75,,1.5599999999999996,,False,
1976-10-18,7.31,5.77,,1.54,,False,
1976-10-19,7.35,5.85,,1.5,,False,
1976-10-20,7.38,5.95,,1.4299999999999997,,False,
1976-10-21,7.39,5.98,,1.4099999999999993,,False,
1976-10-22,7.48,6.07,,1.4100000000000001,,False,
1976-10-25,7.53,6.11,,1.42,,False,
1976-10-26,7.48,6.05,,1.4300000000000006,,False,
1976-10-27,7.45,6.01,,1.4400000000000004,,False,
1976-10-28,7.41,5.99,,1.42,,False,
1976-10-29,7.42,6.03,,1.3899999999999997,,False,
1976-11-01,7.38,6.03,,1.3499999999999996,,False,
1976-11-02,7.38,6.03,,1.3499999999999996,,False,
1976-11-03,7.44,6.07,,1.37,,False,
1976-11-04,7.38,5.95,,1.4299999999999997,,False,
1976-11-05,7.41,6.01,,1.4000000000000004,,False,
1976-11-08,7.46,6.04,,1.42,,False,
1976-11-09,7.46,6.07,,1.3899999999999997,,False,
1976-11-10,7.45,6.03,,1.42,,False,
1976-11-11,7.45,6.03,,1.42,,False,
1976-11-12,7.43,6.01,,1.42,,False,
1976-11-15,7.41,6.0,,1.4100000000000001,,False,
1976-11-16,7.33,5.86,,1.4699999999999998,,False,
1976-11-17,7.32,5.82,,1.5,,False,
1976-11-18,7.33,5.83,,1.5,,False,
1976-11-19,7.24,5.67,,1.5700000000000003,,False,
1976-11-22,7.17,5.56,,1.6100000000000003,,False,
1976-11-23,7.16,5.59,,1.5700000000000003,,False,
1976-11-24,7.14,5.56,,1.58,,False,
1976-11-25,7.14,5.56,,1.58,,False,
1976-11-26,6.99,5.41,,1.58,,False,
1976-11-29,7.02,5.46,,1.5599999999999996,,False,
1976-11-30,7.01,5.42,,1.5899999999999999,,False,
1976-12-01,6.97,5.4,,1.5699999999999994,,False,
1976-12-02,6.92,5.34,,1.58,,False,
1976-12-03,6.86,5.31,,1.5500000000000007,,False,
1976-12-06,6.87,5.37,,1.5,,False,
1976-12-07,6.88,5.41,,1.4699999999999998,,False,
1976-12-08,6.91,5.43,,1.4800000000000004,,False,
1976-12-09,6.92,5.44,,1.4799999999999995,,False,
1976-12-10,6.82,5.31,,1.5100000000000007,,False,
1976-12-13,6.9,5.43,,1.4700000000000006,,False,
1976-12-14,6.89,5.39,,1.5,,False,
1976-12-15,6.88,5.38,,1.5,,False,
1976-12-16,6.88,5.4,,1.4799999999999995,,False,
1976-12-17,6.88,5.4,,1.4799999999999995,,False,
1976-12-20,6.84,5.34,,1.5,,False,
1976-12-21,6.85,5.37,,1.4799999999999995,,False,
1976-12-22,6.86,5.34,,1.5200000000000005,,False,
1976-12-23,6.84,5.36,,1.4799999999999995,,False,
1976-12-24,6.84,5.36,,1.4799999999999995,,False,
1976-12-27,6.84,5.37,,1.4699999999999998,,False,
1976-12-28,6.86,5.39,,1.4700000000000006,,False,
1976-12-29,6.84,5.39,,1.4500000000000002,,False,
1976-12-30,6.8,5.38,,1.42,,False,
1976-12-31,6.81,5.34,,1.4699999999999998,,False,
1977-01-03,6.84,5.42,,1.42,,False,
1977-01-04,6.9,5.5,,1.4000000000000004,,False,
1977-01-05,6.88,5.48,,1.3999999999999995,,False,
1977-01-06,6.93,5.57,,1.3599999999999994,,False,
1977-01-07,7.07,5.68,,1.3900000000000006,,False,
1977-01-10,7.2,5.79,,1.4100000000000001,,False,
1977-01-11,7.28,5.87,,1.4100000000000001,,False,
1977-01-12,7.26,5.84,,1.42,,False,
1977-01-13,7.18,5.79,,1.3899999999999997,,False,
1977-01-14,7.28,5.96,,1.3200000000000003,,False,
1977-01-17,7.28,5.98,,1.2999999999999998,,False,
1977-01-18,7.34,6.04,,1.2999999999999998,,False,
1977-01-19,7.28,6.02,,1.2600000000000007,,False,
1977-01-20,7.26,6.01,,1.25,,False,
1977-01-21,7.28,6.02,,1.2600000000000007,,False,
1977-01-24,7.34,6.09,,1.25,,False,
1977-01-25,7.32,6.08,,1.2400000000000002,,False,
1977-01-26,7.33,6.09,,1.2400000000000002,,False,
1977-01-27,7.43,6.26,,1.17,,False,
1977-01-28,7.4,6.22,,1.1800000000000006,,False,
1977-01-31,7.4,6.18,,1.2200000000000006,,False,
1977-02-01,7.41,6.2,,1.21,,False,
1977-02-02,7.47,6.28,,1.1899999999999995,,False,
1977-02-03,7.46,6.2,,1.2599999999999998,,False,
1977-02-04,7.28,6.03,,1.25,,False,
1977-02-07,7.34,6.04,,1.2999999999999998,,False,
1977-02-08,7.35,6.06,,1.29,,False,
1977-02-09,7.34,6.01,,1.33,,False,
1977-02-10,7.34,6.04,,1.2999999999999998,,False,
1977-02-11,7.36,6.02,,1.3400000000000007,,False,
1977-02-14,7.38,6.06,,1.3200000000000003,,False,
1977-02-15,7.36,6.04,,1.3200000000000003,,False,
1977-02-16,7.34,6.02,,1.3200000000000003,,False,
1977-02-17,7.26,5.99,,1.2699999999999996,,False,
1977-02-18,7.41,6.06,,1.3500000000000005,,False,
1977-02-21,7.41,6.06,,1.3500000000000005,,False,
1977-02-22,7.42,6.09,,1.33,,False,
1977-02-23,7.48,6.12,,1.3600000000000003,,False,
1977-02-24,7.5,6.2,,1.2999999999999998,,False,
1977-02-25,7.48,6.14,,1.3400000000000007,,False,
1977-02-28,7.45,6.08,,1.37,,False,
1977-03-01,7.49,6.16,,1.33,,False,
1977-03-02,7.45,6.12,,1.33,,False,
1977-03-03,7.43,6.08,,1.3499999999999996,,False,
1977-03-04,7.48,6.1,,1.3800000000000008,,False,
1977-03-07,7.5,6.12,,1.38,,False,
1977-03-08,7.52,6.14,,1.38,,False,
1977-03-09,7.5,6.12,,1.38,,False,
1977-03-10,7.49,6.11,,1.38,,False,
1977-03-11,7.44,6.09,,1.3500000000000005,,False,
1977-03-14,7.45,6.06,,1.3900000000000006,,False,
1977-03-15,7.44,6.06,,1.3800000000000008,,False,
1977-03-16,7.44,6.08,,1.3600000000000003,,False,
1977-03-17,7.47,6.14,,1.33,,False,
1977-03-18,7.44,6.08,,1.3600000000000003,,False,
1977-03-21,7.43,6.03,,1.3999999999999995,,False,
1977-03-22,7.43,6.04,,1.3899999999999997,,False,
1977-03-23,7.44,6.04,,1.4000000000000004,,False,
1977-03-24,7.46,6.07,,1.3899999999999997,,False,
1977-03-25,7.48,6.1,,1.3800000000000008,,False,
1977-03-28,7.47,6.11,,1.3599999999999994,,False,
1977-03-29,7.47,6.08,,1.3899999999999997,,False,
1977-03-30,7.44,6.05,,1.3900000000000006,,False,
1977-03-31,7.42,6.01,,1.4100000000000001,,False,
1977-04-01,7.43,6.02,,1.4100000000000001,,False,
1977-04-04,7.44,6.03,,1.4100000000000001,,False,
1977-04-05,7.47,6.01,,1.46,,False,
1977-04-06,7.46,6.04,,1.42,,False,
1977-04-07,7.43,6.02,,1.4100000000000001,,False,
1977-04-08,7.43,6.02,,1.4100000000000001,,False,
1977-04-11,7.39,5.96,,1.4299999999999997,,False,
1977-04-12,7.39,5.98,,1.4099999999999993,,False,
1977-04-13,7.36,5.96,,1.4000000000000004,,False,
1977-04-14,7.22,5.73,,1.4899999999999993,,False,
1977-04-15,7.25,5.78,,1.4699999999999998,,False,
1977-04-18,7.25,5.8,,1.4500000000000002,,False,
1977-04-19,7.3,5.87,,1.4299999999999997,,False,
1977-04-20,7.32,5.95,,1.37,,False,
1977-04-21,7.33,5.94,,1.3899999999999997,,False,
1977-04-22,7.36,5.99,,1.37,,False,
1977-04-25,7.4,6.01,,1.3900000000000006,,False,
1977-04-26,7.38,6.0,,1.38,,False,
1977-04-27,7.38,6.01,,1.37,,False,
1977-04-28,7.4,6.03,,1.37,,False,
1977-04-29,7.45,6.14,,1.3100000000000005,,False,
1977-05-02,7.45,6.15,,1.2999999999999998,,False,
1977-05-03,7.44,6.15,,1.29,,False,
1977-05-04,7.45,6.11,,1.3399999999999999,,False,
1977-05-05,7.47,6.16,,1.3099999999999996,,False,
1977-05-06,7.5,6.24,,1.2599999999999998,,False,
1977-05-09,7.5,6.25,,1.25,,False,
1977-05-10,7.52,6.27,,1.25,,False,
1977-05-11,7.52,6.34,,1.1799999999999997,,False,
1977-05-12,7.5,6.32,,1.1799999999999997,,False,
1977-05-13,7.48,6.28,,1.2000000000000002,,False,
1977-05-16,7.46,6.26,,1.2000000000000002,,False,
1977-05-17,7.45,6.25,,1.2000000000000002,,False,
1977-05-18,7.43,6.24,,1.1899999999999995,,False,
1977-05-19,7.49,6.37,,1.12,,False,
1977-05-20,7.49,6.43,,1.0600000000000005,,False,
1977-05-23,7.46,6.38,,1.08,,False,
1977-05-24,7.41,6.3,,1.1100000000000003,,False,
1977-05-25,7.39,6.23,,1.1599999999999993,,False,
1977-05-26,7.42,6.24,,1.1799999999999997,,False,
1977-05-27,7.38,6.2,,1.1799999999999997,,False,
1977-05-30,7.38,6.2,,1.1799999999999997,,False,
1977-05-31,7.38,6.18,,1.2000000000000002,,False,
1977-06-01,7.38,6.24,,1.1399999999999997,,False,
1977-06-02,7.39,6.2,,1.1899999999999995,,False,
1977-06-03,7.36,6.19,,1.17,,False,
1977-06-06,7.37,6.18,,1.1900000000000004,,False,
1977-06-07,7.36,6.17,,1.1900000000000004,,False,
1977-06-08,7.36,6.15,,1.21,,False,
1977-06-09,7.35,6.16,,1.1899999999999995,,False,
1977-06-10,7.3,6.15,,1.1499999999999995,,False,
1977-06-13,7.27,6.13,,1.1399999999999997,,False,
1977-06-14,7.22,6.08,,1.1399999999999997,,False,
1977-06-15,7.23,6.11,,1.12,,False,
1977-06-16,7.24,6.12,,1.12,,False,
1977-06-17,7.24,6.1,,1.1400000000000006,,False,
1977-06-20,7.27,6.11,,1.1599999999999993,,False,
1977-06-21,7.26,6.12,,1.1399999999999997,,False,
1977-06-22,7.25,6.12,,1.13,,False,
1977-06-23,7.26,6.12,,1.1399999999999997,,False,
1977-06-24,7.2,6.1,,1.1000000000000005,,False,
1977-06-27,7.2,6.06,,1.1400000000000006,,False,
1977-06-28,7.16,6.06,,1.1000000000000005,,False,
1977-06-29,7.19,6.05,,1.1400000000000006,,False,
1977-06-30,7.2,6.08,,1.12,,False,
1977-07-01,7.34,6.12,,1.2199999999999998,,False,
1977-07-04,7.34,6.12,,1.2199999999999998,,False,
1977-07-05,7.35,6.12,,1.2299999999999995,,False,
1977-07-06,7.37,6.14,,1.2300000000000004,,False,
1977-07-07,7.29,6.15,,1.1399999999999997,,False,
1977-07-08,7.31,6.19,,1.1199999999999992,,False,
1977-07-11,7.33,6.22,,1.1100000000000003,,False,
1977-07-12,7.32,6.22,,1.1000000000000005,,False,
1977-07-13,7.28,6.19,,1.0899999999999999,,False,
1977-07-14,7.28,6.19,,1.0899999999999999,,False,
1977-07-15,7.31,6.26,,1.0499999999999998,,False,
1977-07-18,7.34,6.3,,1.04,,False,
1977-07-19,7.33,6.31,,1.0200000000000005,,False,
1977-07-20,7.32,6.35,,0.9700000000000006,,False,
1977-07-21,7.32,6.38,,0.9400000000000004,,False,
1977-07-22,7.31,6.35,,0.96,,False,
1977-07-25,7.28,6.29,,0.9900000000000002,,False,
1977-07-26,7.28,6.28,,1.0,,False,
1977-07-27,7.36,6.37,,0.9900000000000002,,False,
1977-07-28,7.41,6.48,,0.9299999999999997,,False,
1977-07-29,7.42,6.5,,0.9199999999999999,,False,
1977-08-01,7.43,6.49,,0.9399999999999995,,False,
1977-08-02,7.44,6.54,,0.9000000000000004,,False,
1977-08-03,7.42,6.53,,0.8899999999999997,,False,
1977-08-04,7.43,6.52,,0.9100000000000001,,False,
1977-08-05,7.42,6.53,,0.8899999999999997,,False,
1977-08-08,7.41,6.52,,0.8900000000000006,,False,
1977-08-09,7.45,6.58,,0.8700000000000001,,False,
1977-08-10,7.46,6.59,,0.8700000000000001,,False,
1977-08-11,7.47,6.64,,0.8300000000000001,,False,
1977-08-12,7.48,6.68,,0.8000000000000007,,False,
1977-08-15,7.48,6.71,,0.7700000000000005,,False,
1977-08-16,7.48,6.74,,0.7400000000000002,,False,
1977-08-17,7.44,6.72,,0.7200000000000006,,False,
1977-08-18,7.42,6.68,,0.7400000000000002,,False,
1977-08-19,7.4,6.67,,0.7300000000000004,,False,
1977-08-22,7.39,6.66,,0.7299999999999995,,False,
1977-08-23,7.36,6.64,,0.7200000000000006,,False,
1977-08-24,7.35,6.67,,0.6799999999999997,,False,
1977-08-25,7.32,6.62,,0.7000000000000002,,False,
1977-08-26,7.27,6.62,,0.6499999999999995,,False,
1977-08-29,7.25,6.56,,0.6900000000000004,,False,
1977-08-30,7.27,6.56,,0.71,,False,
1977-08-31,7.28,6.59,,0.6900000000000004,,False,
1977-09-01,7.3,6.57,,0.7299999999999995,,False,
1977-09-02,7.24,6.53,,0.71,,False,
1977-09-05,7.24,6.53,,0.71,,False,
1977-09-06,7.24,6.52,,0.7200000000000006,,False,
1977-09-07,7.26,6.54,,0.7199999999999998,,False,
1977-09-08,7.28,6.54,,0.7400000000000002,,False,
1977-09-09,7.36,6.76,,0.6000000000000005,,False,
1977-09-12,7.38,6.78,,0.5999999999999996,,False,
1977-09-13,7.37,6.75,,0.6200000000000001,,False,
1977-09-14,7.34,6.74,,0.5999999999999996,,False,
1977-09-15,7.33,6.7,,0.6299999999999999,,False,
1977-09-16,7.32,6.68,,0.6400000000000006,,False,
1977-09-19,7.32,6.66,,0.6600000000000001,,False,
1977-09-20,7.36,6.7,,0.6600000000000001,,False,
1977-09-21,7.36,6.71,,0.6500000000000004,,False,
1977-09-22,7.39,6.85,,0.54,,False,
1977-09-23,7.39,6.86,,0.5299999999999994,,False,
1977-09-26,7.42,6.89,,0.5300000000000002,,False,
1977-09-27,7.38,6.8,,0.5800000000000001,,False,
1977-09-28,7.38,6.81,,0.5700000000000003,,False,
1977-09-29,7.39,6.79,,0.5999999999999996,,False,
1977-09-30,7.41,6.82,,0.5899999999999999,,False,
1977-10-03,7.41,6.84,,0.5700000000000003,,False,
1977-10-04,7.4,6.84,,0.5600000000000005,,False,
1977-10-05,7.4,6.86,,0.54,,False,
1977-10-06,7.44,6.89,,0.5500000000000007,,False,
1977-10-07,7.48,6.96,,0.5200000000000005,,False,
1977-10-10,7.48,6.96,,0.5200000000000005,,False,
1977-10-11,7.54,7.06,,0.4800000000000004,,False,
1977-10-12,7.54,7.14,,0.40000000000000036,,False,
1977-10-13,7.54,7.19,,0.34999999999999964,,False,
1977-10-14,7.54,7.17,,0.3700000000000001,,False,
1977-10-17,7.55,7.22,,0.33000000000000007,,False,
1977-10-18,7.55,7.23,,0.3199999999999994,,False,
1977-10-19,7.54,7.22,,0.3200000000000003,,False,
1977-10-20,7.54,7.2,,0.33999999999999986,,False,
1977-10-21,7.55,7.22,,0.33000000000000007,,False,
1977-10-24,7.56,7.2,,0.35999999999999943,,False,
1977-10-25,7.58,7.2,,0.3799999999999999,,False,
1977-10-26,7.57,7.17,,0.40000000000000036,,False,
1977-10-27,7.56,7.14,,0.41999999999999993,,False,
1977-10-28,7.56,7.14,,0.41999999999999993,,False,
1977-10-31,7.62,7.23,,0.3899999999999997,,False,
1977-11-01,7.63,7.23,,0.39999999999999947,,False,
1977-11-02,7.69,7.24,,0.4500000000000002,,False,
1977-11-03,7.68,7.22,,0.45999999999999996,,False,
1977-11-04,7.64,7.2,,0.4399999999999995,,False,
1977-11-07,7.62,7.17,,0.4500000000000002,,False,
1977-11-08,7.62,7.17,,0.4500000000000002,,False,
1977-11-09,7.6,7.16,,0.4399999999999995,,False,
1977-11-10,7.59,7.15,,0.4399999999999995,,False,
1977-11-11,7.59,7.15,,0.4399999999999995,,False,
1977-11-14,7.56,7.1,,0.45999999999999996,,False,
1977-11-15,7.56,7.11,,0.4499999999999993,,False,
1977-11-16,7.55,7.12,,0.4299999999999997,,False,
1977-11-17,7.54,7.1,,0.4400000000000004,,False,
1977-11-18,7.54,7.11,,0.4299999999999997,,False,
1977-11-21,7.56,7.12,,0.4399999999999995,,False,
1977-11-22,7.54,7.14,,0.40000000000000036,,False,
1977-11-23,7.52,7.11,,0.40999999999999925,,False,
1977-11-24,7.52,7.11,,0.40999999999999925,,False,
1977-11-25,7.52,7.1,,0.41999999999999993,,False,
1977-11-28,7.53,7.11,,0.41999999999999993,,False,
1977-11-29,7.55,7.11,,0.4399999999999995,,False,
1977-11-30,7.55,7.11,,0.4399999999999995,,False,
1977-12-01,7.58,7.13,,0.4500000000000002,,False,
1977-12-02,7.59,7.15,,0.4399999999999995,,False,
1977-12-05,7.6,7.15,,0.4499999999999993,,False,
1977-12-06,7.63,7.15,,0.47999999999999954,,False,
1977-12-07,7.63,7.16,,0.46999999999999975,,False,
1977-12-08,7.64,7.16,,0.47999999999999954,,False,
1977-12-09,7.63,7.15,,0.47999999999999954,,False,
1977-12-12,7.64,7.16,,0.47999999999999954,,False,
1977-12-13,7.65,7.16,,0.4900000000000002,,False,
1977-12-14,7.66,7.16,,0.5,,False,
1977-12-15,7.67,7.14,,0.5300000000000002,,False,
1977-12-16,7.67,7.13,,0.54,,False,
1977-12-19,7.69,7.13,,0.5600000000000005,,False,
1977-12-20,7.74,7.14,,0.6000000000000005,,False,
1977-12-21,7.72,7.16,,0.5599999999999996,,False,
1977-12-22,7.75,7.26,,0.4900000000000002,,False,
1977-12-23,7.75,7.24,,0.5099999999999998,,False,
1977-12-26,7.75,7.24,,0.5099999999999998,,False,
1977-12-27,7.77,7.25,,0.5199999999999996,,False,
1977-12-28,7.78,7.25,,0.5300000000000002,,False,
1977-12-29,7.82,7.26,,0.5600000000000005,,False,
1977-12-30,7.78,7.22,,0.5600000000000005,,False,
1978-01-02,7.78,7.22,,0.5600000000000005,,False,
1978-01-03,7.83,7.24,,0.5899999999999999,,False,
1978-01-04,7.82,7.24,,0.5800000000000001,,False,
1978-01-05,7.83,7.26,,0.5700000000000003,,False,
1978-01-06,7.85,7.28,,0.5699999999999994,,False,
1978-01-09,8.01,7.58,,0.4299999999999997,,False,
1978-01-10,8.02,7.58,,0.4399999999999995,,False,
1978-01-11,8.03,7.6,,0.4299999999999997,,False,
1978-01-12,8.02,7.6,,0.41999999999999993,,False,
1978-01-13,7.98,7.57,,0.41000000000000014,,False,
1978-01-16,7.98,7.55,,0.4300000000000006,,False,
1978-01-17,7.98,7.54,,0.4400000000000004,,False,
1978-01-18,7.98,7.54,,0.4400000000000004,,False,
1978-01-19,7.97,7.55,,0.41999999999999993,,False,
1978-01-20,7.97,7.55,,0.41999999999999993,,False,
1978-01-23,7.97,7.53,,0.4399999999999995,,False,
1978-01-24,7.99,7.53,,0.45999999999999996,,False,
1978-01-25,8.0,7.53,,0.46999999999999975,,False,
1978-01-26,7.98,7.51,,0.47000000000000064,,False,
1978-01-27,7.97,7.48,,0.4899999999999993,,False,
1978-01-30,7.96,7.47,,0.4900000000000002,,False,
1978-01-31,7.94,7.47,,0.47000000000000064,,False,
1978-02-01,7.96,7.47,,0.4900000000000002,,False,
1978-02-02,7.96,7.48,,0.47999999999999954,,False,
1978-02-03,7.97,7.48,,0.4899999999999993,,False,
1978-02-06,7.99,7.5,,0.4900000000000002,,False,
1978-02-07,7.99,7.52,,0.47000000000000064,,False,
1978-02-08,8.0,7.52,,0.4800000000000004,,False,
1978-02-09,8.01,7.52,,0.4900000000000002,,False,
1978-02-10,8.02,7.53,,0.4899999999999993,,False,
1978-02-13,8.02,7.53,,0.4899999999999993,,False,
1978-02-14,8.05,7.57,,0.4800000000000004,,False,
1978-02-15,8.08,7.59,,0.4900000000000002,,False,
1978-02-16,8.1,7.64,,0.45999999999999996,,False,
1978-02-17,8.09,7.63,,0.45999999999999996,,False,
1978-02-20,8.09,7.63,,0.45999999999999996,,False,
1978-02-21,8.1,7.65,,0.4499999999999993,,False,
1978-02-22,8.1,7.65,,0.4499999999999993,,False,
1978-02-23,8.08,7.65,,0.4299999999999997,,False,
1978-02-24,8.04,7.61,,0.4299999999999988,,False,
1978-02-27,8.02,7.59,,0.4299999999999997,,False,
1978-02-28,8.04,7.57,,0.46999999999999886,,False,
1978-03-01,8.05,7.59,,0.46000000000000085,,False,
1978-03-02,8.04,7.59,,0.4499999999999993,,False,
1978-03-03,8.04,7.59,,0.4499999999999993,,False,
1978-03-06,8.05,7.58,,0.47000000000000064,,False,
1978-03-07,8.03,7.56,,0.46999999999999975,,False,
1978-03-08,8.03,7.54,,0.4899999999999993,,False,
1978-03-09,8.02,7.56,,0.45999999999999996,,False,
1978-03-10,8.0,7.54,,0.45999999999999996,,False,
1978-03-13,7.99,7.54,,0.4500000000000002,,False,
1978-03-14,7.99,7.54,,0.4500000000000002,,False,
1978-03-15,8.0,7.54,,0.45999999999999996,,False,
1978-03-16,8.0,7.54,,0.45999999999999996,,False,
1978-03-17,8.0,7.55,,0.4500000000000002,,False,
1978-03-20,7.97,7.53,,0.4399999999999995,,False,
1978-03-21,7.97,7.53,,0.4399999999999995,,False,
1978-03-22,7.98,7.54,,0.4400000000000004,,False,
1978-03-23,8.01,7.56,,0.4500000000000002,,False,
1978-03-24,8.01,7.56,,0.4500000000000002,,False,
1978-03-27,8.12,7.61,,0.5099999999999989,,False,
1978-03-28,8.12,7.64,,0.47999999999999954,,False,
1978-03-29,8.11,7.64,,0.46999999999999975,,False,
1978-03-30,8.12,7.64,,0.47999999999999954,,False,
1978-03-31,8.15,7.7,,0.4500000000000002,,False,
1978-04-03,8.13,7.69,,0.4400000000000004,,False,
1978-04-04,8.12,7.69,,0.4299999999999988,,False,
1978-04-05,8.14,7.72,,0.4200000000000008,,False,
1978-04-06,8.16,7.73,,0.4299999999999997,,False,
1978-04-07,8.14,7.72,,0.4200000000000008,,False,
1978-04-10,8.15,7.72,,0.4300000000000006,,False,
1978-04-11,8.16,7.71,,0.4500000000000002,,False,
1978-04-12,8.16,7.69,,0.46999999999999975,,False,
1978-04-13,8.15,7.67,,0.4800000000000004,,False,
1978-04-14,8.12,7.61,,0.5099999999999989,,False,
1978-04-17,8.08,7.6,,0.4800000000000004,,False,
1978-04-18,8.08,7.62,,0.45999999999999996,,False,
1978-04-19,8.13,7.77,,0.3600000000000012,,False,
1978-04-20,8.14,7.79,,0.35000000000000053,,False,
1978-04-21,8.16,7.81,,0.35000000000000053,,False,
1978-04-24,8.18,7.82,,0.35999999999999943,,False,
1978-04-25,8.18,7.8,,0.3799999999999999,,False,
1978-04-26,8.22,7.85,,0.370000000000001,,False,
1978-04-27,8.24,7.89,,0.35000000000000053,,False,
1978-04-28,8.24,7.97,,0.27000000000000046,,False,
1978-05-01,8.24,7.91,,0.33000000000000007,,False,
1978-05-02,8.25,7.91,,0.33999999999999986,,False,
1978-05-03,8.28,7.91,,0.3699999999999992,,False,
1978-05-04,8.27,7.9,,0.3699999999999992,,False,
1978-05-05,8.34,7.96,,0.3799999999999999,,False,
1978-05-08,8.35,7.98,,0.3699999999999992,,False,
1978-05-09,8.34,7.98,,0.35999999999999943,,False,
1978-05-10,8.34,7.98,,0.35999999999999943,,False,
1978-05-11,8.34,8.0,,0.33999999999999986,,False,
1978-05-12,8.36,8.0,,0.35999999999999943,,False,
1978-05-15,8.35,7.98,,0.3699999999999992,,False,
1978-05-16,8.34,7.97,,0.3700000000000001,,False,
1978-05-17,8.33,7.98,,0.34999999999999964,,False,
1978-05-18,8.37,8.04,,0.33000000000000007,,False,
1978-05-19,8.38,8.07,,0.3100000000000005,,False,
1978-05-22,8.38,8.07,,0.3100000000000005,,False,
1978-05-23,8.37,8.07,,0.29999999999999893,,False,
1978-05-24,8.39,8.1,,0.2900000000000009,,False,
1978-05-25,8.4,8.1,,0.3000000000000007,,False,
1978-05-26,8.42,8.1,,0.3200000000000003,,False,
1978-05-29,8.42,8.1,,0.3200000000000003,,False,
1978-05-30,8.42,8.1,,0.3200000000000003,,False,
1978-05-31,8.42,8.12,,0.3000000000000007,,False,
1978-06-01,8.41,8.12,,0.2900000000000009,,False,
1978-06-02,8.39,8.09,,0.3000000000000007,,False,
1978-06-05,8.38,8.07,,0.3100000000000005,,False,
1978-06-06,8.37,8.07,,0.29999999999999893,,False,
1978-06-07,8.37,8.07,,0.29999999999999893,,False,
1978-06-08,8.38,8.07,,0.3100000000000005,,False,
1978-06-09,8.41,8.09,,0.3200000000000003,,False,
1978-06-12,8.4,8.11,,0.2900000000000009,,False,
1978-06-13,8.41,8.11,,0.3000000000000007,,False,
1978-06-14,8.41,8.12,,0.2900000000000009,,False,
1978-06-15,8.41,8.12,,0.2900000000000009,,False,
1978-06-16,8.43,8.19,,0.2400000000000002,,False,
1978-06-19,8.45,8.25,,0.1999999999999993,,False,
1978-06-20,8.47,8.27,,0.20000000000000107,,False,
1978-06-21,8.5,8.41,,0.08999999999999986,,False,
1978-06-22,8.5,8.41,,0.08999999999999986,,False,
1978-06-23,8.55,8.44,,0.11000000000000121,,False,
1978-06-26,8.59,8.48,,0.10999999999999943,,False,
1978-06-27,8.58,8.44,,0.14000000000000057,,False,
1978-06-28,8.57,8.44,,0.13000000000000078,,False,
1978-06-29,8.57,8.42,,0.15000000000000036,,False,
1978-06-30,8.62,8.48,,0.1399999999999988,,False,
1978-07-03,8.59,8.44,,0.15000000000000036,,False,
1978-07-04,8.59,8.44,,0.15000000000000036,,False,
1978-07-05,8.62,8.44,,0.17999999999999972,,False,
1978-07-06,8.62,8.44,,0.17999999999999972,,False,
1978-07-07,8.66,8.48,,0.17999999999999972,,False,
1978-07-10,8.68,8.5,,0.17999999999999972,,False,
1978-07-11,8.68,8.48,,0.1999999999999993,,False,
1978-07-12,8.67,8.48,,0.1899999999999995,,False,
1978-07-13,8.68,8.5,,0.17999999999999972,,False,
1978-07-14,8.68,8.51,,0.16999999999999993,,False,
1978-07-17,8.65,8.48,,0.16999999999999993,,False,
1978-07-18,8.63,8.46,,0.16999999999999993,,False,
1978-07-19,8.62,8.46,,0.15999999999999837,,False,
1978-07-20,8.66,8.5,,0.16000000000000014,,False,
1978-07-21,8.67,8.59,,0.08000000000000007,,False,
1978-07-24,8.67,8.57,,0.09999999999999964,,False,
1978-07-25,8.67,8.55,,0.11999999999999922,,False,
1978-07-26,8.66,8.52,,0.14000000000000057,,False,
1978-07-27,8.58,8.47,,0.10999999999999943,,False,
1978-07-28,8.55,8.45,,0.10000000000000142,,False,
1978-07-31,8.56,8.47,,0.08999999999999986,,False,
1978-08-01,8.54,8.45,,0.08999999999999986,,False,
1978-08-02,8.44,8.4,,0.03999999999999915,,False,
1978-08-03,8.39,8.26,,0.13000000000000078,,False,
1978-08-04,8.38,8.26,,0.120000000000001,,False,
1978-08-07,8.36,8.18,,0.17999999999999972,,False,
1978-08-08,8.35,8.19,,0.16000000000000014,,False,
1978-08-09,8.34,8.17,,0.16999999999999993,,False,
1978-08-10,8.45,8.24,,0.20999999999999908,,False,
1978-08-11,8.44,8.25,,0.1899999999999995,,False,
1978-08-14,8.45,8.29,,0.16000000000000014,,False,
1978-08-15,8.46,8.29,,0.1700000000000017,,False,
1978-08-16,8.55,8.5,,0.05000000000000071,,False,
1978-08-17,8.48,8.48,,0.0,,False,
1978-08-18,8.46,8.5,,-0.03999999999999915,,True,
1978-08-21,8.41,8.47,,-0.0600000000000005,,True,
1978-08-22,8.41,8.47,,-0.0600000000000005,,True,
1978-08-23,8.32,8.42,,-0.09999999999999964,,True,
1978-08-24,8.35,8.41,,-0.0600000000000005,,True,
1978-08-25,8.34,8.41,,-0.07000000000000028,,True,
1978-08-28,8.35,8.41,,-0.0600000000000005,,True,
1978-08-29,8.37,8.44,,-0.07000000000000028,,True,
1978-08-30,8.42,8.48,,-0.0600000000000005,,True,
1978-08-31,8.39,8.46,,-0.07000000000000028,,True,
1978-09-01,8.38,8.5,,-0.11999999999999922,,True,
1978-09-04,8.38,8.5,,-0.11999999999999922,,True,
1978-09-05,8.34,8.46,,-0.120000000000001,,True,
1978-09-06,8.35,8.44,,-0.08999999999999986,,True,
1978-09-07,8.34,8.44,,-0.09999999999999964,,True,
1978-09-08,8.34,8.46,,-0.120000000000001,,True,
1978-09-11,8.31,8.43,,-0.11999999999999922,,True,
1978-09-12,8.29,8.45,,-0.16000000000000014,,True,
1978-09-13,8.3,8.45,,-0.14999999999999858,,True,
1978-09-14,8.32,8.45,,-0.129999999999999,,True,
1978-09-15,8.35,8.49,,-0.14000000000000057,,True,
1978-09-18,8.37,8.52,,-0.15000000000000036,,True,
1978-09-19,8.38,8.54,,-0.15999999999999837,,True,
1978-09-20,8.46,8.6,,-0.1399999999999988,,True,
1978-09-21,8.51,8.69,,-0.17999999999999972,,True,
1978-09-22,8.56,8.73,,-0.16999999999999993,,True,
1978-09-25,8.56,8.75,,-0.1899999999999995,,True,
1978-09-26,8.53,8.75,,-0.22000000000000064,,True,
1978-09-27,8.54,8.74,,-0.20000000000000107,,True,
1978-09-28,8.54,8.72,,-0.1800000000000015,,True,
1978-09-29,8.56,8.7,,-0.1399999999999988,,True,
1978-10-02,8.58,8.71,,-0.13000000000000078,,True,
1978-10-03,8.57,8.69,,-0.11999999999999922,,True,
1978-10-04,8.59,8.69,,-0.09999999999999964,,True,
1978-10-05,8.6,8.69,,-0.08999999999999986,,True,
1978-10-06,8.58,8.69,,-0.10999999999999943,,True,
1978-10-09,8.58,8.69,,-0.10999999999999943,,True,
1978-10-10,8.58,8.7,,-0.11999999999999922,,True,
1978-10-11,8.56,8.7,,-0.1399999999999988,,True,
1978-10-12,8.51,8.69,,-0.17999999999999972,,True,
1978-10-13,8.52,8.69,,-0.16999999999999993,,True,
1978-10-16,8.59,8.73,,-0.14000000000000057,,True,
1978-10-17,8.6,8.77,,-0.16999999999999993,,True,
1978-10-18,8.62,8.83,,-0.21000000000000085,,True,
1978-10-19,8.64,8.84,,-0.1999999999999993,,True,
1978-10-20,8.66,8.85,,-0.1899999999999995,,True,
1978-10-23,8.66,8.84,,-0.17999999999999972,,True,
1978-10-24,8.64,8.85,,-0.20999999999999908,,True,
1978-10-25,8.65,8.96,,-0.3100000000000005,,True,
1978-10-26,8.72,9.05,,-0.33000000000000007,,True,
1978-10-27,8.78,9.12,,-0.33999999999999986,,True,
1978-10-30,8.88,9.35,,-0.46999999999999886,,True,
1978-10-31,8.96,9.49,,-0.5299999999999994,,True,
1978-11-01,8.66,9.44,,-0.7799999999999994,,True,
1978-11-02,8.73,9.42,,-0.6899999999999995,,True,
1978-11-03,8.86,9.49,,-0.6300000000000008,,True,
1978-11-06,8.85,9.45,,-0.5999999999999996,,True,
1978-11-07,8.85,9.45,,-0.5999999999999996,,True,
1978-11-08,8.86,9.49,,-0.6300000000000008,,True,
1978-11-09,8.87,9.5,,-0.6300000000000008,,True,
1978-11-10,8.86,9.46,,-0.6000000000000014,,True,
1978-11-13,8.83,9.4,,-0.5700000000000003,,True,
1978-11-14,8.82,9.41,,-0.5899999999999999,,True,
1978-11-15,8.76,9.34,,-0.5800000000000001,,True,
1978-11-16,8.72,9.21,,-0.4900000000000002,,True,
1978-11-17,8.72,9.19,,-0.46999999999999886,,True,
1978-11-20,8.72,9.19,,-0.46999999999999886,,True,
1978-11-21,8.77,9.23,,-0.46000000000000085,,True,
1978-11-22,8.77,9.37,,-0.5999999999999996,,True,
1978-11-23,8.77,9.37,,-0.5999999999999996,,True,
1978-11-24,8.86,9.6,,-0.7400000000000002,,True,
1978-11-27,8.86,9.6,,-0.7400000000000002,,True,
1978-11-28,8.86,9.6,,-0.7400000000000002,,True,
1978-11-29,8.86,9.55,,-0.6900000000000013,,True,
1978-11-30,8.86,9.55,,-0.6900000000000013,,True,
1978-12-01,8.8,9.5,,-0.6999999999999993,,True,
1978-12-04,8.82,9.51,,-0.6899999999999995,,True,
1978-12-05,8.85,9.5,,-0.6500000000000004,,True,
1978-12-06,8.85,9.5,,-0.6500000000000004,,True,
1978-12-07,8.89,9.5,,-0.6099999999999994,,True,
1978-12-08,8.9,9.51,,-0.6099999999999994,,True,
1978-12-11,8.9,9.52,,-0.6199999999999992,,True,
1978-12-12,8.92,9.52,,-0.5999999999999996,,True,
1978-12-13,8.98,9.54,,-0.5599999999999987,,True,
1978-12-14,8.96,9.54,,-0.5799999999999983,,True,
1978-12-15,9.0,9.58,,-0.5800000000000001,,True,
1978-12-18,9.13,9.86,,-0.7299999999999986,,True,
1978-12-19,9.14,9.91,,-0.7699999999999996,,True,
1978-12-20,9.16,9.96,,-0.8000000000000007,,True,
1978-12-21,9.16,9.98,,-0.8200000000000003,,True,
1978-12-22,9.11,9.96,,-0.8500000000000014,,True,
1978-12-25,9.11,9.96,,-0.8500000000000014,,True,
1978-12-26,9.13,9.98,,-0.8499999999999996,,True,
1978-12-27,9.12,9.98,,-0.8600000000000012,,True,
1978-12-28,9.16,9.98,,-0.8200000000000003,,True,
1978-12-29,9.15,9.98,,-0.8300000000000001,,True,
1979-01-01,9.15,9.98,,-0.8300000000000001,,True,
1979-01-02,9.18,10.0,,-0.8200000000000003,,True,
1979-01-03,9.16,9.98,,-0.8200000000000003,,True,
1979-01-04,9.11,9.88,,-0.7700000000000014,,True,
1979-01-05,9.1,9.87,,-0.7699999999999996,,True,
1979-01-08,9.14,9.92,,-0.7799999999999994,,True,
1979-01-09,9.16,9.92,,-0.7599999999999998,,True,
1979-01-10,9.16,9.94,,-0.7799999999999994,,True,
1979-01-11,9.15,9.92,,-0.7699999999999996,,True,
1979-01-12,9.14,9.92,,-0.7799999999999994,,True,
1979-01-15,9.15,9.91,,-0.7599999999999998,,True,
1979-01-16,9.16,9.92,,-0.7599999999999998,,True,
1979-01-17,9.18,9.91,,-0.7300000000000004,,True,
1979-01-18,9.18,9.92,,-0.7400000000000002,,True,
1979-01-19,9.15,9.91,,-0.7599999999999998,,True,
1979-01-22,9.12,9.86,,-0.7400000000000002,,True,
1979-01-23,9.1,9.85,,-0.75,,True,
1979-01-24,9.08,9.85,,-0.7699999999999996,,True,
1979-01-25,8.98,9.78,,-0.7999999999999989,,True,
1979-01-26,8.93,9.67,,-0.7400000000000002,,True,
1979-01-29,8.96,9.67,,-0.7099999999999991,,True,
1979-01-30,8.95,9.68,,-0.7300000000000004,,True,
1979-01-31,8.95,9.64,,-0.6900000000000013,,True,
1979-02-01,8.94,9.61,,-0.6699999999999999,,True,
1979-02-02,8.89,9.48,,-0.5899999999999999,,True,
1979-02-05,8.95,9.53,,-0.5800000000000001,,True,
1979-02-06,9.0,9.58,,-0.5800000000000001,,True,
1979-02-07,9.09,9.67,,-0.5800000000000001,,True,
1979-02-08,9.09,9.7,,-0.6099999999999994,,True,
1979-02-09,9.11,9.7,,-0.5899999999999999,,True,
1979-02-12,9.11,9.7,,-0.5899999999999999,,True,
1979-02-13,9.11,9.69,,-0.5800000000000001,,True,
1979-02-14,9.12,9.67,,-0.5500000000000007,,True,
1979-02-15,9.12,9.68,,-0.5600000000000005,,True,
1979-02-16,9.11,9.68,,-0.5700000000000003,,True,
1979-02-19,9.11,9.68,,-0.5700000000000003,,True,
1979-02-20,9.12,9.69,,-0.5700000000000003,,True,
1979-02-21,9.15,9.71,,-0.5600000000000005,,True,
1979-02-22,9.2,9.9,,-0.7000000000000011,,True,
1979-02-23,9.21,9.92,,-0.7099999999999991,,True,
1979-02-26,9.2,9.91,,-0.7100000000000009,,True,
1979-02-27,9.19,9.89,,-0.7000000000000011,,True,
1979-02-28,9.17,9.89,,-0.7200000000000006,,True,
1979-03-01,9.17,9.87,,-0.6999999999999993,,True,
1979-03-02,9.16,9.87,,-0.7099999999999991,,True,
1979-03-05,9.11,9.83,,-0.7200000000000006,,True,
1979-03-06,9.14,9.83,,-0.6899999999999995,,True,
1979-03-07,9.1,9.81,,-0.7100000000000009,,True,
1979-03-08,9.1,9.76,,-0.6600000000000001,,True,
1979-03-09,9.11,9.79,,-0.6799999999999997,,True,
1979-03-12,9.11,9.81,,-0.7000000000000011,,True,
1979-03-13,9.11,9.8,,-0.6900000000000013,,True,
1979-03-14,9.12,9.82,,-0.7000000000000011,,True,
1979-03-15,9.14,9.82,,-0.6799999999999997,,True,
1979-03-16,9.12,9.84,,-0.7200000000000006,,True,
1979-03-19,9.12,9.81,,-0.6900000000000013,,True,
1979-03-20,9.13,9.79,,-0.6599999999999984,,True,
1979-03-21,9.13,9.79,,-0.6599999999999984,,True,
1979-03-22,9.12,9.77,,-0.6500000000000004,,True,
1979-03-23,9.12,9.77,,-0.6500000000000004,,True,
1979-03-26,9.12,9.76,,-0.6400000000000006,,True,
1979-03-27,9.11,9.73,,-0.620000000000001,,True,
1979-03-28,9.07,9.71,,-0.6400000000000006,,True,
1979-03-29,9.06,9.67,,-0.6099999999999994,,True,
1979-03-30,9.11,9.72,,-0.6100000000000012,,True,
1979-04-02,9.11,9.74,,-0.6300000000000008,,True,
1979-04-03,9.1,9.73,,-0.6300000000000008,,True,
1979-04-04,9.09,9.71,,-0.620000000000001,,True,
1979-04-05,9.07,9.68,,-0.6099999999999994,,True,
1979-04-06,9.1,9.75,,-0.6500000000000004,,True,
1979-04-09,9.14,9.81,,-0.6699999999999999,,True,
1979-04-10,9.17,9.81,,-0.6400000000000006,,True,
1979-04-11,9.2,9.85,,-0.6500000000000004,,True,
1979-04-12,9.2,9.85,,-0.6500000000000004,,True,
1979-04-13,9.2,9.85,,-0.6500000000000004,,True,
1979-04-16,9.19,9.86,,-0.6699999999999999,,True,
1979-04-17,9.16,9.77,,-0.6099999999999994,,True,
1979-04-18,9.15,9.71,,-0.5600000000000005,,True,
1979-04-19,9.15,9.68,,-0.5299999999999994,,True,
1979-04-20,9.19,9.73,,-0.5400000000000009,,True,
1979-04-23,9.21,9.73,,-0.5199999999999996,,True,
1979-04-24,9.24,9.75,,-0.5099999999999998,,True,
1979-04-25,9.23,9.77,,-0.5399999999999991,,True,
1979-04-26,9.27,9.8,,-0.5300000000000011,,True,
1979-04-27,9.32,9.93,,-0.6099999999999994,,True,
1979-04-30,9.35,9.91,,-0.5600000000000005,,True,
1979-05-01,9.36,9.91,,-0.5500000000000007,,True,
1979-05-02,9.34,9.91,,-0.5700000000000003,,True,
1979-05-03,9.38,9.93,,-0.5499999999999989,,True,
1979-05-04,9.39,9.93,,-0.5399999999999991,,True,
1979-05-07,9.39,9.91,,-0.5199999999999996,,True,
1979-05-08,9.38,9.91,,-0.5299999999999994,,True,
1979-05-09,9.36,9.9,,-0.5400000000000009,,True,
1979-05-10,9.36,9.92,,-0.5600000000000005,,True,
1979-05-11,9.34,9.9,,-0.5600000000000005,,True,
1979-05-14,9.3,9.87,,-0.5699999999999985,,True,
1979-05-15,9.32,9.87,,-0.5499999999999989,,True,
1979-05-16,9.31,9.84,,-0.5299999999999994,,True,
1979-05-17,9.24,9.72,,-0.4800000000000004,,True,
1979-05-18,9.23,9.71,,-0.4800000000000004,,True,
1979-05-21,9.24,9.75,,-0.5099999999999998,,True,
1979-05-22,9.15,9.69,,-0.5399999999999991,,True,
1979-05-23,9.07,9.65,,-0.5800000000000001,,True,
1979-05-24,9.06,9.58,,-0.5199999999999996,,True,
1979-05-25,9.01,9.5,,-0.4900000000000002,,True,
1979-05-28,9.01,9.5,,-0.4900000000000002,,True,
1979-05-29,9.01,9.5,,-0.4900000000000002,,True,
1979-05-30,9.01,9.5,,-0.4900000000000002,,True,
1979-05-31,9.06,9.56,,-0.5,,True,
1979-06-01,9.05,9.56,,-0.5099999999999998,,True,
1979-06-04,9.06,9.56,,-0.5,,True,
1979-06-05,9.02,9.5,,-0.4800000000000004,,True,
1979-06-06,8.97,9.43,,-0.4599999999999991,,True,
1979-06-07,8.89,9.29,,-0.3999999999999986,,True,
1979-06-08,8.9,9.25,,-0.34999999999999964,,True,
1979-06-11,8.94,9.27,,-0.33000000000000007,,True,
1979-06-12,8.79,9.05,,-0.26000000000000156,,True,
1979-06-13,8.83,9.08,,-0.25,,True,
1979-06-14,8.87,9.12,,-0.25,,True,
1979-06-15,8.96,9.24,,-0.27999999999999936,,True,
1979-06-18,8.95,9.26,,-0.3100000000000005,,True,
1979-06-19,8.95,9.24,,-0.2900000000000009,,True,
1979-06-20,8.94,9.25,,-0.3100000000000005,,True,
1979-06-21,8.93,9.25,,-0.3200000000000003,,True,
1979-06-22,8.98,9.27,,-0.28999999999999915,,True,
1979-06-25,8.93,9.2,,-0.2699999999999996,,True,
1979-06-26,8.82,8.97,,-0.15000000000000036,,True,
1979-06-27,8.8,8.92,,-0.11999999999999922,,True,
1979-06-28,8.8,8.95,,-0.14999999999999858,,True,
1979-06-29,8.81,8.97,,-0.16000000000000014,,True,
1979-07-02,8.76,8.93,,-0.16999999999999993,,True,
1979-07-03,8.77,8.95,,-0.17999999999999972,,True,
1979-07-04,8.77,8.95,,-0.17999999999999972,,True,
1979-07-05,8.8,8.98,,-0.17999999999999972,,True,
1979-07-06,8.82,9.0,,-0.17999999999999972,,True,
1979-07-09,8.86,9.04,,-0.17999999999999972,,True,
1979-07-10,8.92,9.04,,-0.11999999999999922,,True,
1979-07-11,8.97,9.04,,-0.06999999999999851,,True,
1979-07-12,8.95,9.01,,-0.0600000000000005,,True,
1979-07-13,8.94,9.01,,-0.07000000000000028,,True,
1979-07-16,8.99,9.08,,-0.08999999999999986,,True,
1979-07-17,9.01,9.1,,-0.08999999999999986,,True,
1979-07-18,9.03,9.1,,-0.07000000000000028,,True,
1979-07-19,9.04,9.14,,-0.10000000000000142,,True,
1979-07-20,8.98,9.24,,-0.2599999999999998,,True,
1979-07-23,9.03,9.28,,-0.25,,True,
1979-07-24,9.06,9.33,,-0.2699999999999996,,True,
1979-07-25,8.99,9.36,,-0.3699999999999992,,True,
1979-07-26,8.97,9.25,,-0.27999999999999936,,True,
1979-07-27,9.02,9.38,,-0.3600000000000012,,True,
1979-07-30,9.03,9.32,,-0.2900000000000009,,True,
1979-07-31,9.01,9.31,,-0.3000000000000007,,True,
1979-08-01,8.99,9.23,,-0.2400000000000002,,True,
1979-08-02,8.91,9.2,,-0.28999999999999915,,True,
1979-08-03,8.92,9.27,,-0.34999999999999964,,True,
1979-08-06,8.91,9.27,,-0.35999999999999943,,True,
1979-08-07,8.91,9.22,,-0.3100000000000005,,True,
1979-08-08,8.93,9.25,,-0.3200000000000003,,True,
1979-08-09,8.97,9.27,,-0.29999999999999893,,True,
1979-08-10,9.0,9.33,,-0.33000000000000007,,True,
1979-08-13,9.0,9.34,,-0.33999999999999986,,True,
1979-08-14,8.98,9.32,,-0.33999999999999986,,True,
1979-08-15,9.0,9.41,,-0.41000000000000014,,True,
1979-08-16,9.0,9.39,,-0.39000000000000057,,True,
1979-08-17,9.01,9.44,,-0.4299999999999997,,True,
1979-08-20,9.02,9.45,,-0.4299999999999997,,True,
1979-08-21,9.04,9.51,,-0.47000000000000064,,True,
1979-08-22,9.04,9.55,,-0.5100000000000016,,True,
1979-08-23,9.05,9.63,,-0.5800000000000001,,True,
1979-08-24,9.14,9.72,,-0.5800000000000001,,True,
1979-08-27,9.12,9.68,,-0.5600000000000005,,True,
1979-08-28,9.15,9.73,,-0.5800000000000001,,True,
1979-08-29,9.14,9.73,,-0.5899999999999999,,True,
1979-08-30,9.21,9.77,,-0.5599999999999987,,True,
1979-08-31,9.24,9.84,,-0.5999999999999996,,True,
1979-09-03,9.24,9.84,,-0.5999999999999996,,True,
1979-09-04,9.32,10.0,,-0.6799999999999997,,True,
1979-09-05,9.32,10.02,,-0.6999999999999993,,True,
1979-09-06,9.35,10.03,,-0.6799999999999997,,True,
1979-09-07,9.34,10.1,,-0.7599999999999998,,True,
1979-09-10,9.36,10.13,,-0.7700000000000014,,True,
1979-09-11,9.25,10.0,,-0.75,,True,
1979-09-12,9.3,10.04,,-0.7399999999999984,,True,
1979-09-13,9.34,10.1,,-0.7599999999999998,,True,
1979-09-14,9.29,10.02,,-0.7300000000000004,,True,
1979-09-17,9.37,10.13,,-0.7600000000000016,,True,
1979-09-18,9.36,10.14,,-0.7800000000000011,,True,
1979-09-19,9.31,10.08,,-0.7699999999999996,,True,
1979-09-20,9.29,10.03,,-0.7400000000000002,,True,
1979-09-21,9.26,10.0,,-0.7400000000000002,,True,
1979-09-24,9.34,10.01,,-0.6699999999999999,,True,
1979-09-25,9.32,10.01,,-0.6899999999999995,,True,
1979-09-26,9.36,10.02,,-0.6600000000000001,,True,
1979-09-27,9.44,10.11,,-0.6699999999999999,,True,
1979-09-28,9.44,10.1,,-0.6600000000000001,,True,
1979-10-01,9.51,10.14,,-0.6300000000000008,,True,
1979-10-02,9.47,10.14,,-0.6699999999999999,,True,
1979-10-03,9.5,10.14,,-0.6400000000000006,,True,
1979-10-04,9.58,10.34,,-0.7599999999999998,,True,
1979-10-05,9.6,10.39,,-0.7900000000000009,,True,
1979-10-08,9.6,10.39,,-0.7900000000000009,,True,
1979-10-09,9.93,11.12,,-1.1899999999999995,,True,
1979-10-10,10.09,11.4,,-1.3100000000000005,,True,
1979-10-11,10.17,11.26,,-1.0899999999999999,,True,
1979-10-12,10.15,11.17,,-1.0199999999999996,,True,
1979-10-15,10.31,11.39,,-1.08,,True,
1979-10-16,10.27,11.39,,-1.120000000000001,,True,
1979-10-17,10.2,11.4,,-1.200000000000001,,True,
1979-10-18,10.41,11.75,,-1.3399999999999999,,True,
1979-10-19,10.68,12.15,,-1.4700000000000006,,True,
1979-10-22,10.96,12.43,,-1.4699999999999989,,True,
1979-10-23,11.02,12.63,,-1.6100000000000012,,True,
1979-10-24,10.83,12.52,,-1.6899999999999995,,True,
1979-10-25,10.98,12.59,,-1.6099999999999994,,True,
1979-10-26,10.67,12.05,,-1.3800000000000008,,True,
1979-10-29,10.78,12.19,,-1.4100000000000001,,True,
1979-10-30,10.75,12.12,,-1.3699999999999992,,True,
1979-10-31,10.72,12.06,,-1.3399999999999999,,True,
1979-11-01,10.79,12.08,,-1.290000000000001,,True,
1979-11-02,10.84,12.19,,-1.3499999999999996,,True,
1979-11-05,10.85,12.15,,-1.3000000000000007,,True,
1979-11-06,10.85,12.15,,-1.3000000000000007,,True,
1979-11-07,11.0,12.36,,-1.3599999999999994,,True,
1979-11-08,10.96,12.29,,-1.3299999999999983,,True,
1979-11-09,10.68,11.78,,-1.0999999999999996,,True,
1979-11-12,10.68,11.78,,-1.0999999999999996,,True,
1979-11-13,10.63,11.64,,-1.0099999999999998,,True,
1979-11-14,10.75,11.82,,-1.0700000000000003,,True,
1979-11-15,10.62,11.68,,-1.0600000000000005,,True,
1979-11-16,10.77,11.97,,-1.200000000000001,,True,
1979-11-19,10.8,12.08,,-1.2799999999999994,,True,
1979-11-20,10.78,12.12,,-1.3399999999999999,,True,
1979-11-21,10.73,12.17,,-1.4399999999999995,,True,
1979-11-22,10.73,12.17,,-1.4399999999999995,,True,
1979-11-23,10.51,11.69,,-1.1799999999999997,,True,
1979-11-26,10.37,11.44,,-1.0700000000000003,,True,
1979-11-27,10.24,11.11,,-0.8699999999999992,,True,
1979-11-28,10.37,11.23,,-0.8600000000000012,,True,
1979-11-29,10.34,11.23,,-0.8900000000000006,,True,
1979-11-30,10.38,11.33,,-0.9499999999999993,,True,
1979-12-03,10.44,11.42,,-0.9800000000000004,,True,
1979-12-04,10.32,11.3,,-0.9800000000000004,,True,
1979-12-05,10.27,11.21,,-0.9400000000000013,,True,
1979-12-06,10.13,11.08,,-0.9499999999999993,,True,
1979-12-07,10.3,11.21,,-0.9100000000000001,,True,
1979-12-10,10.27,11.25,,-0.9800000000000004,,True,
1979-12-11,10.46,11.6,,-1.1399999999999988,,True,
1979-12-12,10.58,11.85,,-1.2699999999999996,,True,
1979-12-13,10.51,11.67,,-1.1600000000000001,,True,
1979-12-14,10.45,11.47,,-1.0200000000000014,,True,
1979-12-17,10.42,11.45,,-1.0299999999999994,,True,
1979-12-18,10.34,11.31,,-0.9700000000000006,,True,
1979-12-19,10.33,11.38,,-1.0500000000000007,,True,
1979-12-20,10.38,11.4,,-1.0199999999999996,,True,
1979-12-21,10.39,11.42,,-1.0299999999999994,,True,
1979-12-24,10.45,11.44,,-0.9900000000000002,,True,
1979-12-25,10.45,11.44,,-0.9900000000000002,,True,
1979-12-26,10.48,11.43,,-0.9499999999999993,,True,
1979-12-27,10.46,11.39,,-0.9299999999999997,,True,
1979-12-28,10.41,11.3,,-0.8900000000000006,,True,
1979-12-31,10.33,11.23,,-0.9000000000000004,,True,
1980-01-01,10.33,11.23,,-0.9000000000000004,,True,
1980-01-02,10.5,11.39,,-0.8900000000000006,,True,
1980-01-03,10.6,11.45,,-0.8499999999999996,,True,
1980-01-04,10.66,11.47,,-0.8100000000000005,,True,
1980-01-07,10.63,11.35,,-0.7199999999999989,,True,
1980-01-08,10.57,11.26,,-0.6899999999999995,,True,
1980-01-09,10.58,11.24,,-0.6600000000000001,,True,
1980-01-10,10.51,11.18,,-0.6699999999999999,,True,
1980-01-11,10.68,11.33,,-0.6500000000000004,,True,
1980-01-14,10.7,11.35,,-0.6500000000000004,,True,
1980-01-15,10.65,11.32,,-0.6699999999999999,,True,
1980-01-16,10.65,11.3,,-0.6500000000000004,,True,
1980-01-17,10.71,11.37,,-0.6599999999999984,,True,
1980-01-18,10.82,11.52,,-0.6999999999999993,,True,
1980-01-21,10.96,11.58,,-0.6199999999999992,,True,
1980-01-22,10.85,11.56,,-0.7100000000000009,,True,
1980-01-23,10.82,11.53,,-0.7099999999999991,,True,
1980-01-24,11.01,11.68,,-0.6699999999999999,,True,
1980-01-25,11.1,11.82,,-0.7200000000000006,,True,
1980-01-28,11.15,11.79,,-0.6399999999999988,,True,
1980-01-29,11.21,11.88,,-0.6699999999999999,,True,
1980-01-30,11.16,11.84,,-0.6799999999999997,,True,
1980-01-31,11.13,11.75,,-0.6199999999999992,,True,
1980-02-01,11.29,12.04,,-0.75,,True,
1980-02-04,11.4,12.12,,-0.7199999999999989,,True,
1980-02-05,11.73,12.49,,-0.7599999999999998,,True,
1980-02-06,11.92,12.42,,-0.5,,True,
1980-02-07,11.71,12.21,,-0.5,,True,
1980-02-08,11.8,12.31,,-0.5099999999999998,,True,
1980-02-11,12.01,12.6,,-0.5899999999999999,,True,
1980-02-12,12.01,12.6,,-0.5899999999999999,,True,
1980-02-13,11.86,12.52,,-0.6600000000000001,,True,
1980-02-14,11.97,12.6,,-0.629999999999999,,True,
1980-02-15,12.2,13.13,,-0.9300000000000015,,True,
1980-02-18,12.2,13.13,,-0.9300000000000015,,True,
1980-02-19,12.85,13.96,,-1.1100000000000012,,True,
1980-02-20,12.84,14.03,,-1.1899999999999995,,True,
1980-02-21,13.22,14.51,,-1.2899999999999991,,True,
1980-02-22,13.06,14.52,,-1.459999999999999,,True,
1980-02-25,13.27,14.62,,-1.3499999999999996,,True,
1980-02-26,13.65,14.91,,-1.2599999999999998,,True,
1980-02-27,13.46,14.82,,-1.3599999999999994,,True,
1980-02-28,12.92,14.41,,-1.4900000000000002,,True,
1980-02-29,12.72,14.73,,-2.01,,True,
1980-03-03,12.79,14.83,,-2.040000000000001,,True,
1980-03-04,12.91,14.86,,-1.9499999999999993,,True,
1980-03-05,13.03,14.99,,-1.9600000000000009,,True,
1980-03-06,13.13,15.27,,-2.139999999999999,,True,
1980-03-07,12.86,15.2,,-2.34,,True,
1980-03-10,12.63,14.71,,-2.08,,True,
1980-03-11,12.41,14.43,,-2.0199999999999996,,True,
1980-03-12,12.62,14.74,,-2.120000000000001,,True,
1980-03-13,12.5,14.69,,-2.1899999999999995,,True,
1980-03-14,12.52,14.8,,-2.280000000000001,,True,
1980-03-17,12.58,14.82,,-2.24,,True,
1980-03-18,12.4,14.42,,-2.0199999999999996,,True,
1980-03-19,12.35,14.33,,-1.9800000000000004,,True,
1980-03-20,12.62,15.03,,-2.41,,True,
1980-03-21,12.75,15.02,,-2.2699999999999996,,True,
1980-03-24,13.17,15.36,,-2.1899999999999995,,True,
1980-03-25,13.1,15.19,,-2.09,,True,
1980-03-26,13.03,15.26,,-2.2300000000000004,,True,
1980-03-27,12.97,15.11,,-2.139999999999999,,True,
1980-03-28,12.72,14.89,,-2.17,,True,
1980-03-31,12.64,14.63,,-1.9900000000000002,,True,
1980-04-01,12.69,14.59,,-1.9000000000000004,,True,
1980-04-02,12.63,14.52,,-1.8899999999999988,,True,
1980-04-03,12.52,14.51,,-1.9900000000000002,,True,
1980-04-04,12.52,14.51,,-1.9900000000000002,,True,
1980-04-07,12.13,13.85,,-1.7199999999999989,,True,
1980-04-08,12.21,13.89,,-1.6799999999999997,,True,
1980-04-09,12.06,13.54,,-1.4799999999999986,,True,
1980-04-10,12.06,13.57,,-1.5099999999999998,,True,
1980-04-11,11.79,13.22,,-1.4300000000000015,,True,
1980-04-14,11.62,12.96,,-1.3400000000000016,,True,
1980-04-15,11.57,12.72,,-1.1500000000000004,,True,
1980-04-16,10.9,11.97,,-1.0700000000000003,,True,
1980-04-17,11.13,11.97,,-0.8399999999999999,,True,
1980-04-18,11.05,11.76,,-0.7099999999999991,,True,
1980-04-21,10.9,11.56,,-0.6600000000000001,,True,
1980-04-22,10.82,11.43,,-0.6099999999999994,,True,
1980-04-23,10.89,11.38,,-0.4900000000000002,,True,
1980-04-24,10.96,11.42,,-0.4599999999999991,,True,
1980-04-25,10.95,11.39,,-0.4400000000000013,,True,
1980-04-28,10.63,10.74,,-0.10999999999999943,,True,
1980-04-29,10.67,10.74,,-0.07000000000000028,,True,
1980-04-30,10.76,10.81,,-0.05000000000000071,,True,
1980-05-01,10.57,10.7,,-0.129999999999999,,True,
1980-05-02,10.24,10.04,,0.20000000000000107,,False,
1980-05-05,10.18,9.85,,0.33000000000000007,,False,
1980-05-06,9.8,9.4,,0.40000000000000036,,False,
1980-05-07,9.96,9.41,,0.5500000000000007,,False,
1980-05-08,10.18,9.48,,0.6999999999999993,,False,
1980-05-09,10.3,9.85,,0.45000000000000107,,False,
1980-05-12,10.3,9.52,,0.7800000000000011,,False,
1980-05-13,10.13,9.38,,0.75,,False,
1980-05-14,10.14,9.27,,0.870000000000001,,False,
1980-05-15,10.31,9.48,,0.8300000000000001,,False,
1980-05-16,10.37,9.76,,0.6099999999999994,,False,
1980-05-19,10.53,9.78,,0.75,,False,
1980-05-20,10.22,9.26,,0.9600000000000009,,False,
1980-05-21,10.08,9.14,,0.9399999999999995,,False,
1980-05-22,10.1,9.13,,0.9699999999999989,,False,
1980-05-23,9.85,8.73,,1.1199999999999992,,False,
1980-05-26,9.85,8.73,,1.1199999999999992,,False,
1980-05-27,9.96,8.82,,1.1400000000000006,,False,
1980-05-28,10.1,9.04,,1.0600000000000005,,False,
1980-05-29,10.24,9.16,,1.08,,False,
1980-05-30,10.25,9.25,,1.0,,False,
1980-06-02,10.31,9.34,,0.9700000000000006,,False,
1980-06-03,10.16,9.2,,0.9600000000000009,,False,
1980-06-04,10.07,9.06,,1.0099999999999998,,False,
1980-06-05,10.02,8.97,,1.049999999999999,,False,
1980-06-06,9.81,8.72,,1.0899999999999999,,False,
1980-06-09,9.73,8.61,,1.120000000000001,,False,
1980-06-10,9.83,8.79,,1.040000000000001,,False,
1980-06-11,9.7,8.65,,1.049999999999999,,False,
1980-06-12,9.53,8.46,,1.0699999999999985,,False,
1980-06-13,9.51,8.39,,1.1199999999999992,,False,
1980-06-16,9.47,8.38,,1.0899999999999999,,False,
1980-06-17,9.49,8.36,,1.1300000000000008,,False,
1980-06-18,9.56,8.58,,0.9800000000000004,,False,
1980-06-19,9.56,8.68,,0.8800000000000008,,False,
1980-06-20,9.49,8.43,,1.0600000000000005,,False,
1980-06-23,9.63,8.59,,1.040000000000001,,False,
1980-06-24,9.68,8.64,,1.0399999999999991,,False,
1980-06-25,9.79,8.73,,1.0599999999999987,,False,
1980-06-26,9.87,8.8,,1.0699999999999985,,False,
1980-06-27,10.04,8.94,,1.0999999999999996,,False,
1980-06-30,10.09,8.97,,1.1199999999999992,,False,
1980-07-01,10.13,9.01,,1.120000000000001,,False,
1980-07-02,10.19,9.01,,1.1799999999999997,,False,
1980-07-03,10.01,8.77,,1.2400000000000002,,False,
1980-07-04,10.01,8.77,,1.2400000000000002,,False,
1980-07-07,10.2,8.94,,1.2599999999999998,,False,
1980-07-08,10.09,8.8,,1.2899999999999991,,False,
1980-07-09,10.14,8.83,,1.3100000000000005,,False,
1980-07-10,10.21,8.9,,1.3100000000000005,,False,
1980-07-11,10.28,8.97,,1.3099999999999987,,False,
1980-07-14,10.33,9.16,,1.17,,False,
1980-07-15,10.17,8.98,,1.1899999999999995,,False,
1980-07-16,10.07,8.79,,1.2800000000000011,,False,
1980-07-17,10.21,8.89,,1.3200000000000003,,False,
1980-07-18,10.2,8.93,,1.2699999999999996,,False,
1980-07-21,10.13,8.93,,1.200000000000001,,False,
1980-07-22,10.18,9.02,,1.1600000000000001,,False,
1980-07-23,10.12,8.95,,1.17,,False,
1980-07-24,10.24,9.05,,1.1899999999999995,,False,
1980-07-25,10.35,9.15,,1.1999999999999993,,False,
1980-07-28,10.46,9.24,,1.2200000000000006,,False,
1980-07-29,10.45,9.28,,1.17,,False,
1980-07-30,10.53,9.33,,1.1999999999999993,,False,
1980-07-31,10.76,9.72,,1.0399999999999991,,False,
1980-08-01,10.76,9.78,,0.9800000000000004,,False,
1980-08-04,10.69,9.66,,1.0299999999999994,,False,
1980-08-05,10.7,9.67,,1.0299999999999994,,False,
1980-08-06,10.8,9.69,,1.1100000000000012,,False,
1980-08-07,10.71,9.67,,1.040000000000001,,False,
1980-08-08,10.87,9.81,,1.0599999999999987,,False,
1980-08-11,11.03,10.07,,0.9599999999999991,,False,
1980-08-12,10.98,10.03,,0.9500000000000011,,False,
1980-08-13,10.89,10.03,,0.8600000000000012,,False,
1980-08-14,10.9,10.07,,0.8300000000000001,,False,
1980-08-15,10.86,10.12,,0.7400000000000002,,False,
1980-08-18,11.13,10.77,,0.3600000000000012,,False,
1980-08-19,11.24,10.91,,0.33000000000000007,,False,
1980-08-20,11.22,11.11,,0.11000000000000121,,False,
1980-08-21,11.3,11.27,,0.030000000000001137,,False,
1980-08-22,11.13,11.09,,0.040000000000000924,,False,
1980-08-25,11.4,11.34,,0.0600000000000005,,False,
1980-08-26,11.42,11.34,,0.08000000000000007,,False,
1980-08-27,11.67,11.52,,0.15000000000000036,,False,
1980-08-28,11.89,11.77,,0.120000000000001,,False,
1980-08-29,11.55,11.36,,0.19000000000000128,,False,
1980-09-01,11.55,11.36,,0.19000000000000128,,False,
1980-09-02,11.32,11.05,,0.2699999999999996,,False,
1980-09-03,11.08,10.73,,0.34999999999999964,,False,
1980-09-04,11.16,10.77,,0.39000000000000057,,False,
1980-09-05,11.21,10.89,,0.3200000000000003,,False,
1980-09-08,11.29,11.11,,0.17999999999999972,,False,
1980-09-09,11.19,11.13,,0.05999999999999872,,False,
1980-09-10,11.14,11.03,,0.11000000000000121,,False,
1980-09-11,11.32,11.27,,0.05000000000000071,,False,
1980-09-12,11.37,11.4,,-0.030000000000001137,,True,
1980-09-15,11.62,11.79,,-0.16999999999999993,,True,
1980-09-16,11.52,11.68,,-0.16000000000000014,,True,
1980-09-17,11.57,11.79,,-0.21999999999999886,,True,
1980-09-18,11.53,11.84,,-0.3100000000000005,,True,
1980-09-19,11.33,11.59,,-0.2599999999999998,,True,
1980-09-22,11.69,12.0,,-0.3100000000000005,,True,
1980-09-23,11.76,12.0,,-0.2400000000000002,,True,
1980-09-24,11.75,11.98,,-0.23000000000000043,,True,
1980-09-25,11.91,12.11,,-0.1999999999999993,,True,
1980-09-26,11.99,12.4,,-0.41000000000000014,,True,
1980-09-29,12.07,12.38,,-0.3100000000000005,,True,
1980-09-30,11.86,12.13,,-0.27000000000000135,,True,
1980-10-01,11.78,12.02,,-0.2400000000000002,,True,
1980-10-02,11.83,12.06,,-0.23000000000000043,,True,
1980-10-03,11.4,11.51,,-0.10999999999999943,,True,
1980-10-06,11.35,11.41,,-0.0600000000000005,,True,
1980-10-07,11.43,11.44,,-0.009999999999999787,,True,
1980-10-08,11.51,11.69,,-0.17999999999999972,,True,
1980-10-09,11.39,11.6,,-0.20999999999999908,,True,
1980-10-10,11.44,11.64,,-0.20000000000000107,,True,
1980-10-13,11.44,11.64,,-0.20000000000000107,,True,
1980-10-14,11.37,11.67,,-0.3000000000000007,,True,
1980-10-15,11.29,11.58,,-0.2900000000000009,,True,
1980-10-16,11.47,11.69,,-0.21999999999999886,,True,
1980-10-17,11.62,11.91,,-0.2900000000000009,,True,
1980-10-20,11.64,12.0,,-0.35999999999999943,,True,
1980-10-21,11.7,12.11,,-0.41000000000000014,,True,
1980-10-22,11.88,12.31,,-0.4299999999999997,,True,
1980-10-23,11.82,12.31,,-0.4900000000000002,,True,
1980-10-24,11.74,12.25,,-0.5099999999999998,,True,
1980-10-27,12.13,12.73,,-0.5999999999999996,,True,
1980-10-28,12.32,12.91,,-0.5899999999999999,,True,
1980-10-29,12.48,12.98,,-0.5,,True,
1980-10-30,12.48,13.04,,-0.5599999999999987,,True,
1980-10-31,12.46,13.08,,-0.6199999999999992,,True,
1980-11-03,12.46,13.23,,-0.7699999999999996,,True,
1980-11-04,12.46,13.23,,-0.7699999999999996,,True,
1980-11-05,12.61,13.38,,-0.7700000000000014,,True,
1980-11-06,13.04,13.57,,-0.5300000000000011,,True,
1980-11-07,12.66,13.36,,-0.6999999999999993,,True,
1980-11-10,12.78,13.29,,-0.5099999999999998,,True,
1980-11-11,12.78,13.29,,-0.5099999999999998,,True,
1980-11-12,12.47,12.86,,-0.3899999999999988,,True,
1980-11-13,12.49,12.89,,-0.40000000000000036,,True,
1980-11-14,12.79,13.25,,-0.46000000000000085,,True,
1980-11-17,12.95,13.71,,-0.7600000000000016,,True,
1980-11-18,12.62,13.47,,-0.8500000000000014,,True,
1980-11-19,12.51,13.37,,-0.8599999999999994,,True,
1980-11-20,12.59,13.53,,-0.9399999999999995,,True,
1980-11-21,12.8,13.83,,-1.0299999999999994,,True,
1980-11-24,12.76,13.88,,-1.120000000000001,,True,
1980-11-25,12.74,13.99,,-1.25,,True,
1980-11-26,12.65,14.0,,-1.3499999999999996,,True,
1980-11-27,12.65,14.0,,-1.3499999999999996,,True,
1980-11-28,12.72,14.13,,-1.4100000000000001,,True,
1980-12-01,12.92,14.25,,-1.33,,True,
1980-12-02,12.95,14.25,,-1.3000000000000007,,True,
1980-12-03,12.92,14.04,,-1.1199999999999992,,True,
1980-12-04,12.91,14.15,,-1.2400000000000002,,True,
1980-12-05,12.85,14.34,,-1.4900000000000002,,True,
1980-12-08,12.91,14.45,,-1.5399999999999991,,True,
1980-12-09,13.1,14.54,,-1.4399999999999995,,True,
1980-12-10,13.15,14.59,,-1.4399999999999995,,True,
1980-12-11,13.57,14.97,,-1.4000000000000004,,True,
1980-12-12,13.21,14.74,,-1.5299999999999994,,True,
1980-12-15,13.25,14.83,,-1.58,,True,
1980-12-16,13.51,15.12,,-1.6099999999999994,,True,
1980-12-17,13.28,14.98,,-1.700000000000001,,True,
1980-12-18,13.22,14.89,,-1.67,,True,
1980-12-19,12.64,14.05,,-1.4100000000000001,,True,
1980-12-22,12.14,13.24,,-1.0999999999999996,,True,
1980-12-23,12.35,13.04,,-0.6899999999999995,,True,
1980-12-24,12.42,13.37,,-0.9499999999999993,,True,
1980-12-25,12.42,13.37,,-0.9499999999999993,,True,
1980-12-26,12.25,12.95,,-0.6999999999999993,,True,
1980-12-29,12.2,12.87,,-0.6699999999999999,,True,
1980-12-30,12.39,12.97,,-0.5800000000000001,,True,
1980-12-31,12.43,13.06,,-0.6300000000000008,,True,
1981-01-01,12.43,13.06,,-0.6300000000000008,,True,
1981-01-02,12.42,13.1,,-0.6799999999999997,,True,
1981-01-05,12.15,12.28,,-0.129999999999999,,True,
1981-01-06,12.11,12.42,,-0.3100000000000005,,True,
1981-01-07,12.38,12.92,,-0.5399999999999991,,True,
1981-01-08,12.35,13.09,,-0.7400000000000002,,True,
1981-01-09,12.57,13.53,,-0.9599999999999991,,True,
1981-01-12,12.45,13.17,,-0.7200000000000006,,True,
1981-01-13,12.53,13.3,,-0.7700000000000014,,True,
1981-01-14,12.53,12.95,,-0.41999999999999993,,True,
1981-01-15,12.62,13.25,,-0.6300000000000008,,True,
1981-01-16,12.53,13.08,,-0.5500000000000007,,True,
1981-01-19,12.64,13.62,,-0.9799999999999986,,True,
1981-01-20,12.5,13.48,,-0.9800000000000004,,True,
1981-01-21,12.77,13.79,,-1.0199999999999996,,True,
1981-01-22,12.87,13.83,,-0.9600000000000009,,True,
1981-01-23,12.84,13.74,,-0.9000000000000004,,True,
1981-01-26,12.7,13.4,,-0.7000000000000011,,True,
1981-01-27,12.73,13.4,,-0.6699999999999999,,True,
1981-01-28,12.77,13.48,,-0.7100000000000009,,True,
1981-01-29,12.8,13.42,,-0.6199999999999992,,True,
1981-01-30,12.68,13.26,,-0.5800000000000001,,True,
1981-02-02,12.86,13.51,,-0.6500000000000004,,True,
1981-02-03,12.98,13.7,,-0.7199999999999989,,True,
1981-02-04,12.86,13.63,,-0.7700000000000014,,True,
1981-02-05,12.95,13.63,,-0.6800000000000015,,True,
1981-02-06,13.09,13.89,,-0.8000000000000007,,True,
1981-02-09,13.21,13.97,,-0.7599999999999998,,True,
1981-02-10,13.27,14.1,,-0.8300000000000001,,True,
1981-02-11,13.42,14.34,,-0.9199999999999999,,True,
1981-02-12,13.42,14.34,,-0.9199999999999999,,True,
1981-02-13,13.65,14.45,,-0.7999999999999989,,True,
1981-02-16,13.65,14.45,,-0.7999999999999989,,True,
1981-02-17,13.33,13.97,,-0.6400000000000006,,True,
1981-02-18,13.3,13.98,,-0.6799999999999997,,True,
1981-02-19,13.09,13.72,,-0.6300000000000008,,True,
1981-02-20,12.9,13.55,,-0.6500000000000004,,True,
1981-02-23,13.19,13.92,,-0.7300000000000004,,True,
1981-02-24,13.21,14.0,,-0.7899999999999991,,True,
1981-02-25,13.29,14.0,,-0.7100000000000009,,True,
1981-02-26,13.47,14.1,,-0.629999999999999,,True,
1981-02-27,13.43,14.08,,-0.6500000000000004,,True,
1981-03-02,13.62,14.4,,-0.7800000000000011,,True,
1981-03-03,13.43,14.13,,-0.7000000000000011,,True,
1981-03-04,13.45,14.21,,-0.7600000000000016,,True,
1981-03-05,13.43,14.17,,-0.7400000000000002,,True,
1981-03-06,13.2,13.91,,-0.7100000000000009,,True,
1981-03-09,13.09,13.84,,-0.75,,True,
1981-03-10,13.08,13.74,,-0.6600000000000001,,True,
1981-03-11,13.12,13.79,,-0.6699999999999999,,True,
1981-03-12,13.03,13.7,,-0.6699999999999999,,True,
1981-03-13,12.86,13.45,,-0.5899999999999999,,True,
1981-03-16,12.85,13.3,,-0.45000000000000107,,True,
1981-03-17,12.68,13.2,,-0.5199999999999996,,True,
1981-03-18,12.58,12.75,,-0.16999999999999993,,True,
1981-03-19,12.67,12.84,,-0.16999999999999993,,True,
1981-03-20,12.77,12.88,,-0.11000000000000121,,True,
1981-03-23,13.13,13.36,,-0.22999999999999865,,True,
1981-03-24,13.3,13.55,,-0.25,,True,
1981-03-25,13.21,13.51,,-0.29999999999999893,,True,
1981-03-26,13.34,13.62,,-0.27999999999999936,,True,
1981-03-27,13.36,13.67,,-0.3100000000000005,,True,
1981-03-30,13.22,13.32,,-0.09999999999999964,,True,
1981-03-31,13.13,13.17,,-0.03999999999999915,,True,
1981-04-01,13.14,13.19,,-0.049999999999998934,,True,
1981-04-02,13.25,13.4,,-0.15000000000000036,,True,
1981-04-03,13.4,13.57,,-0.16999999999999993,,True,
1981-04-06,13.74,14.13,,-0.39000000000000057,,True,
1981-04-07,13.41,13.7,,-0.28999999999999915,,True,
1981-04-08,13.61,13.89,,-0.28000000000000114,,True,
1981-04-09,13.45,13.87,,-0.41999999999999993,,True,
1981-04-10,13.59,13.9,,-0.3100000000000005,,True,
1981-04-13,13.68,14.05,,-0.370000000000001,,True,
1981-04-14,13.58,13.92,,-0.33999999999999986,,True,
1981-04-15,13.74,14.19,,-0.4499999999999993,,True,
1981-04-16,13.79,14.23,,-0.4400000000000013,,True,
1981-04-17,13.79,14.23,,-0.4400000000000013,,True,
1981-04-20,13.69,14.33,,-0.6400000000000006,,True,
1981-04-21,13.73,14.34,,-0.6099999999999994,,True,
1981-04-22,13.78,14.41,,-0.6300000000000008,,True,
1981-04-23,13.8,14.51,,-0.7099999999999991,,True,
1981-04-24,13.88,14.66,,-0.7799999999999994,,True,
1981-04-27,13.92,14.73,,-0.8100000000000005,,True,
1981-04-28,13.93,14.65,,-0.7200000000000006,,True,
1981-04-29,14.05,14.67,,-0.6199999999999992,,True,
1981-04-30,14.11,14.84,,-0.7300000000000004,,True,
1981-05-01,14.05,14.72,,-0.6699999999999999,,True,
1981-05-04,14.47,15.37,,-0.8999999999999986,,True,
1981-05-05,14.69,15.94,,-1.25,,True,
1981-05-06,14.56,15.83,,-1.2699999999999996,,True,
1981-05-07,14.33,15.69,,-1.3599999999999994,,True,
1981-05-08,14.23,15.69,,-1.459999999999999,,True,
1981-05-11,14.34,15.74,,-1.4000000000000004,,True,
1981-05-12,14.46,15.93,,-1.4699999999999989,,True,
1981-05-13,14.49,15.94,,-1.4499999999999993,,True,
1981-05-14,14.24,15.8,,-1.5600000000000005,,True,
1981-05-15,14.07,15.55,,-1.4800000000000004,,True,
1981-05-18,13.8,15.19,,-1.3899999999999988,,True,
1981-05-19,13.95,15.47,,-1.5200000000000014,,True,
1981-05-20,14.0,15.63,,-1.6300000000000008,,True,
1981-05-21,14.05,15.75,,-1.6999999999999993,,True,
1981-05-22,13.82,15.48,,-1.6600000000000001,,True,
1981-05-25,13.82,15.48,,-1.6600000000000001,,True,
1981-05-26,13.67,15.09,,-1.42,,True,
1981-05-27,13.71,15.14,,-1.4299999999999997,,True,
1981-05-28,13.56,14.79,,-1.2299999999999986,,True,
1981-05-29,13.5,14.4,,-0.9000000000000004,,True,
1981-06-01,13.46,14.47,,-1.0099999999999998,,True,
1981-06-02,13.58,14.66,,-1.08,,True,
1981-06-03,13.55,14.65,,-1.0999999999999996,,True,
1981-06-04,13.51,14.76,,-1.25,,True,
1981-06-05,13.56,14.73,,-1.17,,True,
1981-06-08,13.36,14.31,,-0.9500000000000011,,True,
1981-06-09,13.37,14.41,,-1.040000000000001,,True,
1981-06-10,13.31,14.31,,-1.0,,True,
1981-06-11,13.32,14.4,,-1.08,,True,
1981-06-12,13.35,14.44,,-1.0899999999999999,,True,
1981-06-15,13.09,14.03,,-0.9399999999999995,,True,
1981-06-16,13.08,14.11,,-1.0299999999999994,,True,
1981-06-17,13.23,14.37,,-1.1399999999999988,,True,
1981-06-18,13.57,14.66,,-1.0899999999999999,,True,
1981-06-19,13.46,14.65,,-1.1899999999999995,,True,
1981-06-22,13.44,14.49,,-1.0500000000000007,,True,
1981-06-23,13.56,14.59,,-1.0299999999999994,,True,
1981-06-24,13.66,14.71,,-1.0500000000000007,,True,
1981-06-25,13.7,14.65,,-0.9500000000000011,,True,
1981-06-26,13.69,14.59,,-0.9000000000000004,,True,
1981-06-29,13.68,14.48,,-0.8000000000000007,,True,
1981-06-30,13.86,14.66,,-0.8000000000000007,,True,
1981-07-01,14.04,14.94,,-0.9000000000000004,,True,
1981-07-02,13.95,14.87,,-0.9199999999999999,,True,
1981-07-03,13.95,14.87,,-0.9199999999999999,,True,
1981-07-06,13.81,14.68,,-0.8699999999999992,,True,
1981-07-07,14.04,14.92,,-0.8800000000000008,,True,
1981-07-08,14.11,15.02,,-0.9100000000000001,,True,
1981-07-09,14.12,15.14,,-1.0200000000000014,,True,
1981-07-10,13.94,14.88,,-0.9400000000000013,,True,
1981-07-13,13.99,14.83,,-0.8399999999999999,,True,
1981-07-14,14.15,15.07,,-0.9199999999999999,,True,
1981-07-15,14.07,15.03,,-0.9599999999999991,,True,
1981-07-16,14.11,15.11,,-1.0,,True,
1981-07-17,14.09,15.07,,-0.9800000000000004,,True,
1981-07-20,14.59,15.96,,-1.370000000000001,,True,
1981-07-21,14.61,16.0,,-1.3900000000000006,,True,
1981-07-22,14.63,15.95,,-1.3199999999999985,,True,
1981-07-23,14.57,15.85,,-1.2799999999999994,,True,
1981-07-24,14.41,15.64,,-1.2300000000000004,,True,
1981-07-27,14.43,15.57,,-1.1400000000000006,,True,
1981-07-28,14.53,15.78,,-1.25,,True,
1981-07-29,14.61,15.76,,-1.1500000000000004,,True,
1981-07-30,14.71,15.88,,-1.17,,True,
1981-07-31,14.67,15.84,,-1.17,,True,
1981-08-03,14.95,16.16,,-1.2100000000000009,,True,
1981-08-04,14.95,16.16,,-1.2100000000000009,,True,
1981-08-05,14.91,16.07,,-1.1600000000000001,,True,
1981-08-06,14.86,16.03,,-1.1700000000000017,,True,
1981-08-07,14.83,16.05,,-1.2200000000000006,,True,
1981-08-10,14.65,15.83,,-1.1799999999999997,,True,
1981-08-11,14.4,15.67,,-1.2699999999999996,,True,
1981-08-12,14.61,16.02,,-1.4100000000000001,,True,
1981-08-13,14.65,16.13,,-1.4799999999999986,,True,
1981-08-14,14.74,16.19,,-1.450000000000001,,True,
1981-08-17,14.71,16.22,,-1.509999999999998,,True,
1981-08-18,14.79,16.3,,-1.5100000000000016,,True,
1981-08-19,14.77,16.32,,-1.5500000000000007,,True,
1981-08-20,14.89,16.25,,-1.3599999999999994,,True,
1981-08-21,14.97,16.31,,-1.339999999999998,,True,
1981-08-24,15.32,16.86,,-1.5399999999999991,,True,
1981-08-25,15.35,16.67,,-1.320000000000002,,True,
1981-08-26,15.31,16.69,,-1.3800000000000008,,True,
1981-08-27,15.36,16.75,,-1.3900000000000006,,True,
1981-08-28,15.25,16.57,,-1.3200000000000003,,True,
1981-08-31,15.41,16.73,,-1.3200000000000003,,True,
1981-09-01,15.41,16.78,17.01,-1.370000000000001,-1.6000000000000014,True,True
1981-09-02,15.4,16.78,16.65,-1.3800000000000008,-1.2499999999999982,True,True
1981-09-03,15.48,16.9,16.96,-1.4199999999999982,-1.4800000000000004,True,True
1981-09-04,15.51,16.89,16.64,-1.3800000000000008,-1.1300000000000008,True,True
1981-09-07,15.51,16.89,16.64,-1.3800000000000008,-1.1300000000000008,True,True
1981-09-08,15.59,16.95,16.54,-1.3599999999999994,-0.9499999999999993,True,True
1981-09-09,15.53,16.95,16.39,-1.42,-0.8600000000000012,True,True
1981-09-10,15.3,16.72,15.9,-1.4199999999999982,-0.5999999999999996,True,True
1981-09-11,15.05,16.47,15.76,-1.4199999999999982,-0.7099999999999991,True,True
1981-09-14,15.2,16.43,15.27,-1.2300000000000004,-0.07000000000000028,True,True
1981-09-15,15.08,16.13,15.16,-1.049999999999999,-0.08000000000000007,True,True
1981-09-16,15.11,16.09,15.1,-0.9800000000000004,0.009999999999999787,True,False
1981-09-17,14.95,16.01,15.18,-1.0600000000000023,-0.23000000000000043,True,True
1981-09-18,14.91,16.02,15.07,-1.1099999999999994,-0.16000000000000014,True,True
1981-09-21,14.78,15.79,14.98,-1.0099999999999998,-0.20000000000000107,True,True
1981-09-22,15.03,16.04,15.51,-1.0099999999999998,-0.4800000000000004,True,True
1981-09-23,15.23,16.11,14.94,-0.879999999999999,0.2900000000000009,True,False
1981-09-24,15.31,16.17,14.94,-0.8600000000000012,0.370000000000001,True,False
1981-09-25,15.68,16.53,15.02,-0.8500000000000014,0.6600000000000001,True,False
1981-09-28,15.65,16.57,14.82,-0.9199999999999999,0.8300000000000001,True,False
1981-09-29,15.76,16.59,14.86,-0.8300000000000001,0.9000000000000004,True,False
1981-09-30,15.84,16.69,15.05,-0.8500000000000014,0.7899999999999991,True,False
1981-10-01,15.75,16.57,15.33,-0.8200000000000003,0.41999999999999993,True,False
1981-10-02,15.41,16.34,15.4,-0.9299999999999997,0.009999999999999787,True,False
1981-10-05,15.19,15.87,14.98,-0.6799999999999997,0.20999999999999908,True,False
1981-10-06,15.14,15.85,14.61,-0.7099999999999991,0.5300000000000011,True,False
1981-10-07,15.04,15.73,14.54,-0.6900000000000013,0.5,True,False
1981-10-08,15.0,15.79,14.38,-0.7899999999999991,0.6199999999999992,True,False
1981-10-09,14.73,15.2,13.96,-0.46999999999999886,0.7699999999999996,True,False
1981-10-12,14.73,15.2,13.96,-0.46999999999999886,0.7699999999999996,True,False
1981-10-13,14.83,15.25,14.17,-0.41999999999999993,0.6600000000000001,True,False
1981-10-14,14.87,15.35,13.97,-0.4800000000000004,0.8999999999999986,True,False
1981-10-15,14.88,15.31,14.0,-0.4299999999999997,0.8800000000000008,True,False
1981-10-16,14.94,15.46,14.18,-0.5200000000000014,0.7599999999999998,True,False
1981-10-19,14.95,15.48,14.2,-0.5300000000000011,0.75,True,False
1981-10-20,15.09,15.48,14.13,-0.39000000000000057,0.9599999999999991,True,False
1981-10-21,15.34,15.55,14.17,-0.21000000000000085,1.17,True,False
1981-10-22,15.38,15.56,13.98,-0.17999999999999972,1.4000000000000004,True,False
1981-10-23,15.3,15.41,13.87,-0.10999999999999943,1.4300000000000015,True,False
1981-10-26,15.6,15.56,13.96,0.03999999999999915,1.6399999999999988,False,False
1981-10-27,15.54,15.56,14.02,-0.02000000000000135,1.5199999999999996,True,False
1981-10-28,15.44,15.42,13.93,0.019999999999999574,1.5099999999999998,False,False
1981-10-29,15.06,15.07,13.74,-0.009999999999999787,1.3200000000000003,True,False
1981-10-30,14.63,14.59,13.33,0.040000000000000924,1.3000000000000007,False,False
1981-11-02,14.57,14.44,13.34,0.13000000000000078,1.2300000000000004,False,False
1981-11-03,14.57,14.44,13.34,0.13000000000000078,1.2300000000000004,False,False
1981-11-04,14.18,14.11,12.87,0.07000000000000028,1.3100000000000005,False,False
1981-11-05,14.19,14.2,12.73,-0.009999999999999787,1.459999999999999,True,False
1981-11-06,13.94,13.86,12.21,0.08000000000000007,1.7299999999999986,False,False
1981-11-09,13.39,13.17,11.72,0.22000000000000064,1.67,False,False
1981-11-10,13.4,13.22,11.74,0.17999999999999972,1.6600000000000001,False,False
1981-11-11,13.4,13.22,11.74,0.17999999999999972,1.6600000000000001,False,False
1981-11-12,13.19,12.77,11.07,0.41999999999999993,2.119999999999999,False,False
1981-11-13,13.18,12.83,11.32,0.34999999999999964,1.8599999999999994,False,False
1981-11-16,13.07,12.69,11.11,0.3800000000000008,1.9600000000000009,False,False
1981-11-17,13.18,12.71,11.08,0.46999999999999886,2.0999999999999996,False,False
1981-11-18,13.0,12.19,10.46,0.8100000000000005,2.539999999999999,False,False
1981-11-19,13.04,12.22,10.63,0.8199999999999985,2.4099999999999984,False,False
1981-11-20,13.14,12.21,10.51,0.9299999999999997,2.630000000000001,False,False
1981-11-23,13.44,12.5,10.91,0.9399999999999995,2.5299999999999994,False,False
1981-11-24,13.13,12.15,10.6,0.9800000000000004,2.530000000000001,False,False
1981-11-25,12.98,12.13,10.56,0.8499999999999996,2.42,False,False
1981-11-26,12.98,12.13,10.56,0.8499999999999996,2.42,False,False
1981-11-27,12.92,12.11,10.58,0.8100000000000005,2.34,False,False
1981-11-30,13.13,12.36,10.78,0.7700000000000014,2.3500000000000014,False,False
1981-12-01,13.37,12.71,10.81,0.6599999999999984,2.5599999999999987,False,False
1981-12-02,13.49,12.89,10.82,0.5999999999999996,2.67,False,False
1981-12-03,13.45,12.88,10.95,0.5699999999999985,2.5,False,False
1981-12-04,13.15,12.23,10.29,0.9199999999999999,2.860000000000001,False,False
1981-12-07,13.5,12.58,10.66,0.9199999999999999,2.84,False,False
1981-12-08,13.5,12.65,10.68,0.8499999999999996,2.8200000000000003,False,False
1981-12-09,13.64,12.87,10.68,0.7700000000000014,2.960000000000001,False,False
1981-12-10,13.8,13.16,11.13,0.6400000000000006,2.67,False,False
1981-12-11,13.84,13.35,11.33,0.4900000000000002,2.51,False,False
1981-12-14,13.62,13.39,11.4,0.22999999999999865,2.219999999999999,False,False
1981-12-15,13.55,13.1,11.35,0.45000000000000107,2.200000000000001,False,False
1981-12-16,13.53,13.04,11.38,0.4900000000000002,2.1499999999999986,False,False
1981-12-17,13.71,13.37,11.62,0.34000000000000163,2.0900000000000016,False,False
1981-12-18,13.51,13.19,11.33,0.3200000000000003,2.1799999999999997,False,False
1981-12-21,13.83,13.61,11.56,0.22000000000000064,2.2699999999999996,False,False
1981-12-22,14.02,13.77,11.51,0.25,2.51,False,False
1981-12-23,14.14,14.12,11.94,0.02000000000000135,2.200000000000001,False,False
1981-12-24,14.01,13.95,11.57,0.0600000000000005,2.4399999999999995,False,False
1981-12-25,14.01,13.95,11.57,0.0600000000000005,2.4399999999999995,False,False
1981-12-28,14.01,14.02,11.75,-0.009999999999999787,2.26,True,False
1981-12-29,14.12,13.98,12.22,0.1399999999999988,1.8999999999999986,False,False
1981-12-30,14.17,13.9,11.86,0.2699999999999996,2.3100000000000005,False,False
1981-12-31,13.98,13.63,11.54,0.34999999999999964,2.4400000000000013,False,False
1982-01-01,13.98,13.63,11.54,0.34999999999999964,2.4400000000000013,False,False
1982-01-04,14.19,13.87,11.87,0.3200000000000003,2.3200000000000003,False,False
1982-01-05,14.44,14.09,12.2,0.34999999999999964,2.24,False,False
1982-01-06,14.59,14.19,12.16,0.40000000000000036,2.4299999999999997,False,False
1982-01-07,14.63,14.33,12.17,0.3000000000000007,2.460000000000001,False,False
1982-01-08,14.48,14.11,11.98,0.370000000000001,2.5,False,False
1982-01-11,14.81,14.55,12.49,0.2599999999999998,2.3200000000000003,False,False
1982-01-12,14.62,14.49,12.52,0.129999999999999,2.0999999999999996,False,False
1982-01-13,14.83,14.78,12.7,0.05000000000000071,2.130000000000001,False,False
1982-01-14,14.7,14.71,13.17,-0.010000000000001563,1.5299999999999994,True,False
1982-01-15,14.82,14.81,12.74,0.009999999999999787,2.08,False,False
1982-01-18,14.75,14.83,13.41,-0.08000000000000007,1.3399999999999999,True,False
1982-01-19,14.8,14.79,13.13,0.010000000000001563,1.67,False,False
1982-01-20,14.81,15.02,13.51,-0.20999999999999908,1.3000000000000007,True,False
1982-01-21,14.62,14.96,13.65,-0.34000000000000163,0.9699999999999989,True,False
1982-01-22,14.69,15.06,13.63,-0.370000000000001,1.0599999999999987,True,False
1982-01-25,14.62,14.93,14.06,-0.3100000000000005,0.5599999999999987,True,False
1982-01-26,14.54,14.7,13.65,-0.16000000000000014,0.8899999999999988,True,False
1982-01-27,14.51,14.57,13.4,-0.0600000000000005,1.1099999999999994,True,False
1982-01-28,14.29,14.33,12.84,-0.040000000000000924,1.4499999999999993,True,False
1982-01-29,14.14,14.24,13.08,-0.09999999999999964,1.0600000000000005,True,False
1982-02-01,14.58,15.04,14.77,-0.4599999999999991,-0.1899999999999995,True,True
1982-02-02,14.47,14.85,14.49,-0.379999999999999,-0.019999999999999574,True,True
1982-02-03,14.69,14.93,14.64,-0.2400000000000002,0.049999999999998934,True,False
1982-02-04,14.76,14.96,14.38,-0.20000000000000107,0.379999999999999,True,False
1982-02-05,14.65,14.89,14.63,-0.2400000000000002,0.019999999999999574,True,False
1982-02-08,14.88,15.09,15.04,-0.20999999999999908,-0.15999999999999837,True,True
1982-02-09,14.95,15.15,14.91,-0.20000000000000107,0.03999999999999915,True,False
1982-02-10,14.81,15.08,14.88,-0.2699999999999996,-0.07000000000000028,True,True
1982-02-11,14.71,15.07,15.06,-0.35999999999999943,-0.34999999999999964,True,True
1982-02-12,14.71,15.07,15.06,-0.35999999999999943,-0.34999999999999964,True,True
1982-02-15,14.71,15.07,15.06,-0.35999999999999943,-0.34999999999999964,True,True
1982-02-16,14.53,15.04,15.49,-0.5099999999999998,-0.9600000000000009,True,True
1982-02-17,14.5,15.18,15.31,-0.6799999999999997,-0.8100000000000005,True,True
1982-02-18,14.28,14.99,14.58,-0.7100000000000009,-0.3000000000000007,True,True
1982-02-19,14.24,14.94,14.17,-0.6999999999999993,0.07000000000000028,True,False
1982-02-22,13.87,14.35,13.13,-0.4800000000000004,0.7399999999999984,True,False
1982-02-23,13.93,14.33,12.93,-0.40000000000000036,1.0,True,False
1982-02-24,13.87,14.24,12.83,-0.370000000000001,1.0399999999999991,True,False
1982-02-25,13.91,14.25,12.79,-0.33999999999999986,1.120000000000001,True,False
1982-02-26,14.03,14.44,13.0,-0.41000000000000014,1.0299999999999994,True,False
1982-03-01,13.85,14.25,12.81,-0.40000000000000036,1.0399999999999991,True,False
1982-03-02,13.74,14.14,13.22,-0.40000000000000036,0.5199999999999996,True,False
1982-03-03,13.69,14.09,12.85,-0.40000000000000036,0.8399999999999999,True,False
1982-03-04,13.61,13.9,12.85,-0.2900000000000009,0.7599999999999998,True,False
1982-03-05,13.59,13.79,12.86,-0.1999999999999993,0.7300000000000004,True,False
1982-03-08,13.67,13.71,12.68,-0.040000000000000924,0.9900000000000002,True,False
1982-03-09,13.69,13.93,12.93,-0.2400000000000002,0.7599999999999998,True,False
1982-03-10,13.73,13.97,13.0,-0.2400000000000002,0.7300000000000004,True,False
1982-03-11,13.95,14.25,13.24,-0.3000000000000007,0.7099999999999991,True,False
1982-03-12,13.97,14.35,13.4,-0.379999999999999,0.5700000000000003,True,False
1982-03-15,13.96,14.43,13.47,-0.46999999999999886,0.4900000000000002,True,False
1982-03-16,13.91,14.35,13.33,-0.4399999999999995,0.5800000000000001,True,False
1982-03-17,13.88,14.15,13.36,-0.2699999999999996,0.5200000000000014,True,False
1982-03-18,13.87,14.24,13.45,-0.370000000000001,0.41999999999999993,True,False
1982-03-19,13.89,14.35,13.69,-0.4599999999999991,0.20000000000000107,True,False
1982-03-22,13.74,14.09,13.26,-0.34999999999999964,0.4800000000000004,True,False
1982-03-23,13.72,14.07,13.11,-0.34999999999999964,0.6100000000000012,True,False
1982-03-24,13.91,14.14,13.39,-0.23000000000000043,0.5199999999999996,True,False
1982-03-25,13.9,14.24,13.35,-0.33999999999999986,0.5500000000000007,True,False
1982-03-26,14.01,14.35,13.69,-0.33999999999999986,0.3200000000000003,True,False
1982-03-29,14.16,14.53,14.16,-0.3699999999999992,0.0,True,False
1982-03-30,14.19,14.63,14.15,-0.4400000000000013,0.03999999999999915,True,False
1982-03-31,14.18,14.52,13.99,-0.33999999999999986,0.1899999999999995,True,False
1982-04-01,14.1,14.42,13.87,-0.3200000000000003,0.23000000000000043,True,False
1982-04-02,14.1,14.44,13.95,-0.33999999999999986,0.15000000000000036,True,False
1982-04-05,14.16,14.37,13.76,-0.20999999999999908,0.40000000000000036,True,False
1982-04-06,14.18,14.42,13.77,-0.2400000000000002,0.41000000000000014,True,False
1982-04-07,14.18,14.54,13.8,-0.35999999999999943,0.379999999999999,True,False
1982-04-08,13.98,14.28,13.74,-0.29999999999999893,0.2400000000000002,True,False
1982-04-09,13.98,14.28,13.74,-0.29999999999999893,0.2400000000000002,True,False
1982-04-12,13.83,14.22,13.43,-0.39000000000000057,0.40000000000000036,True,False
1982-04-13,13.83,14.17,13.33,-0.33999999999999986,0.5,True,False
1982-04-14,13.95,14.35,13.44,-0.40000000000000036,0.5099999999999998,True,False
1982-04-15,13.91,14.39,13.47,-0.4800000000000004,0.4399999999999995,True,False
1982-04-16,13.71,14.24,13.21,-0.5299999999999994,0.5,True,False
1982-04-19,13.66,14.18,13.04,-0.5199999999999996,0.620000000000001,True,False
1982-04-20,13.72,14.14,13.07,-0.41999999999999993,0.6500000000000004,True,False
1982-04-21,13.69,14.04,12.73,-0.34999999999999964,0.9599999999999991,True,False
1982-04-22,13.71,14.06,12.99,-0.34999999999999964,0.7200000000000006,True,False
1982-04-23,13.69,14.02,12.99,-0.33000000000000007,0.6999999999999993,True,False
1982-04-26,13.7,14.02,13.17,-0.3200000000000003,0.5299999999999994,True,False
1982-04-27,13.7,13.95,13.04,-0.25,0.6600000000000001,True,False
1982-04-28,13.77,13.99,13.09,-0.22000000000000064,0.6799999999999997,True,False
1982-04-29,13.87,14.02,13.2,-0.15000000000000036,0.6699999999999999,True,False
1982-04-30,13.87,13.99,13.15,-0.120000000000001,0.7199999999999989,True,False
1982-05-03,13.95,14.13,13.46,-0.1800000000000015,0.48999999999999844,True,False
1982-05-04,13.87,14.17,13.6,-0.3000000000000007,0.2699999999999996,True,False
1982-05-05,13.8,14.04,13.39,-0.23999999999999844,0.41000000000000014,True,False
1982-05-06,13.54,13.78,13.08,-0.2400000000000002,0.4599999999999991,True,False
1982-05-07,13.48,13.67,13.02,-0.1899999999999995,0.46000000000000085,True,False
1982-05-10,13.49,13.71,13.21,-0.22000000000000064,0.27999999999999936,True,False
1982-05-11,13.46,13.73,12.97,-0.2699999999999996,0.4900000000000002,True,False
1982-05-12,13.59,13.8,13.05,-0.21000000000000085,0.5399999999999991,True,False
1982-05-13,13.62,13.95,13.09,-0.33000000000000007,0.5299999999999994,True,False
1982-05-14,13.48,13.86,12.92,-0.379999999999999,0.5600000000000005,True,False
1982-05-17,13.57,13.85,13.02,-0.27999999999999936,0.5500000000000007,True,False
1982-05-18,13.6,13.85,12.88,-0.25,0.7199999999999989,True,False
1982-05-19,13.64,13.78,12.47,-0.1399999999999988,1.17,True,False
1982-05-20,13.53,13.48,12.0,0.049999999999998934,1.5299999999999994,False,False
1982-05-21,13.52,13.57,11.99,-0.05000000000000071,1.5299999999999994,True,False
1982-05-24,13.58,13.62,11.99,-0.03999999999999915,1.5899999999999999,True,False
1982-05-25,13.62,13.68,12.07,-0.0600000000000005,1.549999999999999,True,False
1982-05-26,13.68,13.62,12.04,0.0600000000000005,1.6400000000000006,False,False
1982-05-27,13.72,13.63,12.06,0.08999999999999986,1.6600000000000001,False,False
1982-05-28,13.71,13.62,11.97,0.09000000000000163,1.7400000000000002,False,False
1982-05-31,13.71,13.62,11.97,0.09000000000000163,1.7400000000000002,False,False
1982-06-01,13.93,13.92,12.55,0.009999999999999787,1.379999999999999,False,False
1982-06-02,13.86,13.95,12.69,-0.08999999999999986,1.17,True,False
1982-06-03,13.9,13.9,12.63,0.0,1.2699999999999996,False,False
1982-06-04,13.98,14.03,12.78,-0.049999999999998934,1.200000000000001,True,False
1982-06-07,13.94,13.97,12.71,-0.030000000000001137,1.2299999999999986,True,False
1982-06-08,13.98,14.04,12.79,-0.05999999999999872,1.1900000000000013,True,False
1982-06-09,13.99,14.11,12.62,-0.11999999999999922,1.370000000000001,True,False
1982-06-10,14.02,14.12,12.52,-0.09999999999999964,1.5,True,False
1982-06-11,13.93,14.08,12.55,-0.15000000000000036,1.379999999999999,True,False
1982-06-14,14.21,14.37,12.88,-0.15999999999999837,1.33,True,False
1982-06-15,14.21,14.41,12.93,-0.1999999999999993,1.2800000000000011,True,False
1982-06-16,14.26,14.45,13.03,-0.1899999999999995,1.2300000000000004,True,False
1982-06-17,14.48,14.79,13.15,-0.3099999999999987,1.33,True,False
1982-06-18,14.62,14.96,13.31,-0.34000000000000163,1.3099999999999987,True,False
1982-06-21,14.63,14.92,13.11,-0.28999999999999915,1.5200000000000014,True,False
1982-06-22,14.66,14.9,13.37,-0.2400000000000002,1.290000000000001,True,False
1982-06-23,14.74,14.97,13.67,-0.23000000000000043,1.0700000000000003,True,False
1982-06-24,14.71,14.95,13.6,-0.23999999999999844,1.1100000000000012,True,False
1982-06-25,14.76,14.98,13.87,-0.22000000000000064,0.8900000000000006,True,False
1982-06-28,14.73,14.93,13.81,-0.1999999999999993,0.9199999999999999,True,False
1982-06-29,14.61,14.83,13.8,-0.22000000000000064,0.8099999999999987,True,False
1982-06-30,14.44,14.66,13.36,-0.22000000000000064,1.08,True,False
1982-07-01,14.4,14.6,13.14,-0.1999999999999993,1.2599999999999998,True,False
1982-07-02,14.5,14.71,13.36,-0.21000000000000085,1.1400000000000006,True,False
1982-07-05,14.5,14.71,13.36,-0.21000000000000085,1.1400000000000006,True,False
1982-07-06,14.48,14.72,13.18,-0.2400000000000002,1.3000000000000007,True,False
1982-07-07,14.49,14.68,13.31,-0.1899999999999995,1.1799999999999997,True,False
1982-07-08,14.19,14.26,12.48,-0.07000000000000028,1.709999999999999,True,False
1982-07-09,14.03,14.05,12.29,-0.02000000000000135,1.7400000000000002,True,False
1982-07-12,13.87,13.86,12.22,0.009999999999999787,1.6499999999999986,False,False
1982-07-13,14.02,14.13,12.48,-0.11000000000000121,1.5399999999999991,True,False
1982-07-14,14.1,14.23,12.53,-0.13000000000000078,1.5700000000000003,True,False
1982-07-15,13.96,14.07,12.14,-0.10999999999999943,1.8200000000000003,True,False
1982-07-16,13.7,13.71,11.68,-0.010000000000001563,2.0199999999999996,True,False
1982-07-19,13.68,13.52,11.52,0.16000000000000014,2.16,False,False
1982-07-20,13.53,13.27,11.11,0.2599999999999998,2.42,False,False
1982-07-21,13.6,13.13,11.19,0.46999999999999886,2.41,False,False
1982-07-22,13.51,13.04,10.83,0.47000000000000064,2.6799999999999997,False,False
1982-07-23,13.56,13.04,10.73,0.5200000000000014,2.83,False,False
1982-07-26,13.91,13.33,10.87,0.5800000000000001,3.040000000000001,False,False
1982-07-27,13.86,13.35,11.12,0.5099999999999998,2.74,False,False
1982-07-28,13.97,13.45,11.41,0.5200000000000014,2.5600000000000005,False,False
1982-07-29,13.83,13.42,10.97,0.41000000000000014,2.8599999999999994,False,False
1982-07-30,13.68,13.17,10.57,0.5099999999999998,3.1099999999999994,False,False
1982-08-02,13.41,12.82,9.72,0.5899999999999999,3.6899999999999995,False,False
1982-08-03,13.51,12.9,10.18,0.6099999999999994,3.33,False,False
1982-08-04,13.68,12.93,10.12,0.75,3.5600000000000005,False,False
1982-08-05,13.7,13.08,10.19,0.6199999999999992,3.51,False,False
1982-08-06,13.85,13.24,10.71,0.6099999999999994,3.139999999999999,False,False
1982-08-09,13.7,13.08,10.25,0.6199999999999992,3.4499999999999993,False,False
1982-08-10,13.69,13.15,10.42,0.5399999999999991,3.2699999999999996,False,False
1982-08-11,13.71,13.15,10.37,0.5600000000000005,3.3400000000000016,False,False
1982-08-12,13.55,12.93,9.74,0.620000000000001,3.8100000000000005,False,False
1982-08-13,13.2,12.75,9.6,0.4499999999999993,3.5999999999999996,False,False
1982-08-16,13.09,12.36,8.98,0.7300000000000004,4.109999999999999,False,False
1982-08-17,12.65,11.83,8.33,0.8200000000000003,4.32,False,False
1982-08-18,12.57,11.76,8.35,0.8100000000000005,4.220000000000001,False,False
1982-08-19,12.47,11.61,7.76,0.8600000000000012,4.710000000000001,False,False
1982-08-20,12.24,11.2,7.31,1.040000000000001,4.930000000000001,False,False
1982-08-23,12.47,11.57,7.75,0.9000000000000004,4.720000000000001,False,False
1982-08-24,12.35,11.5,7.86,0.8499999999999996,4.489999999999999,False,False
1982-08-25,12.43,11.66,7.67,0.7699999999999996,4.76,False,False
1982-08-26,12.55,11.67,7.37,0.8800000000000008,5.180000000000001,False,False
1982-08-27,12.77,11.93,8.1,0.8399999999999999,4.67,False,False
1982-08-30,12.81,12.01,8.44,0.8000000000000007,4.370000000000001,False,False
1982-08-31,12.81,11.99,8.72,0.8200000000000003,4.09,False,False
1982-09-01,12.76,12.0,8.73,0.7599999999999998,4.029999999999999,False,False
1982-09-02,12.6,11.95,8.66,0.6500000000000004,3.9399999999999995,False,False
1982-09-03,12.47,11.69,8.46,0.7800000000000011,4.01,False,False
1982-09-06,12.47,11.69,8.46,0.7800000000000011,4.01,False,False
1982-09-07,12.53,11.8,8.68,0.7299999999999986,3.8499999999999996,False,False
1982-09-08,12.51,11.87,8.6,0.6400000000000006,3.91,False,False
1982-09-09,12.53,11.87,8.57,0.6600000000000001,3.959999999999999,False,False
1982-09-10,12.73,12.06,8.66,0.6699999999999999,4.07,False,False
1982-09-13,12.63,11.93,8.41,0.7000000000000011,4.220000000000001,False,False
1982-09-14,12.56,11.88,8.16,0.6799999999999997,4.4,False,False
1982-09-15,12.6,12.16,8.44,0.4399999999999995,4.16,False,False
1982-09-16,12.6,12.14,8.31,0.4599999999999991,4.289999999999999,False,False
1982-09-17,12.51,11.96,8.23,0.5499999999999989,4.279999999999999,False,False
1982-09-20,12.47,11.98,8.04,0.4900000000000002,4.4300000000000015,False,False
1982-09-21,12.18,11.68,7.88,0.5,4.3,False,False
1982-09-22,12.04,11.61,7.58,0.4299999999999997,4.459999999999999,False,False
1982-09-23,11.94,11.5,7.52,0.4399999999999995,4.42,False,False
1982-09-24,12.09,11.65,7.85,0.4399999999999995,4.24,False,False
1982-09-27,11.99,11.69,7.83,0.3000000000000007,4.16,False,False
1982-09-28,11.85,11.42,7.72,0.4299999999999997,4.13,False,False
1982-09-29,11.8,11.38,7.84,0.41999999999999993,3.960000000000001,False,False
1982-09-30,11.73,11.23,7.88,0.5,3.8500000000000005,False,False
1982-10-01,11.51,11.13,7.6,0.379999999999999,3.91,False,False
1982-10-04,11.72,11.51,8.21,0.21000000000000085,3.51,False,False
1982-10-05,11.69,11.42,8.44,0.2699999999999996,3.25,False,False
1982-10-06,11.5,11.21,8.33,0.28999999999999915,3.17,False,False
1982-10-07,10.91,10.46,8.04,0.4499999999999993,2.870000000000001,False,False
1982-10-08,10.83,10.15,8.0,0.6799999999999997,2.83,False,False
1982-10-11,10.83,10.15,8.0,0.6799999999999997,2.83,False,False
1982-10-12,10.53,9.69,7.61,0.8399999999999999,2.919999999999999,False,False
1982-10-13,10.39,9.68,7.67,0.7100000000000009,2.7200000000000006,False,False
1982-10-14,10.61,9.84,7.79,0.7699999999999996,2.8199999999999994,False,False
1982-10-15,10.75,10.0,7.8,0.75,2.95,False,False
1982-10-18,10.58,9.8,7.66,0.7799999999999994,2.92,False,False
1982-10-19,10.56,9.82,7.73,0.7400000000000002,2.83,False,False
1982-10-20,10.69,9.72,7.8,0.9699999999999989,2.8899999999999997,False,False
1982-10-21,10.69,9.79,7.81,0.9000000000000004,2.88,False,False
1982-10-22,10.81,9.87,7.88,0.9400000000000013,2.9300000000000006,False,False
1982-10-25,11.11,10.09,8.12,1.0199999999999996,2.99,False,False
1982-10-26,10.87,9.89,8.24,0.9799999999999986,2.629999999999999,False,False
1982-10-27,10.9,9.94,8.28,0.9600000000000009,2.620000000000001,False,False
1982-10-28,10.77,9.89,8.17,0.879999999999999,2.5999999999999996,False,False
1982-10-29,10.71,9.85,8.17,0.8600000000000012,2.540000000000001,False,False
1982-11-01,10.56,9.68,8.06,0.8800000000000008,2.5,False,False
1982-11-02,10.56,9.68,8.06,0.8800000000000008,2.5,False,False
1982-11-03,10.46,9.65,8.06,0.8100000000000005,2.4000000000000004,False,False
1982-11-04,10.42,9.64,7.99,0.7799999999999994,2.4299999999999997,False,False
1982-11-05,10.48,9.73,8.04,0.75,2.4400000000000013,False,False
1982-11-08,10.55,9.81,8.18,0.7400000000000002,2.370000000000001,False,False
1982-11-09,10.51,9.74,8.28,0.7699999999999996,2.2300000000000004,False,False
1982-11-10,10.48,9.77,8.36,0.7100000000000009,2.120000000000001,False,False
1982-11-11,10.48,9.77,8.36,0.7100000000000009,2.120000000000001,False,False
1982-11-12,10.58,9.87,8.56,0.7100000000000009,2.0199999999999996,False,False
1982-11-15,10.65,9.91,8.8,0.7400000000000002,1.8499999999999996,False,False
1982-11-16,10.67,9.9,8.7,0.7699999999999996,1.9700000000000006,False,False
1982-11-17,10.59,9.9,8.65,0.6899999999999995,1.9399999999999995,False,False
1982-11-18,10.46,9.81,8.55,0.6500000000000004,1.9100000000000001,False,False
1982-11-19,10.42,9.79,8.38,0.6300000000000008,2.039999999999999,False,False
1982-11-22,10.43,9.73,8.26,0.6999999999999993,2.17,False,False
1982-11-23,10.53,9.73,8.22,0.7999999999999989,2.3099999999999987,False,False
1982-11-24,10.59,9.8,8.2,0.7899999999999991,2.3900000000000006,False,False
1982-11-25,10.59,9.8,8.2,0.7899999999999991,2.3900000000000006,False,False
1982-11-26,10.51,9.76,8.19,0.75,2.3200000000000003,False,False
1982-11-29,10.78,9.94,8.54,0.8399999999999999,2.24,False,False
1982-11-30,10.79,9.96,8.56,0.8299999999999983,2.2299999999999986,False,False
1982-12-01,10.74,9.96,8.55,0.7799999999999994,2.1899999999999995,False,False
1982-12-02,10.68,9.89,8.32,0.7899999999999991,2.3599999999999994,False,False
1982-12-03,10.47,9.72,8.1,0.75,2.370000000000001,False,False
1982-12-06,10.46,9.73,8.13,0.7300000000000004,2.33,False,False
1982-12-07,10.48,9.72,8.19,0.7599999999999998,2.290000000000001,False,False
1982-12-08,10.62,9.85,8.24,0.7699999999999996,2.379999999999999,False,False
1982-12-09,10.58,9.83,8.23,0.75,2.3499999999999996,False,False
1982-12-10,10.66,9.87,8.31,0.7900000000000009,2.3499999999999996,False,False
1982-12-13,10.61,9.84,8.27,0.7699999999999996,2.34,False,False
1982-12-14,10.46,9.54,7.93,0.9200000000000017,2.530000000000001,False,False
1982-12-15,10.5,9.49,7.88,1.0099999999999998,2.62,False,False
1982-12-16,10.59,9.59,8.1,1.0,2.49,False,False
1982-12-17,10.64,9.66,8.13,0.9800000000000004,2.51,False,False
1982-12-20,10.7,9.67,8.14,1.0299999999999994,2.5599999999999987,False,False
1982-12-21,10.54,9.54,8.17,1.0,2.369999999999999,False,False
1982-12-22,10.53,9.55,8.18,0.9799999999999986,2.3499999999999996,False,False
1982-12-23,10.47,9.52,8.18,0.9500000000000011,2.290000000000001,False,False
1982-12-24,10.47,9.52,8.18,0.9500000000000011,2.290000000000001,False,False
1982-12-27,10.44,9.54,8.16,0.9000000000000004,2.2799999999999994,False,False
1982-12-28,10.44,9.52,8.33,0.9199999999999999,2.1099999999999994,False,False
1982-12-29,10.47,9.54,8.43,0.9300000000000015,2.040000000000001,False,False
1982-12-30,10.44,9.52,8.29,0.9199999999999999,2.1500000000000004,False,False
1982-12-31,10.36,9.48,8.2,0.879999999999999,2.16,False,False
1983-01-03,10.32,9.29,8.17,1.0300000000000011,2.1500000000000004,False,False
1983-01-04,10.37,9.43,8.28,0.9399999999999995,2.09,False,False
1983-01-05,10.35,9.39,8.25,0.9599999999999991,2.0999999999999996,False,False
1983-01-06,10.39,9.39,8.2,1.0,2.1900000000000013,False,False
1983-01-07,10.36,9.26,8.02,1.0999999999999996,2.34,False,False
1983-01-10,10.38,9.24,7.96,1.1400000000000006,2.420000000000001,False,False
1983-01-11,10.34,9.19,7.94,1.1500000000000004,2.3999999999999995,False,False
1983-01-12,10.32,9.22,7.94,1.0999999999999996,2.38,False,False
1983-01-13,10.27,9.11,7.92,1.1600000000000001,2.3499999999999996,False,False
1983-01-14,10.28,9.09,7.79,1.1899999999999995,2.4899999999999993,False,False
1983-01-17,10.28,9.17,7.85,1.1099999999999994,2.4299999999999997,False,False
1983-01-18,10.3,9.14,7.9,1.1600000000000001,2.4000000000000004,False,False
1983-01-19,10.41,9.2,7.94,1.2100000000000009,2.4699999999999998,False,False
1983-01-20,10.43,9.26,8.04,1.17,2.3900000000000006,False,False
1983-01-21,10.61,9.46,8.29,1.1499999999999986,2.3200000000000003,False,False
1983-01-24,10.7,9.54,8.37,1.1600000000000001,2.33,False,False
1983-01-25,10.62,9.44,8.32,1.1799999999999997,2.299999999999999,False,False
1983-01-26,10.69,9.52,8.36,1.17,2.33,False,False
1983-01-27,10.67,9.49,8.3,1.1799999999999997,2.369999999999999,False,False
1983-01-28,10.71,9.47,8.26,1.2400000000000002,2.450000000000001,False,False
1983-01-31,10.8,9.58,8.36,1.2200000000000006,2.4400000000000013,False,False
1983-02-01,10.78,9.6,8.45,1.1799999999999997,2.33,False,False
1983-02-02,10.88,9.71,8.45,1.17,2.4300000000000015,False,False
1983-02-03,10.93,9.71,8.43,1.2199999999999989,2.5,False,False
1983-02-04,10.99,9.82,8.52,1.17,2.4700000000000006,False,False
1983-02-07,10.96,9.8,8.5,1.1600000000000001,2.460000000000001,False,False
1983-02-08,10.99,9.83,8.57,1.1600000000000001,2.42,False,False
1983-02-09,11.0,9.89,8.55,1.1099999999999994,2.4499999999999993,False,False
1983-02-10,10.83,9.74,8.45,1.0899999999999999,2.380000000000001,False,False
1983-02-11,10.8,9.7,8.42,1.1000000000000014,2.380000000000001,False,False
1983-02-14,10.8,9.78,8.53,1.0200000000000014,2.2700000000000014,False,False
1983-02-15,10.84,9.77,8.6,1.0700000000000003,2.24,False,False
1983-02-16,10.81,9.69,8.48,1.120000000000001,2.33,False,False
1983-02-17,10.71,9.65,8.38,1.0600000000000005,2.33,False,False
1983-02-18,10.6,9.56,8.26,1.0399999999999991,2.34,False,False
1983-02-21,10.6,9.56,8.26,1.0399999999999991,2.34,False,False
1983-02-22,10.46,9.41,8.17,1.0500000000000007,2.290000000000001,False,False
1983-02-23,10.44,9.44,8.24,1.0,2.1999999999999993,False,False
1983-02-24,10.42,9.4,8.2,1.0199999999999996,2.2200000000000006,False,False
1983-02-25,10.26,9.28,8.08,0.9800000000000004,2.1799999999999997,False,False
1983-02-28,10.27,9.31,8.21,0.9599999999999991,2.0599999999999987,False,False
1983-03-01,10.22,9.26,8.26,0.9600000000000009,1.9600000000000009,False,False
1983-03-02,10.26,9.3,8.3,0.9599999999999991,1.959999999999999,False,False
1983-03-03,10.23,9.24,8.25,0.9900000000000002,1.9800000000000004,False,False
1983-03-04,10.27,9.25,8.29,1.0199999999999996,1.9800000000000004,False,False
1983-03-07,10.43,9.46,8.48,0.9699999999999989,1.9499999999999993,False,False
1983-03-08,10.52,9.62,8.61,0.9000000000000004,1.9100000000000001,False,False
1983-03-09,10.48,9.62,8.57,0.8600000000000012,1.9100000000000001,False,False
1983-03-10,10.55,9.67,8.55,0.8800000000000008,2.0,False,False
1983-03-11,10.59,9.66,8.56,0.9299999999999997,2.0299999999999994,False,False
1983-03-14,10.48,9.58,8.51,0.9000000000000004,1.9700000000000006,False,False
1983-03-15,10.46,9.57,8.55,0.8900000000000006,1.9100000000000001,False,False
1983-03-16,10.53,9.65,8.61,0.879999999999999,1.92,False,False
1983-03-17,10.56,9.71,8.63,0.8499999999999996,1.9299999999999997,False,False
1983-03-18,10.58,9.78,8.74,0.8000000000000007,1.8399999999999999,False,False
1983-03-21,10.6,9.79,8.8,0.8100000000000005,1.799999999999999,False,False
1983-03-22,10.62,9.84,8.93,0.7799999999999994,1.6899999999999995,False,False
1983-03-23,10.58,9.81,8.78,0.7699999999999996,1.8000000000000007,False,False
1983-03-24,10.58,9.82,8.83,0.7599999999999998,1.75,False,False
1983-03-25,10.64,9.91,9.0,0.7300000000000004,1.6400000000000006,False,False
1983-03-28,10.66,9.92,9.01,0.7400000000000002,1.6500000000000004,False,False
1983-03-29,10.6,9.88,8.97,0.7199999999999989,1.629999999999999,False,False
1983-03-30,10.59,9.88,8.98,0.7099999999999991,1.6099999999999994,False,False
1983-03-31,10.62,9.87,8.96,0.75,1.6599999999999984,False,False
1983-04-01,10.62,9.87,8.96,0.75,1.6599999999999984,False,False
1983-04-04,10.6,9.87,8.97,0.7300000000000004,1.629999999999999,False,False
1983-04-05,10.49,9.72,8.8,0.7699999999999996,1.6899999999999995,False,False
1983-04-06,10.49,9.69,8.72,0.8000000000000007,1.7699999999999996,False,False
1983-04-07,10.51,9.67,8.68,0.8399999999999999,1.83,False,False
1983-04-08,10.51,9.67,8.63,0.8399999999999999,1.879999999999999,False,False
1983-04-11,10.41,9.53,8.45,0.8800000000000008,1.9600000000000009,False,False
1983-04-12,10.42,9.58,8.49,0.8399999999999999,1.9299999999999997,False,False
1983-04-13,10.39,9.57,8.48,0.8200000000000003,1.9100000000000001,False,False
1983-04-14,10.29,9.49,8.42,0.7999999999999989,1.8699999999999992,False,False
1983-04-15,10.33,9.53,8.43,0.8000000000000007,1.9000000000000004,False,False
1983-04-18,10.29,9.49,8.36,0.7999999999999989,1.9299999999999997,False,False
1983-04-19,10.39,9.58,8.47,0.8100000000000005,1.92,False,False
1983-04-20,10.39,9.58,8.4,0.8100000000000005,1.9900000000000002,False,False
1983-04-21,10.43,9.61,8.44,0.8200000000000003,1.9900000000000002,False,False
1983-04-22,10.42,9.58,8.44,0.8399999999999999,1.9800000000000004,False,False
1983-04-25,10.4,9.52,8.44,0.8800000000000008,1.9600000000000009,False,False
1983-04-26,10.37,9.49,8.45,0.879999999999999,1.92,False,False
1983-04-27,10.29,9.42,8.41,0.8699999999999992,1.879999999999999,False,False
1983-04-28,10.31,9.42,8.41,0.8900000000000006,1.9000000000000004,False,False
1983-04-29,10.27,9.35,8.38,0.9199999999999999,1.8899999999999988,False,False
1983-05-02,10.26,9.29,8.33,0.9700000000000006,1.9299999999999997,False,False
1983-05-03,10.26,9.27,8.33,0.9900000000000002,1.9299999999999997,False,False
1983-05-04,10.12,9.19,8.3,0.9299999999999997,1.8199999999999985,False,False
1983-05-05,10.16,9.25,8.34,0.9100000000000001,1.8200000000000003,False,False
1983-05-06,10.13,9.17,8.26,0.9600000000000009,1.870000000000001,False,False
1983-05-09,10.25,9.33,8.43,0.9199999999999999,1.8200000000000003,False,False
1983-05-10,10.16,9.24,8.3,0.9199999999999999,1.8599999999999994,False,False
1983-05-11,10.18,9.22,8.25,0.9599999999999991,1.9299999999999997,False,False
1983-05-12,10.23,9.29,8.35,0.9400000000000013,1.8800000000000008,False,False
1983-05-13,10.22,9.27,8.3,0.9500000000000011,1.92,False,False
1983-05-16,10.37,9.47,8.45,0.8999999999999986,1.92,False,False
1983-05-17,10.41,9.48,8.44,0.9299999999999997,1.9700000000000006,False,False
1983-05-18,10.43,9.49,8.42,0.9399999999999995,2.01,False,False
1983-05-19,10.49,9.61,8.46,0.8800000000000008,2.0299999999999994,False,False
1983-05-20,10.54,9.64,8.48,0.8999999999999986,2.0599999999999987,False,False
1983-05-23,10.57,9.74,8.73,0.8300000000000001,1.8399999999999999,False,False
1983-05-24,10.56,9.75,8.8,0.8100000000000005,1.7599999999999998,False,False
1983-05-25,10.58,9.76,8.82,0.8200000000000003,1.7599999999999998,False,False
1983-05-26,10.63,9.89,8.85,0.7400000000000002,1.7800000000000011,False,False
1983-05-27,10.62,9.9,8.8,0.7199999999999989,1.8199999999999985,False,False
1983-05-30,10.62,9.9,8.8,0.7199999999999989,1.8199999999999985,False,False
1983-05-31,10.81,10.02,8.97,0.7900000000000009,1.8399999999999999,False,False
1983-06-01,10.77,9.97,8.92,0.7999999999999989,1.8499999999999996,False,False
1983-06-02,10.78,9.96,8.84,0.8199999999999985,1.9399999999999995,False,False
1983-06-03,10.79,10.01,8.87,0.7799999999999994,1.92,False,False
1983-06-06,10.79,10.09,8.96,0.6999999999999993,1.8299999999999983,False,False
1983-06-07,10.85,10.18,9.17,0.6699999999999999,1.6799999999999997,False,False
1983-06-08,10.92,10.2,9.18,0.7200000000000006,1.7400000000000002,False,False
1983-06-09,10.88,10.12,9.08,0.7600000000000016,1.8000000000000007,False,False
1983-06-10,10.89,10.2,9.11,0.6900000000000013,1.7800000000000011,False,False
1983-06-13,10.75,10.11,9.03,0.6400000000000006,1.7200000000000006,False,False
1983-06-14,10.77,10.09,9.06,0.6799999999999997,1.709999999999999,False,False
1983-06-15,10.72,10.06,9.06,0.6600000000000001,1.6600000000000001,False,False
1983-06-16,10.64,10.05,8.99,0.5899999999999999,1.6500000000000004,False,False
1983-06-17,10.68,10.07,9.01,0.6099999999999994,1.67,False,False
1983-06-20,10.8,10.26,9.32,0.5400000000000009,1.4800000000000004,False,False
1983-06-21,10.79,10.27,9.32,0.5199999999999996,1.4699999999999989,False,False
1983-06-22,10.83,10.31,9.35,0.5199999999999996,1.4800000000000004,False,False
1983-06-23,10.9,10.33,9.31,0.5700000000000003,1.5899999999999999,False,False
1983-06-24,11.02,10.43,9.42,0.5899999999999999,1.5999999999999996,False,False
1983-06-27,11.11,10.44,9.38,0.6699999999999999,1.7299999999999986,False,False
1983-06-28,11.04,10.35,9.34,0.6899999999999995,1.6999999999999993,False,False
1983-06-29,10.99,10.27,9.2,0.7200000000000006,1.790000000000001,False,False
1983-06-30,10.96,10.23,9.15,0.7300000000000004,1.8100000000000005,False,False
1983-07-01,10.93,10.17,9.05,0.7599999999999998,1.879999999999999,False,False
1983-07-04,10.93,10.17,9.05,0.7599999999999998,1.879999999999999,False,False
1983-07-05,11.21,10.52,9.36,0.6900000000000013,1.8500000000000014,False,False
1983-07-06,11.16,10.49,9.38,0.6699999999999999,1.7799999999999994,False,False
1983-07-07,11.29,10.59,9.49,0.6999999999999993,1.799999999999999,False,False
1983-07-08,11.33,10.69,9.48,0.6400000000000006,1.8499999999999996,False,False
1983-07-11,11.28,10.56,9.42,0.7199999999999989,1.8599999999999994,False,False
1983-07-12,11.42,10.74,9.52,0.6799999999999997,1.9000000000000004,False,False
1983-07-13,11.4,10.71,9.47,0.6899999999999995,1.9299999999999997,False,False
1983-07-14,11.38,10.72,9.46,0.6600000000000001,1.92,False,False
1983-07-15,11.51,10.82,9.59,0.6899999999999995,1.92,False,False
1983-07-18,11.41,10.76,9.47,0.6500000000000004,1.9399999999999995,False,False
1983-07-19,11.36,10.69,9.51,0.6699999999999999,1.8499999999999996,False,False
1983-07-20,11.28,10.64,9.44,0.6399999999999988,1.8399999999999999,False,False
1983-07-21,11.32,10.66,9.44,0.6600000000000001,1.8800000000000008,False,False
1983-07-22,11.43,10.77,9.45,0.6600000000000001,1.9800000000000004,False,False
1983-07-25,11.41,10.74,9.43,0.6699999999999999,1.9800000000000004,False,False
1983-07-26,11.49,10.77,9.47,0.7200000000000006,2.0199999999999996,False,False
1983-07-27,11.51,10.77,9.43,0.7400000000000002,2.08,False,False
1983-07-28,11.66,10.86,9.54,0.8000000000000007,2.120000000000001,False,False
1983-07-29,11.76,11.03,9.59,0.7300000000000004,2.17,False,False
1983-08-01,11.8,11.09,9.63,0.7100000000000009,2.17,False,False
1983-08-02,11.82,11.14,9.89,0.6799999999999997,1.9299999999999997,False,False
1983-08-03,11.92,11.13,9.78,0.7899999999999991,2.1400000000000006,False,False
1983-08-04,12.12,11.27,9.86,0.8499999999999996,2.26,False,False
1983-08-05,12.1,11.27,9.83,0.8300000000000001,2.2699999999999996,False,False
1983-08-08,12.2,11.37,9.89,0.8300000000000001,2.3099999999999987,False,False
1983-08-09,12.13,11.33,9.94,0.8000000000000007,2.1900000000000013,False,False
1983-08-10,12.17,11.41,9.97,0.7599999999999998,2.1999999999999993,False,False
1983-08-11,12.04,11.32,9.98,0.7199999999999989,2.0599999999999987,False,False
1983-08-12,11.96,11.27,9.9,0.6900000000000013,2.0600000000000005,False,False
1983-08-15,11.76,11.08,9.83,0.6799999999999997,1.9299999999999997,False,False
1983-08-16,11.71,10.97,9.83,0.7400000000000002,1.8800000000000008,False,False
1983-08-17,11.65,10.86,9.73,0.7900000000000009,1.92,False,False
1983-08-18,11.7,10.85,9.68,0.8499999999999996,2.0199999999999996,False,False
1983-08-19,11.72,10.9,9.7,0.8200000000000003,2.0200000000000014,False,False
1983-08-22,11.54,10.75,9.54,0.7899999999999991,2.0,False,False
1983-08-23,11.57,10.79,9.56,0.7800000000000011,2.01,False,False
1983-08-24,11.54,10.76,9.49,0.7799999999999994,2.049999999999999,False,False
1983-08-25,11.62,10.83,9.48,0.7899999999999991,2.139999999999999,False,False
1983-08-26,11.65,10.88,9.54,0.7699999999999996,2.110000000000001,False,False
1983-08-29,11.86,11.09,9.62,0.7699999999999996,2.24,False,False
1983-08-30,11.9,11.08,9.69,0.8200000000000003,2.210000000000001,False,False
1983-08-31,11.98,11.18,9.64,0.8000000000000007,2.34,False,False
1983-09-01,11.97,11.16,9.58,0.8100000000000005,2.3900000000000006,False,False
1983-09-02,12.01,11.18,9.63,0.8300000000000001,2.379999999999999,False,False
1983-09-05,12.01,11.18,9.63,0.8300000000000001,2.379999999999999,False,False
1983-09-06,11.85,11.03,9.59,0.8200000000000003,2.26,False,False
1983-09-07,11.7,10.88,9.49,0.8199999999999985,2.209999999999999,False,False
1983-09-08,11.77,10.95,9.48,0.8200000000000003,2.289999999999999,False,False
1983-09-09,11.73,10.93,9.54,0.8000000000000007,2.1900000000000013,False,False
1983-09-12,11.56,10.71,9.39,0.8499999999999996,2.17,False,False
1983-09-13,11.63,10.77,9.46,0.8600000000000012,2.17,False,False
1983-09-14,11.76,10.88,9.47,0.879999999999999,2.289999999999999,False,False
1983-09-15,11.82,10.95,9.46,0.870000000000001,2.3599999999999994,False,False
1983-09-16,11.68,10.83,9.43,0.8499999999999996,2.25,False,False
1983-09-19,11.66,10.72,9.34,0.9399999999999995,2.3200000000000003,False,False
1983-09-20,11.57,10.7,9.32,0.870000000000001,2.25,False,False
1983-09-21,11.64,10.73,9.33,0.9100000000000001,2.3100000000000005,False,False
1983-09-22,11.6,10.74,9.33,0.8599999999999994,2.2699999999999996,False,False
1983-09-23,11.49,10.61,9.22,0.8800000000000008,2.2699999999999996,False,False
1983-09-26,11.41,10.49,9.05,0.9199999999999999,2.3599999999999994,False,False
1983-09-27,11.45,10.57,9.08,0.879999999999999,2.369999999999999,False,False
1983-09-28,11.49,10.59,9.12,0.9000000000000004,2.370000000000001,False,False
1983-09-29,11.5,10.64,9.24,0.8599999999999994,2.26,False,False
1983-09-30,11.44,10.53,9.04,0.9100000000000001,2.4000000000000004,False,False
1983-10-03,11.47,10.55,9.13,0.9199999999999999,2.34,False,False
1983-10-04,11.46,10.56,9.0,0.9000000000000004,2.460000000000001,False,False
1983-10-05,11.35,10.45,9.01,0.9000000000000004,2.34,False,False
1983-10-06,11.31,10.42,8.97,0.8900000000000006,2.34,False,False
1983-10-07,11.33,10.45,8.94,0.8800000000000008,2.3900000000000006,False,False
1983-10-10,11.33,10.45,8.94,0.8800000000000008,2.3900000000000006,False,False
1983-10-11,11.57,10.68,9.16,0.8900000000000006,2.41,False,False
1983-10-12,11.59,10.65,9.14,0.9399999999999995,2.4499999999999993,False,False
1983-10-13,11.65,10.71,9.16,0.9399999999999995,2.49,False,False
1983-10-14,11.58,10.65,9.12,0.9299999999999997,2.460000000000001,False,False
1983-10-17,11.47,10.49,8.88,0.9800000000000004,2.59,False,False
1983-10-18,11.49,10.48,8.85,1.0099999999999998,2.6400000000000006,False,False
1983-10-19,11.49,10.55,8.84,0.9399999999999995,2.6500000000000004,False,False
1983-10-20,11.47,10.54,8.88,0.9300000000000015,2.59,False,False
1983-10-21,11.43,10.48,8.87,0.9499999999999993,2.5600000000000005,False,False
1983-10-24,11.66,10.68,9.03,0.9800000000000004,2.630000000000001,False,False
1983-10-25,11.7,10.63,9.0,1.0699999999999985,2.6999999999999993,False,False
1983-10-26,11.72,10.63,9.0,1.0899999999999999,2.7200000000000006,False,False
1983-10-27,11.66,10.6,8.99,1.0600000000000005,2.67,False,False
1983-10-28,11.68,10.61,8.96,1.0700000000000003,2.719999999999999,False,False
1983-10-31,11.74,10.61,8.83,1.1300000000000008,2.91,False,False
1983-11-01,11.69,10.64,8.8,1.049999999999999,2.889999999999999,False,False
1983-11-02,11.7,10.62,8.82,1.08,2.879999999999999,False,False
1983-11-03,11.75,10.63,8.97,1.1199999999999992,2.7799999999999994,False,False
1983-11-04,11.85,10.76,9.14,1.0899999999999999,2.709999999999999,False,False
1983-11-07,11.85,10.79,9.14,1.0600000000000005,2.709999999999999,False,False
1983-11-08,11.85,10.79,9.14,1.0600000000000005,2.709999999999999,False,False
1983-11-09,11.84,10.74,9.13,1.0999999999999996,2.709999999999999,False,False
1983-11-10,11.71,10.63,9.09,1.08,2.620000000000001,False,False
1983-11-11,11.71,10.63,9.09,1.08,2.620000000000001,False,False
1983-11-14,11.68,10.6,9.12,1.08,2.5600000000000005,False,False
1983-11-15,11.7,10.66,9.13,1.0399999999999991,2.5699999999999985,False,False
1983-11-16,11.7,10.66,9.14,1.0399999999999991,2.5599999999999987,False,False
1983-11-17,11.72,10.68,9.2,1.040000000000001,2.5200000000000014,False,False
1983-11-18,11.72,10.68,9.2,1.040000000000001,2.5200000000000014,False,False
1983-11-21,11.65,10.65,9.12,1.0,2.530000000000001,False,False
1983-11-22,11.57,10.6,9.12,0.9700000000000006,2.450000000000001,False,False
1983-11-23,11.59,10.64,9.16,0.9499999999999993,2.4299999999999997,False,False
1983-11-24,11.59,10.64,9.16,0.9499999999999993,2.4299999999999997,False,False
1983-11-25,11.55,10.63,9.12,0.9199999999999999,2.4300000000000015,False,False
1983-11-28,11.63,10.69,9.25,0.9400000000000013,2.380000000000001,False,False
1983-11-29,11.58,10.65,9.22,0.9299999999999997,2.3599999999999994,False,False
1983-11-30,11.63,10.67,9.24,0.9600000000000009,2.3900000000000006,False,False
1983-12-01,11.63,10.66,9.27,0.9700000000000006,2.360000000000001,False,False
1983-12-02,11.75,10.77,9.28,0.9800000000000004,2.4700000000000006,False,False
1983-12-05,11.78,10.8,9.29,0.9799999999999986,2.49,False,False
1983-12-06,11.76,10.74,9.3,1.0199999999999996,2.459999999999999,False,False
1983-12-07,11.79,10.75,9.31,1.0399999999999991,2.4799999999999986,False,False
1983-12-08,11.89,10.83,9.38,1.0600000000000005,2.51,False,False
1983-12-09,11.9,10.85,9.34,1.0500000000000007,2.5600000000000005,False,False
1983-12-12,11.87,10.82,9.31,1.049999999999999,2.5599999999999987,False,False
1983-12-13,11.95,10.93,9.46,1.0199999999999996,2.4899999999999984,False,False
1983-12-14,11.97,10.92,9.48,1.0500000000000007,2.49,False,False
1983-12-15,11.96,10.93,9.53,1.0300000000000011,2.4300000000000015,False,False
1983-12-16,11.88,10.87,9.47,1.0100000000000016,2.41,False,False
1983-12-19,11.87,10.87,9.45,1.0,2.42,False,False
1983-12-20,11.86,10.87,9.41,0.9900000000000002,2.4499999999999993,False,False
1983-12-21,11.83,10.88,9.36,0.9499999999999993,2.4700000000000006,False,False
1983-12-22,11.77,10.83,9.25,0.9399999999999995,2.5199999999999996,False,False
1983-12-23,11.79,10.86,9.32,0.9299999999999997,2.469999999999999,False,False
1983-12-26,11.79,10.86,9.32,0.9299999999999997,2.469999999999999,False,False
1983-12-27,11.75,10.85,9.29,0.9000000000000004,2.460000000000001,False,False
1983-12-28,11.81,10.85,9.34,0.9600000000000009,2.4700000000000006,False,False
1983-12-29,11.79,10.84,9.34,0.9499999999999993,2.4499999999999993,False,False
1983-12-30,11.82,10.85,9.33,0.9700000000000006,2.49,False,False
1984-01-02,11.82,10.85,9.33,0.9700000000000006,2.49,False,False
1984-01-03,11.86,10.87,9.35,0.9900000000000002,2.51,False,False
1984-01-04,11.78,10.77,9.34,1.0099999999999998,2.4399999999999995,False,False
1984-01-05,11.77,10.75,9.29,1.0199999999999996,2.4800000000000004,False,False
1984-01-06,11.73,10.68,9.22,1.0500000000000007,2.51,False,False
1984-01-09,11.75,10.73,9.25,1.0199999999999996,2.5,False,False
1984-01-10,11.71,10.66,9.27,1.0500000000000007,2.4400000000000013,False,False
1984-01-11,11.76,10.72,9.3,1.0399999999999991,2.459999999999999,False,False
1984-01-12,11.76,10.71,9.29,1.049999999999999,2.4700000000000006,False,False
1984-01-13,11.59,10.5,9.08,1.0899999999999999,2.51,False,False
1984-01-16,11.54,10.52,9.11,1.0199999999999996,2.4299999999999997,False,False
1984-01-17,11.57,10.55,9.24,1.0199999999999996,2.33,False,False
1984-01-18,11.61,10.58,9.27,1.0299999999999994,2.34,False,False
1984-01-19,11.6,10.57,9.25,1.0299999999999994,2.3499999999999996,False,False
1984-01-20,11.64,10.6,9.32,1.040000000000001,2.3200000000000003,False,False
1984-01-23,11.63,10.61,9.3,1.0200000000000014,2.33,False,False
1984-01-24,11.63,10.63,9.29,1.0,2.3400000000000016,False,False
1984-01-25,11.64,10.65,9.3,0.9900000000000002,2.34,False,False
1984-01-26,11.63,10.62,9.29,1.0100000000000016,2.3400000000000016,False,False
1984-01-27,11.63,10.62,9.28,1.0100000000000016,2.3500000000000014,False,False
1984-01-30,11.66,10.57,9.24,1.0899999999999999,2.42,False,False
1984-01-31,11.67,10.58,9.26,1.0899999999999999,2.41,False,False
1984-02-01,11.64,10.56,9.25,1.08,2.3900000000000006,False,False
1984-02-02,11.6,10.54,9.27,1.0600000000000005,2.33,False,False
1984-02-03,11.6,10.53,9.32,1.0700000000000003,2.2799999999999994,False,False
1984-02-06,11.7,10.67,9.5,1.0299999999999994,2.1999999999999993,False,False
1984-02-07,11.71,10.66,9.43,1.0500000000000007,2.280000000000001,False,False
1984-02-08,11.72,10.65,9.47,1.0700000000000003,2.25,False,False
1984-02-09,11.73,10.66,9.4,1.0700000000000003,2.33,False,False
1984-02-10,11.83,10.73,9.43,1.0999999999999996,2.4000000000000004,False,False
1984-02-13,11.83,10.73,9.43,1.0999999999999996,2.4000000000000004,False,False
1984-02-14,11.85,10.78,9.43,1.0700000000000003,2.42,False,False
1984-02-15,11.81,10.73,9.44,1.08,2.370000000000001,False,False
1984-02-16,11.83,10.75,9.44,1.08,2.3900000000000006,False,False
1984-02-17,11.92,10.87,9.53,1.0500000000000007,2.3900000000000006,False,False
1984-02-20,11.92,10.87,9.53,1.0500000000000007,2.3900000000000006,False,False
1984-02-21,11.91,10.85,9.5,1.0600000000000005,2.41,False,False
1984-02-22,11.93,10.92,9.51,1.0099999999999998,2.42,False,False
1984-02-23,12.05,11.03,9.64,1.0200000000000014,2.41,False,False
1984-02-24,11.99,10.94,9.54,1.0500000000000007,2.450000000000001,False,False
1984-02-27,12.05,11.02,9.55,1.0300000000000011,2.5,False,False
1984-02-28,12.09,11.04,9.59,1.0500000000000007,2.5,False,False
1984-02-29,12.04,10.99,9.49,1.049999999999999,2.549999999999999,False,False
1984-03-01,12.07,11.05,9.54,1.0199999999999996,2.530000000000001,False,False
1984-03-02,11.99,10.92,9.5,1.0700000000000003,2.49,False,False
1984-03-05,12.07,11.01,9.54,1.0600000000000005,2.530000000000001,False,False
1984-03-06,12.09,11.01,9.59,1.08,2.5,False,False
1984-03-07,12.22,11.08,9.67,1.1400000000000006,2.5500000000000007,False,False
1984-03-08,12.24,11.15,9.7,1.0899999999999999,2.540000000000001,False,False
1984-03-09,12.28,11.19,9.77,1.0899999999999999,2.51,False,False
1984-03-12,12.24,11.18,9.69,1.0600000000000005,2.5500000000000007,False,False
1984-03-13,12.27,11.22,9.74,1.049999999999999,2.5299999999999994,False,False
1984-03-14,12.31,11.26,9.83,1.0500000000000007,2.4800000000000004,False,False
1984-03-15,12.31,11.28,9.86,1.0300000000000011,2.450000000000001,False,False
1984-03-16,12.34,11.27,9.87,1.0700000000000003,2.4700000000000006,False,False
1984-03-19,12.45,11.39,10.0,1.0599999999999987,2.4499999999999993,False,False
1984-03-20,12.44,11.45,10.2,0.9900000000000002,2.24,False,False
1984-03-21,12.45,11.57,10.2,0.879999999999999,2.25,False,False
1984-03-22,12.49,11.59,10.18,0.9000000000000004,2.3100000000000005,False,False
1984-03-23,12.48,11.59,10.15,0.8900000000000006,2.33,False,False
1984-03-26,12.46,11.56,10.11,0.9000000000000004,2.3500000000000014,False,False
1984-03-27,12.46,11.58,10.17,0.8800000000000008,2.290000000000001,False,False
1984-03-28,12.42,11.48,10.1,0.9399999999999995,2.3200000000000003,False,False
1984-03-29,12.41,11.49,10.07,0.9199999999999999,2.34,False,False
1984-03-30,12.53,11.6,10.09,0.9299999999999997,2.4399999999999995,False,False
1984-04-02,12.56,11.61,10.05,0.9500000000000011,2.51,False,False
1984-04-03,12.65,11.73,10.18,0.9199999999999999,2.4700000000000006,False,False
1984-04-04,12.67,11.76,10.18,0.9100000000000001,2.49,False,False
1984-04-05,12.65,11.7,10.18,0.9500000000000011,2.4700000000000006,False,False
1984-04-06,12.51,11.55,10.05,0.9599999999999991,2.459999999999999,False,False
1984-04-09,12.47,11.55,9.95,0.9199999999999999,2.5200000000000014,False,False
1984-04-10,12.52,11.54,10.01,0.9800000000000004,2.51,False,False
1984-04-11,12.5,11.53,10.01,0.9700000000000006,2.49,False,False
1984-04-12,12.4,11.49,10.02,0.9100000000000001,2.380000000000001,False,False
1984-04-13,12.57,11.66,10.11,0.9100000000000001,2.460000000000001,False,False
1984-04-16,12.61,11.7,10.17,0.9100000000000001,2.4399999999999995,False,False
1984-04-17,12.57,11.59,10.15,0.9800000000000004,2.42,False,False
1984-04-18,12.7,11.69,10.14,1.0099999999999998,2.5599999999999987,False,False
1984-04-19,12.77,11.77,10.1,1.0,2.67,False,False
1984-04-20,12.77,11.77,10.1,1.0,2.67,False,False
1984-04-23,12.8,11.78,10.01,1.0200000000000014,2.790000000000001,False,False
1984-04-24,12.75,11.73,10.04,1.0199999999999996,2.710000000000001,False,False
1984-04-25,12.69,11.79,10.02,0.9000000000000004,2.67,False,False
1984-04-26,12.67,11.77,9.91,0.9000000000000004,2.76,False,False
1984-04-27,12.79,11.89,10.08,0.8999999999999986,2.709999999999999,False,False
1984-04-30,12.82,11.89,10.1,0.9299999999999997,2.7200000000000006,False,False
1984-05-01,12.82,11.88,10.08,0.9399999999999995,2.74,False,False
1984-05-02,12.86,11.92,10.06,0.9399999999999995,2.799999999999999,False,False
1984-05-03,12.89,11.96,10.05,0.9299999999999997,2.84,False,False
1984-05-04,13.07,12.15,10.25,0.9199999999999999,2.8200000000000003,False,False
1984-05-07,13.13,12.24,10.35,0.8900000000000006,2.780000000000001,False,False
1984-05-08,13.09,12.23,10.44,0.8599999999999994,2.6500000000000004,False,False
1984-05-09,13.21,12.32,10.4,0.8900000000000006,2.8100000000000005,False,False
1984-05-10,13.25,12.32,10.25,0.9299999999999997,3.0,False,False
1984-05-11,13.46,12.55,10.4,0.9100000000000001,3.0600000000000005,False,False
1984-05-14,13.58,12.57,10.37,1.0099999999999998,3.210000000000001,False,False
1984-05-15,13.48,12.51,10.52,0.9700000000000006,2.960000000000001,False,False
1984-05-16,13.41,12.42,10.14,0.9900000000000002,3.2699999999999996,False,False
1984-05-17,13.54,12.51,10.16,1.0299999999999994,3.379999999999999,False,False
1984-05-18,13.45,12.47,10.19,0.9799999999999986,3.26,False,False
1984-05-21,13.43,12.48,10.07,0.9499999999999993,3.3599999999999994,False,False
1984-05-22,13.52,12.58,10.45,0.9399999999999995,3.0700000000000003,False,False
1984-05-23,13.54,12.67,10.33,0.8699999999999992,3.209999999999999,False,False
1984-05-24,13.72,12.77,10.09,0.9500000000000011,3.630000000000001,False,False
1984-05-25,13.75,12.77,9.94,0.9800000000000004,3.8100000000000005,False,False
1984-05-28,13.75,12.77,9.94,0.9800000000000004,3.8100000000000005,False,False
1984-05-29,13.89,12.98,10.09,0.9100000000000001,3.8000000000000007,False,False
1984-05-30,13.99,13.04,10.15,0.9500000000000011,3.84,False,False
1984-05-31,13.91,13.0,10.13,0.9100000000000001,3.7799999999999994,False,False
1984-06-01,13.63,12.72,10.18,0.9100000000000001,3.450000000000001,False,False
1984-06-04,13.42,12.63,10.23,0.7899999999999991,3.1899999999999995,False,False
1984-06-05,13.37,12.6,10.14,0.7699999999999996,3.2299999999999986,False,False
1984-06-06,13.54,12.75,10.15,0.7899999999999991,3.389999999999999,False,False
1984-06-07,13.54,12.81,10.23,0.7299999999999986,3.3099999999999987,False,False
1984-06-08,13.46,12.74,10.25,0.7200000000000006,3.210000000000001,False,False
1984-06-11,13.58,13.0,10.43,0.5800000000000001,3.1500000000000004,False,False
1984-06-12,13.54,12.92,10.48,0.6199999999999992,3.0599999999999987,False,False
1984-06-13,13.44,12.83,10.28,0.6099999999999994,3.16,False,False
1984-06-14,13.39,12.75,10.28,0.6400000000000006,3.110000000000001,False,False
1984-06-15,13.21,12.63,10.27,0.5800000000000001,2.9400000000000013,False,False
1984-06-18,13.27,12.75,10.35,0.5199999999999996,2.92,False,False
1984-06-19,13.38,12.79,10.31,0.5900000000000016,3.0700000000000003,False,False
1984-06-20,13.65,13.08,10.31,0.5700000000000003,3.34,False,False
1984-06-21,13.72,13.14,10.33,0.5800000000000001,3.3900000000000006,False,False
1984-06-22,13.74,13.15,10.23,0.5899999999999999,3.51,False,False
1984-06-25,13.75,13.12,10.14,0.6300000000000008,3.6099999999999994,False,False
1984-06-26,13.79,13.17,10.19,0.6199999999999992,3.5999999999999996,False,False
1984-06-27,13.76,13.12,10.14,0.6400000000000006,3.619999999999999,False,False
1984-06-28,13.8,13.17,10.24,0.6300000000000008,3.5600000000000005,False,False
1984-06-29,13.84,13.17,10.31,0.6699999999999999,3.5299999999999994,False,False
1984-07-02,13.87,13.17,10.12,0.6999999999999993,3.75,False,False
1984-07-03,13.8,13.12,10.38,0.6800000000000015,3.42,False,False
1984-07-04,13.8,13.12,10.38,0.6800000000000015,3.42,False,False
1984-07-05,13.77,13.07,10.37,0.6999999999999993,3.4000000000000004,False,False
1984-07-06,13.75,13.13,10.4,0.6199999999999992,3.3499999999999996,False,False
1984-07-09,13.48,12.96,10.41,0.5199999999999996,3.0700000000000003,False,False
1984-07-10,13.53,13.0,10.54,0.5299999999999994,2.99,False,False
1984-07-11,13.55,13.06,10.51,0.4900000000000002,3.040000000000001,False,False
1984-07-12,13.42,12.96,10.44,0.4599999999999991,2.9800000000000004,False,False
1984-07-13,13.3,12.85,10.36,0.45000000000000107,2.9400000000000013,False,False
1984-07-16,13.32,12.89,10.4,0.4299999999999997,2.92,False,False
1984-07-17,13.37,12.93,10.61,0.4399999999999995,2.76,False,False
1984-07-18,13.32,12.89,10.52,0.4299999999999997,2.8000000000000007,False,False
1984-07-19,13.25,12.82,10.54,0.4299999999999997,2.710000000000001,False,False
1984-07-20,13.36,12.85,10.59,0.5099999999999998,2.7699999999999996,False,False
1984-07-23,13.35,12.87,10.63,0.4800000000000004,2.719999999999999,False,False
1984-07-24,13.31,12.85,10.69,0.46000000000000085,2.620000000000001,False,False
1984-07-25,13.06,12.64,10.68,0.41999999999999993,2.380000000000001,False,False
1984-07-26,12.89,12.55,10.67,0.33999999999999986,2.2200000000000006,False,False
1984-07-27,12.95,12.59,10.7,0.35999999999999943,2.25,False,False
1984-07-30,13.05,12.66,10.76,0.39000000000000057,2.290000000000001,False,False
1984-07-31,12.91,12.57,10.83,0.33999999999999986,2.08,False,False
1984-08-01,12.81,12.48,10.86,0.33000000000000007,1.950000000000001,False,False
1984-08-02,12.74,12.48,10.9,0.2599999999999998,1.8399999999999999,False,False
1984-08-03,12.61,12.3,10.9,0.3099999999999987,1.709999999999999,False,False
1984-08-06,12.73,12.42,10.98,0.3100000000000005,1.75,False,False
1984-08-07,12.69,12.41,10.97,0.27999999999999936,1.7199999999999989,False,False
1984-08-08,12.66,12.37,10.9,0.2900000000000009,1.7599999999999998,False,False
1984-08-09,12.61,12.33,10.85,0.27999999999999936,1.7599999999999998,False,False
1984-08-10,12.68,12.35,10.86,0.33000000000000007,1.8200000000000003,False,False
1984-08-13,12.74,12.45,10.88,0.2900000000000009,1.8599999999999994,False,False
1984-08-14,12.67,12.34,10.72,0.33000000000000007,1.9499999999999993,False,False
1984-08-15,12.74,12.39,10.62,0.34999999999999964,2.120000000000001,False,False
1984-08-16,12.7,12.4,10.68,0.29999999999999893,2.0199999999999996,False,False
1984-08-17,12.7,12.4,10.75,0.29999999999999893,1.9499999999999993,False,False
1984-08-20,12.69,12.42,10.88,0.2699999999999996,1.8099999999999987,False,False
1984-08-21,12.62,12.41,10.85,0.20999999999999908,1.7699999999999996,False,False
1984-08-22,12.65,12.45,10.84,0.20000000000000107,1.8100000000000005,False,False
1984-08-23,12.69,12.44,10.88,0.25,1.8099999999999987,False,False
1984-08-24,12.66,12.41,10.91,0.25,1.75,False,False
1984-08-27,12.81,12.54,11.12,0.27000000000000135,1.6900000000000013,False,False
1984-08-28,12.81,12.54,11.1,0.27000000000000135,1.7100000000000009,False,False
1984-08-29,12.83,12.56,11.11,0.2699999999999996,1.7200000000000006,False,False
1984-08-30,12.84,12.56,11.09,0.27999999999999936,1.75,False,False
1984-08-31,12.79,12.54,11.06,0.25,1.7299999999999986,False,False
1984-09-03,12.79,12.54,11.06,0.25,1.7299999999999986,False,False
1984-09-04,12.88,12.59,11.14,0.2900000000000009,1.7400000000000002,False,False
1984-09-05,12.92,12.63,11.08,0.28999999999999915,1.8399999999999999,False,False
1984-09-06,12.81,12.54,11.04,0.27000000000000135,1.7700000000000014,False,False
1984-09-07,12.7,12.45,10.99,0.25,1.709999999999999,False,False
1984-09-10,12.62,12.27,10.84,0.34999999999999964,1.7799999999999994,False,False
1984-09-11,12.54,12.26,10.82,0.27999999999999936,1.7199999999999989,False,False
1984-09-12,12.55,12.3,10.83,0.25,1.7200000000000006,False,False
1984-09-13,12.44,12.21,10.75,0.22999999999999865,1.6899999999999995,False,False
1984-09-14,12.42,12.15,10.79,0.2699999999999996,1.6300000000000008,False,False
1984-09-17,12.4,12.16,10.81,0.2400000000000002,1.5899999999999999,False,False
1984-09-18,12.35,12.1,10.74,0.25,1.6099999999999994,False,False
1984-09-19,12.25,11.94,10.69,0.3100000000000005,1.5600000000000005,False,False
1984-09-20,12.28,11.94,10.66,0.33999999999999986,1.6199999999999992,False,False
1984-09-21,12.45,12.06,10.67,0.3899999999999988,1.7799999999999994,False,False
1984-09-24,12.52,12.1,10.72,0.41999999999999993,1.799999999999999,False,False
1984-09-25,12.56,12.12,10.71,0.4400000000000013,1.8499999999999996,False,False
1984-09-26,12.46,12.05,10.64,0.41000000000000014,1.8200000000000003,False,False
1984-09-27,12.31,11.95,10.57,0.3600000000000012,1.7400000000000002,False,False
1984-09-28,12.47,12.07,10.63,0.40000000000000036,1.8399999999999999,False,False
1984-10-01,12.54,12.09,10.65,0.4499999999999993,1.8899999999999988,False,False
1984-10-02,12.54,12.07,10.67,0.46999999999999886,1.8699999999999992,False,False
1984-10-03,12.54,12.06,10.59,0.47999999999999865,1.9499999999999993,False,False
1984-10-04,12.52,12.02,10.57,0.5,1.9499999999999993,False,False
1984-10-05,12.39,11.93,10.55,0.46000000000000085,1.8399999999999999,False,False
1984-10-08,12.39,11.93,10.55,0.46000000000000085,1.8399999999999999,False,False
1984-10-09,12.36,11.87,10.51,0.4900000000000002,1.8499999999999996,False,False
1984-10-10,12.36,11.89,10.48,0.46999999999999886,1.879999999999999,False,False
1984-10-11,12.31,11.78,10.36,0.5300000000000011,1.950000000000001,False,False
1984-10-12,12.28,11.72,10.3,0.5599999999999987,1.9799999999999986,False,False
1984-10-15,12.34,11.78,10.39,0.5600000000000005,1.9499999999999993,False,False
1984-10-16,12.32,11.77,10.35,0.5500000000000007,1.9700000000000006,False,False
1984-10-17,12.28,11.7,10.26,0.5800000000000001,2.0199999999999996,False,False
1984-10-18,12.09,11.53,10.1,0.5600000000000005,1.9900000000000002,False,False
1984-10-19,11.93,11.39,9.93,0.5399999999999991,2.0,False,False
1984-10-22,11.9,11.35,9.92,0.5500000000000007,1.9800000000000004,False,False
1984-10-23,11.78,11.17,9.82,0.6099999999999994,1.959999999999999,False,False
1984-10-24,11.74,11.1,9.51,0.6400000000000006,2.2300000000000004,False,False
1984-10-25,11.83,11.13,9.53,0.6999999999999993,2.3000000000000007,False,False
1984-10-26,11.99,11.33,9.71,0.6600000000000001,2.2799999999999994,False,False
1984-10-29,11.95,11.3,9.65,0.6499999999999986,2.299999999999999,False,False
1984-10-30,11.75,11.13,9.54,0.6199999999999992,2.210000000000001,False,False
1984-10-31,11.79,11.09,9.35,0.6999999999999993,2.4399999999999995,False,False
1984-11-01,11.66,10.93,9.36,0.7300000000000004,2.3000000000000007,False,False
1984-11-02,11.66,10.96,9.34,0.6999999999999993,2.3200000000000003,False,False
1984-11-05,11.6,10.79,8.99,0.8100000000000005,2.6099999999999994,False,False
1984-11-06,11.6,10.79,8.99,0.8100000000000005,2.6099999999999994,False,False
1984-11-07,11.72,10.8,8.86,0.9199999999999999,2.860000000000001,False,False
1984-11-08,11.81,10.95,9.08,0.8600000000000012,2.7300000000000004,False,False
1984-11-09,11.71,10.81,8.94,0.9000000000000004,2.7700000000000014,False,False
1984-11-12,11.71,10.81,8.94,0.9000000000000004,2.7700000000000014,False,False
1984-11-13,11.78,10.89,9.04,0.8899999999999988,2.74,False,False
1984-11-14,11.81,10.91,9.08,0.9000000000000004,2.7300000000000004,False,False
1984-11-15,11.73,10.78,8.98,0.9500000000000011,2.75,False,False
1984-11-16,11.69,10.71,8.9,0.9799999999999986,2.789999999999999,False,False
1984-11-19,11.61,10.67,8.93,0.9399999999999995,2.6799999999999997,False,False
1984-11-20,11.53,10.59,8.93,0.9399999999999995,2.5999999999999996,False,False
1984-11-21,11.39,10.39,8.85,1.0,2.540000000000001,False,False
1984-11-22,11.39,10.39,8.85,1.0,2.540000000000001,False,False
1984-11-23,11.24,10.29,8.75,0.9500000000000011,2.49,False,False
1984-11-26,11.28,10.33,8.79,0.9499999999999993,2.49,False,False
1984-11-27,11.28,10.31,8.68,0.9699999999999989,2.5999999999999996,False,False
1984-11-28,11.38,10.35,8.68,1.0300000000000011,2.700000000000001,False,False
1984-11-29,11.42,10.37,8.65,1.0500000000000007,2.7699999999999996,False,False
1984-11-30,11.58,10.5,8.74,1.08,2.84,False,False
1984-12-03,11.56,10.5,8.71,1.0600000000000005,2.8499999999999996,False,False
1984-12-04,11.52,10.44,8.8,1.08,2.719999999999999,False,False
1984-12-05,11.52,10.4,8.78,1.1199999999999992,2.74,False,False
1984-12-06,11.61,10.49,8.78,1.1199999999999992,2.83,False,False
1984-12-07,11.7,10.51,8.64,1.1899999999999995,3.0599999999999987,False,False
1984-12-10,11.66,10.47,8.65,1.1899999999999995,3.01,False,False
1984-12-11,11.57,10.4,8.63,1.17,2.9399999999999995,False,False
1984-12-12,11.54,10.35,8.56,1.1899999999999995,2.9799999999999986,False,False
1984-12-13,11.7,10.4,8.58,1.299999999999999,3.119999999999999,False,False
1984-12-14,11.56,10.2,8.39,1.3600000000000012,3.17,False,False
1984-12-17,11.49,10.07,8.24,1.42,3.25,False,False
1984-12-18,11.29,9.85,8.08,1.4399999999999995,3.209999999999999,False,False
1984-12-19,11.34,9.89,7.97,1.4499999999999993,3.37,False,False
1984-12-20,11.37,9.94,8.07,1.4299999999999997,3.299999999999999,False,False
1984-12-21,11.34,9.94,8.03,1.4000000000000004,3.3100000000000005,False,False
1984-12-24,11.31,9.83,7.9,1.4800000000000004,3.41,False,False
1984-12-25,11.31,9.83,7.9,1.4800000000000004,3.41,False,False
1984-12-26,11.45,9.95,7.89,1.5,3.5599999999999996,False,False
1984-12-27,11.45,9.96,7.93,1.4899999999999984,3.5199999999999996,False,False
1984-12-28,11.46,10.02,8.0,1.4400000000000013,3.460000000000001,False,False
1984-12-31,11.55,10.02,8.12,1.5300000000000011,3.4300000000000015,False,False
1985-01-01,11.55,10.02,8.12,1.5300000000000011,3.4300000000000015,False,False
1985-01-02,11.7,10.03,8.1,1.67,3.5999999999999996,False,False
1985-01-03,11.62,10.06,8.07,1.5599999999999987,3.549999999999999,False,False
1985-01-04,11.67,10.08,8.08,1.5899999999999999,3.59,False,False
1985-01-07,11.5,10.01,8.06,1.4900000000000002,3.4399999999999995,False,False
1985-01-08,11.45,9.99,8.06,1.459999999999999,3.389999999999999,False,False
1985-01-09,11.47,9.95,7.95,1.5200000000000014,3.5200000000000005,False,False
1985-01-10,11.48,10.0,8.0,1.4800000000000004,3.4800000000000004,False,False
1985-01-11,11.59,10.08,8.02,1.5099999999999998,3.5700000000000003,False,False
1985-01-14,11.6,10.07,7.96,1.5299999999999994,3.6399999999999997,False,False
1985-01-15,11.49,10.0,7.99,1.4900000000000002,3.5,False,False
1985-01-16,11.51,9.99,8.0,1.5199999999999996,3.51,False,False
1985-01-17,11.48,9.98,8.0,1.5,3.4800000000000004,False,False
1985-01-18,11.39,9.91,8.0,1.4800000000000004,3.3900000000000006,False,False
1985-01-21,11.39,9.91,8.0,1.4800000000000004,3.3900000000000006,False,False
1985-01-22,11.27,9.83,7.96,1.4399999999999995,3.3099999999999996,False,False
1985-01-23,11.21,9.83,7.9,1.3800000000000008,3.3100000000000005,False,False
1985-01-24,11.06,9.74,7.88,1.3200000000000003,3.1800000000000006,False,False
1985-01-25,11.11,9.76,7.89,1.3499999999999996,3.2199999999999998,False,False
1985-01-28,11.11,9.79,7.98,1.3200000000000003,3.129999999999999,False,False
1985-01-29,11.11,9.79,8.09,1.3200000000000003,3.0199999999999996,False,False
1985-01-30,11.08,9.76,8.1,1.3200000000000003,2.9800000000000004,False,False
1985-01-31,11.17,9.9,8.33,1.2699999999999996,2.84,False,False
1985-02-01,11.29,10.04,8.47,1.25,2.8199999999999985,False,False
1985-02-04,11.35,10.03,8.47,1.3200000000000003,2.879999999999999,False,False
1985-02-05,11.3,9.99,8.43,1.3100000000000005,2.870000000000001,False,False
1985-02-06,11.4,10.03,8.41,1.370000000000001,2.99,False,False
1985-02-07,11.41,10.06,8.46,1.3499999999999996,2.9499999999999993,False,False
1985-02-08,11.37,10.03,8.51,1.3399999999999999,2.8599999999999994,False,False
1985-02-11,11.42,10.06,8.5,1.3599999999999994,2.92,False,False
1985-02-12,11.42,10.06,8.5,1.3599999999999994,2.92,False,False
1985-02-13,11.39,10.03,8.53,1.3600000000000012,2.860000000000001,False,False
1985-02-14,11.29,9.98,8.48,1.3099999999999987,2.8099999999999987,False,False
1985-02-15,11.38,10.02,8.47,1.3600000000000012,2.91,False,False
1985-02-18,11.38,10.02,8.47,1.3600000000000012,2.91,False,False
1985-02-19,11.37,10.01,8.46,1.3599999999999994,2.9099999999999984,False,False
1985-02-20,11.52,10.13,8.53,1.3899999999999988,2.99,False,False
1985-02-21,11.64,10.29,8.73,1.3500000000000014,2.91,False,False
1985-02-22,11.76,10.34,8.68,1.42,3.08,False,False
1985-02-25,11.75,10.36,8.69,1.3900000000000006,3.0600000000000005,False,False
1985-02-26,11.72,10.36,8.65,1.3600000000000012,3.0700000000000003,False,False
1985-02-27,11.89,10.56,8.75,1.33,3.1400000000000006,False,False
1985-02-28,11.91,10.66,8.81,1.25,3.0999999999999996,False,False
1985-03-01,11.86,10.73,8.98,1.129999999999999,2.879999999999999,False,False
1985-03-04,11.93,10.78,9.05,1.1500000000000004,2.879999999999999,False,False
1985-03-05,11.86,10.71,9.0,1.1499999999999986,2.8599999999999994,False,False
1985-03-06,11.92,10.75,9.01,1.17,2.91,False,False
1985-03-07,11.94,10.83,9.12,1.1099999999999994,2.8200000000000003,False,False
1985-03-08,11.71,10.56,8.89,1.1500000000000004,2.8200000000000003,False,False
1985-03-11,11.72,10.56,8.79,1.1600000000000001,2.9300000000000015,False,False
1985-03-12,11.78,10.62,8.85,1.1600000000000001,2.9299999999999997,False,False
1985-03-13,11.9,10.79,8.91,1.1100000000000012,2.99,False,False
1985-03-14,11.92,10.86,9.05,1.0600000000000005,2.869999999999999,False,False
1985-03-15,11.93,10.82,8.71,1.1099999999999994,3.219999999999999,False,False
1985-03-18,12.02,10.89,8.83,1.129999999999999,3.1899999999999995,False,False
1985-03-19,11.99,10.85,8.86,1.1400000000000006,3.130000000000001,False,False
1985-03-20,11.91,10.85,8.84,1.0600000000000005,3.0700000000000003,False,False
1985-03-21,11.82,10.69,8.75,1.1300000000000008,3.0700000000000003,False,False
1985-03-22,11.88,10.75,8.82,1.1300000000000008,3.0600000000000005,False,False
1985-03-25,11.86,10.71,8.74,1.1499999999999986,3.119999999999999,False,False
1985-03-26,11.77,10.63,8.64,1.1399999999999988,3.129999999999999,False,False
1985-03-27,11.84,10.63,8.63,1.209999999999999,3.209999999999999,False,False
1985-03-28,11.75,10.53,8.49,1.2200000000000006,3.26,False,False
1985-03-29,11.65,10.43,8.47,1.2200000000000006,3.1799999999999997,False,False
1985-04-01,11.66,10.45,8.44,1.2100000000000009,3.2200000000000006,False,False
1985-04-02,11.7,10.48,8.51,1.2199999999999989,3.1899999999999995,False,False
1985-04-03,11.73,10.49,8.45,1.2400000000000002,3.280000000000001,False,False
1985-04-04,11.75,10.53,8.41,1.2200000000000006,3.34,False,False
1985-04-05,11.75,10.53,8.41,1.2200000000000006,3.34,False,False
1985-04-08,11.77,10.49,8.41,1.2799999999999994,3.3599999999999994,False,False
1985-04-09,11.66,10.38,8.37,1.2799999999999994,3.290000000000001,False,False
1985-04-10,11.58,10.31,8.38,1.2699999999999996,3.1999999999999993,False,False
1985-04-11,11.42,10.12,8.32,1.3000000000000007,3.0999999999999996,False,False
1985-04-12,11.43,10.13,8.33,1.299999999999999,3.0999999999999996,False,False
1985-04-15,11.37,10.09,8.35,1.2799999999999994,3.0199999999999996,False,False
1985-04-16,11.25,9.86,8.2,1.3900000000000006,3.0500000000000007,False,False
1985-04-17,11.29,9.93,8.06,1.3599999999999994,3.2299999999999986,False,False
1985-04-18,11.13,9.73,7.97,1.4000000000000004,3.160000000000001,False,False
1985-04-19,11.16,9.81,8.06,1.3499999999999996,3.0999999999999996,False,False
1985-04-22,11.13,9.72,7.93,1.4100000000000001,3.200000000000001,False,False
1985-04-23,11.25,9.88,8.05,1.3699999999999992,3.1999999999999993,False,False
1985-04-24,11.25,9.81,8.01,1.4399999999999995,3.24,False,False
1985-04-25,11.37,9.9,8.1,1.4699999999999989,3.2699999999999996,False,False
1985-04-26,11.35,9.88,8.08,1.4699999999999989,3.2699999999999996,False,False
1985-04-29,11.47,9.97,8.11,1.5,3.360000000000001,False,False
1985-04-30,11.41,9.91,8.12,1.5,3.290000000000001,False,False
1985-05-01,11.27,9.82,8.01,1.4499999999999993,3.26,False,False
1985-05-02,11.29,9.86,8.03,1.4299999999999997,3.26,False,False
1985-05-03,11.21,9.71,7.99,1.5,3.2200000000000006,False,False
1985-05-06,11.19,9.7,8.0,1.4900000000000002,3.1899999999999995,False,False
1985-05-07,11.17,9.66,8.03,1.5099999999999998,3.1400000000000006,False,False
1985-05-08,11.26,9.73,8.09,1.5299999999999994,3.17,False,False
1985-05-09,11.2,9.67,8.01,1.5299999999999994,3.1899999999999995,False,False
1985-05-10,11.04,9.62,8.0,1.42,3.039999999999999,False,False
1985-05-13,11.04,9.64,7.97,1.3999999999999986,3.0699999999999994,False,False
1985-05-14,10.87,9.47,7.86,1.3999999999999986,3.009999999999999,False,False
1985-05-15,10.89,9.4,7.68,1.4900000000000002,3.210000000000001,False,False
1985-05-16,10.81,9.31,7.61,1.5,3.2,False,False
1985-05-17,10.84,9.37,7.64,1.4700000000000006,3.2,False,False
1985-05-20,10.56,9.1,7.5,1.4600000000000009,3.0600000000000005,False,False
1985-05-21,10.6,9.11,7.54,1.4900000000000002,3.0599999999999996,False,False
1985-05-22,10.62,9.11,7.53,1.5099999999999998,3.089999999999999,False,False
1985-05-23,10.64,9.21,7.49,1.4299999999999997,3.1500000000000004,False,False
1985-05-24,10.57,9.13,7.42,1.4399999999999995,3.1500000000000004,False,False
1985-05-27,10.57,9.13,7.42,1.4399999999999995,3.1500000000000004,False,False
1985-05-28,10.43,9.05,7.45,1.379999999999999,2.9799999999999995,False,False
1985-05-29,10.46,9.05,7.48,1.4100000000000001,2.9800000000000004,False,False
1985-05-30,10.39,9.03,7.42,1.3600000000000012,2.9700000000000006,False,False
1985-05-31,10.28,8.92,7.38,1.3599999999999994,2.8999999999999995,False,False
1985-06-03,10.05,8.72,7.24,1.33,2.8100000000000005,False,False
1985-06-04,10.05,8.68,7.18,1.370000000000001,2.870000000000001,False,False
1985-06-05,9.83,8.42,7.14,1.4100000000000001,2.6900000000000004,False,False
1985-06-06,9.89,8.51,7.21,1.3800000000000008,2.6800000000000006,False,False
1985-06-07,10.19,8.82,7.39,1.3699999999999992,2.8,False,False
1985-06-10,10.16,8.87,7.49,1.290000000000001,2.67,False,False
1985-06-11,10.08,8.78,7.38,1.3000000000000007,2.7,False,False
1985-06-12,10.16,8.76,7.32,1.4000000000000004,2.84,False,False
1985-06-13,10.21,8.76,7.2,1.450000000000001,3.0100000000000007,False,False
1985-06-14,9.98,8.45,6.91,1.5300000000000011,3.0700000000000003,False,False
1985-06-17,9.97,8.48,6.99,1.4900000000000002,2.9800000000000004,False,False
1985-06-18,9.9,8.37,6.87,1.5300000000000011,3.0300000000000002,False,False
1985-06-19,10.04,8.5,6.95,1.5399999999999991,3.089999999999999,False,False
1985-06-20,10.14,8.59,7.06,1.5500000000000007,3.080000000000001,False,False
1985-06-21,10.34,8.8,7.27,1.5399999999999991,3.0700000000000003,False,False
1985-06-24,10.45,8.87,7.29,1.58,3.1599999999999993,False,False
1985-06-25,10.5,8.96,7.32,1.5399999999999991,3.1799999999999997,False,False
1985-06-26,10.54,8.94,7.21,1.5999999999999996,3.329999999999999,False,False
1985-06-27,10.39,8.81,7.13,1.58,3.2600000000000007,False,False
1985-06-28,10.25,8.67,7.05,1.58,3.2,False,False
1985-07-01,10.19,8.66,7.09,1.5299999999999994,3.0999999999999996,False,False
1985-07-02,10.2,8.66,7.17,1.5399999999999991,3.0299999999999994,False,False
1985-07-03,10.23,8.66,7.24,1.5700000000000003,2.99,False,False
1985-07-04,10.23,8.66,7.24,1.5700000000000003,2.99,False,False
1985-07-05,9.93,8.36,6.99,1.5700000000000003,2.9399999999999995,False,False
1985-07-08,10.05,8.52,7.14,1.5300000000000011,2.910000000000001,False,False
1985-07-09,10.05,8.52,7.18,1.5300000000000011,2.870000000000001,False,False
1985-07-10,10.07,8.55,7.16,1.5199999999999996,2.91,False,False
1985-07-11,10.22,8.73,7.29,1.4900000000000002,2.9300000000000006,False,False
1985-07-12,10.23,8.78,7.32,1.450000000000001,2.91,False,False
1985-07-15,10.22,8.76,7.28,1.4600000000000009,2.9400000000000004,False,False
1985-07-16,10.15,8.67,7.23,1.4800000000000004,2.92,False,False
1985-07-17,10.12,8.63,7.21,1.4899999999999984,2.9099999999999993,False,False
1985-07-18,10.3,8.76,7.39,1.540000000000001,2.910000000000001,False,False
1985-07-19,10.34,8.82,7.42,1.5199999999999996,2.92,False,False
1985-07-22,10.46,8.95,7.49,1.5100000000000016,2.9700000000000006,False,False
1985-07-23,10.47,8.97,7.5,1.5,2.9700000000000006,False,False
1985-07-24,10.51,8.99,7.48,1.5199999999999996,3.0299999999999994,False,False
1985-07-25,10.52,8.96,7.41,1.5599999999999987,3.1099999999999994,False,False
1985-07-26,10.59,8.98,7.43,1.6099999999999994,3.16,False,False
1985-07-29,10.67,9.03,7.5,1.6400000000000006,3.17,False,False
1985-07-30,10.66,9.04,7.52,1.620000000000001,3.1400000000000006,False,False
1985-07-31,10.57,9.01,7.52,1.5600000000000005,3.0500000000000007,False,False
1985-08-01,10.51,9.04,7.52,1.4700000000000006,2.99,False,False
1985-08-02,10.66,9.15,7.55,1.5099999999999998,3.1100000000000003,False,False
1985-08-05,10.64,9.13,7.52,1.5099999999999998,3.120000000000001,False,False
1985-08-06,10.65,9.13,7.5,1.5199999999999996,3.1500000000000004,False,False
1985-08-07,10.55,9.08,7.41,1.4700000000000006,3.1400000000000006,False,False
1985-08-08,10.43,8.99,7.41,1.4399999999999995,3.0199999999999996,False,False
1985-08-09,10.37,8.95,7.4,1.42,2.969999999999999,False,False
1985-08-12,10.38,8.95,7.33,1.4300000000000015,3.0500000000000007,False,False
1985-08-13,10.46,8.96,7.37,1.5,3.0900000000000007,False,False
1985-08-14,10.38,8.96,7.32,1.42,3.0600000000000005,False,False
1985-08-15,10.36,8.96,7.43,1.3999999999999986,2.9299999999999997,False,False
1985-08-16,10.26,8.9,7.34,1.3599999999999994,2.92,False,False
1985-08-19,10.23,8.89,7.36,1.3399999999999999,2.87,False,False
1985-08-20,10.2,8.86,7.35,1.3399999999999999,2.8499999999999996,False,False
1985-08-21,10.12,8.82,7.27,1.299999999999999,2.8499999999999996,False,False
1985-08-22,10.1,8.81,7.27,1.2899999999999991,2.83,False,False
1985-08-23,10.14,8.87,7.27,1.2700000000000014,2.870000000000001,False,False
1985-08-26,10.18,8.88,7.3,1.299999999999999,2.88,False,False
1985-08-27,10.12,8.81,7.28,1.3099999999999987,2.839999999999999,False,False
1985-08-28,10.16,8.85,7.29,1.3100000000000005,2.87,False,False
1985-08-29,10.12,8.81,7.28,1.3099999999999987,2.839999999999999,False,False
1985-08-30,10.28,8.96,7.38,1.3199999999999985,2.8999999999999995,False,False
1985-09-02,10.28,8.96,7.38,1.3199999999999985,2.8999999999999995,False,False
1985-09-03,10.24,8.95,7.35,1.290000000000001,2.8900000000000006,False,False
1985-09-04,10.16,8.85,7.28,1.3100000000000005,2.88,False,False
1985-09-05,10.27,8.92,7.36,1.3499999999999996,2.9099999999999993,False,False
1985-09-06,10.5,9.15,7.5,1.3499999999999996,3.0,False,False
1985-09-09,10.49,9.13,7.5,1.3599999999999994,2.99,False,False
1985-09-10,10.48,9.1,7.47,1.3800000000000008,3.0100000000000007,False,False
1985-09-11,10.51,9.13,7.48,1.379999999999999,3.0299999999999994,False,False
1985-09-12,10.52,9.15,7.48,1.3699999999999992,3.039999999999999,False,False
1985-09-13,10.4,9.03,7.45,1.370000000000001,2.95,False,False
1985-09-16,10.37,8.99,7.42,1.379999999999999,2.9499999999999993,False,False
1985-09-17,10.41,9.05,7.44,1.3599999999999994,2.9699999999999998,False,False
1985-09-18,10.43,9.07,7.34,1.3599999999999994,3.09,False,False
1985-09-19,10.43,9.13,7.32,1.299999999999999,3.1099999999999994,False,False
1985-09-20,10.36,9.01,7.24,1.3499999999999996,3.119999999999999,False,False
1985-09-23,10.39,8.89,7.12,1.5,3.2700000000000005,False,False
1985-09-24,10.33,8.82,7.06,1.5099999999999998,3.2700000000000005,False,False
1985-09-25,10.27,8.71,7.09,1.5599999999999987,3.1799999999999997,False,False
1985-09-26,10.22,8.72,7.16,1.5,3.0600000000000005,False,False
1985-09-27,10.22,8.72,7.16,1.5,3.0600000000000005,False,False
1985-09-30,10.31,8.88,7.27,1.4299999999999997,3.040000000000001,False,False
1985-10-01,10.29,8.83,7.26,1.459999999999999,3.0299999999999994,False,False
1985-10-02,10.3,8.84,7.25,1.4600000000000009,3.0500000000000007,False,False
1985-10-03,10.32,8.84,7.22,1.4800000000000004,3.1000000000000005,False,False
1985-10-04,10.36,8.84,7.22,1.5199999999999996,3.1399999999999997,False,False
1985-10-07,10.42,8.97,7.32,1.4499999999999993,3.0999999999999996,False,False
1985-10-08,10.36,8.96,7.39,1.3999999999999986,2.9699999999999998,False,False
1985-10-09,10.37,8.97,7.42,1.3999999999999986,2.9499999999999993,False,False
1985-10-10,10.35,8.96,7.46,1.3899999999999988,2.8899999999999997,False,False
1985-10-11,10.34,8.96,7.43,1.379999999999999,2.91,False,False
1985-10-14,10.34,8.96,7.43,1.379999999999999,2.91,False,False
1985-10-15,10.3,8.94,7.48,1.3600000000000012,2.8200000000000003,False,False
1985-10-16,10.25,8.89,7.45,1.3599999999999994,2.8,False,False
1985-10-17,10.21,8.85,7.43,1.3600000000000012,2.780000000000001,False,False
1985-10-18,10.17,8.81,7.44,1.3599999999999994,2.7299999999999995,False,False
1985-10-21,10.18,8.83,7.46,1.3499999999999996,2.7199999999999998,False,False
1985-10-22,10.12,8.8,7.39,1.3199999999999985,2.7299999999999995,False,False
1985-10-23,10.14,8.84,7.46,1.3000000000000007,2.6800000000000006,False,False
1985-10-24,10.15,8.9,7.5,1.25,2.6500000000000004,False,False
1985-10-25,10.21,8.88,7.48,1.33,2.7300000000000004,False,False
1985-10-28,10.28,8.91,7.47,1.3699999999999992,2.8099999999999996,False,False
1985-10-29,10.11,8.82,7.45,1.2899999999999991,2.6599999999999993,False,False
1985-10-30,9.97,8.68,7.42,1.290000000000001,2.5500000000000007,False,False
1985-10-31,10.01,8.7,7.42,1.3100000000000005,2.59,False,False
1985-11-01,9.98,8.7,7.44,1.2800000000000011,2.54,False,False
1985-11-04,9.98,8.71,7.48,1.2699999999999996,2.5,False,False
1985-11-05,9.93,8.69,7.48,1.2400000000000002,2.4499999999999993,False,False
1985-11-06,9.93,8.67,7.49,1.2599999999999998,2.4399999999999995,False,False
1985-11-07,9.91,8.67,7.54,1.2400000000000002,2.37,False,False
1985-11-08,9.84,8.57,7.46,1.2699999999999996,2.38,False,False
1985-11-11,9.84,8.57,7.46,1.2699999999999996,2.38,False,False
1985-11-12,9.74,8.53,7.46,1.2100000000000009,2.2800000000000002,False,False
1985-11-13,9.78,8.58,7.52,1.1999999999999993,2.26,False,False
1985-11-14,9.84,8.63,7.56,1.209999999999999,2.2800000000000002,False,False
1985-11-15,9.92,8.66,7.59,1.2599999999999998,2.33,False,False
1985-11-18,9.72,8.51,7.48,1.2100000000000009,2.24,False,False
1985-11-19,9.73,8.52,7.45,1.2100000000000009,2.2800000000000002,False,False
1985-11-20,9.72,8.54,7.49,1.1800000000000015,2.2300000000000004,False,False
1985-11-21,9.58,8.51,7.47,1.0700000000000003,2.1100000000000003,False,False
1985-11-22,9.66,8.52,7.47,1.1400000000000006,2.1900000000000004,False,False
1985-11-25,9.68,8.52,7.44,1.1600000000000001,2.2399999999999993,False,False
1985-11-26,9.68,8.53,7.43,1.1500000000000004,2.25,False,False
1985-11-27,9.64,8.52,7.41,1.120000000000001,2.2300000000000004,False,False
1985-11-28,9.64,8.52,7.41,1.120000000000001,2.2300000000000004,False,False
1985-11-29,9.59,8.46,7.39,1.129999999999999,2.2,False,False
1985-12-02,9.69,8.54,7.5,1.1500000000000004,2.1899999999999995,False,False
1985-12-03,9.68,8.52,7.47,1.1600000000000001,2.21,False,False
1985-12-04,9.63,8.49,7.46,1.1400000000000006,2.170000000000001,False,False
1985-12-05,9.62,8.47,7.5,1.1499999999999986,2.119999999999999,False,False
1985-12-06,9.65,8.47,7.48,1.1799999999999997,2.17,False,False
1985-12-09,9.49,8.35,7.44,1.1400000000000006,2.05,False,False
1985-12-10,9.36,8.23,7.41,1.129999999999999,1.9499999999999993,False,False
1985-12-11,9.2,8.0,7.28,1.1999999999999993,1.919999999999999,False,False
1985-12-12,9.27,8.07,7.31,1.1999999999999993,1.96,False,False
1985-12-13,9.21,7.97,7.2,1.240000000000001,2.0100000000000007,False,False
1985-12-16,9.16,8.0,7.25,1.1600000000000001,1.9100000000000001,False,False
1985-12-17,9.04,7.94,7.23,1.0999999999999988,1.8099999999999987,False,False
1985-12-18,9.11,8.04,7.36,1.0700000000000003,1.7499999999999991,False,False
1985-12-19,9.1,8.0,7.33,1.0999999999999996,1.7699999999999996,False,False
1985-12-20,9.04,8.01,7.27,1.0299999999999994,1.7699999999999996,False,False
1985-12-23,9.08,8.01,7.3,1.0700000000000003,1.7800000000000002,False,False
1985-12-24,9.07,8.02,7.28,1.0500000000000007,1.79,False,False
1985-12-25,9.07,8.02,7.28,1.0500000000000007,1.79,False,False
1985-12-26,9.04,7.99,7.23,1.049999999999999,1.8099999999999987,False,False
1985-12-27,8.99,7.99,7.18,1.0,1.8100000000000005,False,False
1985-12-30,9.01,7.99,7.17,1.0199999999999996,1.8399999999999999,False,False
1985-12-31,9.0,7.98,7.28,1.0199999999999996,1.7199999999999998,False,False
1986-01-01,9.0,7.98,7.28,1.0199999999999996,1.7199999999999998,False,False
1986-01-02,9.04,8.02,7.33,1.0199999999999996,1.709999999999999,False,False
1986-01-03,9.05,8.03,7.29,1.0200000000000014,1.7600000000000007,False,False
1986-01-06,9.07,8.04,7.29,1.0300000000000011,1.7800000000000002,False,False
1986-01-07,8.94,7.97,7.26,0.9699999999999998,1.6799999999999997,False,False
1986-01-08,9.13,8.09,7.4,1.040000000000001,1.7300000000000004,False,False
1986-01-09,9.27,8.27,7.41,1.0,1.8599999999999994,False,False
1986-01-10,9.39,8.36,7.44,1.0300000000000011,1.9500000000000002,False,False
1986-01-13,9.49,8.38,7.48,1.1099999999999994,2.01,False,False
1986-01-14,9.43,8.33,7.48,1.0999999999999996,1.9499999999999993,False,False
1986-01-15,9.31,8.24,7.42,1.0700000000000003,1.8900000000000006,False,False
1986-01-16,9.3,8.21,7.31,1.0899999999999999,1.990000000000001,False,False
1986-01-17,9.24,8.19,7.33,1.0500000000000007,1.9100000000000001,False,False
1986-01-20,9.24,8.19,7.33,1.0500000000000007,1.9100000000000001,False,False
1986-01-21,9.22,8.2,7.25,1.0200000000000014,1.9700000000000006,False,False
1986-01-22,9.28,8.19,7.23,1.0899999999999999,2.049999999999999,False,False
1986-01-23,9.23,8.17,7.19,1.0600000000000005,2.04,False,False
1986-01-24,9.23,8.13,7.19,1.0999999999999996,2.04,False,False
1986-01-27,9.13,8.07,7.18,1.0600000000000005,1.950000000000001,False,False
1986-01-28,9.05,8.02,7.14,1.0300000000000011,1.910000000000001,False,False
1986-01-29,9.09,8.05,7.26,1.0399999999999991,1.83,False,False
1986-01-30,9.1,8.04,7.27,1.0600000000000005,1.83,False,False
1986-01-31,9.08,7.99,7.19,1.0899999999999999,1.8899999999999997,False,False
1986-02-03,9.02,7.97,7.22,1.0499999999999998,1.7999999999999998,False,False
1986-02-04,8.96,7.94,7.2,1.0200000000000005,1.7600000000000007,False,False
1986-02-05,8.97,7.99,7.24,0.9800000000000004,1.7300000000000004,False,False
1986-02-06,9.03,8.02,7.33,1.0099999999999998,1.6999999999999993,False,False
1986-02-07,9.11,8.15,7.44,0.9599999999999991,1.669999999999999,False,False
1986-02-10,9.0,8.08,7.43,0.9199999999999999,1.5700000000000003,False,False
1986-02-11,8.93,8.04,7.34,0.8900000000000006,1.5899999999999999,False,False
1986-02-12,8.91,8.08,7.34,0.8300000000000001,1.5700000000000003,False,False
1986-02-13,8.85,8.06,7.33,0.7899999999999991,1.5199999999999996,False,False
1986-02-14,8.68,7.99,7.24,0.6899999999999995,1.4399999999999995,False,False
1986-02-17,8.68,7.99,7.24,0.6899999999999995,1.4399999999999995,False,False
1986-02-18,8.64,7.96,7.24,0.6800000000000006,1.4000000000000004,False,False
1986-02-19,8.7,8.06,7.31,0.6399999999999988,1.3899999999999997,False,False
1986-02-20,8.67,8.05,7.34,0.6199999999999992,1.33,False,False
1986-02-21,8.48,7.93,7.2,0.5500000000000007,1.2800000000000002,False,False
1986-02-24,8.39,7.86,7.24,0.5300000000000002,1.1500000000000004,False,False
1986-02-25,8.4,7.89,7.28,0.5100000000000007,1.12,False,False
1986-02-26,8.36,7.88,7.3,0.47999999999999954,1.0599999999999996,False,False
1986-02-27,8.15,7.72,7.26,0.4300000000000006,0.8900000000000006,False,False
1986-02-28,8.13,7.71,7.24,0.4200000000000008,0.8900000000000006,False,False
1986-03-03,7.99,7.55,7.19,0.4400000000000004,0.7999999999999998,False,False
1986-03-04,7.93,7.38,7.06,0.5499999999999998,0.8700000000000001,False,False
1986-03-05,8.12,7.54,7.07,0.5799999999999992,1.049999999999999,False,False
1986-03-06,8.04,7.38,6.9,0.6599999999999993,1.1399999999999988,False,False
1986-03-07,7.96,7.29,6.81,0.6699999999999999,1.1500000000000004,False,False
1986-03-10,7.76,7.16,6.81,0.5999999999999996,0.9500000000000002,False,False
1986-03-11,7.7,7.15,6.77,0.5499999999999998,0.9300000000000006,False,False
1986-03-12,7.68,7.17,6.83,0.5099999999999998,0.8499999999999996,False,False
1986-03-13,7.75,7.21,6.8,0.54,0.9500000000000002,False,False
1986-03-14,7.72,7.18,6.74,0.54,0.9799999999999995,False,False
1986-03-17,7.77,7.22,6.77,0.5499999999999998,1.0,False,False
1986-03-18,7.83,7.23,6.74,0.5999999999999996,1.0899999999999999,False,False
1986-03-19,7.82,7.17,6.69,0.6500000000000004,1.13,False,False
1986-03-20,7.78,7.17,6.64,0.6100000000000003,1.1400000000000006,False,False
1986-03-21,7.8,7.19,6.61,0.6099999999999994,1.1899999999999995,False,False
1986-03-24,7.7,7.11,6.61,0.5899999999999999,1.0899999999999999,False,False
1986-03-25,7.7,7.12,6.57,0.5800000000000001,1.13,False,False
1986-03-26,7.64,7.11,6.61,0.5299999999999994,1.0299999999999994,False,False
1986-03-27,7.49,7.04,6.53,0.4500000000000002,0.96,False,False
1986-03-28,7.49,7.04,6.53,0.4500000000000002,0.96,False,False
1986-03-31,7.39,6.92,6.53,0.46999999999999975,0.8599999999999994,False,False
1986-04-01,7.37,6.89,6.52,0.4800000000000004,0.8500000000000005,False,False
1986-04-02,7.33,6.9,6.53,0.4299999999999997,0.7999999999999998,False,False
1986-04-03,7.41,6.94,6.52,0.46999999999999975,0.8900000000000006,False,False
1986-04-04,7.45,6.85,6.41,0.6000000000000005,1.04,False,False
1986-04-07,7.43,6.82,6.43,0.6099999999999994,1.0,False,False
1986-04-08,7.31,6.7,6.31,0.6099999999999994,1.0,False,False
1986-04-09,7.27,6.58,6.19,0.6899999999999995,1.0799999999999992,False,False
1986-04-10,7.23,6.58,6.2,0.6500000000000004,1.0300000000000002,False,False
1986-04-11,7.29,6.65,6.13,0.6399999999999997,1.1600000000000001,False,False
1986-04-14,7.19,6.53,6.09,0.6600000000000001,1.1000000000000005,False,False
1986-04-15,7.22,6.53,5.98,0.6899999999999995,1.2399999999999993,False,False
1986-04-16,6.98,6.39,5.94,0.5900000000000007,1.04,False,False
1986-04-17,7.03,6.44,6.01,0.5899999999999999,1.0200000000000005,False,False
1986-04-18,7.09,6.44,6.04,0.6499999999999995,1.0499999999999998,False,False
1986-04-21,7.04,6.46,6.04,0.5800000000000001,1.0,False,False
1986-04-22,7.25,6.58,6.12,0.6699999999999999,1.13,False,False
1986-04-23,7.36,6.67,6.27,0.6900000000000004,1.0900000000000007,False,False
1986-04-24,7.51,6.89,6.29,0.6200000000000001,1.2199999999999998,False,False
1986-04-25,7.58,6.91,6.32,0.6699999999999999,1.2599999999999998,False,False
1986-04-28,7.48,6.86,6.29,0.6200000000000001,1.1900000000000004,False,False
1986-04-29,7.38,6.85,6.27,0.5300000000000002,1.1100000000000003,False,False
1986-04-30,7.38,6.83,6.28,0.5499999999999998,1.0999999999999996,False,False
1986-05-01,7.45,6.85,6.29,0.6000000000000005,1.1600000000000001,False,False
1986-05-02,7.51,6.88,6.33,0.6299999999999999,1.1799999999999997,False,False
1986-05-05,7.45,6.82,6.24,0.6299999999999999,1.21,False,False
1986-05-06,7.46,6.82,6.23,0.6399999999999997,1.2299999999999995,False,False
1986-05-07,7.43,6.83,6.22,0.5999999999999996,1.21,False,False
1986-05-08,7.4,6.78,6.22,0.6200000000000001,1.1800000000000006,False,False
1986-05-09,7.48,6.85,6.23,0.6300000000000008,1.25,False,False
1986-05-12,7.67,6.98,6.32,0.6899999999999995,1.3499999999999996,False,False
1986-05-13,7.63,7.0,6.27,0.6299999999999999,1.3600000000000003,False,False
1986-05-14,7.66,7.0,6.27,0.6600000000000001,1.3900000000000006,False,False
1986-05-15,7.79,7.16,6.35,0.6299999999999999,1.4400000000000004,False,False
1986-05-16,7.99,7.32,6.4,0.6699999999999999,1.5899999999999999,False,False
1986-05-19,7.98,7.28,6.39,0.7000000000000002,1.5900000000000007,False,False
1986-05-20,7.88,7.23,6.42,0.6499999999999995,1.46,False,False
1986-05-21,7.9,7.2,6.39,0.7000000000000002,1.5100000000000007,False,False
1986-05-22,7.88,7.2,6.39,0.6799999999999997,1.4900000000000002,False,False
1986-05-23,7.84,7.19,6.36,0.6499999999999995,1.4799999999999995,False,False
1986-05-26,7.84,7.19,6.36,0.6499999999999995,1.4799999999999995,False,False
1986-05-27,7.73,7.14,6.35,0.5900000000000007,1.3800000000000008,False,False
1986-05-28,7.73,7.17,6.38,0.5600000000000005,1.3500000000000005,False,False
1986-05-29,7.99,7.35,6.49,0.6400000000000006,1.5,False,False
1986-05-30,8.05,7.36,6.49,0.6900000000000004,1.5600000000000005,False,False
1986-06-02,8.32,7.5,6.56,0.8200000000000003,1.7600000000000007,False,False
1986-06-03,8.19,7.49,6.61,0.6999999999999993,1.5799999999999992,False,False
1986-06-04,8.39,7.63,6.72,0.7600000000000007,1.6700000000000008,False,False
1986-06-05,8.31,7.54,6.71,0.7700000000000005,1.6000000000000005,False,False
1986-06-06,7.95,7.27,6.51,0.6800000000000006,1.4400000000000004,False,False
1986-06-09,8.13,7.39,6.56,0.7400000000000011,1.5700000000000012,False,False
1986-06-10,8.07,7.38,6.47,0.6900000000000004,1.6000000000000005,False,False
1986-06-11,8.01,7.39,6.53,0.6200000000000001,1.4799999999999995,False,False
1986-06-12,7.98,7.31,6.47,0.6700000000000008,1.5100000000000007,False,False
1986-06-13,7.73,7.15,6.36,0.5800000000000001,1.37,False,False
1986-06-16,7.63,7.1,6.31,0.5300000000000002,1.3200000000000003,False,False
1986-06-17,7.63,7.08,6.27,0.5499999999999998,1.3600000000000003,False,False
1986-06-18,7.57,7.01,6.27,0.5600000000000005,1.3000000000000007,False,False
1986-06-19,7.69,7.1,6.29,0.5900000000000007,1.4000000000000004,False,False
1986-06-20,7.6,7.06,6.28,0.54,1.3199999999999994,False,False
1986-06-23,7.55,7.03,6.3,0.5199999999999996,1.25,False,False
1986-06-24,7.47,6.98,6.26,0.4899999999999993,1.21,False,False
1986-06-25,7.42,6.91,6.26,0.5099999999999998,1.1600000000000001,False,False
1986-06-26,7.42,6.91,6.26,0.5099999999999998,1.1600000000000001,False,False
1986-06-27,7.38,6.84,6.2,0.54,1.1799999999999997,False,False
1986-06-30,7.35,6.81,6.13,0.54,1.2199999999999998,False,False
1986-07-01,7.37,6.8,6.17,0.5700000000000003,1.2000000000000002,False,False
1986-07-02,7.37,6.81,6.18,0.5600000000000005,1.1900000000000004,False,False
1986-07-03,7.31,6.71,6.08,0.5999999999999996,1.2299999999999995,False,False
1986-07-04,7.31,6.71,6.08,0.5999999999999996,1.2299999999999995,False,False
1986-07-07,7.31,6.7,6.04,0.6099999999999994,1.2699999999999996,False,False
1986-07-08,7.44,6.84,6.11,0.6000000000000005,1.33,False,False
1986-07-09,7.31,6.73,6.05,0.5799999999999992,1.2599999999999998,False,False
1986-07-10,7.31,6.73,6.02,0.5799999999999992,1.29,False,False
1986-07-11,7.3,6.6,5.92,0.7000000000000002,1.38,False,False
1986-07-14,7.25,6.58,5.94,0.6699999999999999,1.3099999999999996,False,False
1986-07-15,7.16,6.56,5.94,0.6000000000000005,1.2199999999999998,False,False
1986-07-16,7.2,6.59,5.94,0.6100000000000003,1.2599999999999998,False,False
1986-07-17,7.18,6.61,5.92,0.5699999999999994,1.2599999999999998,False,False
1986-07-18,7.16,6.56,5.88,0.6000000000000005,1.2800000000000002,False,False
1986-07-21,7.14,6.56,5.89,0.5800000000000001,1.25,False,False
1986-07-22,7.2,6.6,5.89,0.6000000000000005,1.3100000000000005,False,False
1986-07-23,7.29,6.63,5.98,0.6600000000000001,1.3099999999999996,False,False
1986-07-24,7.35,6.67,5.98,0.6799999999999997,1.3699999999999992,False,False
1986-07-25,7.33,6.67,5.98,0.6600000000000001,1.3499999999999996,False,False
1986-07-28,7.53,6.76,6.07,0.7700000000000005,1.46,False,False
1986-07-29,7.41,6.71,6.03,0.7000000000000002,1.38,False,False
1986-07-30,7.41,6.67,6.02,0.7400000000000002,1.3900000000000006,False,False
1986-07-31,7.34,6.57,5.96,0.7699999999999996,1.38,False,False
1986-08-01,7.34,6.56,5.94,0.7800000000000002,1.3999999999999995,False,False
1986-08-04,7.33,6.56,5.88,0.7700000000000005,1.4500000000000002,False,False
1986-08-05,7.39,6.58,5.87,0.8099999999999996,1.5199999999999996,False,False
1986-08-06,7.47,6.61,5.88,0.8599999999999994,1.5899999999999999,False,False
1986-08-07,7.45,6.61,5.89,0.8399999999999999,1.5600000000000005,False,False
1986-08-08,7.3,6.54,5.86,0.7599999999999998,1.4399999999999995,False,False
1986-08-11,7.25,6.51,5.84,0.7400000000000002,1.4100000000000001,False,False
1986-08-12,7.23,6.46,5.77,0.7700000000000005,1.4600000000000009,False,False
1986-08-13,7.15,6.37,5.73,0.7800000000000002,1.42,False,False
1986-08-14,7.16,6.39,5.75,0.7700000000000005,1.4100000000000001,False,False
1986-08-15,7.14,6.36,5.71,0.7799999999999994,1.4299999999999997,False,False
1986-08-18,7.14,6.37,5.77,0.7699999999999996,1.37,False,False
1986-08-19,7.02,6.29,5.72,0.7299999999999995,1.2999999999999998,False,False
1986-08-20,7.0,6.17,5.66,0.8300000000000001,1.3399999999999999,False,False
1986-08-21,6.96,6.08,5.52,0.8799999999999999,1.4400000000000004,False,False
1986-08-22,7.07,6.14,5.51,0.9300000000000006,1.5600000000000005,False,False
1986-08-25,7.06,6.1,5.43,0.96,1.63,False,False
1986-08-26,6.97,6.02,5.44,0.9500000000000002,1.5299999999999994,False,False
1986-08-27,7.06,6.12,5.47,0.9399999999999995,1.5899999999999999,False,False
1986-08-28,7.04,6.07,5.44,0.9699999999999998,1.5999999999999996,False,False
1986-08-29,6.95,5.94,5.31,1.0099999999999998,1.6400000000000006,False,False
1986-09-01,6.95,5.94,5.31,1.0099999999999998,1.6400000000000006,False,False
1986-09-02,7.03,5.99,5.33,1.04,1.7000000000000002,False,False
1986-09-03,7.2,6.14,5.38,1.0600000000000005,1.8200000000000003,False,False
1986-09-04,7.15,6.11,5.33,1.04,1.8200000000000003,False,False
1986-09-05,7.32,6.25,5.37,1.0700000000000003,1.9500000000000002,False,False
1986-09-08,7.38,6.3,5.39,1.08,1.9900000000000002,False,False
1986-09-09,7.35,6.3,5.34,1.0499999999999998,2.01,False,False
1986-09-10,7.35,6.27,5.3,1.08,2.05,False,False
1986-09-11,7.57,6.43,5.35,1.1400000000000006,2.2200000000000006,False,False
1986-09-12,7.63,6.43,5.31,1.2000000000000002,2.3200000000000003,False,False
1986-09-15,7.53,6.39,5.32,1.1400000000000006,2.21,False,False
1986-09-16,7.53,6.38,5.27,1.1500000000000004,2.2600000000000007,False,False
1986-09-17,7.46,6.37,5.26,1.0899999999999999,2.2,False,False
1986-09-18,7.62,6.47,5.37,1.1500000000000004,2.25,False,False
1986-09-19,7.67,6.52,5.4,1.1500000000000004,2.2699999999999996,False,False
1986-09-22,7.62,6.49,5.4,1.13,2.2199999999999998,False,False
1986-09-23,7.58,6.46,5.4,1.12,2.1799999999999997,False,False
1986-09-24,7.48,6.37,5.38,1.1100000000000003,2.1000000000000005,False,False
1986-09-25,7.47,6.37,5.37,1.0999999999999996,2.0999999999999996,False,False
1986-09-26,7.47,6.39,5.38,1.08,2.09,False,False
1986-09-29,7.54,6.46,5.41,1.08,2.13,False,False
1986-09-30,7.45,6.38,5.34,1.0700000000000003,2.1100000000000003,False,False
1986-10-01,7.41,6.36,5.33,1.0499999999999998,2.08,False,False
1986-10-02,7.45,6.38,5.33,1.0700000000000003,2.12,False,False
1986-10-03,7.31,6.16,5.23,1.1499999999999995,2.079999999999999,False,False
1986-10-06,7.28,6.14,5.19,1.1400000000000006,2.09,False,False
1986-10-07,7.28,6.13,5.2,1.1500000000000004,2.08,False,False
1986-10-08,7.31,6.11,5.18,1.1999999999999993,2.13,False,False
1986-10-09,7.33,6.15,5.2,1.1799999999999997,2.13,False,False
1986-10-10,7.36,6.16,5.2,1.2000000000000002,2.16,False,False
1986-10-13,7.36,6.16,5.2,1.2000000000000002,2.16,False,False
1986-10-14,7.49,6.26,5.28,1.2300000000000004,2.21,False,False
1986-10-15,7.51,6.27,5.32,1.2400000000000002,2.1899999999999995,False,False
1986-10-16,7.53,6.29,5.34,1.2400000000000002,2.1900000000000004,False,False
1986-10-17,7.57,6.38,5.42,1.1900000000000004,2.1500000000000004,False,False
1986-10-20,7.66,6.47,5.47,1.1900000000000004,2.1900000000000004,False,False
1986-10-21,7.57,6.4,5.46,1.17,2.1100000000000003,False,False
1986-10-22,7.49,6.34,5.45,1.1500000000000004,2.04,False,False
1986-10-23,7.43,6.31,5.41,1.12,2.0199999999999996,False,False
1986-10-24,7.47,6.35,5.42,1.12,2.05,False,False
1986-10-27,7.42,6.32,5.34,1.0999999999999996,2.08,False,False
1986-10-28,7.45,6.34,5.34,1.1100000000000003,2.1100000000000003,False,False
1986-10-29,7.41,6.32,5.34,1.0899999999999999,2.0700000000000003,False,False
1986-10-30,7.31,6.24,5.32,1.0699999999999994,1.9899999999999993,False,False
1986-10-31,7.34,6.26,5.34,1.08,2.0,False,False
1986-11-03,7.29,6.21,5.36,1.08,1.9299999999999997,False,False
1986-11-04,7.31,6.23,5.4,1.0799999999999992,1.9099999999999993,False,False
1986-11-05,7.24,6.26,5.4,0.9800000000000004,1.8399999999999999,False,False
1986-11-06,7.32,6.29,5.41,1.0300000000000002,1.9100000000000001,False,False
1986-11-07,7.4,6.35,5.47,1.0500000000000007,1.9300000000000006,False,False
1986-11-10,7.38,6.42,5.58,0.96,1.7999999999999998,False,False
1986-11-11,7.38,6.42,5.58,0.96,1.7999999999999998,False,False
1986-11-12,7.35,6.38,5.55,0.9699999999999998,1.7999999999999998,False,False
1986-11-13,7.33,6.35,5.55,0.9800000000000004,1.7800000000000002,False,False
1986-11-14,7.29,6.33,5.55,0.96,1.7400000000000002,False,False
1986-11-17,7.22,6.32,5.56,0.8999999999999995,1.6600000000000001,False,False
1986-11-18,7.27,6.32,5.5,0.9499999999999993,1.7699999999999996,False,False
1986-11-19,7.19,6.21,5.48,0.9800000000000004,1.71,False,False
1986-11-20,7.19,6.26,5.53,0.9300000000000006,1.6600000000000001,False,False
1986-11-21,7.17,6.21,5.51,0.96,1.6600000000000001,False,False
1986-11-24,7.11,6.19,5.53,0.9199999999999999,1.58,False,False
1986-11-25,7.15,6.23,5.54,0.9199999999999999,1.6100000000000003,False,False
1986-11-26,7.15,6.21,5.54,0.9400000000000004,1.6100000000000003,False,False
1986-11-27,7.15,6.21,5.54,0.9400000000000004,1.6100000000000003,False,False
1986-11-28,7.15,6.21,5.54,0.9400000000000004,1.6100000000000003,False,False
1986-12-01,7.18,6.25,5.57,0.9299999999999997,1.6099999999999994,False,False
1986-12-02,7.08,6.22,5.56,0.8600000000000003,1.5200000000000005,False,False
1986-12-03,7.06,6.17,5.56,0.8899999999999997,1.5,False,False
1986-12-04,7.01,6.15,5.55,0.8599999999999994,1.46,False,False
1986-12-05,7.12,6.24,5.59,0.8799999999999999,1.5300000000000002,False,False
1986-12-08,7.1,6.24,5.66,0.8599999999999994,1.4399999999999995,False,False
1986-12-09,7.07,6.21,5.63,0.8600000000000003,1.4400000000000004,False,False
1986-12-10,7.05,6.19,5.64,0.8599999999999994,1.4100000000000001,False,False
1986-12-11,7.12,6.24,5.64,0.8799999999999999,1.4800000000000004,False,False
1986-12-12,7.13,6.24,5.64,0.8899999999999997,1.4900000000000002,False,False
1986-12-15,7.15,6.29,5.66,0.8600000000000003,1.4900000000000002,False,False
1986-12-16,7.12,6.29,5.74,0.8300000000000001,1.38,False,False
1986-12-17,7.12,6.31,5.8,0.8100000000000005,1.3200000000000003,False,False
1986-12-18,7.11,6.31,5.76,0.8000000000000007,1.3500000000000005,False,False
1986-12-19,7.1,6.29,5.66,0.8099999999999996,1.4399999999999995,False,False
1986-12-22,7.1,6.3,5.69,0.7999999999999998,1.4099999999999993,False,False
1986-12-23,7.08,6.3,5.71,0.7800000000000002,1.37,False,False
1986-12-24,7.07,6.3,5.73,0.7700000000000005,1.3399999999999999,False,False
1986-12-25,7.07,6.3,5.73,0.7700000000000005,1.3399999999999999,False,False
1986-12-26,7.08,6.3,5.72,0.7800000000000002,1.3600000000000003,False,False
1986-12-29,7.17,6.37,5.83,0.7999999999999998,1.3399999999999999,False,False
1986-12-30,7.23,6.42,5.85,0.8100000000000005,1.3800000000000008,False,False
1986-12-31,7.23,6.35,5.83,0.8800000000000008,1.4000000000000004,False,False
1987-01-01,7.23,6.35,5.83,0.8800000000000008,1.4000000000000004,False,False
1987-01-02,7.18,6.3,5.7,0.8799999999999999,1.4799999999999995,False,False
1987-01-05,7.08,6.24,5.71,0.8399999999999999,1.37,False,False
1987-01-06,7.08,6.25,5.67,0.8300000000000001,1.4100000000000001,False,False
1987-01-07,7.05,6.22,5.58,0.8300000000000001,1.4699999999999998,False,False
1987-01-08,7.04,6.2,5.58,0.8399999999999999,1.46,False,False
1987-01-09,7.01,6.19,5.53,0.8199999999999994,1.4799999999999995,False,False
1987-01-12,7.05,6.2,5.52,0.8499999999999996,1.5300000000000002,False,False
1987-01-13,7.1,6.22,5.51,0.8799999999999999,1.5899999999999999,False,False
1987-01-14,7.11,6.24,5.5,0.8700000000000001,1.6100000000000003,False,False
1987-01-15,7.08,6.22,5.51,0.8600000000000003,1.5700000000000003,False,False
1987-01-16,7.03,6.22,5.47,0.8100000000000005,1.5600000000000005,False,False
1987-01-19,7.03,6.22,5.47,0.8100000000000005,1.5600000000000005,False,False
1987-01-20,7.01,6.17,5.45,0.8399999999999999,1.5599999999999996,False,False
1987-01-21,7.01,6.17,5.46,0.8399999999999999,1.5499999999999998,False,False
1987-01-22,7.03,6.17,5.53,0.8600000000000003,1.5,False,False
1987-01-23,7.06,6.2,5.55,0.8599999999999994,1.5099999999999998,False,False
1987-01-26,7.17,6.26,5.64,0.9100000000000001,1.5300000000000002,False,False
1987-01-27,7.16,6.24,5.64,0.9199999999999999,1.5200000000000005,False,False
1987-01-28,7.13,6.24,5.62,0.8899999999999997,1.5099999999999998,False,False
1987-01-29,7.13,6.24,5.63,0.8899999999999997,1.5,False,False
1987-01-30,7.18,6.33,5.76,0.8499999999999996,1.42,False,False
1987-02-02,7.23,6.36,5.77,0.8700000000000001,1.4600000000000009,False,False
1987-02-03,7.25,6.38,5.75,0.8700000000000001,1.5,False,False
1987-02-04,7.23,6.38,5.79,0.8500000000000005,1.4400000000000004,False,False
1987-02-05,7.2,6.33,5.75,0.8700000000000001,1.4500000000000002,False,False
1987-02-06,7.19,6.38,5.82,0.8100000000000005,1.37,False,False
1987-02-09,7.25,6.45,5.88,0.7999999999999998,1.37,False,False
1987-02-10,7.33,6.49,5.99,0.8399999999999999,1.3399999999999999,False,False
1987-02-11,7.37,6.58,6.03,0.79,1.3399999999999999,False,False
1987-02-12,7.31,6.47,5.88,0.8399999999999999,1.4299999999999997,False,False
1987-02-13,7.28,6.43,5.81,0.8500000000000005,1.4700000000000006,False,False
1987-02-16,7.28,6.43,5.81,0.8500000000000005,1.4700000000000006,False,False
1987-02-17,7.33,6.48,5.88,0.8499999999999996,1.4500000000000002,False,False
1987-02-18,7.3,6.43,5.76,0.8700000000000001,1.54,False,False
1987-02-19,7.23,6.33,5.6,0.9000000000000004,1.6300000000000008,False,False
1987-02-20,7.24,6.33,5.58,0.9100000000000001,1.6600000000000001,False,False
1987-02-23,7.23,6.35,5.59,0.8800000000000008,1.6400000000000006,False,False
1987-02-24,7.18,6.32,5.59,0.8599999999999994,1.5899999999999999,False,False
1987-02-25,7.21,6.37,5.6,0.8399999999999999,1.6100000000000003,False,False
1987-02-26,7.21,6.35,5.6,0.8600000000000003,1.6100000000000003,False,False
1987-02-27,7.19,6.35,5.6,0.8400000000000007,1.5900000000000007,False,False
1987-03-02,7.17,6.34,5.63,0.8300000000000001,1.54,False,False
1987-03-03,7.21,6.37,5.71,0.8399999999999999,1.5,False,False
1987-03-04,7.14,6.32,5.68,0.8199999999999994,1.46,False,False
1987-03-05,7.16,6.35,5.69,0.8100000000000005,1.4699999999999998,False,False
1987-03-06,7.23,6.42,5.82,0.8100000000000005,1.4100000000000001,False,False
1987-03-09,7.23,6.43,5.82,0.8000000000000007,1.4100000000000001,False,False
1987-03-10,7.23,6.44,5.86,0.79,1.37,False,False
1987-03-11,7.23,6.44,5.86,0.79,1.37,False,False
1987-03-12,7.22,6.43,5.85,0.79,1.37,False,False
1987-03-13,7.19,6.39,5.79,0.8000000000000007,1.4000000000000004,False,False
1987-03-16,7.22,6.41,5.83,0.8099999999999996,1.3899999999999997,False,False
1987-03-17,7.2,6.42,5.74,0.7800000000000002,1.46,False,False
1987-03-18,7.21,6.4,5.69,0.8099999999999996,1.5199999999999996,False,False
1987-03-19,7.21,6.38,5.67,0.8300000000000001,1.54,False,False
1987-03-20,7.22,6.4,5.69,0.8199999999999994,1.5299999999999994,False,False
1987-03-23,7.25,6.42,5.8,0.8300000000000001,1.4500000000000002,False,False
1987-03-24,7.27,6.44,5.79,0.8299999999999992,1.4799999999999995,False,False
1987-03-25,7.26,6.46,5.74,0.7999999999999998,1.5199999999999996,False,False
1987-03-26,7.24,6.42,5.74,0.8200000000000003,1.5,False,False
1987-03-27,7.33,6.49,5.81,0.8399999999999999,1.5200000000000005,False,False
1987-03-30,7.54,6.63,5.85,0.9100000000000001,1.6900000000000004,False,False
1987-03-31,7.51,6.54,5.79,0.9699999999999998,1.7199999999999998,False,False
1987-04-01,7.59,6.65,5.71,0.9399999999999995,1.88,False,False
1987-04-02,7.59,6.63,5.68,0.96,1.9100000000000001,False,False
1987-04-03,7.59,6.62,5.67,0.9699999999999998,1.92,False,False
1987-04-06,7.54,6.57,5.65,0.9699999999999998,1.8899999999999997,False,False
1987-04-07,7.62,6.59,5.68,1.0300000000000002,1.9400000000000004,False,False
1987-04-08,7.61,6.59,5.67,1.0200000000000005,1.9400000000000004,False,False
1987-04-09,7.78,6.74,5.93,1.04,1.8500000000000005,False,False
1987-04-10,7.98,6.97,6.04,1.0100000000000007,1.9400000000000004,False,False
1987-04-13,8.07,7.08,6.22,0.9900000000000002,1.8500000000000005,False,False
1987-04-14,8.28,7.19,6.11,1.089999999999999,2.169999999999999,False,False
1987-04-15,8.1,7.02,5.86,1.08,2.2399999999999993,False,False
1987-04-16,8.03,6.9,5.73,1.129999999999999,2.299999999999999,False,False
1987-04-17,8.03,6.9,5.73,1.129999999999999,2.299999999999999,False,False
1987-04-20,8.2,7.06,5.74,1.1399999999999997,2.459999999999999,False,False
1987-04-21,8.19,7.09,5.67,1.0999999999999996,2.5199999999999996,False,False
1987-04-22,8.24,7.23,5.59,1.0099999999999998,2.6500000000000004,False,False
1987-04-23,8.39,7.36,5.66,1.0300000000000002,2.7300000000000004,False,False
1987-04-24,8.47,7.48,5.94,0.9900000000000002,2.5300000000000002,False,False
1987-04-27,8.37,7.5,5.98,0.8699999999999992,2.389999999999999,False,False
1987-04-28,8.28,7.43,6.01,0.8499999999999996,2.2699999999999996,False,False
1987-04-29,8.35,7.43,5.89,0.9199999999999999,2.46,False,False
1987-04-30,8.21,7.38,5.7,0.830000000000001,2.5100000000000007,False,False
1987-05-01,8.39,7.47,5.78,0.9200000000000008,2.6100000000000003,False,False
1987-05-04,8.52,7.61,5.87,0.9099999999999993,2.6499999999999995,False,False
1987-05-05,8.45,7.6,5.99,0.8499999999999996,2.459999999999999,False,False
1987-05-06,8.54,7.62,5.67,0.919999999999999,2.869999999999999,False,False
1987-05-07,8.5,7.6,5.7,0.9000000000000004,2.8,False,False
1987-05-08,8.43,7.57,5.71,0.8599999999999994,2.7199999999999998,False,False
1987-05-11,8.57,7.66,5.84,0.9100000000000001,2.7300000000000004,False,False
1987-05-12,8.55,7.68,5.78,0.870000000000001,2.7700000000000005,False,False
1987-05-13,8.55,7.68,5.7,0.870000000000001,2.8500000000000005,False,False
1987-05-14,8.57,7.66,5.91,0.9100000000000001,2.66,False,False
1987-05-15,8.8,7.95,6.15,0.8500000000000005,2.6500000000000004,False,False
1987-05-18,8.73,7.93,6.09,0.8000000000000007,2.6400000000000006,False,False
1987-05-19,8.89,7.99,5.96,0.9000000000000004,2.9300000000000006,False,False
1987-05-20,8.92,8.05,5.87,0.8699999999999992,3.05,False,False
1987-05-21,8.87,8.06,5.71,0.8099999999999987,3.1599999999999993,False,False
1987-05-22,8.78,7.97,5.74,0.8099999999999996,3.039999999999999,False,False
1987-05-25,8.78,7.97,5.74,0.8099999999999996,3.039999999999999,False,False
1987-05-26,8.55,7.79,5.83,0.7600000000000007,2.7200000000000006,False,False
1987-05-27,8.6,7.84,5.94,0.7599999999999998,2.6599999999999993,False,False
1987-05-28,8.56,7.81,5.82,0.7500000000000009,2.74,False,False
1987-05-29,8.49,7.69,5.87,0.7999999999999998,2.62,False,False
1987-06-01,8.45,7.67,5.92,0.7799999999999994,2.5299999999999994,False,False
1987-06-02,8.72,7.85,5.94,0.870000000000001,2.7800000000000002,False,False
1987-06-03,8.64,7.78,5.87,0.8600000000000003,2.7700000000000005,False,False
1987-06-04,8.58,7.76,5.84,0.8200000000000003,2.74,False,False
1987-06-05,8.5,7.66,5.87,0.8399999999999999,2.63,False,False
1987-06-08,8.53,7.68,5.85,0.8499999999999996,2.6799999999999997,False,False
1987-06-09,8.56,7.71,5.68,0.8500000000000005,2.880000000000001,False,False
1987-06-10,8.56,7.68,5.65,0.8800000000000008,2.91,False,False
1987-06-11,8.52,7.66,5.72,0.8599999999999994,2.8,False,False
1987-06-12,8.32,7.51,5.73,0.8100000000000005,2.59,False,False
1987-06-15,8.28,7.47,5.85,0.8099999999999996,2.4299999999999997,False,False
1987-06-16,8.28,7.47,5.81,0.8099999999999996,2.4699999999999998,False,False
1987-06-17,8.23,7.42,5.83,0.8100000000000005,2.4000000000000004,False,False
1987-06-18,8.27,7.44,5.83,0.8299999999999992,2.4399999999999995,False,False
1987-06-19,8.3,7.45,5.84,0.8500000000000005,2.460000000000001,False,False
1987-06-22,8.23,7.42,5.86,0.8100000000000005,2.37,False,False
1987-06-23,8.23,7.45,5.9,0.7800000000000002,2.33,False,False
1987-06-24,8.31,7.54,6.02,0.7700000000000005,2.290000000000001,False,False
1987-06-25,8.25,7.47,6.03,0.7800000000000002,2.2199999999999998,False,False
1987-06-26,8.37,7.56,5.97,0.8099999999999996,2.3999999999999995,False,False
1987-06-29,8.34,7.48,5.88,0.8599999999999994,2.46,False,False
1987-06-30,8.38,7.48,5.91,0.9000000000000004,2.4700000000000006,False,False
1987-07-01,8.36,7.44,5.82,0.919999999999999,2.539999999999999,False,False
1987-07-02,8.3,7.38,5.84,0.9200000000000008,2.460000000000001,False,False
1987-07-03,8.3,7.38,5.84,0.9200000000000008,2.460000000000001,False,False
1987-07-06,8.29,7.38,5.85,0.9099999999999993,2.4399999999999995,False,False
1987-07-07,8.28,7.36,5.78,0.919999999999999,2.499999999999999,False,False
1987-07-08,8.32,7.35,5.74,0.9700000000000006,2.58,False,False
1987-07-09,8.37,7.38,5.78,0.9899999999999993,2.589999999999999,False,False
1987-07-10,8.32,7.32,5.76,1.0,2.5600000000000005,False,False
1987-07-13,8.38,7.36,5.78,1.0200000000000005,2.6000000000000005,False,False
1987-07-14,8.33,7.32,5.72,1.0099999999999998,2.6100000000000003,False,False
1987-07-15,8.43,7.37,5.75,1.0599999999999996,2.6799999999999997,False,False
1987-07-16,8.41,7.34,5.75,1.0700000000000003,2.66,False,False
1987-07-17,8.36,7.34,5.73,1.0199999999999996,2.629999999999999,False,False
1987-07-20,8.41,7.38,5.72,1.0300000000000002,2.6900000000000004,False,False
1987-07-21,8.49,7.45,5.87,1.04,2.62,False,False
1987-07-22,8.54,7.47,5.85,1.0699999999999994,2.6899999999999995,False,False
1987-07-23,8.56,7.46,5.87,1.1000000000000005,2.6900000000000004,False,False
1987-07-24,8.58,7.53,5.96,1.0499999999999998,2.62,False,False
1987-07-27,8.6,7.59,6.03,1.0099999999999998,2.5699999999999994,False,False
1987-07-28,8.62,7.61,6.09,1.009999999999999,2.5299999999999994,False,False
1987-07-29,8.61,7.64,6.11,0.9699999999999998,2.499999999999999,False,False
1987-07-30,8.61,7.63,6.27,0.9799999999999995,2.34,False,False
1987-07-31,8.66,7.63,6.27,1.0300000000000002,2.3900000000000006,False,False
1987-08-03,8.81,7.72,6.25,1.0900000000000007,2.5600000000000005,False,False
1987-08-04,8.81,7.72,6.04,1.0900000000000007,2.7700000000000005,False,False
1987-08-05,8.71,7.65,6.04,1.0600000000000005,2.670000000000001,False,False
1987-08-06,8.73,7.65,5.93,1.08,2.8000000000000007,False,False
1987-08-07,8.7,7.69,6.04,1.009999999999999,2.6599999999999993,False,False
1987-08-10,8.74,7.71,6.11,1.0300000000000002,2.63,False,False
1987-08-11,8.73,7.69,6.13,1.04,2.6000000000000005,False,False
1987-08-12,8.72,7.67,6.14,1.0500000000000007,2.580000000000001,False,False
1987-08-13,8.63,7.64,6.15,0.9900000000000011,2.4800000000000004,False,False
1987-08-14,8.58,7.62,6.15,0.96,2.4299999999999997,False,False
1987-08-17,8.56,7.62,6.17,0.9400000000000004,2.3900000000000006,False,False
1987-08-18,8.73,7.71,6.21,1.0200000000000005,2.5200000000000005,False,False
1987-08-19,8.77,7.76,6.24,1.0099999999999998,2.5299999999999994,False,False
1987-08-20,8.74,7.77,6.31,0.9700000000000006,2.4300000000000006,False,False
1987-08-21,8.77,7.79,6.3,0.9799999999999995,2.4699999999999998,False,False
1987-08-24,8.78,7.81,6.38,0.9699999999999998,2.3999999999999995,False,False
1987-08-25,8.73,7.79,6.38,0.9400000000000004,2.3500000000000005,False,False
1987-08-26,8.79,7.87,6.46,0.919999999999999,2.329999999999999,False,False
1987-08-27,8.92,7.95,6.5,0.9699999999999998,2.42,False,False
1987-08-28,9.02,8.01,6.52,1.0099999999999998,2.5,False,False
1987-08-31,9.0,7.97,6.45,1.0300000000000002,2.55,False,False
1987-09-01,9.05,7.98,6.32,1.0700000000000003,2.7300000000000004,False,False
1987-09-02,9.28,8.15,6.29,1.129999999999999,2.9899999999999993,False,False
1987-09-03,9.29,8.19,6.39,1.0999999999999996,2.8999999999999995,False,False
1987-09-04,9.3,8.26,6.59,1.040000000000001,2.710000000000001,False,False
1987-09-07,9.3,8.26,6.59,1.040000000000001,2.710000000000001,False,False
1987-09-08,9.5,8.46,6.66,1.0399999999999991,2.84,False,False
1987-09-09,9.48,8.43,6.65,1.0500000000000007,2.83,False,False
1987-09-10,9.42,8.36,6.54,1.0600000000000005,2.88,False,False
1987-09-11,9.33,8.31,6.56,1.0199999999999996,2.7700000000000005,False,False
1987-09-14,9.34,8.26,6.56,1.08,2.7800000000000002,False,False
1987-09-15,9.44,8.3,6.55,1.1399999999999988,2.8899999999999997,False,False
1987-09-16,9.52,8.35,6.55,1.17,2.9699999999999998,False,False
1987-09-17,9.48,8.34,6.59,1.1400000000000006,2.8900000000000006,False,False
1987-09-18,9.38,8.3,6.63,1.08,2.750000000000001,False,False
1987-09-21,9.45,8.33,6.74,1.1199999999999992,2.709999999999999,False,False
1987-09-22,9.37,8.31,6.73,1.0599999999999987,2.639999999999999,False,False
1987-09-23,9.4,8.31,6.71,1.0899999999999999,2.6900000000000004,False,False
1987-09-24,9.51,8.42,6.67,1.0899999999999999,2.84,False,False
1987-09-25,9.53,8.48,6.76,1.049999999999999,2.7699999999999996,False,False
1987-09-28,9.52,8.48,6.81,1.0399999999999991,2.71,False,False
1987-09-29,9.64,8.6,6.92,1.040000000000001,2.7200000000000006,False,False
1987-09-30,9.63,8.6,6.83,1.0300000000000011,2.8000000000000007,False,False
1987-10-01,9.66,8.62,6.86,1.040000000000001,2.8,False,False
1987-10-02,9.6,8.61,6.89,0.9900000000000002,2.71,False,False
1987-10-05,9.69,8.66,6.92,1.0299999999999994,2.7699999999999996,False,False
1987-10-06,9.72,8.73,6.77,0.9900000000000002,2.950000000000001,False,False
1987-10-07,9.71,8.73,6.78,0.9800000000000004,2.9300000000000006,False,False
1987-10-08,9.86,9.03,6.93,0.8300000000000001,2.9299999999999997,False,False
1987-10-09,9.94,9.01,7.0,0.9299999999999997,2.9399999999999995,False,False
1987-10-12,9.94,9.01,7.0,0.9299999999999997,2.9399999999999995,False,False
1987-10-13,9.9,8.94,7.03,0.9600000000000009,2.87,False,False
1987-10-14,10.13,9.14,7.45,0.9900000000000002,2.6800000000000006,False,False
1987-10-15,10.18,9.23,7.33,0.9499999999999993,2.8499999999999996,False,False
1987-10-16,10.23,9.22,7.19,1.0099999999999998,3.04,False,False
1987-10-19,10.15,8.93,6.67,1.2200000000000006,3.4800000000000004,False,False
1987-10-20,9.4,8.09,6.05,1.3100000000000005,3.3500000000000005,False,False
1987-10-21,9.3,7.9,5.78,1.4000000000000004,3.5200000000000005,False,False
1987-10-22,8.97,7.76,5.53,1.2100000000000009,3.4400000000000004,False,False
1987-10-23,8.98,7.76,5.47,1.2200000000000006,3.5100000000000007,False,False
1987-10-26,8.8,7.57,5.44,1.2300000000000004,3.3600000000000003,False,False
1987-10-27,8.92,7.66,5.39,1.2599999999999998,3.5300000000000002,False,False
1987-10-28,9.01,7.65,5.25,1.3599999999999994,3.76,False,False
1987-10-29,8.89,7.53,5.19,1.3600000000000003,3.7,False,False
1987-10-30,8.88,7.58,5.45,1.3000000000000007,3.4300000000000006,False,False
1987-11-02,8.98,7.72,5.85,1.2600000000000007,3.130000000000001,False,False
1987-11-03,8.91,7.67,5.81,1.2400000000000002,3.1000000000000005,False,False
1987-11-04,8.85,7.6,5.71,1.25,3.1399999999999997,False,False
1987-11-05,8.72,7.5,5.76,1.2200000000000006,2.960000000000001,False,False
1987-11-06,8.76,7.62,5.92,1.1399999999999997,2.84,False,False
1987-11-09,8.78,7.64,5.92,1.1399999999999997,2.8599999999999994,False,False
1987-11-10,8.79,7.61,5.85,1.1799999999999988,2.9399999999999995,False,False
1987-11-11,8.79,7.61,5.85,1.1799999999999988,2.9399999999999995,False,False
1987-11-12,8.8,7.67,6.02,1.1300000000000008,2.780000000000001,False,False
1987-11-13,8.84,7.75,6.11,1.0899999999999999,2.7299999999999995,False,False
1987-11-16,8.82,7.78,6.1,1.04,2.7200000000000006,False,False
1987-11-17,8.86,7.73,6.07,1.129999999999999,2.789999999999999,False,False
1987-11-18,8.85,7.74,5.95,1.1099999999999994,2.8999999999999995,False,False
1987-11-19,8.83,7.69,5.85,1.1399999999999997,2.9800000000000004,False,False
1987-11-20,8.79,7.66,5.92,1.129999999999999,2.869999999999999,False,False
1987-11-23,8.8,7.67,6.0,1.1300000000000008,2.8000000000000007,False,False
1987-11-24,8.89,7.73,5.95,1.1600000000000001,2.9400000000000004,False,False
1987-11-25,8.98,7.78,5.88,1.2000000000000002,3.1000000000000005,False,False
1987-11-26,8.98,7.78,5.88,1.2000000000000002,3.1000000000000005,False,False
1987-11-27,9.11,7.87,5.82,1.2399999999999993,3.289999999999999,False,False
1987-11-30,8.99,7.73,5.42,1.2599999999999998,3.5700000000000003,False,False
1987-12-01,9.01,7.77,5.72,1.2400000000000002,3.29,False,False
1987-12-02,9.01,7.79,5.66,1.2199999999999998,3.3499999999999996,False,False
1987-12-03,8.94,7.72,5.52,1.2199999999999998,3.42,False,False
1987-12-04,8.94,7.72,5.61,1.2199999999999998,3.329999999999999,False,False
1987-12-07,9.07,7.86,6.05,1.21,3.0200000000000005,False,False
1987-12-08,9.09,7.88,6.05,1.21,3.04,False,False
1987-12-09,9.05,7.88,6.02,1.1700000000000008,3.030000000000001,False,False
1987-12-10,9.23,8.0,6.11,1.2300000000000004,3.12,False,False
1987-12-11,9.28,8.02,6.05,1.2599999999999998,3.2299999999999995,False,False
1987-12-14,9.23,8.01,6.08,1.2200000000000006,3.1500000000000004,False,False
1987-12-15,9.09,7.92,6.12,1.17,2.9699999999999998,False,False
1987-12-16,9.0,7.89,6.13,1.1100000000000003,2.87,False,False
1987-12-17,9.03,7.89,6.12,1.1399999999999997,2.9099999999999993,False,False
1987-12-18,8.89,7.82,6.06,1.0700000000000003,2.830000000000001,False,False
1987-12-21,8.88,7.84,6.1,1.040000000000001,2.780000000000001,False,False
1987-12-22,8.95,7.91,6.12,1.0399999999999991,2.829999999999999,False,False
1987-12-23,8.83,7.83,5.96,1.0,2.87,False,False
1987-12-24,8.82,7.83,5.92,0.9900000000000002,2.9000000000000004,False,False
1987-12-25,8.82,7.83,5.92,0.9900000000000002,2.9000000000000004,False,False
1987-12-28,8.93,7.91,5.93,1.0199999999999996,3.0,False,False
1987-12-29,8.85,7.86,6.03,0.9899999999999993,2.8199999999999994,False,False
1987-12-30,8.78,7.75,5.89,1.0299999999999994,2.8899999999999997,False,False
1987-12-31,8.83,7.77,5.86,1.0600000000000005,2.9699999999999998,False,False
1988-01-01,8.83,7.77,5.86,1.0600000000000005,2.9699999999999998,False,False
1988-01-04,8.83,7.77,6.09,1.0600000000000005,2.74,False,False
1988-01-05,8.76,7.76,6.12,1.0,2.6399999999999997,False,False
1988-01-06,8.82,7.79,6.03,1.0300000000000002,2.79,False,False
1988-01-07,8.83,7.79,5.96,1.04,2.87,False,False
1988-01-08,8.97,7.92,6.06,1.0500000000000007,2.910000000000001,False,False
1988-01-11,8.94,7.8,5.91,1.1399999999999997,3.0299999999999994,False,False
1988-01-12,8.93,7.8,5.99,1.13,2.9399999999999995,False,False
1988-01-13,8.87,7.76,5.97,1.1099999999999994,2.8999999999999995,False,False
1988-01-14,8.86,7.76,6.07,1.0999999999999996,2.789999999999999,False,False
1988-01-15,8.6,7.61,6.07,0.9899999999999993,2.5299999999999994,False,False
1988-01-18,8.6,7.61,6.07,0.9899999999999993,2.5299999999999994,False,False
1988-01-19,8.65,7.66,6.18,0.9900000000000002,2.4700000000000006,False,False
1988-01-20,8.61,7.59,5.99,1.0199999999999996,2.619999999999999,False,False
1988-01-21,8.53,7.52,6.0,1.0099999999999998,2.5299999999999994,False,False
1988-01-22,8.49,7.51,6.0,0.9800000000000004,2.49,False,False
1988-01-25,8.45,7.49,6.04,0.9599999999999991,2.4099999999999993,False,False
1988-01-26,8.54,7.56,6.01,0.9799999999999995,2.5299999999999994,False,False
1988-01-27,8.38,7.37,5.92,1.0100000000000007,2.460000000000001,False,False
1988-01-28,8.33,7.29,5.86,1.04,2.4699999999999998,False,False
1988-01-29,8.26,7.22,5.82,1.04,2.4399999999999995,False,False
1988-02-01,8.26,7.22,5.86,1.04,2.3999999999999995,False,False
1988-02-02,8.18,7.21,5.89,0.9699999999999998,2.29,False,False
1988-02-03,8.21,7.24,5.89,0.9700000000000006,2.320000000000001,False,False
1988-02-04,8.24,7.24,5.83,1.0,2.41,False,False
1988-02-05,8.12,7.1,5.81,1.0199999999999996,2.3099999999999996,False,False
1988-02-08,8.19,7.16,5.83,1.0299999999999994,2.3599999999999994,False,False
1988-02-09,8.16,7.12,5.78,1.04,2.38,False,False
1988-02-10,8.11,7.07,5.79,1.0399999999999991,2.3199999999999994,False,False
1988-02-11,8.16,7.12,5.81,1.04,2.3500000000000005,False,False
1988-02-12,8.28,7.22,5.93,1.0599999999999996,2.3499999999999996,False,False
1988-02-15,8.28,7.22,5.93,1.0599999999999996,2.3499999999999996,False,False
1988-02-16,8.31,7.26,5.95,1.0500000000000007,2.3600000000000003,False,False
1988-02-17,8.32,7.24,5.92,1.08,2.4000000000000004,False,False
1988-02-18,8.28,7.23,5.87,1.049999999999999,2.4099999999999993,False,False
1988-02-19,8.26,7.21,5.86,1.0499999999999998,2.3999999999999995,False,False
1988-02-22,8.24,7.2,5.85,1.04,2.3900000000000006,False,False
1988-02-23,8.17,7.16,5.81,1.0099999999999998,2.3600000000000003,False,False
1988-02-24,8.18,7.15,5.8,1.0299999999999994,2.38,False,False
1988-02-25,8.23,7.17,5.81,1.0600000000000005,2.420000000000001,False,False
1988-02-26,8.18,7.16,5.76,1.0199999999999996,2.42,False,False
1988-02-29,8.16,7.13,5.8,1.0300000000000002,2.3600000000000003,False,False
1988-03-01,8.15,7.11,5.78,1.04,2.37,False,False
1988-03-02,8.13,7.07,5.77,1.0600000000000005,2.360000000000001,False,False
1988-03-03,8.12,7.08,5.76,1.0399999999999991,2.3599999999999994,False,False
1988-03-04,8.28,7.2,5.88,1.0799999999999992,2.3999999999999995,False,False
1988-03-07,8.3,7.22,5.9,1.080000000000001,2.4000000000000004,False,False
1988-03-08,8.33,7.25,5.91,1.08,2.42,False,False
1988-03-09,8.32,7.22,5.89,1.1000000000000005,2.4300000000000006,False,False
1988-03-10,8.35,7.25,5.92,1.0999999999999996,2.4299999999999997,False,False
1988-03-11,8.29,7.2,5.9,1.089999999999999,2.389999999999999,False,False
1988-03-14,8.29,7.2,5.87,1.089999999999999,2.419999999999999,False,False
1988-03-15,8.3,7.19,5.77,1.1100000000000003,2.530000000000001,False,False
1988-03-16,8.36,7.24,5.77,1.1199999999999992,2.59,False,False
1988-03-17,8.3,7.17,5.76,1.1300000000000008,2.540000000000001,False,False
1988-03-18,8.41,7.23,5.82,1.1799999999999997,2.59,False,False
1988-03-21,8.47,7.32,5.91,1.1500000000000004,2.5600000000000005,False,False
1988-03-22,8.46,7.33,5.95,1.1300000000000008,2.5100000000000007,False,False
1988-03-23,8.47,7.39,6.0,1.080000000000001,2.4700000000000006,False,False
1988-03-24,8.51,7.46,5.96,1.0499999999999998,2.55,False,False
1988-03-25,8.47,7.41,5.87,1.0600000000000005,2.6000000000000005,False,False
1988-03-28,8.58,7.42,5.92,1.1600000000000001,2.66,False,False
1988-03-29,8.56,7.42,5.91,1.1400000000000006,2.6500000000000004,False,False
1988-03-30,8.57,7.43,5.92,1.1400000000000006,2.6500000000000004,False,False
1988-03-31,8.57,7.41,5.87,1.1600000000000001,2.7,False,False
1988-04-01,8.57,7.41,5.87,1.1600000000000001,2.7,False,False
1988-04-04,8.68,7.58,6.04,1.0999999999999996,2.6399999999999997,False,False
1988-04-05,8.67,7.6,6.18,1.0700000000000003,2.49,False,False
1988-04-06,8.61,7.57,6.23,1.0399999999999991,2.379999999999999,False,False
1988-04-07,8.6,7.54,6.23,1.0599999999999996,2.369999999999999,False,False
1988-04-08,8.52,7.47,6.2,1.0499999999999998,2.3199999999999994,False,False
1988-04-11,8.59,7.5,6.23,1.0899999999999999,2.3599999999999994,False,False
1988-04-12,8.57,7.49,6.1,1.08,2.4700000000000006,False,False
1988-04-13,8.56,7.45,6.03,1.1100000000000003,2.5300000000000002,False,False
1988-04-14,8.67,7.56,5.9,1.1100000000000003,2.7699999999999996,False,False
1988-04-15,8.74,7.6,6.05,1.1400000000000006,2.6900000000000004,False,False
1988-04-18,8.81,7.6,6.04,1.2100000000000009,2.7700000000000005,False,False
1988-04-19,8.81,7.57,5.98,1.2400000000000002,2.83,False,False
1988-04-20,8.83,7.65,6.01,1.1799999999999997,2.8200000000000003,False,False
1988-04-21,8.82,7.64,6.0,1.1800000000000006,2.8200000000000003,False,False
1988-04-22,8.78,7.64,6.0,1.1399999999999997,2.7799999999999994,False,False
1988-04-25,8.78,7.64,6.04,1.1399999999999997,2.7399999999999993,False,False
1988-04-26,8.8,7.64,6.07,1.160000000000001,2.7300000000000004,False,False
1988-04-27,8.8,7.63,6.04,1.1700000000000008,2.7600000000000007,False,False
1988-04-28,8.86,7.69,6.13,1.169999999999999,2.7299999999999995,False,False
1988-04-29,8.87,7.73,6.16,1.1399999999999988,2.709999999999999,False,False
1988-05-02,8.94,7.78,6.29,1.1599999999999993,2.6499999999999995,False,False
1988-05-03,8.89,7.77,6.31,1.120000000000001,2.580000000000001,False,False
1988-05-04,8.9,7.77,6.32,1.1300000000000008,2.58,False,False
1988-05-05,8.92,7.79,6.37,1.13,2.55,False,False
1988-05-06,9.01,7.87,6.48,1.1399999999999997,2.5299999999999994,False,False
1988-05-09,9.03,7.95,6.52,1.0799999999999992,2.51,False,False
1988-05-10,9.07,8.0,6.53,1.0700000000000003,2.54,False,False
1988-05-11,9.05,7.95,6.45,1.1000000000000005,2.6000000000000005,False,False
1988-05-12,9.04,7.95,6.4,1.089999999999999,2.639999999999999,False,False
1988-05-13,9.0,7.9,6.37,1.0999999999999996,2.63,False,False
1988-05-16,9.01,7.93,6.4,1.08,2.6099999999999994,False,False
1988-05-17,9.12,7.99,6.49,1.129999999999999,2.629999999999999,False,False
1988-05-18,9.19,8.04,6.4,1.1500000000000004,2.789999999999999,False,False
1988-05-19,9.18,8.04,6.34,1.1400000000000006,2.84,False,False
1988-05-20,9.22,8.08,6.44,1.1400000000000006,2.7800000000000002,False,False
1988-05-23,9.23,8.12,6.47,1.1100000000000012,2.7600000000000007,False,False
1988-05-24,9.22,8.14,6.5,1.08,2.7200000000000006,False,False
1988-05-25,9.2,8.17,6.52,1.0299999999999994,2.6799999999999997,False,False
1988-05-26,9.21,8.23,6.62,0.9800000000000004,2.5900000000000007,False,False
1988-05-27,9.24,8.23,6.65,1.0099999999999998,2.59,False,False
1988-05-30,9.24,8.23,6.65,1.0099999999999998,2.59,False,False
1988-05-31,9.2,8.21,6.67,0.9899999999999984,2.5299999999999994,False,False
1988-06-01,9.03,8.09,6.67,0.9399999999999995,2.3599999999999994,False,False
1988-06-02,9.07,8.13,6.64,0.9399999999999995,2.4300000000000006,False,False
1988-06-03,8.97,8.06,6.66,0.9100000000000001,2.3100000000000005,False,False
1988-06-06,8.97,8.04,6.68,0.9300000000000015,2.290000000000001,False,False
1988-06-07,9.02,8.04,6.63,0.9800000000000004,2.3899999999999997,False,False
1988-06-08,8.92,7.96,6.59,0.96,2.33,False,False
1988-06-09,8.96,7.97,6.64,0.9900000000000011,2.320000000000001,False,False
1988-06-10,8.92,7.99,6.65,0.9299999999999997,2.2699999999999996,False,False
1988-06-13,8.91,7.98,6.65,0.9299999999999997,2.26,False,False
1988-06-14,8.69,7.8,6.54,0.8899999999999997,2.1499999999999995,False,False
1988-06-15,8.71,7.84,6.53,0.870000000000001,2.1800000000000006,False,False
1988-06-16,8.89,7.96,6.49,0.9300000000000006,2.4000000000000004,False,False
1988-06-17,9.02,8.1,6.57,0.9199999999999999,2.4499999999999993,False,False
1988-06-20,9.02,8.14,6.6,0.879999999999999,2.42,False,False
1988-06-21,9.03,8.15,6.76,0.879999999999999,2.2699999999999996,False,False
1988-06-22,8.9,8.04,6.72,0.8600000000000012,2.1800000000000006,False,False
1988-06-23,8.88,8.05,6.73,0.8300000000000001,2.1500000000000004,False,False
1988-06-24,8.85,8.03,6.72,0.8200000000000003,2.13,False,False
1988-06-27,8.94,8.1,6.78,0.8399999999999999,2.1599999999999993,False,False
1988-06-28,8.87,8.05,6.81,0.8199999999999985,2.0599999999999996,False,False
1988-06-29,8.88,8.03,6.78,0.8500000000000014,2.1000000000000005,False,False
1988-06-30,8.82,8.02,6.77,0.8000000000000007,2.0500000000000007,False,False
1988-07-01,8.77,7.98,6.76,0.7899999999999991,2.01,False,False
1988-07-04,8.77,7.98,6.76,0.7899999999999991,2.01,False,False
1988-07-05,8.82,8.04,6.77,0.7800000000000011,2.0500000000000007,False,False
1988-07-06,8.91,8.07,6.73,0.8399999999999999,2.1799999999999997,False,False
1988-07-07,8.95,8.13,6.76,0.8199999999999985,2.1899999999999995,False,False
1988-07-08,9.04,8.25,6.88,0.7899999999999991,2.1599999999999993,False,False
1988-07-11,9.02,8.25,6.84,0.7699999999999996,2.1799999999999997,False,False
1988-07-12,9.08,8.27,6.94,0.8100000000000005,2.1399999999999997,False,False
1988-07-13,9.12,8.27,6.93,0.8499999999999996,2.1899999999999995,False,False
1988-07-14,9.12,8.33,6.95,0.7899999999999991,2.169999999999999,False,False
1988-07-15,9.08,8.31,6.94,0.7699999999999996,2.1399999999999997,False,False
1988-07-18,9.15,8.35,6.9,0.8000000000000007,2.25,False,False
1988-07-19,9.1,8.32,6.9,0.7799999999999994,2.1999999999999993,False,False
1988-07-20,9.11,8.31,6.92,0.7999999999999989,2.1899999999999995,False,False
1988-07-21,9.16,8.39,7.0,0.7699999999999996,2.16,False,False
1988-07-22,9.11,8.35,6.96,0.7599999999999998,2.1499999999999995,False,False
1988-07-25,9.07,8.34,7.04,0.7300000000000004,2.0300000000000002,False,False
1988-07-26,9.09,8.35,7.11,0.7400000000000002,1.9799999999999995,False,False
1988-07-27,9.14,8.44,7.23,0.7000000000000011,1.9100000000000001,False,False
1988-07-28,9.16,8.44,7.22,0.7200000000000006,1.9400000000000004,False,False
1988-07-29,9.12,8.39,7.18,0.7299999999999986,1.9399999999999995,False,False
1988-08-01,9.07,8.36,7.15,0.7100000000000009,1.92,False,False
1988-08-02,9.0,8.32,7.12,0.6799999999999997,1.88,False,False
1988-08-03,9.04,8.34,7.12,0.6999999999999993,1.919999999999999,False,False
1988-08-04,8.99,8.31,7.06,0.6799999999999997,1.9300000000000006,False,False
1988-08-05,9.12,8.47,7.15,0.6499999999999986,1.9699999999999989,False,False
1988-08-08,9.12,8.48,7.09,0.6399999999999988,2.0299999999999994,False,False
1988-08-09,9.2,8.59,7.29,0.6099999999999994,1.9099999999999993,False,False
1988-08-10,9.3,8.64,7.21,0.6600000000000001,2.0900000000000007,False,False
1988-08-11,9.35,8.68,7.24,0.6699999999999999,2.1099999999999994,False,False
1988-08-12,9.36,8.68,7.25,0.6799999999999997,2.1099999999999994,False,False
1988-08-15,9.37,8.7,7.25,0.6699999999999999,2.119999999999999,False,False
1988-08-16,9.35,8.72,7.29,0.629999999999999,2.0599999999999996,False,False
1988-08-17,9.38,8.74,7.26,0.6400000000000006,2.120000000000001,False,False
1988-08-18,9.35,8.74,7.26,0.6099999999999994,2.09,False,False
1988-08-19,9.35,8.74,7.3,0.6099999999999994,2.05,False,False
1988-08-22,9.37,8.76,7.33,0.6099999999999994,2.039999999999999,False,False
1988-08-23,9.32,8.71,7.39,0.6099999999999994,1.9300000000000006,False,False
1988-08-24,9.34,8.73,7.42,0.6099999999999994,1.92,False,False
1988-08-25,9.41,8.78,7.49,0.6300000000000008,1.92,False,False
1988-08-26,9.38,8.78,7.57,0.6000000000000014,1.8100000000000005,False,False
1988-08-29,9.3,8.75,7.57,0.5500000000000007,1.7300000000000004,False,False
1988-08-30,9.27,8.73,7.54,0.5399999999999991,1.7299999999999995,False,False
1988-08-31,9.25,8.71,7.54,0.5399999999999991,1.71,False,False
1988-09-01,9.25,8.68,7.52,0.5700000000000003,1.7300000000000004,False,False
1988-09-02,9.0,8.45,7.45,0.5500000000000007,1.5499999999999998,False,False
1988-09-05,9.0,8.45,7.45,0.5500000000000007,1.5499999999999998,False,False
1988-09-06,8.99,8.47,7.51,0.5199999999999996,1.4800000000000004,False,False
1988-09-07,8.99,8.45,7.57,0.5400000000000009,1.42,False,False
1988-09-08,8.99,8.45,7.56,0.5400000000000009,1.4300000000000006,False,False
1988-09-09,8.93,8.42,7.52,0.5099999999999998,1.4100000000000001,False,False
1988-09-12,8.97,8.44,7.48,0.5300000000000011,1.4900000000000002,False,False
1988-09-13,8.94,8.4,7.4,0.5399999999999991,1.5399999999999991,False,False
1988-09-14,8.88,8.36,7.39,0.5200000000000014,1.490000000000001,False,False
1988-09-15,8.91,8.39,7.4,0.5199999999999996,1.5099999999999998,False,False
1988-09-16,8.93,8.4,7.38,0.5299999999999994,1.5499999999999998,False,False
1988-09-19,8.97,8.44,7.38,0.5300000000000011,1.5900000000000007,False,False
1988-09-20,8.97,8.45,7.44,0.5200000000000014,1.5300000000000002,False,False
1988-09-21,8.93,8.4,7.42,0.5299999999999994,1.5099999999999998,False,False
1988-09-22,8.95,8.44,7.43,0.5099999999999998,1.5199999999999996,False,False
1988-09-23,8.97,8.47,7.47,0.5,1.5000000000000009,False,False
1988-09-26,9.0,8.52,7.55,0.4800000000000004,1.4500000000000002,False,False
1988-09-27,9.04,8.55,7.57,0.48999999999999844,1.4699999999999989,False,False
1988-09-28,9.06,8.59,7.58,0.47000000000000064,1.4800000000000004,False,False
1988-09-29,8.98,8.53,7.53,0.45000000000000107,1.4500000000000002,False,False
1988-09-30,8.87,8.43,7.49,0.4399999999999995,1.379999999999999,False,False
1988-10-03,8.84,8.41,7.5,0.4299999999999997,1.3399999999999999,False,False
1988-10-04,8.87,8.43,7.47,0.4399999999999995,1.3999999999999995,False,False
1988-10-05,8.87,8.43,7.46,0.4399999999999995,1.4099999999999993,False,False
1988-10-06,8.87,8.43,7.55,0.4399999999999995,1.3199999999999994,False,False
1988-10-07,8.7,8.26,7.51,0.4399999999999995,1.1899999999999995,False,False
1988-10-10,8.7,8.26,7.51,0.4399999999999995,1.1899999999999995,False,False
1988-10-11,8.75,8.29,7.55,0.46000000000000085,1.2000000000000002,False,False
1988-10-12,8.84,8.35,7.52,0.4900000000000002,1.3200000000000003,False,False
1988-10-13,8.84,8.36,7.58,0.4800000000000004,1.2599999999999998,False,False
1988-10-14,8.81,8.33,7.56,0.4800000000000004,1.2500000000000009,False,False
1988-10-17,8.79,8.33,7.58,0.4599999999999991,1.209999999999999,False,False
1988-10-18,8.78,8.33,7.6,0.4499999999999993,1.1799999999999997,False,False
1988-10-19,8.82,8.38,7.68,0.4399999999999995,1.1400000000000006,False,False
1988-10-20,8.79,8.38,7.7,0.40999999999999837,1.089999999999999,False,False
1988-10-21,8.83,8.4,7.69,0.4299999999999997,1.1399999999999997,False,False
1988-10-24,8.83,8.42,7.77,0.41000000000000014,1.0600000000000005,False,False
1988-10-25,8.83,8.42,7.69,0.41000000000000014,1.1399999999999997,False,False
1988-10-26,8.79,8.34,7.66,0.4499999999999993,1.129999999999999,False,False
1988-10-27,8.72,8.27,7.63,0.45000000000000107,1.0900000000000007,False,False
1988-10-28,8.69,8.27,7.62,0.41999999999999993,1.0699999999999994,False,False
1988-10-31,8.65,8.25,7.62,0.40000000000000036,1.0300000000000002,False,False
1988-11-01,8.68,8.25,7.58,0.4299999999999997,1.0999999999999996,False,False
1988-11-02,8.73,8.29,7.61,0.4400000000000013,1.12,False,False
1988-11-03,8.69,8.27,7.65,0.41999999999999993,1.0399999999999991,False,False
1988-11-04,8.85,8.39,7.7,0.4599999999999991,1.1499999999999995,False,False
1988-11-07,8.91,8.5,7.75,0.41000000000000014,1.1600000000000001,False,False
1988-11-08,8.91,8.53,7.85,0.3800000000000008,1.0600000000000005,False,False
1988-11-09,8.91,8.57,7.82,0.33999999999999986,1.0899999999999999,False,False
1988-11-10,8.9,8.6,7.9,0.3000000000000007,1.0,False,False
1988-11-11,8.9,8.6,7.9,0.3000000000000007,1.0,False,False
1988-11-14,8.91,8.62,8.06,0.2900000000000009,0.8499999999999996,False,False
1988-11-15,8.92,8.69,8.23,0.23000000000000043,0.6899999999999995,False,False
1988-11-16,9.0,8.75,8.22,0.25,0.7799999999999994,False,False
1988-11-17,9.06,8.75,8.2,0.3100000000000005,0.8600000000000012,False,False
1988-11-18,9.05,8.77,8.21,0.28000000000000114,0.8399999999999999,False,False
1988-11-21,9.04,8.81,8.27,0.22999999999999865,0.7699999999999996,False,False
1988-11-22,9.09,8.88,8.28,0.20999999999999908,0.8100000000000005,False,False
1988-11-23,9.08,8.87,8.29,0.21000000000000085,0.7900000000000009,False,False
1988-11-24,9.08,8.87,8.29,0.21000000000000085,0.7900000000000009,False,False
1988-11-25,9.17,8.98,8.31,0.1899999999999995,0.8599999999999994,False,False
1988-11-28,9.16,9.0,8.27,0.16000000000000014,0.8900000000000006,False,False
1988-11-29,9.13,8.96,8.27,0.16999999999999993,0.8600000000000012,False,False
1988-11-30,9.06,8.84,8.1,0.22000000000000064,0.9600000000000009,False,False
1988-12-01,9.01,8.86,8.12,0.15000000000000036,0.8900000000000006,False,False
1988-12-02,9.18,9.12,8.34,0.0600000000000005,0.8399999999999999,False,False
1988-12-05,9.13,9.09,8.3,0.040000000000000924,0.8300000000000001,False,False
1988-12-06,8.95,8.88,8.23,0.06999999999999851,0.7199999999999989,False,False
1988-12-07,9.0,8.93,8.27,0.07000000000000028,0.7300000000000004,False,False
1988-12-08,9.02,9.0,8.26,0.019999999999999574,0.7599999999999998,False,False
1988-12-09,9.07,9.03,8.14,0.040000000000000924,0.9299999999999997,False,False
1988-12-12,9.08,9.05,8.19,0.02999999999999936,0.8900000000000006,False,False
1988-12-13,9.15,9.16,8.38,-0.009999999999999787,0.7699999999999996,True,False
1988-12-14,9.19,9.2,8.41,-0.009999999999999787,0.7799999999999994,True,False
1988-12-15,9.19,9.2,8.48,-0.009999999999999787,0.7099999999999991,True,False
1988-12-16,9.17,9.18,8.44,-0.009999999999999787,0.7300000000000004,True,False
1988-12-19,9.15,9.18,8.48,-0.02999999999999936,0.6699999999999999,True,False
1988-12-20,9.08,9.11,8.47,-0.02999999999999936,0.6099999999999994,True,False
1988-12-21,9.07,9.09,8.38,-0.019999999999999574,0.6899999999999995,True,False
1988-12-22,9.07,9.04,8.33,0.030000000000001137,0.7400000000000002,False,False
1988-12-23,9.05,9.04,8.32,0.010000000000001563,0.7300000000000004,False,False
1988-12-26,9.05,9.04,8.32,0.010000000000001563,0.7300000000000004,False,False
1988-12-27,9.13,9.15,8.45,-0.019999999999999574,0.6800000000000015,True,False
1988-12-28,9.21,9.23,8.55,-0.019999999999999574,0.6600000000000001,True,False
1988-12-29,9.18,9.18,8.41,0.0,0.7699999999999996,False,False
1988-12-30,9.14,9.14,8.37,0.0,0.7700000000000014,False,False
1989-01-02,9.14,9.14,8.37,0.0,0.7700000000000014,False,False
1989-01-03,9.23,9.21,8.43,0.019999999999999574,0.8000000000000007,False,False
1989-01-04,9.22,9.25,8.54,-0.02999999999999936,0.6800000000000015,True,False
1989-01-05,9.27,9.32,8.56,-0.05000000000000071,0.7099999999999991,True,False
1989-01-06,9.25,9.32,8.58,-0.07000000000000028,0.6699999999999999,True,False
1989-01-09,9.23,9.29,8.58,-0.05999999999999872,0.6500000000000004,True,False
1989-01-10,9.24,9.25,8.6,-0.009999999999999787,0.6400000000000006,True,False
1989-01-11,9.24,9.29,8.53,-0.049999999999998934,0.7100000000000009,True,False
1989-01-12,9.14,9.2,8.55,-0.05999999999999872,0.5899999999999999,True,False
1989-01-13,9.06,9.14,8.49,-0.08000000000000007,0.5700000000000003,True,False
1989-01-16,9.06,9.14,8.49,-0.08000000000000007,0.5700000000000003,True,False
1989-01-17,9.06,9.16,8.54,-0.09999999999999964,0.5200000000000014,True,False
1989-01-18,8.99,9.13,8.55,-0.14000000000000057,0.4399999999999995,True,False
1989-01-19,9.0,9.09,8.52,-0.08999999999999986,0.4800000000000004,True,False
1989-01-20,9.03,9.13,8.52,-0.10000000000000142,0.5099999999999998,True,False
1989-01-23,9.0,9.13,8.56,-0.13000000000000078,0.4399999999999995,True,False
1989-01-24,8.93,9.07,8.5,-0.14000000000000057,0.4299999999999997,True,False
1989-01-25,8.99,9.1,8.59,-0.10999999999999943,0.40000000000000036,True,False
1989-01-26,8.99,9.14,8.64,-0.15000000000000036,0.34999999999999964,True,False
1989-01-27,8.95,9.07,8.62,-0.120000000000001,0.33000000000000007,True,False
1989-01-30,9.0,9.1,8.58,-0.09999999999999964,0.41999999999999993,True,False
1989-01-31,9.01,9.12,8.69,-0.10999999999999943,0.3200000000000003,True,False
1989-02-01,8.99,9.12,8.67,-0.129999999999999,0.3200000000000003,True,False
1989-02-02,8.98,9.12,8.68,-0.1399999999999988,0.3000000000000007,True,False
1989-02-03,9.01,9.23,8.78,-0.22000000000000064,0.23000000000000043,True,False
1989-02-06,9.01,9.25,8.83,-0.2400000000000002,0.17999999999999972,True,False
1989-02-07,8.96,9.19,8.84,-0.22999999999999865,0.120000000000001,True,False
1989-02-08,8.95,9.21,8.84,-0.26000000000000156,0.10999999999999943,True,False
1989-02-09,9.13,9.28,8.78,-0.14999999999999858,0.3500000000000014,True,False
1989-02-10,9.19,9.37,8.85,-0.17999999999999972,0.33999999999999986,True,False
1989-02-13,9.2,9.39,8.86,-0.19000000000000128,0.33999999999999986,True,False
1989-02-14,9.23,9.43,8.87,-0.1999999999999993,0.3600000000000012,True,False
1989-02-15,9.22,9.41,8.8,-0.1899999999999995,0.41999999999999993,True,False
1989-02-16,9.21,9.37,8.81,-0.15999999999999837,0.40000000000000036,True,False
1989-02-17,9.2,9.37,8.78,-0.16999999999999993,0.41999999999999993,True,False
1989-02-20,9.2,9.37,8.78,-0.16999999999999993,0.41999999999999993,True,False
1989-02-21,9.22,9.41,8.77,-0.1899999999999995,0.45000000000000107,True,False
1989-02-22,9.29,9.48,8.84,-0.19000000000000128,0.4499999999999993,True,False
1989-02-23,9.36,9.6,8.92,-0.2400000000000002,0.4399999999999995,True,False
1989-02-24,9.38,9.66,8.96,-0.27999999999999936,0.41999999999999993,True,False
1989-02-27,9.36,9.62,8.99,-0.2599999999999998,0.3699999999999992,True,False
1989-02-28,9.32,9.55,9.03,-0.23000000000000043,0.2900000000000009,True,False
1989-03-01,9.36,9.55,8.98,-0.19000000000000128,0.379999999999999,True,False
1989-03-02,9.31,9.52,8.98,-0.20999999999999908,0.33000000000000007,True,False
1989-03-03,9.31,9.5,8.94,-0.1899999999999995,0.370000000000001,True,False
1989-03-06,9.26,9.46,8.89,-0.20000000000000107,0.3699999999999992,True,False
1989-03-07,9.26,9.48,8.93,-0.22000000000000064,0.33000000000000007,True,False
1989-03-08,9.23,9.48,8.92,-0.25,0.3100000000000005,True,False
1989-03-09,9.24,9.48,8.98,-0.2400000000000002,0.2599999999999998,True,False
1989-03-10,9.34,9.66,9.06,-0.3200000000000003,0.27999999999999936,True,False
1989-03-13,9.35,9.64,9.09,-0.2900000000000009,0.2599999999999998,True,False
1989-03-14,9.32,9.64,9.02,-0.3200000000000003,0.3000000000000007,True,False
1989-03-15,9.31,9.62,8.99,-0.3099999999999987,0.3200000000000003,True,False
1989-03-16,9.3,9.61,9.02,-0.3099999999999987,0.28000000000000114,True,False
1989-03-17,9.49,9.84,9.18,-0.34999999999999964,0.3100000000000005,True,False
1989-03-20,9.53,9.9,9.33,-0.370000000000001,0.1999999999999993,True,False
1989-03-21,9.53,9.92,9.43,-0.39000000000000057,0.09999999999999964,True,False
1989-03-22,9.45,9.81,9.35,-0.3600000000000012,0.09999999999999964,True,False
1989-03-23,9.43,9.81,9.37,-0.3800000000000008,0.0600000000000005,True,False
1989-03-24,9.43,9.81,9.37,-0.3800000000000008,0.0600000000000005,True,False
1989-03-27,9.44,9.85,9.45,-0.41000000000000014,-0.009999999999999787,True,True
1989-03-28,9.41,9.86,9.41,-0.4499999999999993,0.0,True,False
1989-03-29,9.36,9.8,9.29,-0.4400000000000013,0.07000000000000028,True,False
1989-03-30,9.34,9.79,9.29,-0.4499999999999993,0.05000000000000071,True,False
1989-03-31,9.3,9.73,9.23,-0.4299999999999997,0.07000000000000028,True,False
1989-04-03,9.21,9.56,9.15,-0.34999999999999964,0.0600000000000005,True,False
1989-04-04,9.17,9.47,9.14,-0.3000000000000007,0.02999999999999936,True,False
1989-04-05,9.17,9.45,9.15,-0.27999999999999936,0.019999999999999574,True,False
1989-04-06,9.2,9.54,9.17,-0.33999999999999986,0.02999999999999936,True,False
1989-04-07,9.27,9.57,9.12,-0.3000000000000007,0.15000000000000036,True,False
1989-04-10,9.27,9.57,9.05,-0.3000000000000007,0.21999999999999886,True,False
1989-04-11,9.27,9.57,9.0,-0.3000000000000007,0.2699999999999996,True,False
1989-04-12,9.29,9.59,8.98,-0.3000000000000007,0.3099999999999987,True,False
1989-04-13,9.34,9.66,9.09,-0.3200000000000003,0.25,True,False
1989-04-14,9.18,9.43,8.92,-0.25,0.2599999999999998,True,False
1989-04-17,9.2,9.48,8.93,-0.28000000000000114,0.2699999999999996,True,False
1989-04-18,9.06,9.28,8.73,-0.21999999999999886,0.33000000000000007,True,False
1989-04-19,9.08,9.3,8.73,-0.22000000000000064,0.34999999999999964,True,False
1989-04-20,9.2,9.46,8.95,-0.26000000000000156,0.25,True,False
1989-04-21,9.15,9.44,8.95,-0.28999999999999915,0.20000000000000107,True,False
1989-04-24,9.15,9.46,8.99,-0.3100000000000005,0.16000000000000014,True,False
1989-04-25,9.12,9.41,8.94,-0.2900000000000009,0.17999999999999972,True,False
1989-04-26,9.11,9.34,8.84,-0.23000000000000043,0.2699999999999996,True,False
1989-04-27,9.05,9.23,8.71,-0.17999999999999972,0.33999999999999986,True,False
1989-04-28,9.02,9.22,8.71,-0.20000000000000107,0.3099999999999987,True,False
1989-05-01,9.14,9.36,8.94,-0.21999999999999886,0.20000000000000107,True,False
1989-05-02,9.08,9.27,8.89,-0.1899999999999995,0.1899999999999995,True,False
1989-05-03,9.06,9.21,8.84,-0.15000000000000036,0.22000000000000064,True,False
1989-05-04,9.06,9.21,8.84,-0.15000000000000036,0.22000000000000064,True,False
1989-05-05,8.99,9.04,8.73,-0.049999999999998934,0.2599999999999998,True,False
1989-05-08,9.04,9.09,8.8,-0.05000000000000071,0.23999999999999844,True,False
1989-05-09,9.15,9.23,8.81,-0.08000000000000007,0.33999999999999986,True,False
1989-05-10,9.16,9.27,8.83,-0.10999999999999943,0.33000000000000007,True,False
1989-05-11,9.1,9.14,8.72,-0.040000000000000924,0.379999999999999,True,False
1989-05-12,8.81,8.82,8.5,-0.009999999999999787,0.3100000000000005,True,False
1989-05-15,8.82,8.91,8.54,-0.08999999999999986,0.28000000000000114,True,False
1989-05-16,8.82,8.95,8.52,-0.129999999999999,0.3000000000000007,True,False
1989-05-17,8.8,8.96,8.57,-0.16000000000000014,0.23000000000000043,True,False
1989-05-18,8.78,9.0,8.68,-0.22000000000000064,0.09999999999999964,True,False
1989-05-19,8.71,8.94,8.65,-0.22999999999999865,0.0600000000000005,True,False
1989-05-22,8.58,8.84,8.62,-0.2599999999999998,-0.03999999999999915,True,True
1989-05-23,8.6,8.83,8.57,-0.23000000000000043,0.02999999999999936,True,False
1989-05-24,8.63,8.82,8.67,-0.1899999999999995,-0.03999999999999915,True,True
1989-05-25,8.67,8.92,8.85,-0.25,-0.17999999999999972,True,True
1989-05-26,8.66,8.89,8.82,-0.23000000000000043,-0.16000000000000014,True,True
1989-05-29,8.66,8.89,8.82,-0.23000000000000043,-0.16000000000000014,True,True
1989-05-30,8.64,8.87,8.88,-0.22999999999999865,-0.2400000000000002,True,True
1989-05-31,8.6,8.82,8.92,-0.22000000000000064,-0.3200000000000003,True,True
1989-06-01,8.61,8.82,8.92,-0.21000000000000085,-0.3100000000000005,True,True
1989-06-02,8.43,8.52,8.65,-0.08999999999999986,-0.22000000000000064,True,True
1989-06-05,8.36,8.44,8.54,-0.08000000000000007,-0.17999999999999972,True,True
1989-06-06,8.36,8.45,8.45,-0.08999999999999986,-0.08999999999999986,True,True
1989-06-07,8.27,8.38,8.43,-0.11000000000000121,-0.16000000000000014,True,True
1989-06-08,8.27,8.33,8.4,-0.0600000000000005,-0.13000000000000078,True,True
1989-06-09,8.15,8.28,8.5,-0.129999999999999,-0.34999999999999964,True,True
1989-06-12,8.16,8.29,8.46,-0.129999999999999,-0.3000000000000007,True,True
1989-06-13,8.25,8.41,8.45,-0.16000000000000014,-0.1999999999999993,True,True
1989-06-14,8.2,8.36,8.41,-0.16000000000000014,-0.21000000000000085,True,True
1989-06-15,8.33,8.48,8.37,-0.15000000000000036,-0.03999999999999915,True,True
1989-06-16,8.35,8.53,8.42,-0.17999999999999972,-0.07000000000000028,True,True
1989-06-19,8.37,8.55,8.42,-0.1800000000000015,-0.05000000000000071,True,True
1989-06-20,8.31,8.5,8.44,-0.1899999999999995,-0.129999999999999,True,True
1989-06-21,8.37,8.53,8.42,-0.16000000000000014,-0.05000000000000071,True,True
1989-06-22,8.38,8.55,8.44,-0.16999999999999993,-0.05999999999999872,True,True
1989-06-23,8.25,8.39,8.33,-0.14000000000000057,-0.08000000000000007,True,True
1989-06-26,8.18,8.35,8.38,-0.16999999999999993,-0.20000000000000107,True,True
1989-06-27,8.11,8.27,8.33,-0.16000000000000014,-0.22000000000000064,True,True
1989-06-28,8.17,8.27,8.32,-0.09999999999999964,-0.15000000000000036,True,True
1989-06-29,8.12,8.16,8.22,-0.040000000000000924,-0.10000000000000142,True,True
1989-06-30,8.1,8.08,8.26,0.019999999999999574,-0.16000000000000014,False,True
1989-07-03,8.09,8.02,8.23,0.07000000000000028,-0.14000000000000057,False,True
1989-07-04,8.09,8.02,8.23,0.07000000000000028,-0.14000000000000057,False,True
1989-07-05,8.11,7.99,8.05,0.11999999999999922,0.05999999999999872,False,False
1989-07-06,8.08,7.94,8.03,0.13999999999999968,0.05000000000000071,False,False
1989-07-07,8.02,7.83,7.98,0.1899999999999995,0.03999999999999915,False,False
1989-07-10,7.99,7.81,8.0,0.1800000000000006,-0.009999999999999787,False,True
1989-07-11,8.0,7.81,8.03,0.1900000000000004,-0.02999999999999936,False,True
1989-07-12,8.0,7.74,7.99,0.2599999999999998,0.009999999999999787,False,False
1989-07-13,8.0,7.74,8.03,0.2599999999999998,-0.02999999999999936,False,True
1989-07-14,8.04,7.83,8.1,0.20999999999999908,-0.0600000000000005,False,True
1989-07-17,8.05,7.85,8.18,0.20000000000000107,-0.129999999999999,False,True
1989-07-18,8.13,7.95,8.18,0.1800000000000006,-0.049999999999998934,False,True
1989-07-19,8.09,7.9,8.2,0.1899999999999995,-0.10999999999999943,False,True
1989-07-20,8.01,7.81,8.24,0.20000000000000018,-0.23000000000000043,False,True
1989-07-21,8.07,7.91,8.39,0.16000000000000014,-0.3200000000000003,False,True
1989-07-24,8.05,7.93,8.37,0.120000000000001,-0.3199999999999985,False,True
1989-07-25,8.01,7.84,8.31,0.16999999999999993,-0.3000000000000007,False,True
1989-07-26,8.02,7.75,8.3,0.2699999999999996,-0.28000000000000114,False,True
1989-07-27,7.92,7.65,8.17,0.2699999999999996,-0.25,False,True
1989-07-28,7.87,7.56,8.12,0.3100000000000005,-0.2499999999999991,False,True
1989-07-31,7.82,7.53,8.04,0.29000000000000004,-0.21999999999999886,False,True
1989-08-01,7.74,7.46,7.89,0.28000000000000025,-0.14999999999999947,False,True
1989-08-02,7.76,7.53,7.89,0.22999999999999954,-0.1299999999999999,False,True
1989-08-03,7.8,7.6,7.9,0.20000000000000018,-0.10000000000000053,False,True
1989-08-04,8.0,7.92,8.13,0.08000000000000007,-0.13000000000000078,False,True
1989-08-07,8.03,8.01,8.21,0.019999999999999574,-0.1800000000000015,False,True
1989-08-08,8.0,7.96,8.22,0.040000000000000036,-0.22000000000000064,False,True
1989-08-09,8.05,7.99,8.18,0.0600000000000005,-0.129999999999999,False,True
1989-08-10,8.02,7.99,8.13,0.02999999999999936,-0.11000000000000121,False,True
1989-08-11,8.09,8.12,8.22,-0.02999999999999936,-0.13000000000000078,True,True
1989-08-14,8.24,8.31,8.32,-0.07000000000000028,-0.08000000000000007,True,True
1989-08-15,8.21,8.29,8.31,-0.0799999999999983,-0.09999999999999964,True,True
1989-08-16,8.12,8.17,8.22,-0.05000000000000071,-0.10000000000000142,True,True
1989-08-17,8.18,8.26,8.15,-0.08000000000000007,0.02999999999999936,True,False
1989-08-18,8.15,8.26,8.13,-0.10999999999999943,0.019999999999999574,True,False
1989-08-21,8.2,8.32,8.2,-0.120000000000001,0.0,True,False
1989-08-22,8.29,8.43,8.33,-0.14000000000000057,-0.040000000000000924,True,True
1989-08-23,8.25,8.37,8.28,-0.11999999999999922,-0.02999999999999936,True,True
1989-08-24,8.2,8.32,8.24,-0.120000000000001,-0.040000000000000924,True,True
1989-08-25,8.21,8.34,8.23,-0.129999999999999,-0.019999999999999574,True,True
1989-08-28,8.27,8.41,8.26,-0.14000000000000057,0.009999999999999787,True,False
1989-08-29,8.27,8.44,8.17,-0.16999999999999993,0.09999999999999964,True,False
1989-08-30,8.25,8.41,8.14,-0.16000000000000014,0.10999999999999943,True,False
1989-08-31,8.26,8.42,8.16,-0.16000000000000014,0.09999999999999964,True,False
1989-09-01,8.19,8.37,8.12,-0.17999999999999972,0.07000000000000028,True,False
1989-09-04,8.19,8.37,8.12,-0.17999999999999972,0.07000000000000028,True,False
1989-09-05,8.19,8.37,8.15,-0.17999999999999972,0.03999999999999915,True,False
1989-09-06,8.17,8.35,8.09,-0.17999999999999972,0.08000000000000007,True,False
1989-09-07,8.17,8.35,8.07,-0.17999999999999972,0.09999999999999964,True,False
1989-09-08,8.14,8.27,8.04,-0.129999999999999,0.10000000000000142,True,False
1989-09-11,8.13,8.2,7.95,-0.06999999999999851,0.1800000000000006,True,False
1989-09-12,8.13,8.18,7.88,-0.049999999999998934,0.2500000000000009,True,False
1989-09-13,8.18,8.2,7.85,-0.019999999999999574,0.33000000000000007,True,False
1989-09-14,8.13,8.09,7.83,0.040000000000000924,0.3000000000000007,False,False
1989-09-15,8.09,8.06,7.78,0.02999999999999936,0.3099999999999996,False,False
1989-09-18,8.1,8.13,7.87,-0.030000000000001137,0.22999999999999954,True,False
1989-09-19,8.09,8.14,7.92,-0.05000000000000071,0.16999999999999993,True,False
1989-09-20,8.15,8.27,8.08,-0.11999999999999922,0.07000000000000028,True,False
1989-09-21,8.2,8.32,8.1,-0.120000000000001,0.09999999999999964,True,False
1989-09-22,8.22,8.34,8.02,-0.11999999999999922,0.20000000000000107,True,False
1989-09-25,8.32,8.43,8.09,-0.10999999999999943,0.23000000000000043,True,False
1989-09-26,8.3,8.36,8.03,-0.05999999999999872,0.27000000000000135,True,False
1989-09-27,8.3,8.39,8.1,-0.08999999999999986,0.20000000000000107,True,False
1989-09-28,8.3,8.41,8.14,-0.10999999999999943,0.16000000000000014,True,False
1989-09-29,8.31,8.46,8.18,-0.15000000000000036,0.13000000000000078,True,False
1989-10-02,8.28,8.48,8.17,-0.20000000000000107,0.10999999999999943,True,False
1989-10-03,8.23,8.39,8.05,-0.16000000000000014,0.17999999999999972,True,False
1989-10-04,8.22,8.37,8.05,-0.14999999999999858,0.16999999999999993,True,False
1989-10-05,8.15,8.31,8.03,-0.16000000000000014,0.120000000000001,True,False
1989-10-06,8.03,8.1,7.83,-0.07000000000000028,0.1999999999999993,True,False
1989-10-09,8.03,8.1,7.83,-0.07000000000000028,0.1999999999999993,True,False
1989-10-10,8.03,8.06,7.89,-0.030000000000001137,0.13999999999999968,True,False
1989-10-11,8.07,8.08,7.96,-0.009999999999999787,0.11000000000000032,True,False
1989-10-12,8.04,8.01,7.96,0.02999999999999936,0.07999999999999918,False,False
1989-10-13,7.87,7.69,7.87,0.17999999999999972,0.0,False,False
1989-10-16,7.98,7.85,7.7,0.13000000000000078,0.28000000000000025,False,False
1989-10-17,8.0,7.83,7.68,0.16999999999999993,0.3200000000000003,False,False
1989-10-18,8.01,7.83,7.75,0.17999999999999972,0.2599999999999998,False,False
1989-10-19,7.96,7.87,7.83,0.08999999999999986,0.1299999999999999,False,False
1989-10-20,7.98,7.92,7.8,0.0600000000000005,0.1800000000000006,False,False
1989-10-23,7.92,7.88,7.83,0.040000000000000036,0.08999999999999986,False,False
1989-10-24,7.87,7.78,7.75,0.08999999999999986,0.1200000000000001,False,False
1989-10-25,7.86,7.76,7.81,0.10000000000000053,0.05000000000000071,False,False
1989-10-26,7.88,7.78,7.86,0.09999999999999964,0.019999999999999574,False,False
1989-10-27,7.94,7.87,8.02,0.07000000000000028,-0.07999999999999918,False,True
1989-10-30,7.92,7.85,8.01,0.07000000000000028,-0.08999999999999986,False,True
1989-10-31,7.92,7.85,8.04,0.07000000000000028,-0.11999999999999922,False,True
1989-11-01,7.91,7.87,8.05,0.040000000000000036,-0.14000000000000057,False,True
1989-11-02,7.87,7.81,7.99,0.0600000000000005,-0.1200000000000001,False,True
1989-11-03,7.96,8.01,8.1,-0.04999999999999982,-0.13999999999999968,True,True
1989-11-06,8.0,8.04,8.13,-0.03999999999999915,-0.13000000000000078,True,True
1989-11-07,7.9,7.87,8.0,0.03000000000000025,-0.09999999999999964,False,True
1989-11-08,7.87,7.78,7.94,0.08999999999999986,-0.07000000000000028,False,True
1989-11-09,7.9,7.8,7.96,0.10000000000000053,-0.05999999999999961,False,True
1989-11-10,7.92,7.83,7.97,0.08999999999999986,-0.04999999999999982,False,True
1989-11-13,7.89,7.82,7.95,0.0699999999999994,-0.0600000000000005,False,True
1989-11-14,7.87,7.75,7.92,0.1200000000000001,-0.04999999999999982,False,True
1989-11-15,7.82,7.69,7.9,0.1299999999999999,-0.08000000000000007,False,True
1989-11-16,7.82,7.71,7.92,0.11000000000000032,-0.09999999999999964,False,True
1989-11-17,7.88,7.77,7.93,0.11000000000000032,-0.04999999999999982,False,True
1989-11-20,7.86,7.77,7.93,0.09000000000000075,-0.0699999999999994,False,True
1989-11-21,7.85,7.77,7.89,0.08000000000000007,-0.040000000000000036,False,True
1989-11-22,7.81,7.66,7.84,0.14999999999999947,-0.03000000000000025,False,True
1989-11-23,7.81,7.66,7.84,0.14999999999999947,-0.03000000000000025,False,True
1989-11-24,7.8,7.64,7.76,0.16000000000000014,0.040000000000000036,False,False
1989-11-27,7.85,7.79,7.91,0.05999999999999961,-0.0600000000000005,False,True
1989-11-28,7.86,7.78,7.97,0.08000000000000007,-0.10999999999999943,False,True
1989-11-29,7.88,7.8,7.92,0.08000000000000007,-0.040000000000000036,False,True
1989-11-30,7.84,7.75,7.84,0.08999999999999986,0.0,False,False
1989-12-01,7.81,7.7,7.78,0.10999999999999943,0.02999999999999936,False,False
1989-12-04,7.82,7.72,7.79,0.10000000000000053,0.03000000000000025,False,False
1989-12-05,7.82,7.72,7.81,0.10000000000000053,0.010000000000000675,False,False
1989-12-06,7.85,7.8,7.9,0.04999999999999982,-0.05000000000000071,False,True
1989-12-07,7.88,7.85,7.95,0.03000000000000025,-0.07000000000000028,False,True
1989-12-08,7.82,7.78,7.86,0.040000000000000036,-0.040000000000000036,False,True
1989-12-11,7.83,7.78,7.88,0.04999999999999982,-0.04999999999999982,False,True
1989-12-12,7.84,7.8,7.92,0.040000000000000036,-0.08000000000000007,False,True
1989-12-13,7.82,7.82,7.95,0.0,-0.1299999999999999,False,True
1989-12-14,7.79,7.75,7.88,0.040000000000000036,-0.08999999999999986,False,True
1989-12-15,7.8,7.75,7.87,0.04999999999999982,-0.07000000000000028,False,True
1989-12-18,7.77,7.75,7.85,0.019999999999999574,-0.08000000000000007,False,True
1989-12-19,7.78,7.72,7.93,0.0600000000000005,-0.14999999999999947,False,True
1989-12-20,7.77,7.64,7.82,0.1299999999999999,-0.05000000000000071,False,True
1989-12-21,7.77,7.68,7.81,0.08999999999999986,-0.040000000000000036,False,True
1989-12-22,7.82,7.74,7.84,0.08000000000000007,-0.019999999999999574,False,True
1989-12-25,7.82,7.74,7.84,0.08000000000000007,-0.019999999999999574,False,True
1989-12-26,7.95,7.9,8.02,0.04999999999999982,-0.0699999999999994,False,True
1989-12-27,7.94,7.9,7.99,0.040000000000000036,-0.04999999999999982,False,True
1989-12-28,7.91,7.87,7.94,0.040000000000000036,-0.03000000000000025,False,True
1989-12-29,7.93,7.87,7.8,0.05999999999999961,0.1299999999999999,False,False
1990-01-01,7.93,7.87,7.8,0.05999999999999961,0.1299999999999999,False,False
1990-01-02,7.94,7.87,7.83,0.07000000000000028,0.11000000000000032,False,False
1990-01-03,7.99,7.94,7.89,0.04999999999999982,0.10000000000000053,False,False
1990-01-04,7.98,7.92,7.84,0.0600000000000005,0.14000000000000057,False,False
1990-01-05,7.99,7.9,7.79,0.08999999999999986,0.20000000000000018,False,False
1990-01-08,8.02,7.9,7.79,0.11999999999999922,0.22999999999999954,False,False
1990-01-09,8.02,7.91,7.8,0.10999999999999943,0.21999999999999975,False,False
1990-01-10,8.03,7.91,7.75,0.11999999999999922,0.27999999999999936,False,False
1990-01-11,8.04,7.91,7.8,0.129999999999999,0.23999999999999932,False,False
1990-01-12,8.1,7.93,7.74,0.16999999999999993,0.35999999999999943,False,False
1990-01-15,8.1,7.93,7.74,0.16999999999999993,0.35999999999999943,False,False
1990-01-16,8.2,8.1,7.89,0.09999999999999964,0.3099999999999996,False,False
1990-01-17,8.19,8.09,7.97,0.09999999999999964,0.21999999999999975,False,False
1990-01-18,8.32,8.25,8.04,0.07000000000000028,0.28000000000000114,False,False
1990-01-19,8.26,8.2,8.0,0.0600000000000005,0.2599999999999998,False,False
1990-01-22,8.27,8.18,7.99,0.08999999999999986,0.27999999999999936,False,False
1990-01-23,8.26,8.18,7.93,0.08000000000000007,0.33000000000000007,False,False
1990-01-24,8.38,8.2,7.93,0.1800000000000015,0.45000000000000107,False,False
1990-01-25,8.42,8.24,7.95,0.17999999999999972,0.46999999999999975,False,False
1990-01-26,8.49,8.28,7.93,0.21000000000000085,0.5600000000000005,False,False
1990-01-29,8.5,8.3,8.0,0.1999999999999993,0.5,False,False
1990-01-30,8.51,8.3,8.0,0.20999999999999908,0.5099999999999998,False,False
1990-01-31,8.43,8.28,8.0,0.15000000000000036,0.4299999999999997,False,False
1990-02-01,8.42,8.28,8.02,0.14000000000000057,0.40000000000000036,False,False
1990-02-02,8.5,8.37,8.07,0.13000000000000078,0.4299999999999997,False,False
1990-02-05,8.53,8.37,8.08,0.16000000000000014,0.4499999999999993,False,False
1990-02-06,8.57,8.42,8.09,0.15000000000000036,0.4800000000000004,False,False
1990-02-07,8.52,8.42,8.08,0.09999999999999964,0.4399999999999995,False,False
1990-02-08,8.49,8.37,8.08,0.120000000000001,0.41000000000000014,False,False
1990-02-09,8.31,8.25,8.02,0.0600000000000005,0.2900000000000009,False,False
1990-02-12,8.4,8.32,7.99,0.08000000000000007,0.41000000000000014,False,False
1990-02-13,8.35,8.21,7.84,0.1399999999999988,0.5099999999999998,False,False
1990-02-14,8.36,8.27,7.87,0.08999999999999986,0.4899999999999993,False,False
1990-02-15,8.43,8.35,7.97,0.08000000000000007,0.45999999999999996,False,False
1990-02-16,8.42,8.36,7.94,0.0600000000000005,0.47999999999999954,False,False
1990-02-19,8.42,8.36,7.94,0.0600000000000005,0.47999999999999954,False,False
1990-02-20,8.62,8.52,8.06,0.09999999999999964,0.5599999999999987,False,False
1990-02-21,8.62,8.5,8.01,0.11999999999999922,0.6099999999999994,False,False
1990-02-22,8.54,8.45,7.99,0.08999999999999986,0.5499999999999989,False,False
1990-02-23,8.53,8.43,7.93,0.09999999999999964,0.5999999999999996,False,False
1990-02-26,8.46,8.38,7.97,0.08000000000000007,0.4900000000000011,False,False
1990-02-27,8.41,8.34,7.99,0.07000000000000028,0.41999999999999993,False,False
1990-02-28,8.51,8.43,8.04,0.08000000000000007,0.47000000000000064,False,False
1990-03-01,8.59,8.53,8.08,0.0600000000000005,0.5099999999999998,False,False
1990-03-02,8.54,8.48,8.02,0.05999999999999872,0.5199999999999996,False,False
1990-03-05,8.65,8.55,8.09,0.09999999999999964,0.5600000000000005,False,False
1990-03-06,8.59,8.54,8.17,0.05000000000000071,0.41999999999999993,False,False
1990-03-07,8.58,8.54,8.18,0.040000000000000924,0.40000000000000036,False,False
1990-03-08,8.57,8.59,8.18,-0.019999999999999574,0.39000000000000057,True,False
1990-03-09,8.65,8.73,8.26,-0.08000000000000007,0.39000000000000057,True,False
1990-03-12,8.63,8.71,8.26,-0.08000000000000007,0.370000000000001,True,False
1990-03-13,8.73,8.77,8.26,-0.03999999999999915,0.47000000000000064,True,False
1990-03-14,8.65,8.69,8.23,-0.03999999999999915,0.41999999999999993,True,False
1990-03-15,8.66,8.71,8.21,-0.05000000000000071,0.4499999999999993,True,False
1990-03-16,8.59,8.64,8.19,-0.05000000000000071,0.40000000000000036,True,False
1990-03-19,8.59,8.68,8.22,-0.08999999999999986,0.3699999999999992,True,False
1990-03-20,8.54,8.68,8.25,-0.14000000000000057,0.28999999999999915,True,False
1990-03-21,8.55,8.69,8.23,-0.1399999999999988,0.3200000000000003,True,False
1990-03-22,8.53,8.62,8.17,-0.08999999999999986,0.35999999999999943,True,False
1990-03-23,8.52,8.61,8.15,-0.08999999999999986,0.3699999999999992,True,False
1990-03-26,8.51,8.61,8.13,-0.09999999999999964,0.379999999999999,True,False
1990-03-27,8.52,8.59,8.17,-0.07000000000000028,0.34999999999999964,True,False
1990-03-28,8.51,8.57,8.12,-0.0600000000000005,0.39000000000000057,True,False
1990-03-29,8.6,8.62,8.1,-0.019999999999999574,0.5,True,False
1990-03-30,8.65,8.64,8.07,0.009999999999999787,0.5800000000000001,False,False
1990-04-02,8.65,8.62,8.05,0.030000000000001137,0.5999999999999996,False,False
1990-04-03,8.63,8.61,8.09,0.02000000000000135,0.5400000000000009,False,False
1990-04-04,8.55,8.54,8.01,0.010000000000001563,0.5400000000000009,False,False
1990-04-05,8.57,8.54,8.02,0.030000000000001137,0.5500000000000007,False,False
1990-04-06,8.56,8.52,8.02,0.040000000000000924,0.5400000000000009,False,False
1990-04-09,8.59,8.54,8.09,0.05000000000000071,0.5,False,False
1990-04-10,8.6,8.54,8.05,0.0600000000000005,0.5499999999999989,False,False
1990-04-11,8.63,8.56,8.03,0.07000000000000028,0.6000000000000014,False,False
1990-04-12,8.64,8.57,8.02,0.07000000000000028,0.620000000000001,False,False
1990-04-13,8.64,8.57,8.02,0.07000000000000028,0.620000000000001,False,False
1990-04-16,8.68,8.61,8.01,0.07000000000000028,0.6699999999999999,False,False
1990-04-17,8.77,8.7,8.03,0.07000000000000028,0.7400000000000002,False,False
1990-04-18,8.86,8.79,8.08,0.07000000000000028,0.7799999999999994,False,False
1990-04-19,8.87,8.81,8.06,0.05999999999999872,0.8099999999999987,False,False
1990-04-20,8.95,8.82,7.95,0.129999999999999,0.9999999999999991,False,False
1990-04-23,8.98,8.87,8.0,0.11000000000000121,0.9800000000000004,False,False
1990-04-24,9.0,8.92,8.03,0.08000000000000007,0.9700000000000006,False,False
1990-04-25,9.01,8.95,8.06,0.0600000000000005,0.9499999999999993,False,False
1990-04-26,9.07,9.03,8.09,0.040000000000000924,0.9800000000000004,False,False
1990-04-27,9.06,8.98,8.05,0.08000000000000007,1.0099999999999998,False,False
1990-04-30,9.04,8.96,8.07,0.0799999999999983,0.9699999999999989,False,False
1990-05-01,9.08,9.02,8.19,0.0600000000000005,0.8900000000000006,False,False
1990-05-02,9.09,9.05,8.17,0.03999999999999915,0.9199999999999999,False,False
1990-05-03,9.04,8.98,8.15,0.05999999999999872,0.8899999999999988,False,False
1990-05-04,8.84,8.7,8.02,0.14000000000000057,0.8200000000000003,False,False
1990-05-07,8.87,8.74,8.09,0.129999999999999,0.7799999999999994,False,False
1990-05-08,8.84,8.68,8.06,0.16000000000000014,0.7799999999999994,False,False
1990-05-09,8.88,8.75,8.01,0.13000000000000078,0.870000000000001,False,False
1990-05-10,8.82,8.69,7.97,0.13000000000000078,0.8500000000000005,False,False
1990-05-11,8.64,8.55,7.88,0.08999999999999986,0.7600000000000007,False,False
1990-05-14,8.61,8.51,7.89,0.09999999999999964,0.7199999999999998,False,False
1990-05-15,8.65,8.54,7.91,0.11000000000000121,0.7400000000000002,False,False
1990-05-16,8.68,8.54,7.93,0.14000000000000057,0.75,False,False
1990-05-17,8.69,8.56,7.93,0.129999999999999,0.7599999999999998,False,False
1990-05-18,8.75,8.63,8.01,0.11999999999999922,0.7400000000000002,False,False
1990-05-21,8.74,8.61,8.02,0.13000000000000078,0.7200000000000006,False,False
1990-05-22,8.65,8.54,7.99,0.11000000000000121,0.6600000000000001,False,False
1990-05-23,8.61,8.51,7.91,0.09999999999999964,0.6999999999999993,False,False
1990-05-24,8.63,8.5,7.95,0.13000000000000078,0.6800000000000006,False,False
1990-05-25,8.69,8.53,8.01,0.16000000000000014,0.6799999999999997,False,False
1990-05-28,8.69,8.53,8.01,0.16000000000000014,0.6799999999999997,False,False
1990-05-29,8.66,8.52,8.02,0.14000000000000057,0.6400000000000006,False,False
1990-05-30,8.62,8.48,8.03,0.1399999999999988,0.5899999999999999,False,False
1990-05-31,8.6,8.5,8.01,0.09999999999999964,0.5899999999999999,False,False
1990-06-01,8.44,8.33,7.94,0.10999999999999943,0.4999999999999991,False,False
1990-06-04,8.44,8.31,7.96,0.129999999999999,0.47999999999999954,False,False
1990-06-05,8.47,8.34,7.96,0.13000000000000078,0.5100000000000007,False,False
1990-06-06,8.46,8.34,7.96,0.120000000000001,0.5000000000000009,False,False
1990-06-07,8.46,8.34,7.96,0.120000000000001,0.5000000000000009,False,False
1990-06-08,8.46,8.33,7.96,0.13000000000000078,0.5000000000000009,False,False
1990-06-11,8.48,8.36,7.99,0.120000000000001,0.4900000000000002,False,False
1990-06-12,8.48,8.36,7.99,0.120000000000001,0.4900000000000002,False,False
1990-06-13,8.4,8.27,7.93,0.13000000000000078,0.47000000000000064,False,False
1990-06-14,8.38,8.24,7.92,0.14000000000000057,0.46000000000000085,False,False
1990-06-15,8.46,8.33,7.95,0.13000000000000078,0.5100000000000007,False,False
1990-06-18,8.5,8.39,7.93,0.10999999999999943,0.5700000000000003,False,False
1990-06-19,8.51,8.41,8.0,0.09999999999999964,0.5099999999999998,False,False
1990-06-20,8.55,8.43,8.03,0.120000000000001,0.5200000000000014,False,False
1990-06-21,8.52,8.41,8.03,0.10999999999999943,0.4900000000000002,False,False
1990-06-22,8.51,8.4,8.04,0.10999999999999943,0.47000000000000064,False,False
1990-06-25,8.58,8.45,8.05,0.13000000000000078,0.5299999999999994,False,False
1990-06-26,8.56,8.41,8.07,0.15000000000000036,0.4900000000000002,False,False
1990-06-27,8.52,8.37,8.05,0.15000000000000036,0.46999999999999886,False,False
1990-06-28,8.47,8.31,8.0,0.16000000000000014,0.47000000000000064,False,False
1990-06-29,8.43,8.24,8.0,0.1899999999999995,0.4299999999999997,False,False
1990-07-02,8.43,8.25,8.0,0.17999999999999972,0.4299999999999997,False,False
1990-07-03,8.4,8.2,7.96,0.20000000000000107,0.4400000000000004,False,False
1990-07-04,8.4,8.2,7.96,0.20000000000000107,0.4400000000000004,False,False
1990-07-05,8.42,8.22,7.92,0.1999999999999993,0.5,False,False
1990-07-06,8.51,8.32,8.01,0.1899999999999995,0.5,False,False
1990-07-09,8.57,8.39,8.06,0.17999999999999972,0.5099999999999998,False,False
1990-07-10,8.57,8.4,8.07,0.16999999999999993,0.5,False,False
1990-07-11,8.57,8.4,8.05,0.16999999999999993,0.5199999999999996,False,False
1990-07-12,8.5,8.2,7.94,0.3000000000000007,0.5599999999999996,False,False
1990-07-13,8.45,8.13,7.85,0.3199999999999985,0.5999999999999996,False,False
1990-07-16,8.44,8.15,7.86,0.28999999999999915,0.5799999999999992,False,False
1990-07-17,8.44,8.13,7.87,0.3099999999999987,0.5699999999999994,False,False
1990-07-18,8.5,8.13,7.8,0.3699999999999992,0.7000000000000002,False,False
1990-07-19,8.51,8.13,7.79,0.379999999999999,0.7199999999999998,False,False
1990-07-20,8.48,8.08,7.79,0.40000000000000036,0.6900000000000004,False,False
1990-07-23,8.48,8.05,7.73,0.4299999999999997,0.75,False,False
1990-07-24,8.53,8.12,7.78,0.41000000000000014,0.7499999999999991,False,False
1990-07-25,8.49,8.08,7.81,0.41000000000000014,0.6800000000000006,False,False
1990-07-26,8.49,8.08,7.83,0.41000000000000014,0.6600000000000001,False,False
1990-07-27,8.42,8.0,7.77,0.41999999999999993,0.6500000000000004,False,False
1990-07-30,8.34,7.93,7.74,0.41000000000000014,0.5999999999999996,False,False
1990-07-31,8.36,7.91,7.74,0.4499999999999993,0.6199999999999992,False,False
1990-08-01,8.29,7.85,7.67,0.4399999999999995,0.6199999999999992,False,False
1990-08-02,8.41,7.9,7.68,0.5099999999999998,0.7300000000000004,False,False
1990-08-03,8.43,7.79,7.52,0.6399999999999997,0.9100000000000001,False,False
1990-08-06,8.71,7.9,7.54,0.8100000000000005,1.1700000000000008,False,False
1990-08-07,8.78,8.04,7.61,0.7400000000000002,1.169999999999999,False,False
1990-08-08,8.77,8.02,7.62,0.75,1.1499999999999995,False,False
1990-08-09,8.66,7.99,7.66,0.6699999999999999,1.0,False,False
1990-08-10,8.68,7.95,7.64,0.7299999999999995,1.04,False,False
1990-08-13,8.71,7.94,7.66,0.7700000000000005,1.0500000000000007,False,False
1990-08-14,8.66,7.94,7.68,0.7199999999999998,0.9800000000000004,False,False
1990-08-15,8.64,7.94,7.7,0.7000000000000002,0.9400000000000004,False,False
1990-08-16,8.76,8.09,7.73,0.6699999999999999,1.0299999999999994,False,False
1990-08-17,8.8,8.11,7.72,0.6900000000000013,1.080000000000001,False,False
1990-08-20,8.81,8.13,7.77,0.6799999999999997,1.040000000000001,False,False
1990-08-21,8.84,8.19,7.83,0.6500000000000004,1.0099999999999998,False,False
1990-08-22,8.91,8.26,7.85,0.6500000000000004,1.0600000000000005,False,False
1990-08-23,9.0,8.26,7.79,0.7400000000000002,1.21,False,False
1990-08-24,9.05,8.32,7.74,0.7300000000000004,1.3100000000000005,False,False
1990-08-27,8.9,8.21,7.78,0.6899999999999995,1.12,False,False
1990-08-28,8.94,8.23,7.73,0.7099999999999991,1.209999999999999,False,False
1990-08-29,8.84,8.16,7.72,0.6799999999999997,1.12,False,False
1990-08-30,8.86,8.12,7.7,0.7400000000000002,1.1599999999999993,False,False
1990-08-31,8.86,8.07,7.63,0.7899999999999991,1.2299999999999995,False,False
1990-09-03,8.86,8.07,7.63,0.7899999999999991,1.2299999999999995,False,False
1990-09-04,8.9,8.09,7.64,0.8100000000000005,1.2600000000000007,False,False
1990-09-05,8.86,8.04,7.61,0.8200000000000003,1.2499999999999991,False,False
1990-09-06,8.84,8.06,7.62,0.7799999999999994,1.2199999999999998,False,False
1990-09-07,8.81,8.04,7.63,0.7700000000000014,1.1800000000000006,False,False
1990-09-10,8.85,8.09,7.68,0.7599999999999998,1.17,False,False
1990-09-11,8.83,8.1,7.67,0.7300000000000004,1.1600000000000001,False,False
1990-09-12,8.82,8.05,7.61,0.7699999999999996,1.21,False,False
1990-09-13,8.82,8.01,7.59,0.8100000000000005,1.2300000000000004,False,False
1990-09-14,8.87,8.03,7.59,0.8399999999999999,1.2799999999999994,False,False
1990-09-17,8.9,8.05,7.61,0.8499999999999996,1.29,False,False
1990-09-18,8.9,8.03,7.61,0.870000000000001,1.29,False,False
1990-09-19,8.88,8.08,7.64,0.8000000000000007,1.240000000000001,False,False
1990-09-20,8.91,8.1,7.63,0.8100000000000005,1.2800000000000002,False,False
1990-09-21,8.99,8.12,7.6,0.870000000000001,1.3900000000000006,False,False
1990-09-24,9.04,8.21,7.63,0.8299999999999983,1.4099999999999993,False,False
1990-09-25,9.02,8.18,7.59,0.8399999999999999,1.4299999999999997,False,False
1990-09-26,9.0,8.16,7.57,0.8399999999999999,1.4299999999999997,False,False
1990-09-27,8.91,8.05,7.47,0.8599999999999994,1.4400000000000004,False,False
1990-09-28,8.82,8.02,7.37,0.8000000000000007,1.4500000000000002,False,False
1990-10-01,8.71,7.94,7.37,0.7700000000000005,1.3400000000000007,False,False
1990-10-02,8.69,7.92,7.41,0.7699999999999996,1.2799999999999994,False,False
1990-10-03,8.71,7.88,7.38,0.830000000000001,1.330000000000001,False,False
1990-10-04,8.67,7.87,7.36,0.7999999999999998,1.3099999999999996,False,False
1990-10-05,8.65,7.81,7.27,0.8400000000000007,1.3800000000000008,False,False
1990-10-08,8.65,7.81,7.27,0.8400000000000007,1.3800000000000008,False,False
1990-10-09,8.83,7.94,7.41,0.8899999999999997,1.42,False,False
1990-10-10,8.89,7.99,7.44,0.9000000000000004,1.4500000000000002,False,False
1990-10-11,8.92,7.99,7.35,0.9299999999999997,1.5700000000000003,False,False
1990-10-12,8.84,7.94,7.37,0.8999999999999995,1.4699999999999998,False,False
1990-10-15,8.8,7.92,7.4,0.8800000000000008,1.4000000000000004,False,False
1990-10-16,8.79,7.92,7.39,0.8699999999999992,1.3999999999999995,False,False
1990-10-17,8.76,7.92,7.44,0.8399999999999999,1.3199999999999994,False,False
1990-10-18,8.71,7.91,7.49,0.8000000000000007,1.2200000000000006,False,False
1990-10-19,8.62,7.85,7.48,0.7699999999999996,1.1399999999999988,False,False
1990-10-22,8.63,7.85,7.47,0.7800000000000011,1.160000000000001,False,False
1990-10-23,8.65,7.84,7.45,0.8100000000000005,1.2000000000000002,False,False
1990-10-24,8.66,7.84,7.46,0.8200000000000003,1.2000000000000002,False,False
1990-10-25,8.62,7.8,7.41,0.8199999999999994,1.209999999999999,False,False
1990-10-26,8.63,7.8,7.36,0.830000000000001,1.2700000000000005,False,False
1990-10-29,8.7,7.82,7.38,0.879999999999999,1.3199999999999994,False,False
1990-10-30,8.7,7.79,7.37,0.9099999999999993,1.3299999999999992,False,False
1990-10-31,8.65,7.77,7.34,0.8800000000000008,1.3100000000000005,False,False
1990-11-01,8.57,7.68,7.28,0.8900000000000006,1.29,False,False
1990-11-02,8.57,7.68,7.31,0.8900000000000006,1.2600000000000007,False,False
1990-11-05,8.5,7.63,7.31,0.8700000000000001,1.1900000000000004,False,False
1990-11-06,8.52,7.65,7.31,0.8699999999999992,1.21,False,False
1990-11-07,8.57,7.67,7.32,0.9000000000000004,1.25,False,False
1990-11-08,8.58,7.67,7.32,0.9100000000000001,1.2599999999999998,False,False
1990-11-09,8.49,7.61,7.27,0.8799999999999999,1.2200000000000006,False,False
1990-11-12,8.49,7.61,7.27,0.8799999999999999,1.2200000000000006,False,False
1990-11-13,8.37,7.6,7.27,0.7699999999999996,1.0999999999999996,False,False
1990-11-14,8.36,7.58,7.3,0.7799999999999994,1.0599999999999996,False,False
1990-11-15,8.37,7.6,7.32,0.7699999999999996,1.049999999999999,False,False
1990-11-16,8.3,7.58,7.31,0.7200000000000006,0.9900000000000011,False,False
1990-11-19,8.35,7.62,7.33,0.7299999999999995,1.0199999999999996,False,False
1990-11-20,8.31,7.62,7.32,0.6900000000000004,0.9900000000000002,False,False
1990-11-21,8.27,7.55,7.27,0.7199999999999998,1.0,False,False
1990-11-22,8.27,7.55,7.27,0.7199999999999998,1.0,False,False
1990-11-23,8.28,7.53,7.25,0.7499999999999991,1.0299999999999994,False,False
1990-11-26,8.27,7.55,7.26,0.7199999999999998,1.0099999999999998,False,False
1990-11-27,8.28,7.5,7.27,0.7799999999999994,1.0099999999999998,False,False
1990-11-28,8.3,7.56,7.29,0.7400000000000011,1.0100000000000007,False,False
1990-11-29,8.32,7.58,7.26,0.7400000000000002,1.0600000000000005,False,False
1990-11-30,8.26,7.53,7.24,0.7299999999999995,1.0199999999999996,False,False
1990-12-03,8.22,7.51,7.28,0.7100000000000009,0.9400000000000004,False,False
1990-12-04,8.2,7.46,7.24,0.7399999999999993,0.9599999999999991,False,False
1990-12-05,8.16,7.46,7.23,0.7000000000000002,0.9299999999999997,False,False
1990-12-06,8.18,7.48,7.22,0.6999999999999993,0.96,False,False
1990-12-07,8.03,7.33,7.1,0.6999999999999993,0.9299999999999997,False,False
1990-12-10,7.98,7.28,7.07,0.7000000000000002,0.9100000000000001,False,False
1990-12-11,7.94,7.26,7.06,0.6800000000000006,0.8800000000000008,False,False
1990-12-12,7.91,7.22,7.0,0.6900000000000004,0.9100000000000001,False,False
1990-12-13,7.98,7.31,7.05,0.6700000000000008,0.9300000000000006,False,False
1990-12-14,8.05,7.35,7.06,0.7000000000000011,0.9900000000000011,False,False
1990-12-17,8.02,7.31,7.02,0.71,1.0,False,False
1990-12-18,7.99,7.28,6.94,0.71,1.0499999999999998,False,False
1990-12-19,8.0,7.21,6.83,0.79,1.17,False,False
1990-12-20,8.05,7.25,6.75,0.8000000000000007,1.3000000000000007,False,False
1990-12-21,8.11,7.3,6.79,0.8099999999999996,1.3199999999999994,False,False
1990-12-24,8.2,7.35,6.73,0.8499999999999996,1.4699999999999989,False,False
1990-12-25,8.2,7.35,6.73,0.8499999999999996,1.4699999999999989,False,False
1990-12-26,8.15,7.27,6.68,0.8800000000000008,1.4700000000000006,False,False
1990-12-27,8.11,7.25,6.67,0.8599999999999994,1.4399999999999995,False,False
1990-12-28,8.14,7.25,6.64,0.8900000000000006,1.5000000000000009,False,False
1990-12-31,8.08,7.15,6.63,0.9299999999999997,1.4500000000000002,False,False
1991-01-01,8.08,7.15,6.63,0.9299999999999997,1.4500000000000002,False,False
1991-01-02,7.97,7.08,6.66,0.8899999999999997,1.3099999999999996,False,False
1991-01-03,7.93,7.08,6.64,0.8499999999999996,1.29,False,False
1991-01-04,8.02,7.17,6.73,0.8499999999999996,1.2899999999999991,False,False
1991-01-07,8.13,7.2,6.71,0.9300000000000006,1.4200000000000008,False,False
1991-01-08,8.16,7.15,6.64,1.0099999999999998,1.5200000000000005,False,False
1991-01-09,8.25,7.1,6.44,1.1500000000000004,1.8099999999999996,False,False
1991-01-10,8.16,7.14,6.4,1.0200000000000005,1.7599999999999998,False,False
1991-01-11,8.2,7.14,6.34,1.0599999999999996,1.8599999999999994,False,False
1991-01-14,8.23,7.18,6.24,1.0500000000000007,1.9900000000000002,False,False
1991-01-15,8.22,7.16,6.23,1.0600000000000005,1.9900000000000002,False,False
1991-01-16,8.24,7.21,6.22,1.0300000000000002,2.0200000000000005,False,False
1991-01-17,8.05,7.19,6.3,0.8600000000000003,1.7500000000000009,False,False
1991-01-18,8.03,7.14,6.24,0.8899999999999997,1.7899999999999991,False,False
1991-01-21,8.03,7.14,6.24,0.8899999999999997,1.7899999999999991,False,False
1991-01-22,8.07,7.13,6.24,0.9400000000000004,1.83,False,False
1991-01-23,8.04,7.08,6.32,0.9599999999999991,1.7199999999999989,False,False
1991-01-24,8.0,7.04,6.31,0.96,1.6900000000000004,False,False
1991-01-25,8.06,7.1,6.35,0.9600000000000009,1.7100000000000009,False,False
1991-01-28,8.06,7.12,6.44,0.9400000000000004,1.62,False,False
1991-01-29,8.03,7.1,6.41,0.9299999999999997,1.6199999999999992,False,False
1991-01-30,8.05,7.07,6.39,0.9800000000000004,1.660000000000001,False,False
1991-01-31,8.03,7.05,6.37,0.9799999999999995,1.6599999999999993,False,False
1991-02-01,7.91,6.83,6.17,1.08,1.7400000000000002,False,False
1991-02-04,7.88,6.82,6.15,1.0599999999999996,1.7299999999999995,False,False
1991-02-05,7.85,6.8,6.15,1.0499999999999998,1.6999999999999993,False,False
1991-02-06,7.79,6.82,6.08,0.9699999999999998,1.71,False,False
1991-02-07,7.82,6.8,6.11,1.0200000000000005,1.71,False,False
1991-02-08,7.77,6.8,6.09,0.9699999999999998,1.6799999999999997,False,False
1991-02-11,7.78,6.78,6.05,1.0,1.7300000000000004,False,False
1991-02-12,7.78,6.78,6.02,1.0,1.7600000000000007,False,False
1991-02-13,7.78,6.78,6.03,1.0,1.75,False,False
1991-02-14,7.8,6.77,6.02,1.0300000000000002,1.7800000000000002,False,False
1991-02-15,7.78,6.82,6.08,0.96,1.7000000000000002,False,False
1991-02-18,7.78,6.82,6.08,0.96,1.7000000000000002,False,False
1991-02-19,7.8,6.87,6.13,0.9299999999999997,1.67,False,False
1991-02-20,7.84,6.87,6.11,0.9699999999999998,1.7299999999999995,False,False
1991-02-21,7.88,6.9,6.09,0.9799999999999995,1.79,False,False
1991-02-22,7.91,6.98,6.12,0.9299999999999997,1.79,False,False
1991-02-25,7.91,6.99,6.16,0.9199999999999999,1.75,False,False
1991-02-26,7.96,7.0,6.22,0.96,1.7400000000000002,False,False
1991-02-27,7.98,7.02,6.21,0.9600000000000009,1.7700000000000005,False,False
1991-02-28,8.02,7.04,6.22,0.9799999999999995,1.7999999999999998,False,False
1991-03-01,8.12,7.18,6.27,0.9399999999999995,1.8499999999999996,False,False
1991-03-04,8.12,7.16,6.24,0.9599999999999991,1.879999999999999,False,False
1991-03-05,8.08,7.13,6.25,0.9500000000000002,1.83,False,False
1991-03-06,8.11,7.15,6.28,0.9599999999999991,1.8299999999999992,False,False
1991-03-07,8.07,7.12,6.27,0.9500000000000002,1.8000000000000007,False,False
1991-03-08,8.13,7.08,6.16,1.0500000000000007,1.9700000000000006,False,False
1991-03-11,8.06,7.05,6.08,1.0100000000000007,1.9800000000000004,False,False
1991-03-12,8.09,7.07,6.05,1.0199999999999996,2.04,False,False
1991-03-13,8.02,7.0,6.02,1.0199999999999996,2.0,False,False
1991-03-14,8.02,6.95,5.94,1.0699999999999994,2.079999999999999,False,False
1991-03-15,8.1,7.01,5.98,1.0899999999999999,2.119999999999999,False,False
1991-03-18,8.15,7.09,6.03,1.0600000000000005,2.12,False,False
1991-03-19,8.25,7.22,6.08,1.0300000000000002,2.17,False,False
1991-03-20,8.2,7.2,6.07,0.9999999999999991,2.129999999999999,False,False
1991-03-21,8.16,7.13,6.06,1.0300000000000002,2.1000000000000005,False,False
1991-03-22,8.13,7.13,6.06,1.0000000000000009,2.070000000000001,False,False
1991-03-25,8.13,7.14,6.07,0.9900000000000011,2.0600000000000005,False,False
1991-03-26,8.13,7.16,6.05,0.9700000000000006,2.080000000000001,False,False
1991-03-27,8.08,7.07,5.99,1.0099999999999998,2.09,False,False
1991-03-28,8.05,7.02,5.92,1.0300000000000011,2.130000000000001,False,False
1991-03-29,8.05,7.02,5.92,1.0300000000000011,2.130000000000001,False,False
1991-04-01,8.07,7.01,5.94,1.0600000000000005,2.13,False,False
1991-04-02,8.03,6.97,5.95,1.0599999999999996,2.079999999999999,False,False
1991-04-03,8.05,6.99,5.95,1.0600000000000005,2.1000000000000005,False,False
1991-04-04,8.0,6.94,5.92,1.0599999999999996,2.08,False,False
1991-04-05,7.99,6.92,5.89,1.0700000000000003,2.1000000000000005,False,False
1991-04-08,7.98,6.91,5.83,1.0700000000000003,2.1500000000000004,False,False
1991-04-09,8.03,6.94,5.79,1.089999999999999,2.2399999999999993,False,False
1991-04-10,8.1,7.02,5.79,1.08,2.3099999999999996,False,False
1991-04-11,8.09,6.95,5.74,1.1399999999999997,2.3499999999999996,False,False
1991-04-12,7.98,6.88,5.68,1.1000000000000005,2.3000000000000007,False,False
1991-04-15,7.95,6.9,5.77,1.0499999999999998,2.1800000000000006,False,False
1991-04-16,7.97,6.92,5.79,1.0499999999999998,2.1799999999999997,False,False
1991-04-17,7.95,6.9,5.73,1.0499999999999998,2.2199999999999998,False,False
1991-04-18,8.02,6.99,5.84,1.0299999999999994,2.1799999999999997,False,False
1991-04-19,8.1,7.03,5.93,1.0699999999999994,2.17,False,False
1991-04-22,8.15,7.07,5.87,1.08,2.2800000000000002,False,False
1991-04-23,8.12,7.05,5.89,1.0699999999999994,2.2299999999999995,False,False
1991-04-24,8.06,6.95,5.84,1.1100000000000003,2.2200000000000006,False,False
1991-04-25,8.07,6.93,5.78,1.1400000000000006,2.29,False,False
1991-04-26,8.06,6.89,5.79,1.1700000000000008,2.2700000000000005,False,False
1991-04-29,8.07,6.9,5.77,1.17,2.3000000000000007,False,False
1991-04-30,8.02,6.8,5.68,1.2199999999999998,2.34,False,False
1991-05-01,8.01,6.8,5.71,1.21,2.3,False,False
1991-05-02,7.97,6.76,5.63,1.21,2.34,False,False
1991-05-03,8.04,6.8,5.64,1.2399999999999993,2.3999999999999995,False,False
1991-05-06,8.05,6.82,5.64,1.2300000000000004,2.410000000000001,False,False
1991-05-07,8.06,6.82,5.67,1.2400000000000002,2.3900000000000006,False,False
1991-05-08,8.04,6.84,5.67,1.1999999999999993,2.369999999999999,False,False
1991-05-09,8.02,6.84,5.65,1.1799999999999997,2.369999999999999,False,False
1991-05-10,8.12,6.87,5.65,1.2499999999999991,2.469999999999999,False,False
1991-05-13,8.07,6.84,5.65,1.2300000000000004,2.42,False,False
1991-05-14,8.14,6.86,5.66,1.2800000000000002,2.4800000000000004,False,False
1991-05-15,8.13,6.84,5.62,1.290000000000001,2.5100000000000007,False,False
1991-05-16,8.12,6.84,5.57,1.2799999999999994,2.549999999999999,False,False
1991-05-17,8.08,6.86,5.57,1.2199999999999998,2.51,False,False
1991-05-20,8.1,6.86,5.63,1.2399999999999993,2.4699999999999998,False,False
1991-05-21,8.06,6.84,5.67,1.2200000000000006,2.3900000000000006,False,False
1991-05-22,8.06,6.77,5.63,1.290000000000001,2.4300000000000006,False,False
1991-05-23,8.1,6.74,5.57,1.3599999999999994,2.5299999999999994,False,False
1991-05-24,8.1,6.69,5.57,1.4099999999999993,2.5299999999999994,False,False
1991-05-27,8.1,6.69,5.57,1.4099999999999993,2.5299999999999994,False,False
1991-05-28,8.07,6.66,5.59,1.4100000000000001,2.4800000000000004,False,False
1991-05-29,8.07,6.61,5.62,1.46,2.45,False,False
1991-05-30,8.02,6.6,5.62,1.42,2.3999999999999995,False,False
1991-05-31,8.06,6.68,5.71,1.3800000000000008,2.3500000000000005,False,False
1991-06-03,8.14,6.79,5.79,1.3500000000000005,2.3500000000000005,False,False
1991-06-04,8.14,6.79,5.74,1.3500000000000005,2.4000000000000004,False,False
1991-06-05,8.19,6.83,5.76,1.3599999999999994,2.4299999999999997,False,False
1991-06-06,8.23,6.86,5.74,1.37,2.49,False,False
1991-06-07,8.29,6.98,5.74,1.3099999999999987,2.549999999999999,False,False
1991-06-10,8.29,7.01,5.77,1.2799999999999994,2.5199999999999996,False,False
1991-06-11,8.29,6.99,5.74,1.299999999999999,2.549999999999999,False,False
1991-06-12,8.36,7.08,5.73,1.2799999999999994,2.629999999999999,False,False
1991-06-13,8.34,7.08,5.76,1.2599999999999998,2.58,False,False
1991-06-14,8.29,7.02,5.77,1.2699999999999996,2.5199999999999996,False,False
1991-06-17,8.3,7.02,5.78,1.2800000000000011,2.5200000000000005,False,False
1991-06-18,8.32,7.0,5.8,1.3200000000000003,2.5200000000000005,False,False
1991-06-19,8.33,6.95,5.74,1.38,2.59,False,False
1991-06-20,8.3,6.87,5.74,1.4300000000000006,2.5600000000000005,False,False
1991-06-21,8.32,6.94,5.75,1.38,2.5700000000000003,False,False
1991-06-24,8.33,6.96,5.75,1.37,2.58,False,False
1991-06-25,8.33,7.04,5.75,1.29,2.58,False,False
1991-06-26,8.33,7.01,5.73,1.3200000000000003,2.5999999999999996,False,False
1991-06-27,8.32,7.0,5.73,1.3200000000000003,2.59,False,False
1991-06-28,8.24,6.9,5.71,1.3399999999999999,2.5300000000000002,False,False
1991-07-01,8.26,6.97,5.76,1.29,2.5,False,False
1991-07-02,8.27,7.0,5.75,1.2699999999999996,2.5199999999999996,False,False
1991-07-03,8.26,6.97,5.73,1.29,2.5299999999999994,False,False
1991-07-04,8.26,6.97,5.73,1.29,2.5299999999999994,False,False
1991-07-05,8.34,7.04,5.76,1.2999999999999998,2.58,False,False
1991-07-08,8.34,7.0,5.75,1.3399999999999999,2.59,False,False
1991-07-09,8.36,7.0,5.76,1.3599999999999994,2.5999999999999996,False,False
1991-07-10,8.35,6.97,5.75,1.38,2.5999999999999996,False,False
1991-07-11,8.3,6.92,5.74,1.3800000000000008,2.5600000000000005,False,False
1991-07-12,8.26,6.88,5.72,1.38,2.54,False,False
1991-07-15,8.26,6.88,5.75,1.38,2.51,False,False
1991-07-16,8.27,6.9,5.76,1.3699999999999992,2.51,False,False
1991-07-17,8.3,6.94,5.79,1.3600000000000003,2.5100000000000007,False,False
1991-07-18,8.31,6.91,5.77,1.4000000000000004,2.540000000000001,False,False
1991-07-19,8.28,6.89,5.76,1.3899999999999997,2.5199999999999996,False,False
1991-07-22,8.28,6.91,5.76,1.3699999999999992,2.5199999999999996,False,False
1991-07-23,8.31,6.94,5.76,1.37,2.5500000000000007,False,False
1991-07-24,8.24,6.88,5.75,1.3600000000000003,2.49,False,False
1991-07-25,8.2,6.87,5.76,1.3299999999999992,2.4399999999999995,False,False
1991-07-26,8.2,6.85,5.76,1.3499999999999996,2.4399999999999995,False,False
1991-07-29,8.2,6.82,5.75,1.379999999999999,2.4499999999999993,False,False
1991-07-30,8.21,6.84,5.73,1.370000000000001,2.4800000000000004,False,False
1991-07-31,8.2,6.81,5.7,1.3899999999999997,2.499999999999999,False,False
1991-08-01,8.2,6.84,5.72,1.3599999999999994,2.4799999999999995,False,False
1991-08-02,8.06,6.69,5.63,1.37,2.4300000000000006,False,False
1991-08-05,8.04,6.69,5.68,1.3499999999999988,2.3599999999999994,False,False
1991-08-06,7.97,6.57,5.58,1.3999999999999995,2.3899999999999997,False,False
1991-08-07,7.93,6.54,5.55,1.3899999999999997,2.38,False,False
1991-08-08,7.98,6.52,5.54,1.4600000000000009,2.4400000000000004,False,False
1991-08-09,7.98,6.49,5.48,1.4900000000000002,2.5,False,False
1991-08-12,7.95,6.49,5.48,1.46,2.4699999999999998,False,False
1991-08-13,7.91,6.48,5.45,1.4299999999999997,2.46,False,False
1991-08-14,7.82,6.37,5.45,1.4500000000000002,2.37,False,False
1991-08-15,7.84,6.33,5.46,1.5099999999999998,2.38,False,False
1991-08-16,7.84,6.31,5.42,1.5300000000000002,2.42,False,False
1991-08-19,7.83,6.24,5.27,1.5899999999999999,2.5600000000000005,False,False
1991-08-20,7.81,6.17,5.26,1.6399999999999997,2.55,False,False
1991-08-21,7.8,6.27,5.44,1.5300000000000002,2.3599999999999994,False,False
1991-08-22,7.78,6.27,5.47,1.5100000000000007,2.3100000000000005,False,False
1991-08-23,7.88,6.46,5.56,1.42,2.3200000000000003,False,False
1991-08-26,7.91,6.48,5.58,1.4299999999999997,2.33,False,False
1991-08-27,7.89,6.41,5.55,1.4799999999999995,2.34,False,False
1991-08-28,7.82,6.3,5.46,1.5200000000000005,2.3600000000000003,False,False
1991-08-29,7.74,6.25,5.43,1.4900000000000002,2.3100000000000005,False,False
1991-08-30,7.82,6.36,5.49,1.46,2.33,False,False
1991-09-02,7.82,6.36,5.49,1.46,2.33,False,False
1991-09-03,7.81,6.33,5.51,1.4799999999999995,2.3,False,False
1991-09-04,7.81,6.31,5.49,1.5,2.3199999999999994,False,False
1991-09-05,7.83,6.31,5.48,1.5200000000000005,2.3499999999999996,False,False
1991-09-06,7.76,6.26,5.45,1.5,2.3099999999999996,False,False
1991-09-09,7.73,6.23,5.44,1.5,2.29,False,False
1991-09-10,7.73,6.21,5.4,1.5200000000000005,2.33,False,False
1991-09-11,7.74,6.23,5.42,1.5099999999999998,2.3200000000000003,False,False
1991-09-12,7.67,6.2,5.38,1.4699999999999998,2.29,False,False
1991-09-13,7.66,6.18,5.31,1.4800000000000004,2.3500000000000005,False,False
1991-09-16,7.63,6.17,5.34,1.46,2.29,False,False
1991-09-17,7.62,6.18,5.35,1.4400000000000004,2.2700000000000005,False,False
1991-09-18,7.62,6.18,5.34,1.4400000000000004,2.2800000000000002,False,False
1991-09-19,7.61,6.2,5.36,1.4100000000000001,2.25,False,False
1991-09-20,7.57,6.18,5.35,1.3900000000000006,2.2200000000000006,False,False
1991-09-23,7.55,6.17,5.37,1.38,2.1799999999999997,False,False
1991-09-24,7.56,6.11,5.33,1.4499999999999993,2.2299999999999995,False,False
1991-09-25,7.58,6.12,5.33,1.46,2.25,False,False
1991-09-26,7.56,6.05,5.28,1.5099999999999998,2.2799999999999994,False,False
1991-09-27,7.49,6.02,5.28,1.4700000000000006,2.21,False,False
1991-09-30,7.47,5.99,5.26,1.4799999999999995,2.21,False,False
1991-10-01,7.45,5.99,5.25,1.46,2.2,False,False
1991-10-02,7.47,5.99,5.24,1.4799999999999995,2.2299999999999995,False,False
1991-10-03,7.47,5.98,5.19,1.4899999999999993,2.2799999999999994,False,False
1991-10-04,7.39,5.91,5.17,1.4799999999999995,2.2199999999999998,False,False
1991-10-07,7.4,5.93,5.18,1.4700000000000006,2.2200000000000006,False,False
1991-10-08,7.43,5.89,5.17,1.54,2.26,False,False
1991-10-09,7.51,5.93,5.16,1.58,2.3499999999999996,False,False
1991-10-10,7.58,5.98,5.18,1.5999999999999996,2.4000000000000004,False,False
1991-10-11,7.49,5.91,5.14,1.58,2.3500000000000005,False,False
1991-10-14,7.49,5.91,5.14,1.58,2.3500000000000005,False,False
1991-10-15,7.46,5.85,5.13,1.6100000000000003,2.33,False,False
1991-10-16,7.45,5.86,5.12,1.5899999999999999,2.33,False,False
1991-10-17,7.55,5.93,5.18,1.62,2.37,False,False
1991-10-18,7.53,5.95,5.18,1.58,2.3500000000000005,False,False
1991-10-21,7.62,5.99,5.19,1.63,2.4299999999999997,False,False
1991-10-22,7.67,6.02,5.21,1.6500000000000004,2.46,False,False
1991-10-23,7.69,6.01,5.19,1.6800000000000006,2.5,False,False
1991-10-24,7.65,5.93,5.12,1.7200000000000006,2.5300000000000002,False,False
1991-10-25,7.68,5.93,5.11,1.75,2.5699999999999994,False,False
1991-10-28,7.65,5.88,5.09,1.7700000000000005,2.5600000000000005,False,False
1991-10-29,7.51,5.78,5.03,1.7299999999999995,2.4799999999999995,False,False
1991-10-30,7.48,5.73,4.98,1.75,2.5,False,False
1991-10-31,7.47,5.7,4.96,1.7699999999999996,2.51,False,False
1991-11-01,7.48,5.65,4.89,1.83,2.5900000000000007,False,False
1991-11-04,7.5,5.63,4.88,1.87,2.62,False,False
1991-11-05,7.56,5.7,4.9,1.8599999999999994,2.6599999999999993,False,False
1991-11-06,7.51,5.63,4.76,1.88,2.75,False,False
1991-11-07,7.43,5.62,4.76,1.8099999999999996,2.67,False,False
1991-11-08,7.41,5.63,4.75,1.7800000000000002,2.66,False,False
1991-11-11,7.41,5.63,4.75,1.7800000000000002,2.66,False,False
1991-11-12,7.37,5.65,4.77,1.7199999999999998,2.6000000000000005,False,False
1991-11-13,7.41,5.65,4.76,1.7599999999999998,2.6500000000000004,False,False
1991-11-14,7.35,5.6,4.76,1.75,2.59,False,False
1991-11-15,7.33,5.54,4.72,1.79,2.6100000000000003,False,False
1991-11-18,7.33,5.55,4.71,1.7800000000000002,2.62,False,False
1991-11-19,7.37,5.5,4.66,1.87,2.71,False,False
1991-11-20,7.38,5.52,4.62,1.8600000000000003,2.76,False,False
1991-11-21,7.39,5.5,4.56,1.8899999999999997,2.83,False,False
1991-11-22,7.44,5.49,4.55,1.9500000000000002,2.8900000000000006,False,False
1991-11-25,7.45,5.5,4.55,1.9500000000000002,2.9000000000000004,False,False
1991-11-26,7.42,5.45,4.52,1.9699999999999998,2.9000000000000004,False,False
1991-11-27,7.42,5.43,4.51,1.9900000000000002,2.91,False,False
1991-11-28,7.42,5.43,4.51,1.9900000000000002,2.91,False,False
1991-11-29,7.38,5.38,4.47,2.0,2.91,False,False
1991-12-02,7.32,5.33,4.51,1.9900000000000002,2.8100000000000005,False,False
1991-12-03,7.28,5.29,4.48,1.9900000000000002,2.8,False,False
1991-12-04,7.17,5.22,4.43,1.9500000000000002,2.74,False,False
1991-12-05,7.21,5.22,4.43,1.9900000000000002,2.7800000000000002,False,False
1991-12-06,7.26,5.19,4.36,2.0699999999999994,2.8999999999999995,False,False
1991-12-09,7.22,5.09,4.28,2.13,2.9399999999999995,False,False
1991-12-10,7.21,5.07,4.32,2.1399999999999997,2.8899999999999997,False,False
1991-12-11,7.22,5.04,4.26,2.1799999999999997,2.96,False,False
1991-12-12,7.19,5.06,4.26,2.130000000000001,2.9300000000000006,False,False
1991-12-13,7.22,5.09,4.26,2.13,2.96,False,False
1991-12-16,7.21,5.06,4.25,2.1500000000000004,2.96,False,False
1991-12-17,7.18,5.02,4.22,2.16,2.96,False,False
1991-12-18,7.19,5.11,4.23,2.08,2.96,False,False
1991-12-19,7.11,5.05,4.15,2.0600000000000005,2.96,False,False
1991-12-20,6.97,4.8,3.84,2.17,3.13,False,False
1991-12-23,6.88,4.79,3.87,2.09,3.01,False,False
1991-12-24,6.88,4.84,3.91,2.04,2.9699999999999998,False,False
1991-12-25,6.88,4.84,3.91,2.04,2.9699999999999998,False,False
1991-12-26,6.85,4.85,3.92,2.0,2.9299999999999997,False,False
1991-12-27,6.82,4.85,3.96,1.9700000000000006,2.8600000000000003,False,False
1991-12-30,6.76,4.8,3.97,1.96,2.7899999999999996,False,False
1991-12-31,6.71,4.77,3.96,1.9400000000000004,2.75,False,False
1992-01-01,6.71,4.77,3.96,1.9400000000000004,2.75,False,False
1992-01-02,6.78,4.77,3.96,2.0100000000000007,2.8200000000000003,False,False
1992-01-03,6.85,4.8,3.95,2.05,2.8999999999999995,False,False
1992-01-06,6.82,4.76,3.92,2.0600000000000005,2.9000000000000004,False,False
1992-01-07,6.76,4.67,3.85,2.09,2.9099999999999997,False,False
1992-01-08,6.77,4.66,3.82,2.1099999999999994,2.9499999999999997,False,False
1992-01-09,6.79,4.77,3.87,2.0200000000000005,2.92,False,False
1992-01-10,6.85,4.85,3.92,2.0,2.9299999999999997,False,False
1992-01-13,6.92,4.93,3.92,1.9900000000000002,3.0,False,False
1992-01-14,7.03,5.0,3.92,2.0300000000000002,3.1100000000000003,False,False
1992-01-15,7.05,5.07,3.94,1.9799999999999995,3.11,False,False
1992-01-16,7.13,5.07,3.89,2.0599999999999996,3.2399999999999998,False,False
1992-01-17,7.09,5.02,3.89,2.0700000000000003,3.1999999999999997,False,False
1992-01-20,7.09,5.02,3.89,2.0700000000000003,3.1999999999999997,False,False
1992-01-21,7.03,4.97,3.86,2.0600000000000005,3.1700000000000004,False,False
1992-01-22,7.09,4.95,3.85,2.1399999999999997,3.2399999999999998,False,False
1992-01-23,7.2,5.02,3.87,2.1800000000000006,3.33,False,False
1992-01-24,7.25,5.13,3.91,2.12,3.34,False,False
1992-01-27,7.24,5.15,3.93,2.09,3.31,False,False
1992-01-28,7.16,5.1,3.93,2.0600000000000005,3.23,False,False
1992-01-29,7.25,5.15,3.96,2.0999999999999996,3.29,False,False
1992-01-30,7.31,5.17,3.93,2.1399999999999997,3.3799999999999994,False,False
1992-01-31,7.31,5.11,3.94,2.1999999999999993,3.3699999999999997,False,False
1992-02-03,7.36,5.15,3.96,2.21,3.4000000000000004,False,False
1992-02-04,7.29,5.12,3.94,2.17,3.35,False,False
1992-02-05,7.21,5.07,3.94,2.1399999999999997,3.27,False,False
1992-02-06,7.2,5.05,3.91,2.1500000000000004,3.29,False,False
1992-02-07,7.2,4.97,3.84,2.2300000000000004,3.3600000000000003,False,False
1992-02-10,7.21,4.94,3.83,2.2699999999999996,3.38,False,False
1992-02-11,7.23,5.01,3.85,2.2200000000000006,3.3800000000000003,False,False
1992-02-12,7.3,5.08,3.85,2.2199999999999998,3.4499999999999997,False,False
1992-02-13,7.4,5.22,3.89,2.1800000000000006,3.5100000000000002,False,False
1992-02-14,7.41,5.27,3.89,2.1400000000000006,3.52,False,False
1992-02-17,7.41,5.27,3.89,2.1400000000000006,3.52,False,False
1992-02-18,7.47,5.24,3.93,2.2299999999999995,3.5399999999999996,False,False
1992-02-19,7.42,5.28,3.95,2.1399999999999997,3.4699999999999998,False,False
1992-02-20,7.41,5.3,3.98,2.1100000000000003,3.43,False,False
1992-02-21,7.45,5.46,4.03,1.9900000000000002,3.42,False,False
1992-02-24,7.47,5.46,4.07,2.01,3.3999999999999995,False,False
1992-02-25,7.44,5.43,4.07,2.0100000000000007,3.37,False,False
1992-02-26,7.33,5.37,4.05,1.96,3.2800000000000002,False,False
1992-02-27,7.35,5.34,4.04,2.01,3.3099999999999996,False,False
1992-02-28,7.27,5.27,4.03,2.0,3.2399999999999993,False,False
1992-03-02,7.38,5.45,4.14,1.9299999999999997,3.24,False,False
1992-03-03,7.43,5.48,4.14,1.9499999999999993,3.29,False,False
1992-03-04,7.43,5.5,4.13,1.9299999999999997,3.3,False,False
1992-03-05,7.51,5.62,4.14,1.8899999999999997,3.37,False,False
1992-03-06,7.48,5.6,4.14,1.8800000000000008,3.3400000000000007,False,False
1992-03-09,7.42,5.54,4.1,1.88,3.3200000000000003,False,False
1992-03-10,7.43,5.56,4.11,1.87,3.3199999999999994,False,False
1992-03-11,7.51,5.58,4.11,1.9299999999999997,3.3999999999999995,False,False
1992-03-12,7.62,5.74,4.12,1.88,3.5,False,False
1992-03-13,7.71,5.86,4.16,1.8499999999999996,3.55,False,False
1992-03-16,7.69,5.87,4.18,1.8200000000000003,3.5100000000000007,False,False
1992-03-17,7.62,5.83,4.16,1.79,3.46,False,False
1992-03-18,7.62,5.84,4.15,1.7800000000000002,3.4699999999999998,False,False
1992-03-19,7.57,5.79,4.15,1.7800000000000002,3.42,False,False
1992-03-20,7.64,5.86,4.16,1.7799999999999994,3.4799999999999995,False,False
1992-03-23,7.62,5.87,4.17,1.75,3.45,False,False
1992-03-24,7.53,5.78,4.15,1.75,3.38,False,False
1992-03-25,7.53,5.72,4.11,1.8100000000000005,3.42,False,False
1992-03-26,7.57,5.69,4.11,1.88,3.46,False,False
1992-03-27,7.54,5.68,4.11,1.8600000000000003,3.4299999999999997,False,False
1992-03-30,7.54,5.61,4.16,1.9299999999999997,3.38,False,False
1992-03-31,7.54,5.6,4.15,1.9400000000000004,3.3899999999999997,False,False
1992-04-01,7.46,5.53,4.11,1.9299999999999997,3.3499999999999996,False,False
1992-04-02,7.47,5.55,4.12,1.92,3.3499999999999996,False,False
1992-04-03,7.42,5.37,4.06,2.05,3.3600000000000003,False,False
1992-04-06,7.41,5.36,4.03,2.05,3.38,False,False
1992-04-07,7.41,5.34,3.96,2.0700000000000003,3.45,False,False
1992-04-08,7.44,5.33,3.96,2.1100000000000003,3.4800000000000004,False,False
1992-04-09,7.35,5.09,3.75,2.26,3.5999999999999996,False,False
1992-04-10,7.37,5.16,3.74,2.21,3.63,False,False
1992-04-13,7.33,5.11,3.7,2.2199999999999998,3.63,False,False
1992-04-14,7.35,5.15,3.7,2.1999999999999993,3.6499999999999995,False,False
1992-04-15,7.37,5.22,3.7,2.1500000000000004,3.67,False,False
1992-04-16,7.45,5.34,3.73,2.1100000000000003,3.72,False,False
1992-04-17,7.45,5.34,3.73,2.1100000000000003,3.72,False,False
1992-04-20,7.59,5.45,3.79,2.1399999999999997,3.8,False,False
1992-04-21,7.58,5.41,3.77,2.17,3.81,False,False
1992-04-22,7.57,5.41,3.77,2.16,3.8000000000000003,False,False
1992-04-23,7.59,5.41,3.76,2.1799999999999997,3.83,False,False
1992-04-24,7.55,5.33,3.76,2.2199999999999998,3.79,False,False
1992-04-27,7.6,5.42,3.82,2.1799999999999997,3.78,False,False
1992-04-28,7.57,5.4,3.8,2.17,3.7700000000000005,False,False
1992-04-29,7.6,5.39,3.8,2.21,3.8,False,False
1992-04-30,7.61,5.46,3.79,2.1500000000000004,3.8200000000000003,False,False
1992-05-01,7.56,5.33,3.72,2.2299999999999995,3.8399999999999994,False,False
1992-05-04,7.58,5.32,3.71,2.26,3.87,False,False
1992-05-05,7.56,5.3,3.72,2.26,3.8399999999999994,False,False
1992-05-06,7.46,5.25,3.7,2.21,3.76,False,False
1992-05-07,7.49,5.34,3.71,2.1500000000000004,3.7800000000000002,False,False
1992-05-08,7.41,5.29,3.72,2.12,3.69,False,False
1992-05-11,7.4,5.24,3.74,2.16,3.66,False,False
1992-05-12,7.36,5.19,3.7,2.17,3.66,False,False
1992-05-13,7.34,5.14,3.67,2.2,3.67,False,False
1992-05-14,7.34,5.13,3.65,2.21,3.69,False,False
1992-05-15,7.28,5.11,3.66,2.17,3.62,False,False
1992-05-18,7.28,5.12,3.69,2.16,3.5900000000000003,False,False
1992-05-19,7.2,5.0,3.62,2.2,3.58,False,False
1992-05-20,7.25,5.13,3.65,2.12,3.6,False,False
1992-05-21,7.39,5.34,3.76,2.05,3.63,False,False
1992-05-22,7.35,5.24,3.77,2.1099999999999994,3.5799999999999996,False,False
1992-05-25,7.35,5.24,3.77,2.1099999999999994,3.5799999999999996,False,False
1992-05-26,7.46,5.35,3.84,2.1100000000000003,3.62,False,False
1992-05-27,7.44,5.28,3.79,2.16,3.6500000000000004,False,False
1992-05-28,7.36,5.22,3.77,2.1400000000000006,3.5900000000000003,False,False
1992-05-29,7.33,5.19,3.79,2.1399999999999997,3.54,False,False
1992-06-01,7.39,5.29,3.82,2.0999999999999996,3.57,False,False
1992-06-02,7.35,5.23,3.83,2.119999999999999,3.5199999999999996,False,False
1992-06-03,7.34,5.2,3.8,2.1399999999999997,3.54,False,False
1992-06-04,7.34,5.22,3.78,2.12,3.56,False,False
1992-06-05,7.31,5.13,3.77,2.1799999999999997,3.5399999999999996,False,False
1992-06-08,7.31,5.11,3.78,2.1999999999999993,3.53,False,False
1992-06-09,7.33,5.11,3.77,2.2199999999999998,3.56,False,False
1992-06-10,7.35,5.13,3.77,2.2199999999999998,3.5799999999999996,False,False
1992-06-11,7.33,5.09,3.75,2.24,3.58,False,False
1992-06-12,7.29,5.06,3.75,2.2300000000000004,3.54,False,False
1992-06-15,7.28,5.05,3.75,2.2300000000000004,3.5300000000000002,False,False
1992-06-16,7.24,5.02,3.72,2.2200000000000006,3.52,False,False
1992-06-17,7.23,5.0,3.7,2.2300000000000004,3.5300000000000002,False,False
1992-06-18,7.19,4.94,3.69,2.25,3.5000000000000004,False,False
1992-06-19,7.24,5.0,3.74,2.24,3.5,False,False
1992-06-22,7.24,4.99,3.75,2.25,3.49,False,False
1992-06-23,7.25,5.1,3.77,2.1500000000000004,3.48,False,False
1992-06-24,7.2,4.96,3.72,2.24,3.48,False,False
1992-06-25,7.14,4.89,3.71,2.25,3.4299999999999997,False,False
1992-06-26,7.15,4.88,3.71,2.2700000000000005,3.4400000000000004,False,False
1992-06-29,7.12,4.83,3.66,2.29,3.46,False,False
1992-06-30,7.14,4.83,3.65,2.3099999999999996,3.4899999999999998,False,False
1992-07-01,7.1,4.82,3.63,2.2799999999999994,3.4699999999999998,False,False
1992-07-02,6.93,4.55,3.31,2.38,3.6199999999999997,False,False
1992-07-03,6.93,4.55,3.31,2.38,3.6199999999999997,False,False
1992-07-06,6.9,4.46,3.29,2.4400000000000004,3.6100000000000003,False,False
1992-07-07,6.87,4.4,3.28,2.4699999999999998,3.5900000000000003,False,False
1992-07-08,6.91,4.4,3.29,2.51,3.62,False,False
1992-07-09,6.91,4.4,3.28,2.51,3.6300000000000003,False,False
1992-07-10,6.93,4.38,3.29,2.55,3.6399999999999997,False,False
1992-07-13,6.97,4.4,3.29,2.5699999999999994,3.6799999999999997,False,False
1992-07-14,6.97,4.32,3.28,2.6499999999999995,3.69,False,False
1992-07-15,6.9,4.25,3.25,2.6500000000000004,3.6500000000000004,False,False
1992-07-16,6.87,4.25,3.24,2.62,3.63,False,False
1992-07-17,6.9,4.27,3.23,2.630000000000001,3.6700000000000004,False,False
1992-07-20,6.9,4.3,3.26,2.6000000000000005,3.6400000000000006,False,False
1992-07-21,6.89,4.34,3.26,2.55,3.63,False,False
1992-07-22,6.85,4.29,3.24,2.5599999999999996,3.6099999999999994,False,False
1992-07-23,6.72,4.2,3.23,2.5199999999999996,3.4899999999999998,False,False
1992-07-24,6.73,4.25,3.23,2.4800000000000004,3.5000000000000004,False,False
1992-07-27,6.69,4.27,3.26,2.420000000000001,3.4300000000000006,False,False
1992-07-28,6.63,4.27,3.26,2.3600000000000003,3.37,False,False
1992-07-29,6.6,4.25,3.25,2.3499999999999996,3.3499999999999996,False,False
1992-07-30,6.69,4.33,3.25,2.3600000000000003,3.4400000000000004,False,False
1992-07-31,6.72,4.42,3.25,2.3,3.4699999999999998,False,False
1992-08-03,6.72,4.4,3.25,2.3199999999999994,3.4699999999999998,False,False
1992-08-04,6.66,4.31,3.24,2.3500000000000005,3.42,False,False
1992-08-05,6.64,4.29,3.24,2.3499999999999996,3.3999999999999995,False,False
1992-08-06,6.65,4.29,3.23,2.3600000000000003,3.4200000000000004,False,False
1992-08-07,6.57,4.18,3.21,2.3900000000000006,3.3600000000000003,False,False
1992-08-10,6.52,4.12,3.2,2.3999999999999995,3.3199999999999994,False,False
1992-08-11,6.5,4.15,3.2,2.3499999999999996,3.3,False,False
1992-08-12,6.48,4.19,3.19,2.29,3.2900000000000005,False,False
1992-08-13,6.55,4.19,3.16,2.3599999999999994,3.3899999999999997,False,False
1992-08-14,6.53,4.14,3.13,2.3900000000000006,3.4000000000000004,False,False
1992-08-17,6.56,4.13,3.16,2.4299999999999997,3.3999999999999995,False,False
1992-08-18,6.48,4.04,3.14,2.4400000000000004,3.3400000000000003,False,False
1992-08-19,6.47,4.06,3.15,2.41,3.32,False,False
1992-08-20,6.46,4.04,3.15,2.42,3.31,False,False
1992-08-21,6.53,4.13,3.14,2.4000000000000004,3.39,False,False
1992-08-24,6.68,4.27,3.23,2.41,3.4499999999999997,False,False
1992-08-25,6.73,4.32,3.24,2.41,3.49,False,False
1992-08-26,6.68,4.26,3.23,2.42,3.4499999999999997,False,False
1992-08-27,6.64,4.23,3.23,2.4099999999999993,3.4099999999999997,False,False
1992-08-28,6.63,4.16,3.23,2.4699999999999998,3.4,False,False
1992-08-31,6.62,4.15,3.23,2.4699999999999998,3.39,False,False
1992-09-01,6.56,4.12,3.22,2.4399999999999995,3.3399999999999994,False,False
1992-09-02,6.54,4.1,3.21,2.4400000000000004,3.33,False,False
1992-09-03,6.54,4.09,3.21,2.45,3.33,False,False
1992-09-04,6.4,3.89,2.98,2.5100000000000002,3.4200000000000004,False,False
1992-09-07,6.4,3.89,2.98,2.5100000000000002,3.4200000000000004,False,False
1992-09-08,6.29,3.83,2.96,2.46,3.33,False,False
1992-09-09,6.31,3.85,2.97,2.4599999999999995,3.3399999999999994,False,False
1992-09-10,6.31,3.83,2.97,2.4799999999999995,3.3399999999999994,False,False
1992-09-11,6.37,3.87,2.98,2.5,3.39,False,False
1992-09-14,6.32,3.8,2.95,2.5200000000000005,3.37,False,False
1992-09-15,6.4,3.89,2.98,2.5100000000000002,3.4200000000000004,False,False
1992-09-16,6.41,3.87,2.96,2.54,3.45,False,False
1992-09-17,6.4,3.86,2.94,2.5400000000000005,3.4600000000000004,False,False
1992-09-18,6.41,3.86,2.94,2.5500000000000003,3.47,False,False
1992-09-21,6.42,3.91,2.97,2.51,3.4499999999999997,False,False
1992-09-22,6.5,3.98,2.98,2.52,3.52,False,False
1992-09-23,6.54,3.97,2.98,2.57,3.56,False,False
1992-09-24,6.48,3.91,2.95,2.5700000000000003,3.5300000000000002,False,False
1992-09-25,6.41,3.78,2.86,2.6300000000000003,3.5500000000000003,False,False
1992-09-28,6.37,3.77,2.79,2.6,3.58,False,False
1992-09-29,6.37,3.8,2.79,2.5700000000000003,3.58,False,False
1992-09-30,6.37,3.8,2.75,2.5700000000000003,3.62,False,False
1992-10-01,6.23,3.67,2.67,2.5600000000000005,3.5600000000000005,False,False
1992-10-02,6.26,3.71,2.69,2.55,3.57,False,False
1992-10-05,6.24,3.68,2.75,2.56,3.49,False,False
1992-10-06,6.3,3.74,2.79,2.5599999999999996,3.51,False,False
1992-10-07,6.46,3.88,2.89,2.58,3.57,False,False
1992-10-08,6.41,3.83,2.85,2.58,3.56,False,False
1992-10-09,6.52,4.0,2.89,2.5199999999999996,3.6299999999999994,False,False
1992-10-12,6.52,4.0,2.89,2.5199999999999996,3.6299999999999994,False,False
1992-10-13,6.51,3.99,2.95,2.5199999999999996,3.5599999999999996,False,False
1992-10-14,6.51,4.02,2.99,2.49,3.5199999999999996,False,False
1992-10-15,6.53,4.02,2.98,2.5100000000000007,3.5500000000000003,False,False
1992-10-16,6.6,4.04,2.97,2.5599999999999996,3.6299999999999994,False,False
1992-10-19,6.69,4.15,3.04,2.54,3.6500000000000004,False,False
1992-10-20,6.86,4.34,3.09,2.5200000000000005,3.7700000000000005,False,False
1992-10-21,6.8,4.29,2.99,2.51,3.8099999999999996,False,False
1992-10-22,6.74,4.24,2.98,2.5,3.7600000000000002,False,False
1992-10-23,6.83,4.37,3.0,2.46,3.83,False,False
1992-10-26,6.83,4.39,3.02,2.4400000000000004,3.81,False,False
1992-10-27,6.78,4.32,3.0,2.46,3.7800000000000002,False,False
1992-10-28,6.76,4.33,3.0,2.4299999999999997,3.76,False,False
1992-10-29,6.71,4.33,3.02,2.38,3.69,False,False
1992-10-30,6.8,4.4,3.03,2.3999999999999995,3.77,False,False
1992-11-02,6.88,4.47,3.08,2.41,3.8,False,False
1992-11-03,6.87,4.44,3.1,2.4299999999999997,3.77,False,False
1992-11-04,6.89,4.44,3.09,2.4499999999999993,3.8,False,False
1992-11-05,6.87,4.39,3.08,2.4800000000000004,3.79,False,False
1992-11-06,6.97,4.48,3.13,2.4899999999999993,3.84,False,False
1992-11-09,7.0,4.57,3.17,2.4299999999999997,3.83,False,False
1992-11-10,6.91,4.5,3.15,2.41,3.7600000000000002,False,False
1992-11-11,6.91,4.5,3.15,2.41,3.7600000000000002,False,False
1992-11-12,6.79,4.44,3.13,2.3499999999999996,3.66,False,False
1992-11-13,6.82,4.54,3.15,2.2800000000000002,3.6700000000000004,False,False
1992-11-16,6.9,4.68,3.22,2.2200000000000006,3.68,False,False
1992-11-17,6.86,4.67,3.24,2.1900000000000004,3.62,False,False
1992-11-18,6.78,4.58,3.22,2.2,3.56,False,False
1992-11-19,6.81,4.59,3.22,2.2199999999999998,3.5899999999999994,False,False
1992-11-20,6.84,4.66,3.28,2.1799999999999997,3.56,False,False
1992-11-23,6.86,4.69,3.34,2.17,3.5200000000000005,False,False
1992-11-24,6.82,4.61,3.29,2.21,3.5300000000000002,False,False
1992-11-25,6.84,4.7,3.31,2.1399999999999997,3.53,False,False
1992-11-26,6.84,4.7,3.31,2.1399999999999997,3.53,False,False
1992-11-27,6.93,4.77,3.33,2.16,3.5999999999999996,False,False
1992-11-30,6.95,4.79,3.38,2.16,3.5700000000000003,False,False
1992-12-01,6.94,4.81,3.4,2.130000000000001,3.5400000000000005,False,False
1992-12-02,6.93,4.81,3.42,2.12,3.51,False,False
1992-12-03,6.91,4.78,3.37,2.13,3.54,False,False
1992-12-04,6.84,4.7,3.32,2.1399999999999997,3.52,False,False
1992-12-07,6.78,4.62,3.35,2.16,3.43,False,False
1992-12-08,6.73,4.59,3.33,2.1400000000000006,3.4000000000000004,False,False
1992-12-09,6.76,4.61,3.3,2.1499999999999995,3.46,False,False
1992-12-10,6.77,4.67,3.29,2.0999999999999996,3.4799999999999995,False,False
1992-12-11,6.8,4.78,3.32,2.0199999999999996,3.48,False,False
1992-12-14,6.83,4.8,3.33,2.0300000000000002,3.5,False,False
1992-12-15,6.83,4.77,3.29,2.0600000000000005,3.54,False,False
1992-12-16,6.77,4.67,3.28,2.0999999999999996,3.4899999999999998,False,False
1992-12-17,6.77,4.69,3.27,2.079999999999999,3.4999999999999996,False,False
1992-12-18,6.76,4.66,3.23,2.0999999999999996,3.53,False,False
1992-12-21,6.71,4.64,3.25,2.0700000000000003,3.46,False,False
1992-12-22,6.65,4.64,3.27,2.0100000000000007,3.3800000000000003,False,False
1992-12-23,6.68,4.63,3.25,2.05,3.4299999999999997,False,False
1992-12-24,6.69,4.6,3.23,2.0900000000000007,3.4600000000000004,False,False
1992-12-25,6.69,4.6,3.23,2.0900000000000007,3.4600000000000004,False,False
1992-12-28,6.72,4.64,3.3,2.08,3.42,False,False
1992-12-29,6.69,4.61,3.27,2.08,3.4200000000000004,False,False
1992-12-30,6.68,4.54,3.19,2.1399999999999997,3.4899999999999998,False,False
1992-12-31,6.7,4.56,3.15,2.1400000000000006,3.5500000000000003,False,False
1993-01-01,6.7,4.56,3.15,2.1400000000000006,3.5500000000000003,False,False
1993-01-04,6.6,4.48,3.19,2.119999999999999,3.4099999999999997,False,False
1993-01-05,6.61,4.48,3.18,2.13,3.43,False,False
1993-01-06,6.63,4.52,3.17,2.1100000000000003,3.46,False,False
1993-01-07,6.76,4.64,3.19,2.12,3.57,False,False
1993-01-08,6.75,4.5,3.13,2.25,3.62,False,False
1993-01-11,6.71,4.48,3.12,2.2299999999999995,3.59,False,False
1993-01-12,6.72,4.48,3.09,2.2399999999999993,3.63,False,False
1993-01-13,6.71,4.46,3.06,2.25,3.65,False,False
1993-01-14,6.65,4.4,3.04,2.25,3.6100000000000003,False,False
1993-01-15,6.6,4.31,3.0,2.29,3.5999999999999996,False,False
1993-01-18,6.6,4.31,3.0,2.29,3.5999999999999996,False,False
1993-01-19,6.59,4.39,3.1,2.2,3.4899999999999998,False,False
1993-01-20,6.61,4.41,3.08,2.2,3.5300000000000002,False,False
1993-01-21,6.6,4.36,3.05,2.2399999999999993,3.55,False,False
1993-01-22,6.57,4.3,3.03,2.2700000000000005,3.5400000000000005,False,False
1993-01-25,6.48,4.26,3.02,2.2200000000000006,3.4600000000000004,False,False
1993-01-26,6.5,4.3,3.01,2.2,3.49,False,False
1993-01-27,6.48,4.24,2.97,2.24,3.5100000000000002,False,False
1993-01-28,6.44,4.2,2.96,2.24,3.4800000000000004,False,False
1993-01-29,6.39,4.2,2.96,2.1899999999999995,3.4299999999999997,False,False
1993-02-01,6.38,4.19,3.01,2.1899999999999995,3.37,False,False
1993-02-02,6.46,4.25,3.02,2.21,3.44,False,False
1993-02-03,6.45,4.27,2.99,2.1800000000000006,3.46,False,False
1993-02-04,6.39,4.19,2.96,2.1999999999999993,3.4299999999999997,False,False
1993-02-05,6.32,4.07,2.96,2.25,3.3600000000000003,False,False
1993-02-08,6.37,4.16,3.0,2.21,3.37,False,False
1993-02-09,6.41,4.2,2.99,2.21,3.42,False,False
1993-02-10,6.4,4.27,3.0,2.130000000000001,3.4000000000000004,False,False
1993-02-11,6.37,4.2,2.98,2.17,3.39,False,False
1993-02-12,6.35,4.2,2.99,2.1499999999999995,3.3599999999999994,False,False
1993-02-15,6.35,4.2,2.99,2.1499999999999995,3.3599999999999994,False,False
1993-02-16,6.34,4.14,3.0,2.2,3.34,False,False
1993-02-17,6.28,4.06,2.97,2.2200000000000006,3.31,False,False
1993-02-18,6.17,3.95,2.95,2.2199999999999998,3.2199999999999998,False,False
1993-02-19,6.15,3.99,2.99,2.16,3.16,False,False
1993-02-22,6.09,3.99,3.01,2.0999999999999996,3.08,False,False
1993-02-23,5.92,3.9,3.0,2.02,2.92,False,False
1993-02-24,6.01,3.97,3.02,2.0399999999999996,2.9899999999999998,False,False
1993-02-25,6.03,3.95,3.01,2.08,3.0200000000000005,False,False
1993-02-26,6.03,3.92,3.01,2.1100000000000003,3.0200000000000005,False,False
1993-03-01,5.94,3.88,3.03,2.0600000000000005,2.9100000000000006,False,False
1993-03-02,5.95,3.88,3.03,2.0700000000000003,2.9200000000000004,False,False
1993-03-03,5.88,3.81,3.0,2.07,2.88,False,False
1993-03-04,5.83,3.75,2.97,2.08,2.86,False,False
1993-03-05,5.9,3.91,3.07,1.9900000000000002,2.8300000000000005,False,False
1993-03-08,5.85,3.97,3.05,1.8799999999999994,2.8,False,False
1993-03-09,5.91,4.02,3.05,1.8900000000000006,2.8600000000000003,False,False
1993-03-10,5.97,4.05,3.04,1.92,2.9299999999999997,False,False
1993-03-11,5.96,4.01,3.03,1.9500000000000002,2.93,False,False
1993-03-12,6.11,4.11,3.04,2.0,3.0700000000000003,False,False
1993-03-15,6.17,4.1,3.06,2.0700000000000003,3.11,False,False
1993-03-16,6.06,4.02,3.04,2.04,3.0199999999999996,False,False
1993-03-17,6.02,3.98,3.04,2.0399999999999996,2.9799999999999995,False,False
1993-03-18,5.93,3.91,3.01,2.0199999999999996,2.92,False,False
1993-03-19,5.95,3.95,3.03,2.0,2.9200000000000004,False,False
1993-03-22,5.96,3.92,2.99,2.04,2.9699999999999998,False,False
1993-03-23,5.91,3.88,2.98,2.0300000000000002,2.93,False,False
1993-03-24,5.95,3.93,2.98,2.02,2.97,False,False
1993-03-25,5.98,3.92,2.97,2.0600000000000005,3.0100000000000002,False,False
1993-03-26,6.09,4.02,3.0,2.0700000000000003,3.09,False,False
1993-03-29,6.06,3.95,3.0,2.1099999999999994,3.0599999999999996,False,False
1993-03-30,6.02,3.91,2.97,2.1099999999999994,3.0499999999999994,False,False
1993-03-31,6.03,3.96,2.95,2.0700000000000003,3.08,False,False
1993-04-01,6.06,3.94,2.96,2.1199999999999997,3.0999999999999996,False,False
1993-04-02,6.16,3.99,2.97,2.17,3.19,False,False
1993-04-05,6.13,3.96,2.97,2.17,3.1599999999999997,False,False
1993-04-06,6.08,3.93,2.98,2.15,3.1,False,False
1993-04-07,6.07,3.93,2.98,2.14,3.0900000000000003,False,False
1993-04-08,5.97,3.85,2.96,2.1199999999999997,3.01,False,False
1993-04-09,5.97,3.85,2.96,2.1199999999999997,3.01,False,False
1993-04-12,5.92,3.82,2.94,2.1,2.98,False,False
1993-04-13,5.93,3.82,2.91,2.11,3.0199999999999996,False,False
1993-04-14,5.9,3.78,2.88,2.1200000000000006,3.0200000000000005,False,False
1993-04-15,5.88,3.79,2.9,2.09,2.98,False,False
1993-04-16,5.89,3.8,2.9,2.09,2.9899999999999998,False,False
1993-04-19,5.87,3.78,2.87,2.0900000000000003,3.0,False,False
1993-04-20,5.87,3.78,2.85,2.0900000000000003,3.02,False,False
1993-04-21,5.86,3.77,2.86,2.0900000000000003,3.0000000000000004,False,False
1993-04-22,5.85,3.75,2.88,2.0999999999999996,2.9699999999999998,False,False
1993-04-23,5.89,3.75,2.9,2.1399999999999997,2.9899999999999998,False,False
1993-04-26,5.94,3.79,2.95,2.1500000000000004,2.99,False,False
1993-04-27,6.02,3.88,2.97,2.1399999999999997,3.0499999999999994,False,False
1993-04-28,6.03,3.86,2.98,2.1700000000000004,3.0500000000000003,False,False
1993-04-29,5.99,3.79,2.96,2.2,3.0300000000000002,False,False
1993-04-30,6.05,3.83,2.97,2.2199999999999998,3.0799999999999996,False,False
1993-05-03,5.96,3.75,2.93,2.21,3.03,False,False
1993-05-04,5.92,3.75,2.93,2.17,2.9899999999999998,False,False
1993-05-05,5.93,3.8,2.95,2.13,2.9799999999999995,False,False
1993-05-06,5.89,3.8,2.92,2.09,2.9699999999999998,False,False
1993-05-07,5.92,3.79,2.93,2.13,2.9899999999999998,False,False
1993-05-10,5.89,3.79,2.95,2.0999999999999996,2.9399999999999995,False,False
1993-05-11,5.89,3.79,2.95,2.0999999999999996,2.9399999999999995,False,False
1993-05-12,5.96,3.82,2.96,2.14,3.0,False,False
1993-05-13,6.02,3.91,2.99,2.1099999999999994,3.0299999999999994,False,False
1993-05-14,6.03,3.97,3.03,2.06,3.0000000000000004,False,False
1993-05-17,6.07,4.05,3.08,2.0200000000000005,2.99,False,False
1993-05-18,6.15,4.08,3.08,2.0700000000000003,3.0700000000000003,False,False
1993-05-19,6.11,4.03,3.03,2.08,3.0800000000000005,False,False
1993-05-20,6.09,4.03,3.03,2.0599999999999996,3.06,False,False
1993-05-21,6.16,4.14,3.07,2.0200000000000005,3.0900000000000003,False,False
1993-05-24,6.16,4.19,3.15,1.9699999999999998,3.0100000000000002,False,False
1993-05-25,6.17,4.19,3.14,1.9799999999999995,3.03,False,False
1993-05-26,6.12,4.2,3.12,1.92,3.0,False,False
1993-05-27,6.11,4.22,3.13,1.8900000000000006,2.9800000000000004,False,False
1993-05-28,6.16,4.24,3.13,1.92,3.0300000000000002,False,False
1993-05-31,6.16,4.24,3.13,1.92,3.0300000000000002,False,False
1993-06-01,6.07,4.16,3.14,1.9100000000000001,2.93,False,False
1993-06-02,6.06,4.18,3.14,1.88,2.9199999999999995,False,False
1993-06-03,6.02,4.14,3.1,1.88,2.9199999999999995,False,False
1993-06-04,6.11,4.31,3.18,1.8000000000000007,2.93,False,False
1993-06-07,6.08,4.3,3.2,1.7800000000000002,2.88,False,False
1993-06-08,6.09,4.33,3.2,1.7599999999999998,2.8899999999999997,False,False
1993-06-09,6.07,4.29,3.18,1.7800000000000002,2.89,False,False
1993-06-10,6.07,4.29,3.18,1.7800000000000002,2.89,False,False
1993-06-11,5.97,4.15,3.12,1.8199999999999994,2.8499999999999996,False,False
1993-06-14,5.97,4.13,3.13,1.8399999999999999,2.84,False,False
1993-06-15,5.96,4.11,3.12,1.8499999999999996,2.84,False,False
1993-06-16,5.96,4.09,3.11,1.87,2.85,False,False
1993-06-17,5.93,4.08,3.1,1.8499999999999996,2.8299999999999996,False,False
1993-06-18,5.97,4.16,3.13,1.8099999999999996,2.84,False,False
1993-06-21,5.92,4.16,3.17,1.7599999999999998,2.75,False,False
1993-06-22,5.91,4.15,3.16,1.7599999999999998,2.75,False,False
1993-06-23,5.91,4.2,3.19,1.71,2.72,False,False
1993-06-24,5.88,4.15,3.17,1.7299999999999995,2.71,False,False
1993-06-25,5.84,4.1,3.15,1.7400000000000002,2.69,False,False
1993-06-28,5.8,4.06,3.11,1.7400000000000002,2.69,False,False
1993-06-29,5.79,4.03,3.1,1.7599999999999998,2.69,False,False
1993-06-30,5.8,4.03,3.1,1.7699999999999996,2.6999999999999997,False,False
1993-07-01,5.8,3.99,3.06,1.8099999999999996,2.7399999999999998,False,False
1993-07-02,5.76,3.93,3.02,1.8299999999999996,2.7399999999999998,False,False
1993-07-05,5.76,3.93,3.02,1.8299999999999996,2.7399999999999998,False,False
1993-07-06,5.8,4.0,3.12,1.7999999999999998,2.6799999999999997,False,False
1993-07-07,5.8,4.0,3.11,1.7999999999999998,2.69,False,False
1993-07-08,5.78,4.0,3.09,1.7800000000000002,2.6900000000000004,False,False
1993-07-09,5.76,3.98,3.09,1.7799999999999998,2.67,False,False
1993-07-12,5.75,3.99,3.1,1.7599999999999998,2.65,False,False
1993-07-13,5.78,4.04,3.11,1.7400000000000002,2.6700000000000004,False,False
1993-07-14,5.72,3.97,3.08,1.7499999999999996,2.6399999999999997,False,False
1993-07-15,5.72,3.99,3.08,1.7299999999999995,2.6399999999999997,False,False
1993-07-16,5.71,3.99,3.08,1.7199999999999998,2.63,False,False
1993-07-19,5.71,3.99,3.12,1.7199999999999998,2.59,False,False
1993-07-20,5.75,4.09,3.13,1.6600000000000001,2.62,False,False
1993-07-21,5.83,4.15,3.14,1.6799999999999997,2.69,False,False
1993-07-22,5.9,4.22,3.16,1.6800000000000006,2.74,False,False
1993-07-23,5.95,4.25,3.16,1.7000000000000002,2.79,False,False
1993-07-26,5.93,4.22,3.17,1.71,2.76,False,False
1993-07-27,5.92,4.25,3.17,1.67,2.75,False,False
1993-07-28,5.9,4.21,3.15,1.6900000000000004,2.7500000000000004,False,False
1993-07-29,5.81,4.12,3.09,1.6899999999999995,2.7199999999999998,False,False
1993-07-30,5.83,4.13,3.1,1.7000000000000002,2.73,False,False
1993-08-02,5.85,4.19,3.17,1.6599999999999993,2.6799999999999997,False,False
1993-08-03,5.83,4.17,3.15,1.6600000000000001,2.68,False,False
1993-08-04,5.87,4.16,3.15,1.71,2.72,False,False
1993-08-05,5.86,4.12,3.12,1.7400000000000002,2.74,False,False
1993-08-06,5.86,4.09,3.11,1.7700000000000005,2.7500000000000004,False,False
1993-08-09,5.82,4.06,3.11,1.7600000000000007,2.7100000000000004,False,False
1993-08-10,5.82,4.1,3.1,1.7200000000000006,2.72,False,False
1993-08-11,5.75,4.1,3.09,1.6500000000000004,2.66,False,False
1993-08-12,5.77,4.06,3.08,1.71,2.6899999999999995,False,False
1993-08-13,5.72,4.0,3.09,1.7199999999999998,2.63,False,False
1993-08-16,5.68,3.98,3.1,1.6999999999999997,2.5799999999999996,False,False
1993-08-17,5.7,4.02,3.08,1.6800000000000006,2.62,False,False
1993-08-18,5.69,3.98,3.05,1.7100000000000004,2.6400000000000006,False,False
1993-08-19,5.64,3.93,3.05,1.7099999999999995,2.59,False,False
1993-08-20,5.61,3.93,3.06,1.6800000000000002,2.5500000000000003,False,False
1993-08-23,5.6,3.97,3.08,1.6299999999999994,2.5199999999999996,False,False
1993-08-24,5.54,3.89,3.05,1.65,2.49,False,False
1993-08-25,5.51,3.85,3.04,1.6599999999999997,2.4699999999999998,False,False
1993-08-26,5.42,3.82,3.06,1.6,2.36,False,False
1993-08-27,5.48,3.87,3.09,1.6100000000000003,2.3900000000000006,False,False
1993-08-30,5.44,3.86,3.08,1.5800000000000005,2.3600000000000003,False,False
1993-08-31,5.45,3.88,3.08,1.5700000000000003,2.37,False,False
1993-09-01,5.46,3.88,3.08,1.58,2.38,False,False
1993-09-02,5.41,3.83,3.05,1.58,2.3600000000000003,False,False
1993-09-03,5.31,3.71,3.0,1.5999999999999996,2.3099999999999996,False,False
1993-09-06,5.31,3.71,3.0,1.5999999999999996,2.3099999999999996,False,False
1993-09-07,5.23,3.7,3.01,1.5300000000000002,2.2200000000000006,False,False
1993-09-08,5.23,3.78,3.02,1.4500000000000006,2.2100000000000004,False,False
1993-09-09,5.35,3.88,3.04,1.4699999999999998,2.3099999999999996,False,False
1993-09-10,5.29,3.8,3.02,1.4900000000000002,2.27,False,False
1993-09-13,5.26,3.82,3.04,1.44,2.2199999999999998,False,False
1993-09-14,5.37,3.91,3.05,1.46,2.3200000000000003,False,False
1993-09-15,5.39,3.89,3.02,1.4999999999999996,2.3699999999999997,False,False
1993-09-16,5.37,3.88,3.01,1.4900000000000002,2.3600000000000003,False,False
1993-09-17,5.38,3.89,3.01,1.4899999999999998,2.37,False,False
1993-09-20,5.42,3.92,3.0,1.5,2.42,False,False
1993-09-21,5.47,3.9,2.98,1.5699999999999998,2.4899999999999998,False,False
1993-09-22,5.45,3.9,2.98,1.5500000000000003,2.47,False,False
1993-09-23,5.42,3.87,2.99,1.5499999999999998,2.4299999999999997,False,False
1993-09-24,5.42,3.9,2.99,1.52,2.4299999999999997,False,False
1993-09-27,5.3,3.81,2.96,1.4899999999999998,2.34,False,False
1993-09-28,5.28,3.79,2.96,1.4900000000000002,2.3200000000000003,False,False
1993-09-29,5.35,3.84,2.99,1.5099999999999998,2.3599999999999994,False,False
1993-09-30,5.4,3.89,2.98,1.5100000000000002,2.4200000000000004,False,False
1993-10-01,5.34,3.84,2.98,1.5,2.36,False,False
1993-10-04,5.34,3.85,3.02,1.4899999999999998,2.32,False,False
1993-10-05,5.35,3.86,3.06,1.4899999999999998,2.2899999999999996,False,False
1993-10-06,5.35,3.85,3.04,1.4999999999999996,2.3099999999999996,False,False
1993-10-07,5.33,3.83,3.05,1.5,2.2800000000000002,False,False
1993-10-08,5.26,3.78,3.05,1.48,2.21,False,False
1993-10-11,5.26,3.78,3.05,1.48,2.21,False,False
1993-10-12,5.27,3.82,3.12,1.4499999999999997,2.1499999999999995,False,False
1993-10-13,5.27,3.84,3.1,1.4299999999999997,2.1699999999999995,False,False
1993-10-14,5.23,3.82,3.08,1.4100000000000006,2.1500000000000004,False,False
1993-10-15,5.19,3.81,3.08,1.3800000000000003,2.1100000000000003,False,False
1993-10-18,5.27,3.84,3.13,1.4299999999999997,2.1399999999999997,False,False
1993-10-19,5.27,3.86,3.13,1.4099999999999997,2.1399999999999997,False,False
1993-10-20,5.26,3.86,3.11,1.4,2.15,False,False
1993-10-21,5.35,3.89,3.12,1.4599999999999995,2.2299999999999995,False,False
1993-10-22,5.42,3.91,3.11,1.5099999999999998,2.31,False,False
1993-10-25,5.47,3.95,3.14,1.5199999999999996,2.3299999999999996,False,False
1993-10-26,5.43,3.93,3.16,1.4999999999999996,2.2699999999999996,False,False
1993-10-27,5.44,3.99,3.15,1.4500000000000002,2.2900000000000005,False,False
1993-10-28,5.41,3.97,3.11,1.44,2.3000000000000003,False,False
1993-10-29,5.43,3.99,3.1,1.4399999999999995,2.3299999999999996,False,False
1993-11-01,5.56,4.11,3.18,1.4499999999999993,2.3799999999999994,False,False
1993-11-02,5.63,4.16,3.19,1.4699999999999998,2.44,False,False
1993-11-03,5.67,4.13,3.16,1.54,2.51,False,False
1993-11-04,5.67,4.13,3.15,1.54,2.52,False,False
1993-11-05,5.75,4.2,3.13,1.5499999999999998,2.62,False,False
1993-11-08,5.7,4.13,3.17,1.5700000000000003,2.5300000000000002,False,False
1993-11-09,5.64,4.12,3.18,1.5199999999999996,2.4599999999999995,False,False
1993-11-10,5.72,4.17,3.19,1.5499999999999998,2.53,False,False
1993-11-11,5.72,4.17,3.19,1.5499999999999998,2.53,False,False
1993-11-12,5.66,4.11,3.18,1.5499999999999998,2.48,False,False
1993-11-15,5.69,4.11,3.18,1.58,2.5100000000000002,False,False
1993-11-16,5.66,4.1,3.16,1.5600000000000005,2.5,False,False
1993-11-17,5.65,4.09,3.16,1.5600000000000005,2.49,False,False
1993-11-18,5.72,4.15,3.18,1.5699999999999994,2.5399999999999996,False,False
1993-11-19,5.84,4.22,3.2,1.62,2.6399999999999997,False,False
1993-11-22,5.89,4.26,3.21,1.63,2.6799999999999997,False,False
1993-11-23,5.82,4.19,3.19,1.63,2.6300000000000003,False,False
1993-11-24,5.84,4.18,3.19,1.6600000000000001,2.65,False,False
1993-11-25,5.84,4.18,3.19,1.6600000000000001,2.65,False,False
1993-11-26,5.78,4.16,3.18,1.62,2.6,False,False
1993-11-29,5.76,4.17,3.2,1.5899999999999999,2.5599999999999996,False,False
1993-11-30,5.83,4.22,3.21,1.6100000000000003,2.62,False,False
1993-12-01,5.82,4.2,3.19,1.62,2.6300000000000003,False,False
1993-12-02,5.81,4.22,3.18,1.5899999999999999,2.6299999999999994,False,False
1993-12-03,5.8,4.24,3.18,1.5599999999999996,2.6199999999999997,False,False
1993-12-06,5.72,4.19,3.18,1.5299999999999994,2.5399999999999996,False,False
1993-12-07,5.71,4.17,3.16,1.54,2.55,False,False
1993-12-08,5.71,4.18,3.15,1.5300000000000002,2.56,False,False
1993-12-09,5.68,4.18,3.13,1.5,2.55,False,False
1993-12-10,5.73,4.21,3.12,1.5200000000000005,2.6100000000000003,False,False
1993-12-13,5.78,4.23,3.12,1.5499999999999998,2.66,False,False
1993-12-14,5.82,4.25,3.11,1.5700000000000003,2.7100000000000004,False,False
1993-12-15,5.83,4.22,3.1,1.6100000000000003,2.73,False,False
1993-12-16,5.84,4.23,3.1,1.6099999999999994,2.7399999999999998,False,False
1993-12-17,5.81,4.2,3.09,1.6099999999999994,2.7199999999999998,False,False
1993-12-20,5.83,4.22,3.15,1.6100000000000003,2.68,False,False
1993-12-21,5.85,4.26,3.14,1.5899999999999999,2.7099999999999995,False,False
1993-12-22,5.74,4.19,3.13,1.5499999999999998,2.6100000000000003,False,False
1993-12-23,5.72,4.18,3.13,1.54,2.59,False,False
1993-12-24,5.72,4.18,3.13,1.54,2.59,False,False
1993-12-27,5.72,4.2,3.13,1.5199999999999996,2.59,False,False
1993-12-28,5.72,4.2,3.13,1.5199999999999996,2.59,False,False
1993-12-29,5.74,4.2,3.08,1.54,2.66,False,False
1993-12-30,5.82,4.25,3.04,1.5700000000000003,2.7800000000000002,False,False
1993-12-31,5.83,4.25,3.07,1.58,2.7600000000000002,False,False
1994-01-03,5.92,4.3,3.16,1.62,2.76,False,False
1994-01-04,5.88,4.29,3.15,1.5899999999999999,2.73,False,False
1994-01-05,5.9,4.31,3.14,1.5900000000000007,2.7600000000000002,False,False
1994-01-06,5.84,4.24,3.12,1.5999999999999996,2.7199999999999998,False,False
1994-01-07,5.7,4.09,3.07,1.6100000000000003,2.6300000000000003,False,False
1994-01-10,5.67,4.08,3.06,1.5899999999999999,2.61,False,False
1994-01-11,5.67,4.08,3.04,1.5899999999999999,2.63,False,False
1994-01-12,5.6,4.05,3.02,1.5499999999999998,2.5799999999999996,False,False
1994-01-13,5.71,4.13,3.01,1.58,2.7,False,False
1994-01-14,5.78,4.17,3.03,1.6100000000000003,2.7500000000000004,False,False
1994-01-17,5.78,4.17,3.03,1.6100000000000003,2.7500000000000004,False,False
1994-01-18,5.74,4.14,3.04,1.6000000000000005,2.7,False,False
1994-01-19,5.76,4.12,3.03,1.6399999999999997,2.73,False,False
1994-01-20,5.71,4.07,3.01,1.6399999999999997,2.7,False,False
1994-01-21,5.73,4.09,3.01,1.6400000000000006,2.7200000000000006,False,False
1994-01-24,5.74,4.09,3.01,1.6500000000000004,2.7300000000000004,False,False
1994-01-25,5.78,4.11,2.99,1.67,2.79,False,False
1994-01-26,5.77,4.13,2.98,1.6399999999999997,2.7899999999999996,False,False
1994-01-27,5.73,4.11,2.98,1.62,2.7500000000000004,False,False
1994-01-28,5.68,4.08,2.99,1.5999999999999996,2.6899999999999995,False,False
1994-01-31,5.7,4.12,3.05,1.58,2.6500000000000004,False,False
1994-02-01,5.77,4.2,3.1,1.5699999999999994,2.6699999999999995,False,False
1994-02-02,5.77,4.2,3.13,1.5699999999999994,2.6399999999999997,False,False
1994-02-03,5.81,4.28,3.2,1.5299999999999994,2.6099999999999994,False,False
1994-02-04,5.94,4.42,3.3,1.5200000000000005,2.6400000000000006,False,False
1994-02-07,5.96,4.41,3.31,1.5499999999999998,2.65,False,False
1994-02-08,6.01,4.44,3.32,1.5699999999999994,2.69,False,False
1994-02-09,5.92,4.43,3.32,1.4900000000000002,2.6,False,False
1994-02-10,5.91,4.45,3.33,1.46,2.58,False,False
1994-02-11,5.88,4.44,3.33,1.4399999999999995,2.55,False,False
1994-02-14,5.9,4.44,3.34,1.46,2.5600000000000005,False,False
1994-02-15,5.88,4.44,3.34,1.4399999999999995,2.54,False,False
1994-02-16,5.89,4.44,3.34,1.4499999999999993,2.55,False,False
1994-02-17,6.0,4.5,3.35,1.5,2.65,False,False
1994-02-18,6.09,4.57,3.36,1.5199999999999996,2.73,False,False
1994-02-21,6.09,4.57,3.36,1.5199999999999996,2.73,False,False
1994-02-22,6.05,4.57,3.4,1.4799999999999995,2.65,False,False
1994-02-23,6.13,4.67,3.46,1.46,2.67,False,False
1994-02-24,6.22,4.72,3.44,1.5,2.78,False,False
1994-02-25,6.21,4.72,3.44,1.4900000000000002,2.77,False,False
1994-02-28,6.15,4.67,3.47,1.4800000000000004,2.68,False,False
1994-03-01,6.28,4.81,3.58,1.4700000000000006,2.7,False,False
1994-03-02,6.3,4.79,3.55,1.5099999999999998,2.75,False,False
1994-03-03,6.35,4.83,3.56,1.5199999999999996,2.7899999999999996,False,False
1994-03-04,6.38,4.88,3.62,1.5,2.76,False,False
1994-03-07,6.32,4.87,3.61,1.4500000000000002,2.7100000000000004,False,False
1994-03-08,6.38,4.92,3.63,1.46,2.75,False,False
1994-03-09,6.38,4.96,3.61,1.42,2.77,False,False
1994-03-10,6.48,4.96,3.57,1.5200000000000005,2.9100000000000006,False,False
1994-03-11,6.46,4.95,3.58,1.5099999999999998,2.88,False,False
1994-03-14,6.5,4.99,3.66,1.5099999999999998,2.84,False,False
1994-03-15,6.47,4.99,3.66,1.4799999999999995,2.8099999999999996,False,False
1994-03-16,6.4,4.96,3.61,1.4400000000000004,2.7900000000000005,False,False
1994-03-17,6.4,4.94,3.55,1.46,2.8500000000000005,False,False
1994-03-18,6.49,5.03,3.57,1.46,2.9200000000000004,False,False
1994-03-21,6.55,5.09,3.7,1.46,2.8499999999999996,False,False
1994-03-22,6.44,5.03,3.6,1.4100000000000001,2.8400000000000003,False,False
1994-03-23,6.44,5.0,3.54,1.4400000000000004,2.9000000000000004,False,False
1994-03-24,6.58,5.08,3.53,1.5,3.0500000000000003,False,False
1994-03-25,6.61,5.1,3.57,1.5100000000000007,3.0400000000000005,False,False
1994-03-28,6.63,5.12,3.57,1.5099999999999998,3.06,False,False
1994-03-29,6.71,5.19,3.59,1.5199999999999996,3.12,False,False
1994-03-30,6.78,5.19,3.57,1.5899999999999999,3.2100000000000004,False,False
1994-03-31,6.77,5.21,3.56,1.5599999999999996,3.2099999999999995,False,False
1994-04-01,6.77,5.21,3.56,1.5599999999999996,3.2099999999999995,False,False
1994-04-04,7.16,5.57,3.82,1.5899999999999999,3.3400000000000003,False,False
1994-04-05,6.97,5.45,3.75,1.5199999999999996,3.2199999999999998,False,False
1994-04-06,6.93,5.4,3.67,1.5299999999999994,3.26,False,False
1994-04-07,6.86,5.37,3.61,1.4900000000000002,3.2500000000000004,False,False
1994-04-08,6.94,5.43,3.65,1.5100000000000007,3.2900000000000005,False,False
1994-04-11,6.92,5.43,3.68,1.4900000000000002,3.2399999999999998,False,False
1994-04-12,6.87,5.4,3.64,1.4699999999999998,3.23,False,False
1994-04-13,6.93,5.43,3.64,1.5,3.2899999999999996,False,False
1994-04-14,6.97,5.49,3.66,1.4799999999999995,3.3099999999999996,False,False
1994-04-15,6.97,5.51,3.68,1.46,3.2899999999999996,False,False
1994-04-18,7.14,5.7,3.84,1.4399999999999995,3.3,False,False
1994-04-19,7.1,5.7,3.83,1.3999999999999995,3.2699999999999996,False,False
1994-04-20,7.05,5.67,3.83,1.38,3.2199999999999998,False,False
1994-04-21,6.91,5.59,3.83,1.3200000000000003,3.08,False,False
1994-04-22,6.93,5.62,3.84,1.3099999999999996,3.09,False,False
1994-04-25,6.86,5.61,3.94,1.25,2.9200000000000004,False,False
1994-04-26,6.86,5.59,3.97,1.2700000000000005,2.89,False,False
1994-04-27,6.86,5.59,3.97,1.2700000000000005,2.89,False,False
1994-04-28,7.04,5.75,3.98,1.29,3.06,False,False
1994-04-29,7.06,5.73,3.97,1.3299999999999992,3.0899999999999994,False,False
1994-05-02,7.09,5.81,4.1,1.2800000000000002,2.99,False,False
1994-05-03,7.13,5.86,4.12,1.2699999999999996,3.01,False,False
1994-05-04,7.14,5.89,4.15,1.25,2.9899999999999993,False,False
1994-05-05,7.11,5.88,4.13,1.2300000000000004,2.9800000000000004,False,False
1994-05-06,7.35,6.12,4.3,1.2299999999999995,3.05,False,False
1994-05-09,7.49,6.26,4.44,1.2300000000000004,3.05,False,False
1994-05-10,7.33,6.13,4.35,1.2000000000000002,2.9800000000000004,False,False
1994-05-11,7.4,6.2,4.32,1.2000000000000002,3.08,False,False
1994-05-12,7.36,6.13,4.24,1.2300000000000004,3.12,False,False
1994-05-13,7.29,6.05,4.24,1.2400000000000002,3.05,False,False
1994-05-16,7.24,6.03,4.31,1.21,2.9300000000000006,False,False
1994-05-17,7.03,5.88,4.3,1.1500000000000004,2.7300000000000004,False,False
1994-05-18,7.03,5.83,4.29,1.2000000000000002,2.74,False,False
1994-05-19,6.96,5.73,4.24,1.2299999999999995,2.7199999999999998,False,False
1994-05-20,7.02,5.8,4.26,1.2199999999999998,2.76,False,False
1994-05-23,7.19,5.94,4.35,1.25,2.8400000000000007,False,False
1994-05-24,7.17,5.94,4.32,1.2299999999999995,2.8499999999999996,False,False
1994-05-25,7.14,5.95,4.28,1.1899999999999995,2.8599999999999994,False,False
1994-05-26,7.09,5.92,4.27,1.17,2.8200000000000003,False,False
1994-05-27,7.12,5.97,4.3,1.1500000000000004,2.8200000000000003,False,False
1994-05-30,7.12,5.97,4.3,1.1500000000000004,2.8200000000000003,False,False
1994-05-31,7.17,6.01,4.31,1.1600000000000001,2.8600000000000003,False,False
1994-06-01,7.12,5.98,4.28,1.1399999999999997,2.84,False,False
1994-06-02,7.07,5.93,4.24,1.1400000000000006,2.83,False,False
1994-06-03,6.98,5.84,4.23,1.1400000000000006,2.75,False,False
1994-06-06,6.91,5.78,4.25,1.13,2.66,False,False
1994-06-07,6.95,5.8,4.22,1.1500000000000004,2.7300000000000004,False,False
1994-06-08,6.96,5.78,4.21,1.1799999999999997,2.75,False,False
1994-06-09,6.98,5.8,4.23,1.1800000000000006,2.75,False,False
1994-06-10,7.03,5.85,4.22,1.1800000000000006,2.8100000000000005,False,False
1994-06-13,7.07,5.91,4.24,1.1600000000000001,2.83,False,False
1994-06-14,7.0,5.81,4.21,1.1900000000000004,2.79,False,False
1994-06-15,7.1,5.88,4.23,1.2199999999999998,2.869999999999999,False,False
1994-06-16,7.07,5.83,4.22,1.2400000000000002,2.8500000000000005,False,False
1994-06-17,7.14,5.88,4.23,1.2599999999999998,2.9099999999999993,False,False
1994-06-20,7.16,5.92,4.28,1.2400000000000002,2.88,False,False
1994-06-21,7.22,6.04,4.3,1.1799999999999997,2.92,False,False
1994-06-22,7.13,5.97,4.28,1.1600000000000001,2.8499999999999996,False,False
1994-06-23,7.1,5.94,4.26,1.1599999999999993,2.84,False,False
1994-06-24,7.22,6.06,4.28,1.1600000000000001,2.9399999999999995,False,False
1994-06-27,7.18,6.05,4.28,1.13,2.8999999999999995,False,False
1994-06-28,7.26,6.13,4.28,1.13,2.9799999999999995,False,False
1994-06-29,7.24,6.12,4.25,1.12,2.99,False,False
1994-06-30,7.34,6.19,4.26,1.1499999999999995,3.08,False,False
1994-07-01,7.34,6.19,4.32,1.1499999999999995,3.0199999999999996,False,False
1994-07-04,7.34,6.19,4.32,1.1499999999999995,3.0199999999999996,False,False
1994-07-05,7.31,6.14,4.42,1.17,2.8899999999999997,False,False
1994-07-06,7.32,6.11,4.39,1.21,2.9300000000000006,False,False
1994-07-07,7.3,6.11,4.36,1.1899999999999995,2.9399999999999995,False,False
1994-07-08,7.42,6.25,4.49,1.17,2.9299999999999997,False,False
1994-07-11,7.47,6.29,4.61,1.1799999999999997,2.8599999999999994,False,False
1994-07-12,7.43,6.24,4.56,1.1899999999999995,2.87,False,False
1994-07-13,7.41,6.22,4.52,1.1900000000000004,2.8900000000000006,False,False
1994-07-14,7.25,6.05,4.41,1.2000000000000002,2.84,False,False
1994-07-15,7.25,6.04,4.38,1.21,2.87,False,False
1994-07-18,7.2,5.99,4.4,1.21,2.8,False,False
1994-07-19,7.15,5.94,4.37,1.21,2.7800000000000002,False,False
1994-07-20,7.25,6.06,4.41,1.1900000000000004,2.84,False,False
1994-07-21,7.27,6.11,4.44,1.1599999999999993,2.829999999999999,False,False
1994-07-22,7.29,6.15,4.5,1.1399999999999997,2.79,False,False
1994-07-25,7.27,6.13,4.53,1.1399999999999997,2.7399999999999993,False,False
1994-07-26,7.28,6.16,4.52,1.12,2.7600000000000007,False,False
1994-07-27,7.34,6.22,4.57,1.12,2.7699999999999996,False,False
1994-07-28,7.29,6.21,4.54,1.08,2.75,False,False
1994-07-29,7.12,5.99,4.39,1.13,2.7300000000000004,False,False
1994-08-01,7.13,6.03,4.45,1.0999999999999996,2.6799999999999997,False,False
1994-08-02,7.11,5.98,4.44,1.13,2.67,False,False
1994-08-03,7.09,5.96,4.44,1.13,2.6499999999999995,False,False
1994-08-04,7.12,5.98,4.43,1.1399999999999997,2.6900000000000004,False,False
1994-08-05,7.28,6.18,4.59,1.1000000000000005,2.6900000000000004,False,False
1994-08-08,7.28,6.22,4.59,1.0600000000000005,2.6900000000000004,False,False
1994-08-09,7.33,6.26,4.56,1.0700000000000003,2.7700000000000005,False,False
1994-08-10,7.3,6.21,4.49,1.0899999999999999,2.8099999999999996,False,False
1994-08-11,7.36,6.26,4.46,1.1000000000000005,2.9000000000000004,False,False
1994-08-12,7.27,6.22,4.51,1.0499999999999998,2.76,False,False
1994-08-15,7.3,6.26,4.72,1.04,2.58,False,False
1994-08-16,7.19,6.21,4.74,0.9800000000000004,2.45,False,False
1994-08-17,7.15,6.14,4.69,1.0100000000000007,2.46,False,False
1994-08-18,7.28,6.23,4.71,1.0499999999999998,2.5700000000000003,False,False
1994-08-19,7.27,6.23,4.69,1.0399999999999991,2.579999999999999,False,False
1994-08-22,7.31,6.27,4.73,1.04,2.579999999999999,False,False
1994-08-23,7.28,6.26,4.69,1.0200000000000005,2.59,False,False
1994-08-24,7.22,6.18,4.66,1.04,2.5599999999999996,False,False
1994-08-25,7.29,6.24,4.68,1.0499999999999998,2.6100000000000003,False,False
1994-08-26,7.24,6.21,4.68,1.0300000000000002,2.5600000000000005,False,False
1994-08-29,7.24,6.2,4.73,1.04,2.51,False,False
1994-08-30,7.2,6.18,4.71,1.0200000000000005,2.49,False,False
1994-08-31,7.19,6.17,4.68,1.0200000000000005,2.5100000000000007,False,False
1994-09-01,7.19,6.15,4.67,1.04,2.5200000000000005,False,False
1994-09-02,7.21,6.17,4.67,1.04,2.54,False,False
1994-09-05,7.21,6.17,4.67,1.04,2.54,False,False
1994-09-06,7.27,6.22,4.69,1.0499999999999998,2.579999999999999,False,False
1994-09-07,7.29,6.22,4.66,1.0700000000000003,2.63,False,False
1994-09-08,7.3,6.22,4.67,1.08,2.63,False,False
1994-09-09,7.44,6.35,4.7,1.0900000000000007,2.74,False,False
1994-09-12,7.46,6.37,4.75,1.0899999999999999,2.71,False,False
1994-09-13,7.44,6.35,4.72,1.0900000000000007,2.7200000000000006,False,False
1994-09-14,7.41,6.33,4.7,1.08,2.71,False,False
1994-09-15,7.35,6.28,4.7,1.0699999999999994,2.6499999999999995,False,False
1994-09-16,7.52,6.42,4.73,1.0999999999999996,2.789999999999999,False,False
1994-09-19,7.49,6.39,4.72,1.1000000000000005,2.7700000000000005,False,False
1994-09-20,7.53,6.44,4.74,1.0899999999999999,2.79,False,False
1994-09-21,7.56,6.52,4.92,1.04,2.6399999999999997,False,False
1994-09-22,7.56,6.5,4.92,1.0599999999999996,2.6399999999999997,False,False
1994-09-23,7.57,6.52,4.91,1.0500000000000007,2.66,False,False
1994-09-26,7.57,6.54,4.92,1.0300000000000002,2.6500000000000004,False,False
1994-09-27,7.61,6.52,4.83,1.0900000000000007,2.7800000000000002,False,False
1994-09-28,7.57,6.51,4.66,1.0600000000000005,2.91,False,False
1994-09-29,7.64,6.6,4.7,1.04,2.9399999999999995,False,False
1994-09-30,7.62,6.62,4.8,1.0,2.8200000000000003,False,False
1994-10-03,7.66,6.69,5.05,0.9699999999999998,2.6100000000000003,False,False
1994-10-04,7.7,6.68,5.09,1.0200000000000005,2.6100000000000003,False,False
1994-10-05,7.77,6.73,5.09,1.0399999999999991,2.6799999999999997,False,False
1994-10-06,7.78,6.71,5.11,1.0700000000000003,2.67,False,False
1994-10-07,7.7,6.65,5.02,1.0499999999999998,2.6800000000000006,False,False
1994-10-10,7.7,6.65,5.02,1.0499999999999998,2.6800000000000006,False,False
1994-10-11,7.65,6.63,5.06,1.0200000000000005,2.5900000000000007,False,False
1994-10-12,7.69,6.67,5.12,1.0200000000000005,2.5700000000000003,False,False
1994-10-13,7.64,6.63,5.05,1.0099999999999998,2.59,False,False
1994-10-14,7.61,6.57,5.0,1.04,2.6100000000000003,False,False
1994-10-17,7.62,6.61,5.04,1.0099999999999998,2.58,False,False
1994-10-18,7.64,6.61,5.04,1.0299999999999994,2.5999999999999996,False,False
1994-10-19,7.68,6.66,5.05,1.0199999999999996,2.63,False,False
1994-10-20,7.8,6.77,5.14,1.0300000000000002,2.66,False,False
1994-10-21,7.81,6.8,5.15,1.0099999999999998,2.6599999999999993,False,False
1994-10-24,7.86,6.84,5.22,1.0200000000000005,2.6400000000000006,False,False
1994-10-25,7.88,6.87,5.2,1.0099999999999998,2.6799999999999997,False,False
1994-10-26,7.88,6.9,5.13,0.9799999999999995,2.75,False,False
1994-10-27,7.88,6.89,5.12,0.9900000000000002,2.76,False,False
1994-10-28,7.82,6.82,5.16,1.0,2.66,False,False
1994-10-31,7.81,6.84,5.2,0.9699999999999998,2.6099999999999994,False,False
1994-11-01,7.91,6.93,5.22,0.9800000000000004,2.6900000000000004,False,False
1994-11-02,7.96,6.96,5.23,1.0,2.7299999999999995,False,False
1994-11-03,7.96,6.98,5.25,0.9799999999999995,2.71,False,False
1994-11-04,8.04,7.05,5.33,0.9899999999999993,2.709999999999999,False,False
1994-11-07,8.05,7.06,5.42,0.9900000000000011,2.630000000000001,False,False
1994-11-08,8.01,7.02,5.37,0.9900000000000002,2.6399999999999997,False,False
1994-11-09,7.94,7.01,5.34,0.9300000000000006,2.6000000000000005,False,False
1994-11-10,7.98,7.06,5.38,0.9200000000000008,2.6000000000000005,False,False
1994-11-11,7.98,7.06,5.38,0.9200000000000008,2.6000000000000005,False,False
1994-11-14,7.94,7.06,5.46,0.8800000000000008,2.4800000000000004,False,False
1994-11-15,7.92,7.1,5.53,0.8200000000000003,2.3899999999999997,False,False
1994-11-16,7.97,7.15,5.52,0.8199999999999994,2.45,False,False
1994-11-17,8.03,7.21,5.51,0.8199999999999994,2.5199999999999996,False,False
1994-11-18,8.01,7.23,5.5,0.7799999999999994,2.51,False,False
1994-11-21,8.03,7.3,5.53,0.7299999999999995,2.499999999999999,False,False
1994-11-22,8.0,7.29,5.49,0.71,2.51,False,False
1994-11-23,7.81,7.18,5.44,0.6299999999999999,2.369999999999999,False,False
1994-11-24,7.81,7.18,5.44,0.6299999999999999,2.369999999999999,False,False
1994-11-25,7.8,7.19,5.45,0.6099999999999994,2.3499999999999996,False,False
1994-11-28,7.88,7.35,5.6,0.5300000000000002,2.2800000000000002,False,False
1994-11-29,7.95,7.44,5.69,0.5099999999999998,2.26,False,False
1994-11-30,7.91,7.4,5.72,0.5099999999999998,2.1900000000000004,False,False
1994-12-01,7.92,7.42,5.71,0.5,2.21,False,False
1994-12-02,7.81,7.44,5.79,0.3699999999999992,2.0199999999999996,False,False
1994-12-05,7.83,7.58,6.03,0.25,1.7999999999999998,False,False
1994-12-06,7.73,7.44,5.94,0.29000000000000004,1.79,False,False
1994-12-07,7.81,7.48,5.82,0.3299999999999992,1.9899999999999993,False,False
1994-12-08,7.79,7.51,5.83,0.28000000000000025,1.96,False,False
1994-12-09,7.79,7.53,5.82,0.2599999999999998,1.9699999999999998,False,False
1994-12-12,7.85,7.62,5.93,0.22999999999999954,1.92,False,False
1994-12-13,7.83,7.71,5.95,0.1200000000000001,1.88,False,False
1994-12-14,7.8,7.59,5.84,0.20999999999999996,1.96,False,False
1994-12-15,7.79,7.54,5.7,0.25,2.09,False,False
1994-12-16,7.81,7.59,5.71,0.21999999999999975,2.0999999999999996,False,False
1994-12-19,7.81,7.59,5.75,0.21999999999999975,2.0599999999999996,False,False
1994-12-20,7.81,7.56,5.63,0.25,2.1799999999999997,False,False
1994-12-21,7.8,7.58,5.56,0.21999999999999975,2.24,False,False
1994-12-22,7.84,7.7,5.61,0.13999999999999968,2.2299999999999995,False,False
1994-12-23,7.85,7.74,5.68,0.10999999999999943,2.17,False,False
1994-12-26,7.85,7.74,5.68,0.10999999999999943,2.17,False,False
1994-12-27,7.76,7.67,5.74,0.08999999999999986,2.0199999999999996,False,False
1994-12-28,7.8,7.71,5.68,0.08999999999999986,2.12,False,False
1994-12-29,7.82,7.69,5.66,0.1299999999999999,2.16,False,False
1994-12-30,7.84,7.69,5.68,0.14999999999999947,2.16,False,False
1995-01-02,7.84,7.69,5.68,0.14999999999999947,2.16,False,False
1995-01-03,7.88,7.73,5.95,0.14999999999999947,1.9299999999999997,False,False
1995-01-04,7.82,7.62,5.85,0.20000000000000018,1.9700000000000006,False,False
1995-01-05,7.88,7.66,5.88,0.21999999999999975,2.0,False,False
1995-01-06,7.87,7.64,5.9,0.23000000000000043,1.9699999999999998,False,False
1995-01-09,7.89,7.68,6.0,0.20999999999999996,1.8899999999999997,False,False
1995-01-10,7.84,7.63,5.91,0.20999999999999996,1.9299999999999997,False,False
1995-01-11,7.79,7.58,5.79,0.20999999999999996,2.0,False,False
1995-01-12,7.8,7.56,5.78,0.2400000000000002,2.0199999999999996,False,False
1995-01-13,7.69,7.39,5.72,0.3000000000000007,1.9700000000000006,False,False
1995-01-16,7.69,7.39,5.72,0.3000000000000007,1.9700000000000006,False,False
1995-01-17,7.7,7.44,5.89,0.2599999999999998,1.8100000000000005,False,False
1995-01-18,7.71,7.48,5.87,0.22999999999999954,1.8399999999999999,False,False
1995-01-19,7.74,7.49,5.87,0.25,1.87,False,False
1995-01-20,7.82,7.5,5.91,0.3200000000000003,1.9100000000000001,False,False
1995-01-23,7.83,7.5,5.97,0.33000000000000007,1.8600000000000003,False,False
1995-01-24,7.86,7.57,5.98,0.29000000000000004,1.88,False,False
1995-01-25,7.8,7.5,5.94,0.2999999999999998,1.8599999999999994,False,False
1995-01-26,7.76,7.39,5.94,0.3700000000000001,1.8199999999999994,False,False
1995-01-27,7.66,7.29,5.92,0.3700000000000001,1.7400000000000002,False,False
1995-01-30,7.65,7.23,5.96,0.41999999999999993,1.6900000000000004,False,False
1995-01-31,7.6,7.26,6.0,0.33999999999999986,1.5999999999999996,False,False
1995-02-01,7.66,7.33,6.07,0.33000000000000007,1.5899999999999999,False,False
1995-02-02,7.68,7.4,6.02,0.27999999999999936,1.6600000000000001,False,False
1995-02-03,7.49,7.14,5.96,0.35000000000000053,1.5300000000000002,False,False
1995-02-06,7.53,7.18,5.98,0.35000000000000053,1.5499999999999998,False,False
1995-02-07,7.52,7.19,5.98,0.3299999999999992,1.5399999999999991,False,False
1995-02-08,7.53,7.18,5.94,0.35000000000000053,1.5899999999999999,False,False
1995-02-09,7.58,7.23,5.95,0.34999999999999964,1.63,False,False
1995-02-10,7.62,7.33,5.97,0.29000000000000004,1.6500000000000004,False,False
1995-02-13,7.61,7.32,5.98,0.29000000000000004,1.63,False,False
1995-02-14,7.51,7.21,5.96,0.2999999999999998,1.5499999999999998,False,False
1995-02-15,7.45,7.12,5.94,0.33000000000000007,1.5099999999999998,False,False
1995-02-16,7.4,7.02,5.85,0.3800000000000008,1.5500000000000007,False,False
1995-02-17,7.43,7.07,5.86,0.35999999999999943,1.5699999999999994,False,False
1995-02-20,7.43,7.07,5.86,0.35999999999999943,1.5699999999999994,False,False
1995-02-21,7.44,7.09,5.92,0.35000000000000053,1.5200000000000005,False,False
1995-02-22,7.34,6.92,5.85,0.41999999999999993,1.4900000000000002,False,False
1995-02-23,7.34,6.92,5.88,0.41999999999999993,1.46,False,False
1995-02-24,7.33,6.89,5.88,0.4400000000000004,1.4500000000000002,False,False
1995-02-27,7.24,6.79,5.92,0.4500000000000002,1.3200000000000003,False,False
1995-02-28,7.22,6.79,5.94,0.4299999999999997,1.2799999999999994,False,False
1995-03-01,7.23,6.81,5.94,0.4200000000000008,1.29,False,False
1995-03-02,7.3,6.88,5.93,0.41999999999999993,1.37,False,False
1995-03-03,7.36,6.89,5.91,0.47000000000000064,1.4500000000000002,False,False
1995-03-06,7.41,6.96,5.94,0.4500000000000002,1.4699999999999998,False,False
1995-03-07,7.44,7.0,5.96,0.4400000000000004,1.4800000000000004,False,False
1995-03-08,7.36,6.93,5.95,0.4300000000000006,1.4100000000000001,False,False
1995-03-09,7.3,6.83,5.91,0.46999999999999975,1.3899999999999997,False,False
1995-03-10,7.23,6.83,5.96,0.40000000000000036,1.2700000000000005,False,False
1995-03-13,7.19,6.76,5.94,0.4300000000000006,1.25,False,False
1995-03-14,7.09,6.69,5.93,0.39999999999999947,1.1600000000000001,False,False
1995-03-15,7.09,6.71,5.92,0.3799999999999999,1.17,False,False
1995-03-16,7.05,6.68,5.92,0.3700000000000001,1.13,False,False
1995-03-17,7.12,6.69,5.92,0.4299999999999997,1.2000000000000002,False,False
1995-03-20,7.12,6.69,5.93,0.4299999999999997,1.1900000000000004,False,False
1995-03-21,7.16,6.71,5.92,0.4500000000000002,1.2400000000000002,False,False
1995-03-22,7.21,6.75,5.91,0.45999999999999996,1.2999999999999998,False,False
1995-03-23,7.21,6.75,5.89,0.45999999999999996,1.3200000000000003,False,False
1995-03-24,7.09,6.64,5.85,0.4500000000000002,1.2400000000000002,False,False
1995-03-27,7.05,6.62,5.82,0.4299999999999997,1.2299999999999995,False,False
1995-03-28,7.16,6.73,5.89,0.4299999999999997,1.2700000000000005,False,False
1995-03-29,7.16,6.73,5.84,0.4299999999999997,1.3200000000000003,False,False
1995-03-30,7.18,6.76,5.88,0.41999999999999993,1.2999999999999998,False,False
1995-03-31,7.2,6.8,5.88,0.40000000000000036,1.3200000000000003,False,False
1995-04-03,7.14,6.75,5.94,0.3899999999999997,1.1999999999999993,False,False
1995-04-04,7.12,6.71,5.91,0.41000000000000014,1.21,False,False
1995-04-05,7.12,6.7,5.88,0.41999999999999993,1.2400000000000002,False,False
1995-04-06,7.09,6.66,5.85,0.4299999999999997,1.2400000000000002,False,False
1995-04-07,7.11,6.65,5.86,0.45999999999999996,1.25,False,False
1995-04-10,7.12,6.66,5.85,0.45999999999999996,1.2700000000000005,False,False
1995-04-11,7.09,6.65,5.84,0.4399999999999995,1.25,False,False
1995-04-12,7.06,6.61,5.82,0.4499999999999993,1.2399999999999993,False,False
1995-04-13,7.03,6.51,5.75,0.5200000000000005,1.2800000000000002,False,False
1995-04-14,7.03,6.51,5.75,0.5200000000000005,1.2800000000000002,False,False
1995-04-17,7.04,6.48,5.8,0.5599999999999996,1.2400000000000002,False,False
1995-04-18,7.04,6.44,5.79,0.5999999999999996,1.25,False,False
1995-04-19,7.06,6.51,5.8,0.5499999999999998,1.2599999999999998,False,False
1995-04-20,7.02,6.43,5.77,0.5899999999999999,1.25,False,False
1995-04-21,7.01,6.44,5.79,0.5699999999999994,1.2199999999999998,False,False
1995-04-24,7.01,6.46,5.83,0.5499999999999998,1.1799999999999997,False,False
1995-04-25,7.01,6.48,5.85,0.5299999999999994,1.1600000000000001,False,False
1995-04-26,7.01,6.5,5.85,0.5099999999999998,1.1600000000000001,False,False
1995-04-27,7.04,6.55,5.87,0.4900000000000002,1.17,False,False
1995-04-28,7.07,6.6,5.87,0.47000000000000064,1.2000000000000002,False,False
1995-05-01,7.09,6.62,5.91,0.46999999999999975,1.1799999999999997,False,False
1995-05-02,7.04,6.55,5.89,0.4900000000000002,1.1500000000000004,False,False
1995-05-03,6.96,6.47,5.84,0.4900000000000002,1.12,False,False
1995-05-04,6.85,6.35,5.78,0.5,1.0699999999999994,False,False
1995-05-05,6.69,6.16,5.74,0.5300000000000002,0.9500000000000002,False,False
1995-05-08,6.7,6.18,5.81,0.5200000000000005,0.8900000000000006,False,False
1995-05-09,6.61,6.08,5.81,0.5300000000000002,0.8000000000000007,False,False
1995-05-10,6.66,6.11,5.82,0.5499999999999998,0.8399999999999999,False,False
1995-05-11,6.68,6.2,5.84,0.47999999999999954,0.8399999999999999,False,False
1995-05-12,6.67,6.2,5.87,0.46999999999999975,0.7999999999999998,False,False
1995-05-15,6.62,6.16,5.88,0.45999999999999996,0.7400000000000002,False,False
1995-05-16,6.57,6.11,5.87,0.45999999999999996,0.7000000000000002,False,False
1995-05-17,6.53,6.11,5.86,0.41999999999999993,0.6699999999999999,False,False
1995-05-18,6.61,6.18,5.87,0.4300000000000006,0.7400000000000002,False,False
1995-05-19,6.61,6.19,5.87,0.41999999999999993,0.7400000000000002,False,False
1995-05-22,6.63,6.19,5.91,0.4399999999999995,0.7199999999999998,False,False
1995-05-23,6.57,6.15,5.91,0.41999999999999993,0.6600000000000001,False,False
1995-05-24,6.44,6.01,5.87,0.4300000000000006,0.5700000000000003,False,False
1995-05-25,6.39,5.99,5.84,0.39999999999999947,0.5499999999999998,False,False
1995-05-26,6.4,5.97,5.84,0.4300000000000006,0.5600000000000005,False,False
1995-05-29,6.4,5.97,5.84,0.4300000000000006,0.5600000000000005,False,False
1995-05-30,6.3,5.89,5.81,0.41000000000000014,0.4900000000000002,False,False
1995-05-31,6.3,5.89,5.81,0.41000000000000014,0.4900000000000002,False,False
1995-06-01,6.2,5.71,5.67,0.4900000000000002,0.5300000000000002,False,False
1995-06-02,6.1,5.54,5.58,0.5599999999999996,0.5199999999999996,False,False
1995-06-05,6.08,5.54,5.68,0.54,0.40000000000000036,False,False
1995-06-06,6.08,5.57,5.69,0.5099999999999998,0.3899999999999997,False,False
1995-06-07,6.2,5.74,5.74,0.45999999999999996,0.45999999999999996,False,False
1995-06-08,6.22,5.82,5.76,0.39999999999999947,0.45999999999999996,False,False
1995-06-09,6.4,6.01,5.77,0.39000000000000057,0.6300000000000008,False,False
1995-06-12,6.37,5.96,5.73,0.41000000000000014,0.6399999999999997,False,False
1995-06-13,6.14,5.63,5.61,0.5099999999999998,0.5299999999999994,False,False
1995-06-14,6.15,5.67,5.61,0.4800000000000004,0.54,False,False
1995-06-15,6.18,5.73,5.65,0.4499999999999993,0.5299999999999994,False,False
1995-06-16,6.21,5.77,5.66,0.4400000000000004,0.5499999999999998,False,False
1995-06-19,6.13,5.65,5.63,0.47999999999999954,0.5,False,False
1995-06-20,6.16,5.72,5.65,0.4400000000000004,0.5099999999999998,False,False
1995-06-21,6.13,5.68,5.6,0.4500000000000002,0.5300000000000002,False,False
1995-06-22,6.04,5.61,5.54,0.4299999999999997,0.5,False,False
1995-06-23,6.06,5.64,5.54,0.41999999999999993,0.5199999999999996,False,False
1995-06-26,6.11,5.71,5.52,0.40000000000000036,0.5900000000000007,False,False
1995-06-27,6.15,5.7,5.59,0.4500000000000002,0.5600000000000005,False,False
1995-06-28,6.1,5.67,5.57,0.4299999999999997,0.5299999999999994,False,False
1995-06-29,6.28,5.89,5.67,0.39000000000000057,0.6100000000000003,False,False
1995-06-30,6.21,5.79,5.6,0.41999999999999993,0.6100000000000003,False,False
1995-07-03,6.21,5.79,5.68,0.41999999999999993,0.5300000000000002,False,False
1995-07-04,6.21,5.79,5.68,0.41999999999999993,0.5300000000000002,False,False
1995-07-05,6.19,5.78,5.68,0.41000000000000014,0.5100000000000007,False,False
1995-07-06,6.05,5.56,5.53,0.4900000000000002,0.5199999999999996,False,False
1995-07-07,6.04,5.54,5.54,0.5,0.5,False,False
1995-07-10,6.04,5.56,5.53,0.4800000000000004,0.5099999999999998,False,False
1995-07-11,6.09,5.59,5.56,0.5,0.5300000000000002,False,False
1995-07-12,6.1,5.59,5.55,0.5099999999999998,0.5499999999999998,False,False
1995-07-13,6.09,5.61,5.55,0.47999999999999954,0.54,False,False
1995-07-14,6.15,5.7,5.59,0.4500000000000002,0.5600000000000005,False,False
1995-07-17,6.22,5.77,5.63,0.4500000000000002,0.5899999999999999,False,False
1995-07-18,6.25,5.77,5.61,0.4800000000000004,0.6399999999999997,False,False
1995-07-19,6.43,5.89,5.58,0.54,0.8499999999999996,False,False
1995-07-20,6.43,5.91,5.6,0.5199999999999996,0.8300000000000001,False,False
1995-07-21,6.53,5.95,5.61,0.5800000000000001,0.9199999999999999,False,False
1995-07-24,6.46,5.97,5.61,0.4900000000000002,0.8499999999999996,False,False
1995-07-25,6.43,5.94,5.62,0.4899999999999993,0.8099999999999996,False,False
1995-07-26,6.48,5.97,5.63,0.5100000000000007,0.8500000000000005,False,False
1995-07-27,6.43,5.91,5.58,0.5199999999999996,0.8499999999999996,False,False
1995-07-28,6.49,5.92,5.58,0.5700000000000003,0.9100000000000001,False,False
1995-07-31,6.45,5.88,5.6,0.5700000000000003,0.8500000000000005,False,False
1995-08-01,6.5,5.94,5.61,0.5599999999999996,0.8899999999999997,False,False
1995-08-02,6.44,5.86,5.59,0.5800000000000001,0.8500000000000005,False,False
1995-08-03,6.53,5.94,5.59,0.5899999999999999,0.9400000000000004,False,False
1995-08-04,6.5,5.91,5.58,0.5899999999999999,0.9199999999999999,False,False
1995-08-07,6.48,5.9,5.57,0.5800000000000001,0.9100000000000001,False,False
1995-08-08,6.47,5.9,5.55,0.5699999999999994,0.9199999999999999,False,False
1995-08-09,6.47,5.93,5.56,0.54,0.9100000000000001,False,False
1995-08-10,6.51,5.95,5.57,0.5599999999999996,0.9399999999999995,False,False
1995-08-11,6.59,6.05,5.59,0.54,1.0,False,False
1995-08-14,6.59,6.05,5.6,0.54,0.9900000000000002,False,False
1995-08-15,6.57,6.11,5.62,0.45999999999999996,0.9500000000000002,False,False
1995-08-16,6.54,6.07,5.6,0.46999999999999975,0.9400000000000004,False,False
1995-08-17,6.57,6.12,5.61,0.4500000000000002,0.96,False,False
1995-08-18,6.57,6.13,5.61,0.4400000000000004,0.96,False,False
1995-08-21,6.54,6.08,5.62,0.45999999999999996,0.9199999999999999,False,False
1995-08-22,6.57,6.1,5.63,0.47000000000000064,0.9400000000000004,False,False
1995-08-23,6.6,6.11,5.6,0.4899999999999993,1.0,False,False
1995-08-24,6.5,6.0,5.52,0.5,0.9800000000000004,False,False
1995-08-25,6.38,5.9,5.5,0.47999999999999954,0.8799999999999999,False,False
1995-08-28,6.34,5.85,5.48,0.4900000000000002,0.8599999999999994,False,False
1995-08-29,6.36,5.93,5.5,0.4300000000000006,0.8600000000000003,False,False
1995-08-30,6.33,5.88,5.46,0.4500000000000002,0.8700000000000001,False,False
1995-08-31,6.28,5.85,5.45,0.4300000000000006,0.8300000000000001,False,False
1995-09-01,6.22,5.78,5.45,0.4399999999999995,0.7699999999999996,False,False
1995-09-04,6.22,5.78,5.45,0.4399999999999995,0.7699999999999996,False,False
1995-09-05,6.18,5.77,5.49,0.41000000000000014,0.6899999999999995,False,False
1995-09-06,6.17,5.76,5.48,0.41000000000000014,0.6899999999999995,False,False
1995-09-07,6.21,5.8,5.5,0.41000000000000014,0.71,False,False
1995-09-08,6.24,5.85,5.52,0.39000000000000057,0.7200000000000006,False,False
1995-09-11,6.24,5.83,5.5,0.41000000000000014,0.7400000000000002,False,False
1995-09-12,6.16,5.77,5.47,0.39000000000000057,0.6900000000000004,False,False
1995-09-13,6.18,5.8,5.47,0.3799999999999999,0.71,False,False
1995-09-14,6.08,5.68,5.44,0.40000000000000036,0.6399999999999997,False,False
1995-09-15,6.11,5.71,5.46,0.40000000000000036,0.6500000000000004,False,False
1995-09-18,6.17,5.77,5.41,0.40000000000000036,0.7599999999999998,False,False
1995-09-19,6.14,5.75,5.36,0.3899999999999997,0.7799999999999994,False,False
1995-09-20,6.1,5.73,5.34,0.3699999999999992,0.7599999999999998,False,False
1995-09-21,6.21,5.83,5.4,0.3799999999999999,0.8099999999999996,False,False
1995-09-22,6.25,5.85,5.35,0.40000000000000036,0.9000000000000004,False,False
1995-09-25,6.26,5.89,5.33,0.3700000000000001,0.9299999999999997,False,False
1995-09-26,6.28,5.88,5.45,0.40000000000000036,0.8300000000000001,False,False
1995-09-27,6.3,5.92,5.42,0.3799999999999999,0.8799999999999999,False,False
1995-09-28,6.28,5.92,5.44,0.3600000000000003,0.8399999999999999,False,False
1995-09-29,6.17,5.83,5.4,0.33999999999999986,0.7699999999999996,False,False
1995-10-02,6.15,5.82,5.53,0.33000000000000007,0.6200000000000001,False,False
1995-10-03,6.13,5.8,5.51,0.33000000000000007,0.6200000000000001,False,False
1995-10-04,6.12,5.75,5.47,0.3700000000000001,0.6500000000000004,False,False
1995-10-05,6.06,5.72,5.44,0.33999999999999986,0.6199999999999992,False,False
1995-10-06,6.06,5.73,5.47,0.3299999999999992,0.5899999999999999,False,False
1995-10-09,6.06,5.73,5.47,0.3299999999999992,0.5899999999999999,False,False
1995-10-10,6.07,5.74,5.47,0.33000000000000007,0.6000000000000005,False,False
1995-10-11,6.09,5.75,5.47,0.33999999999999986,0.6200000000000001,False,False
1995-10-12,6.07,5.72,5.46,0.35000000000000053,0.6100000000000003,False,False
1995-10-13,5.97,5.67,5.45,0.2999999999999998,0.5199999999999996,False,False
1995-10-16,5.97,5.67,5.49,0.2999999999999998,0.47999999999999954,False,False
1995-10-17,5.97,5.65,5.43,0.3199999999999994,0.54,False,False
1995-10-18,5.99,5.67,5.41,0.3200000000000003,0.5800000000000001,False,False
1995-10-19,5.98,5.67,5.41,0.3100000000000005,0.5700000000000003,False,False
1995-10-20,6.04,5.72,5.43,0.3200000000000003,0.6100000000000003,False,False
1995-10-23,6.07,5.76,5.38,0.3100000000000005,0.6900000000000004,False,False
1995-10-24,6.02,5.68,5.38,0.33999999999999986,0.6399999999999997,False,False
1995-10-25,6.0,5.64,5.39,0.3600000000000003,0.6100000000000003,False,False
1995-10-26,6.06,5.61,5.38,0.4499999999999993,0.6799999999999997,False,False
1995-10-27,6.05,5.64,5.41,0.41000000000000014,0.6399999999999997,False,False
1995-10-30,6.04,5.62,5.47,0.41999999999999993,0.5700000000000003,False,False
1995-10-31,6.03,5.61,5.48,0.41999999999999993,0.5499999999999998,False,False
1995-11-01,5.98,5.52,5.48,0.46000000000000085,0.5,False,False
1995-11-02,5.92,5.46,5.47,0.45999999999999996,0.4500000000000002,False,False
1995-11-03,5.94,5.49,5.47,0.4500000000000002,0.47000000000000064,False,False
1995-11-06,5.96,5.51,5.52,0.4500000000000002,0.4400000000000004,False,False
1995-11-07,5.99,5.54,5.53,0.4500000000000002,0.45999999999999996,False,False
1995-11-08,5.92,5.47,5.52,0.4500000000000002,0.40000000000000036,False,False
1995-11-09,5.97,5.49,5.55,0.47999999999999954,0.41999999999999993,False,False
1995-11-10,6.0,5.52,5.58,0.4800000000000004,0.41999999999999993,False,False
1995-11-13,5.98,5.49,5.59,0.4900000000000002,0.39000000000000057,False,False
1995-11-14,5.97,5.47,5.55,0.5,0.41999999999999993,False,False
1995-11-15,6.0,5.53,5.56,0.46999999999999975,0.4400000000000004,False,False
1995-11-16,5.93,5.46,5.52,0.46999999999999975,0.41000000000000014,False,False
1995-11-17,5.92,5.46,5.51,0.45999999999999996,0.41000000000000014,False,False
1995-11-20,5.93,5.46,5.5,0.46999999999999975,0.4299999999999997,False,False
1995-11-21,5.92,5.49,5.52,0.4299999999999997,0.40000000000000036,False,False
1995-11-22,5.93,5.51,5.52,0.41999999999999993,0.41000000000000014,False,False
1995-11-23,5.93,5.51,5.52,0.41999999999999993,0.41000000000000014,False,False
1995-11-24,5.91,5.49,5.48,0.41999999999999993,0.4299999999999997,False,False
1995-11-27,5.88,5.46,5.5,0.41999999999999993,0.3799999999999999,False,False
1995-11-28,5.88,5.45,5.53,0.4299999999999997,0.34999999999999964,False,False
1995-11-29,5.85,5.42,5.5,0.4299999999999997,0.34999999999999964,False,False
1995-11-30,5.76,5.36,5.48,0.39999999999999947,0.27999999999999936,False,False
1995-12-01,5.71,5.32,5.45,0.3899999999999997,0.2599999999999998,False,False
1995-12-04,5.63,5.27,5.46,0.3600000000000003,0.16999999999999993,False,False
1995-12-05,5.65,5.29,5.47,0.3600000000000003,0.1800000000000006,False,False
1995-12-06,5.67,5.32,5.48,0.34999999999999964,0.1899999999999995,False,False
1995-12-07,5.72,5.39,5.5,0.33000000000000007,0.21999999999999975,False,False
1995-12-08,5.73,5.39,5.5,0.34000000000000075,0.23000000000000043,False,False
1995-12-11,5.71,5.38,5.45,0.33000000000000007,0.2599999999999998,False,False
1995-12-12,5.72,5.39,5.41,0.33000000000000007,0.3099999999999996,False,False
1995-12-13,5.74,5.39,5.42,0.35000000000000053,0.3200000000000003,False,False
1995-12-14,5.74,5.38,5.42,0.3600000000000003,0.3200000000000003,False,False
1995-12-15,5.75,5.36,5.35,0.3899999999999997,0.40000000000000036,False,False
1995-12-18,5.85,5.43,5.32,0.41999999999999993,0.5299999999999994,False,False
1995-12-19,5.81,5.36,5.24,0.4499999999999993,0.5699999999999994,False,False
1995-12-20,5.76,5.33,5.15,0.4299999999999997,0.6099999999999994,False,False
1995-12-21,5.77,5.33,5.05,0.4399999999999995,0.7199999999999998,False,False
1995-12-22,5.71,5.28,5.04,0.4299999999999997,0.6699999999999999,False,False
1995-12-25,5.71,5.28,5.04,0.4299999999999997,0.6699999999999999,False,False
1995-12-26,5.69,5.27,5.05,0.4200000000000008,0.6400000000000006,False,False
1995-12-27,5.66,5.23,5.04,0.4299999999999997,0.6200000000000001,False,False
1995-12-28,5.63,5.2,4.98,0.4299999999999997,0.6499999999999995,False,False
1995-12-29,5.58,5.18,5.1,0.40000000000000036,0.4800000000000004,False,False
1996-01-01,5.58,5.18,5.1,0.40000000000000036,0.4800000000000004,False,False
1996-01-02,5.6,5.18,5.2,0.41999999999999993,0.39999999999999947,False,False
1996-01-03,5.58,5.17,5.2,0.41000000000000014,0.3799999999999999,False,False
1996-01-04,5.65,5.17,5.19,0.4800000000000004,0.45999999999999996,False,False
1996-01-05,5.69,5.2,5.19,0.4900000000000002,0.5,False,False
1996-01-08,5.68,5.2,5.18,0.47999999999999954,0.5,False,False
1996-01-09,5.7,5.18,5.18,0.5200000000000005,0.5200000000000005,False,False
1996-01-10,5.8,5.22,5.19,0.5800000000000001,0.6099999999999994,False,False
1996-01-11,5.78,5.22,5.19,0.5600000000000005,0.5899999999999999,False,False
1996-01-12,5.75,5.17,5.18,0.5800000000000001,0.5700000000000003,False,False
1996-01-15,5.75,5.17,5.18,0.5800000000000001,0.5700000000000003,False,False
1996-01-16,5.66,5.08,5.14,0.5800000000000001,0.5200000000000005,False,False
1996-01-17,5.58,5.05,5.14,0.5300000000000002,0.4400000000000004,False,False
1996-01-18,5.53,5.01,5.11,0.5200000000000005,0.41999999999999993,False,False
1996-01-19,5.54,5.03,5.1,0.5099999999999998,0.4400000000000004,False,False
1996-01-22,5.61,5.08,5.14,0.5300000000000002,0.47000000000000064,False,False
1996-01-23,5.66,5.09,5.12,0.5700000000000003,0.54,False,False
1996-01-24,5.62,5.07,5.12,0.5499999999999998,0.5,False,False
1996-01-25,5.7,5.11,5.12,0.5899999999999999,0.5800000000000001,False,False
1996-01-26,5.65,5.08,5.11,0.5700000000000003,0.54,False,False
1996-01-29,5.69,5.1,5.17,0.5900000000000007,0.5200000000000005,False,False
1996-01-30,5.63,5.02,5.14,0.6100000000000003,0.4900000000000002,False,False
1996-01-31,5.6,4.93,5.05,0.6699999999999999,0.5499999999999998,False,False
1996-02-01,5.63,4.93,5.03,0.7000000000000002,0.5999999999999996,False,False
1996-02-02,5.66,4.9,4.99,0.7599999999999998,0.6699999999999999,False,False
1996-02-05,5.7,4.95,5.0,0.75,0.7000000000000002,False,False
1996-02-06,5.68,4.93,4.98,0.75,0.6999999999999993,False,False
1996-02-07,5.66,4.92,4.94,0.7400000000000002,0.7199999999999998,False,False
1996-02-08,5.66,4.9,4.92,0.7599999999999998,0.7400000000000002,False,False
1996-02-09,5.66,4.85,4.93,0.8100000000000005,0.7300000000000004,False,False
1996-02-12,5.61,4.83,4.93,0.7800000000000002,0.6800000000000006,False,False
1996-02-13,5.58,4.8,4.93,0.7800000000000002,0.6500000000000004,False,False
1996-02-14,5.62,4.82,4.94,0.7999999999999998,0.6799999999999997,False,False
1996-02-15,5.7,4.87,4.92,0.8300000000000001,0.7800000000000002,False,False
1996-02-16,5.76,4.9,4.89,0.8599999999999994,0.8700000000000001,False,False
1996-02-19,5.76,4.9,4.89,0.8599999999999994,0.8700000000000001,False,False
1996-02-20,6.01,5.18,4.99,0.8300000000000001,1.0199999999999996,False,False
1996-02-21,5.98,5.16,4.96,0.8200000000000003,1.0200000000000005,False,False
1996-02-22,5.92,5.11,4.95,0.8099999999999996,0.9699999999999998,False,False
1996-02-23,5.97,5.13,4.97,0.8399999999999999,1.0,False,False
1996-02-26,6.01,5.18,4.98,0.8300000000000001,1.0299999999999994,False,False
1996-02-27,6.06,5.28,5.01,0.7799999999999994,1.0499999999999998,False,False
1996-02-28,6.11,5.43,5.01,0.6800000000000006,1.1000000000000005,False,False
1996-02-29,6.13,5.44,5.02,0.6899999999999995,1.1100000000000003,False,False
1996-03-01,5.99,5.26,4.98,0.7300000000000004,1.0099999999999998,False,False
1996-03-04,5.92,5.21,5.02,0.71,0.9000000000000004,False,False
1996-03-05,5.96,5.28,5.02,0.6799999999999997,0.9400000000000004,False,False
1996-03-06,6.05,5.36,5.03,0.6899999999999995,1.0199999999999996,False,False
1996-03-07,6.07,5.4,5.03,0.6699999999999999,1.04,False,False
1996-03-08,6.41,5.73,5.01,0.6799999999999997,1.4000000000000004,False,False
1996-03-11,6.33,5.71,5.09,0.6200000000000001,1.2400000000000002,False,False
1996-03-12,6.36,5.78,5.09,0.5800000000000001,1.2700000000000005,False,False
1996-03-13,6.35,5.73,5.09,0.6199999999999992,1.2599999999999998,False,False
1996-03-14,6.36,5.7,5.11,0.6600000000000001,1.25,False,False
1996-03-15,6.46,5.87,5.14,0.5899999999999999,1.3200000000000003,False,False
1996-03-18,6.43,5.89,5.17,0.54,1.2599999999999998,False,False
1996-03-19,6.41,5.85,5.19,0.5600000000000005,1.2199999999999998,False,False
1996-03-20,6.34,5.76,5.16,0.5800000000000001,1.1799999999999997,False,False
1996-03-21,6.28,5.72,5.07,0.5600000000000005,1.21,False,False
1996-03-22,6.32,5.74,5.1,0.5800000000000001,1.2200000000000006,False,False
1996-03-25,6.26,5.69,5.13,0.5699999999999994,1.13,False,False
1996-03-26,6.25,5.72,5.13,0.5300000000000002,1.12,False,False
1996-03-27,6.34,5.81,5.17,0.5300000000000002,1.17,False,False
1996-03-28,6.41,5.88,5.19,0.5300000000000002,1.2199999999999998,False,False
1996-03-29,6.34,5.79,5.13,0.5499999999999998,1.21,False,False
1996-04-01,6.31,5.79,5.2,0.5199999999999996,1.1099999999999994,False,False
1996-04-02,6.25,5.74,5.16,0.5099999999999998,1.0899999999999999,False,False
1996-04-03,6.27,5.77,5.15,0.5,1.1199999999999992,False,False
1996-04-04,6.33,5.83,5.11,0.5,1.2199999999999998,False,False
1996-04-05,6.57,6.09,5.15,0.4800000000000004,1.42,False,False
1996-04-08,6.63,6.11,5.16,0.5199999999999996,1.4699999999999998,False,False
1996-04-09,6.56,6.06,5.1,0.5,1.46,False,False
1996-04-10,6.63,6.1,5.08,0.5300000000000002,1.5499999999999998,False,False
1996-04-11,6.68,6.12,5.08,0.5599999999999996,1.5999999999999996,False,False
1996-04-12,6.52,5.96,5.07,0.5599999999999996,1.4499999999999993,False,False
1996-04-15,6.47,5.93,4.97,0.54,1.5,False,False
1996-04-16,6.48,5.91,4.95,0.5700000000000003,1.5300000000000002,False,False
1996-04-17,6.52,5.96,4.96,0.5599999999999996,1.5599999999999996,False,False
1996-04-18,6.58,6.02,4.98,0.5600000000000005,1.5999999999999996,False,False
1996-04-19,6.53,5.95,5.01,0.5800000000000001,1.5200000000000005,False,False
1996-04-22,6.48,5.92,5.09,0.5600000000000005,1.3900000000000006,False,False
1996-04-23,6.52,5.93,5.1,0.5899999999999999,1.42,False,False
1996-04-24,6.57,5.95,5.13,0.6200000000000001,1.4400000000000004,False,False
1996-04-25,6.56,5.99,5.09,0.5699999999999994,1.4699999999999998,False,False
1996-04-26,6.54,5.92,5.11,0.6200000000000001,1.4299999999999997,False,False
1996-04-29,6.59,5.98,5.14,0.6099999999999994,1.4500000000000002,False,False
1996-04-30,6.66,6.03,5.14,0.6299999999999999,1.5200000000000005,False,False
1996-05-01,6.68,6.03,5.11,0.6499999999999995,1.5699999999999994,False,False
1996-05-02,6.85,6.16,5.13,0.6899999999999995,1.7199999999999998,False,False
1996-05-03,6.9,6.2,5.14,0.7000000000000002,1.7600000000000007,False,False
1996-05-06,6.86,6.15,5.14,0.71,1.7200000000000006,False,False
1996-05-07,6.87,6.2,5.14,0.6699999999999999,1.7300000000000004,False,False
1996-05-08,6.78,6.15,5.13,0.6299999999999999,1.6500000000000004,False,False
1996-05-09,6.84,6.14,5.13,0.7000000000000002,1.71,False,False
1996-05-10,6.75,6.04,5.13,0.71,1.62,False,False
1996-05-13,6.72,6.06,5.16,0.6600000000000001,1.5599999999999996,False,False
1996-05-14,6.66,6.01,5.14,0.6500000000000004,1.5200000000000005,False,False
1996-05-15,6.65,6.01,5.13,0.6400000000000006,1.5200000000000005,False,False
1996-05-16,6.7,6.08,5.15,0.6200000000000001,1.5499999999999998,False,False
1996-05-17,6.65,6.04,5.15,0.6100000000000003,1.5,False,False
1996-05-20,6.62,6.02,5.17,0.6000000000000005,1.4500000000000002,False,False
1996-05-21,6.65,6.03,5.18,0.6200000000000001,1.4700000000000006,False,False
1996-05-22,6.63,6.03,5.18,0.5999999999999996,1.4500000000000002,False,False
1996-05-23,6.68,6.05,5.18,0.6299999999999999,1.5,False,False
1996-05-24,6.65,6.03,5.18,0.6200000000000001,1.4700000000000006,False,False
1996-05-27,6.65,6.03,5.18,0.6200000000000001,1.4700000000000006,False,False
1996-05-28,6.67,6.05,5.17,0.6200000000000001,1.5,False,False
1996-05-29,6.77,6.16,5.18,0.6099999999999994,1.5899999999999999,False,False
1996-05-30,6.78,6.18,5.18,0.6000000000000005,1.6000000000000005,False,False
1996-05-31,6.85,6.27,5.18,0.5800000000000001,1.67,False,False
1996-06-03,6.87,6.26,5.23,0.6100000000000003,1.6399999999999997,False,False
1996-06-04,6.86,6.24,5.2,0.6200000000000001,1.6600000000000001,False,False
1996-06-05,6.82,6.24,5.22,0.5800000000000001,1.6000000000000005,False,False
1996-06-06,6.76,6.16,5.21,0.5999999999999996,1.5499999999999998,False,False
1996-06-07,6.93,6.4,5.26,0.5299999999999994,1.67,False,False
1996-06-10,6.97,6.4,5.29,0.5699999999999994,1.6799999999999997,False,False
1996-06-11,6.99,6.37,5.27,0.6200000000000001,1.7200000000000006,False,False
1996-06-12,7.03,6.39,5.26,0.6400000000000006,1.7700000000000005,False,False
1996-06-13,7.01,6.36,5.24,0.6499999999999995,1.7699999999999996,False,False
1996-06-14,6.95,6.29,5.21,0.6600000000000001,1.7400000000000002,False,False
1996-06-17,6.9,6.27,5.19,0.6300000000000008,1.71,False,False
1996-06-18,6.93,6.28,5.21,0.6499999999999995,1.7199999999999998,False,False
1996-06-19,6.96,6.31,5.23,0.6500000000000004,1.7299999999999995,False,False
1996-06-20,6.98,6.38,5.26,0.6000000000000005,1.7200000000000006,False,False
1996-06-21,6.96,6.35,5.26,0.6100000000000003,1.7000000000000002,False,False
1996-06-24,6.94,6.32,5.23,0.6200000000000001,1.71,False,False
1996-06-25,6.91,6.3,5.24,0.6100000000000003,1.67,False,False
1996-06-26,6.91,6.3,5.24,0.6100000000000003,1.67,False,False
1996-06-27,6.83,6.21,5.2,0.6200000000000001,1.63,False,False
1996-06-28,6.73,6.11,5.18,0.6200000000000001,1.5500000000000007,False,False
1996-07-01,6.74,6.15,5.27,0.5899999999999999,1.4700000000000006,False,False
1996-07-02,6.8,6.22,5.32,0.5800000000000001,1.4799999999999995,False,False
1996-07-03,6.78,6.2,5.24,0.5800000000000001,1.54,False,False
1996-07-04,6.78,6.2,5.24,0.5800000000000001,1.54,False,False
1996-07-05,7.06,6.44,5.31,0.6199999999999992,1.75,False,False
1996-07-08,7.05,6.43,5.35,0.6200000000000001,1.7000000000000002,False,False
1996-07-09,7.0,6.41,5.34,0.5899999999999999,1.6600000000000001,False,False
1996-07-10,6.95,6.34,5.29,0.6100000000000003,1.6600000000000001,False,False
1996-07-11,6.9,6.28,5.26,0.6200000000000001,1.6400000000000006,False,False
1996-07-12,6.85,6.26,5.28,0.5899999999999999,1.5699999999999994,False,False
1996-07-15,6.89,6.32,5.32,0.5699999999999994,1.5699999999999994,False,False
1996-07-16,6.84,6.23,5.27,0.6099999999999994,1.5700000000000003,False,False
1996-07-17,6.83,6.23,5.26,0.5999999999999996,1.5700000000000003,False,False
1996-07-18,6.72,6.16,5.25,0.5599999999999996,1.4699999999999998,False,False
1996-07-19,6.78,6.18,5.28,0.6000000000000005,1.5,False,False
1996-07-22,6.84,6.23,5.3,0.6099999999999994,1.54,False,False
1996-07-23,6.8,6.23,5.3,0.5699999999999994,1.5,False,False
1996-07-24,6.87,6.26,5.31,0.6100000000000003,1.5600000000000005,False,False
1996-07-25,6.87,6.28,5.29,0.5899999999999999,1.58,False,False
1996-07-26,6.85,6.25,5.29,0.5999999999999996,1.5599999999999996,False,False
1996-07-29,6.93,6.32,5.37,0.6099999999999994,1.5599999999999996,False,False
1996-07-30,6.89,6.3,5.34,0.5899999999999999,1.5499999999999998,False,False
1996-07-31,6.8,6.22,5.32,0.5800000000000001,1.4799999999999995,False,False
1996-08-01,6.65,6.08,5.25,0.5700000000000003,1.4000000000000004,False,False
1996-08-02,6.51,5.91,5.21,0.5999999999999996,1.2999999999999998,False,False
1996-08-05,6.53,5.93,5.2,0.6000000000000005,1.33,False,False
1996-08-06,6.54,5.93,5.19,0.6100000000000003,1.3499999999999996,False,False
1996-08-07,6.55,5.97,5.18,0.5800000000000001,1.37,False,False
1996-08-08,6.56,5.97,5.15,0.5899999999999999,1.4099999999999993,False,False
1996-08-09,6.5,5.93,5.15,0.5700000000000003,1.3499999999999996,False,False
1996-08-12,6.49,5.92,5.18,0.5700000000000003,1.3100000000000005,False,False
1996-08-13,6.57,5.97,5.17,0.6000000000000005,1.4000000000000004,False,False
1996-08-14,6.58,5.97,5.16,0.6100000000000003,1.42,False,False
1996-08-15,6.62,6.0,5.19,0.6200000000000001,1.4299999999999997,False,False
1996-08-16,6.56,5.95,5.18,0.6099999999999994,1.38,False,False
1996-08-19,6.59,5.97,5.2,0.6200000000000001,1.3899999999999997,False,False
1996-08-20,6.59,5.97,5.18,0.6200000000000001,1.4100000000000001,False,False
1996-08-21,6.61,5.99,5.14,0.6200000000000001,1.4700000000000006,False,False
1996-08-22,6.62,6.0,5.14,0.6200000000000001,1.4800000000000004,False,False
1996-08-23,6.72,6.09,5.15,0.6299999999999999,1.5699999999999994,False,False
1996-08-26,6.8,6.18,5.21,0.6200000000000001,1.5899999999999999,False,False
1996-08-27,6.78,6.17,5.2,0.6100000000000003,1.58,False,False
1996-08-28,6.79,6.17,5.2,0.6200000000000001,1.5899999999999999,False,False
1996-08-29,6.86,6.23,5.24,0.6299999999999999,1.62,False,False
1996-08-30,6.96,6.34,5.29,0.6200000000000001,1.67,False,False
1996-09-02,6.96,6.34,5.29,0.6200000000000001,1.67,False,False
1996-09-03,6.92,6.35,5.32,0.5700000000000003,1.5999999999999996,False,False
1996-09-04,6.94,6.38,5.32,0.5600000000000005,1.62,False,False
1996-09-05,6.98,6.38,5.34,0.6000000000000005,1.6400000000000006,False,False
1996-09-06,6.94,6.33,5.33,0.6100000000000003,1.6100000000000003,False,False
1996-09-09,6.9,6.32,5.29,0.5800000000000001,1.6100000000000003,False,False
1996-09-10,6.94,6.34,5.29,0.6000000000000005,1.6500000000000004,False,False
1996-09-11,6.94,6.34,5.31,0.6000000000000005,1.6300000000000008,False,False
1996-09-12,6.88,6.27,5.28,0.6100000000000003,1.5999999999999996,False,False
1996-09-13,6.74,6.1,5.21,0.6400000000000006,1.5300000000000002,False,False
1996-09-16,6.73,6.14,5.2,0.5900000000000007,1.5300000000000002,False,False
1996-09-17,6.81,6.22,5.31,0.5899999999999999,1.5,False,False
1996-09-18,6.83,6.26,5.28,0.5700000000000003,1.5499999999999998,False,False
1996-09-19,6.87,6.29,5.25,0.5800000000000001,1.62,False,False
1996-09-20,6.85,6.26,5.29,0.5899999999999999,1.5599999999999996,False,False
1996-09-23,6.83,6.24,5.31,0.5899999999999999,1.5200000000000005,False,False
1996-09-24,6.77,6.16,5.17,0.6099999999999994,1.5999999999999996,False,False
1996-09-25,6.71,6.08,5.07,0.6299999999999999,1.6399999999999997,False,False
1996-09-26,6.66,6.05,5.0,0.6100000000000003,1.6600000000000001,False,False
1996-09-27,6.68,6.07,5.04,0.6099999999999994,1.6399999999999997,False,False
1996-09-30,6.72,6.1,5.14,0.6200000000000001,1.58,False,False
1996-10-01,6.65,6.03,5.1,0.6200000000000001,1.5500000000000007,False,False
1996-10-02,6.61,5.98,5.03,0.6299999999999999,1.58,False,False
1996-10-03,6.61,6.0,5.04,0.6100000000000003,1.5700000000000003,False,False
1996-10-04,6.48,5.85,5.01,0.6300000000000008,1.4700000000000006,False,False
1996-10-07,6.53,5.89,5.11,0.6400000000000006,1.42,False,False
1996-10-08,6.53,5.9,5.12,0.6299999999999999,1.4100000000000001,False,False
1996-10-09,6.55,5.96,5.12,0.5899999999999999,1.4299999999999997,False,False
1996-10-10,6.61,6.01,5.15,0.6000000000000005,1.46,False,False
1996-10-11,6.55,5.92,5.13,0.6299999999999999,1.42,False,False
1996-10-14,6.55,5.92,5.13,0.6299999999999999,1.42,False,False
1996-10-15,6.56,5.93,5.17,0.6299999999999999,1.3899999999999997,False,False
1996-10-16,6.57,5.94,5.14,0.6299999999999999,1.4300000000000006,False,False
1996-10-17,6.51,5.89,5.12,0.6200000000000001,1.3899999999999997,False,False
1996-10-18,6.5,5.89,5.12,0.6100000000000003,1.38,False,False
1996-10-21,6.52,5.91,5.14,0.6099999999999994,1.38,False,False
1996-10-22,6.56,5.95,5.16,0.6099999999999994,1.3999999999999995,False,False
1996-10-23,6.56,5.94,5.13,0.6199999999999992,1.4299999999999997,False,False
1996-10-24,6.57,5.94,5.14,0.6299999999999999,1.4300000000000006,False,False
1996-10-25,6.54,5.9,5.14,0.6399999999999997,1.4000000000000004,False,False
1996-10-28,6.56,5.92,5.19,0.6399999999999997,1.3699999999999992,False,False
1996-10-29,6.4,5.77,5.14,0.6300000000000008,1.2600000000000007,False,False
1996-10-30,6.4,5.79,5.14,0.6100000000000003,1.2600000000000007,False,False
1996-10-31,6.37,5.77,5.17,0.6000000000000005,1.2000000000000002,False,False
1996-11-01,6.38,5.79,5.17,0.5899999999999999,1.21,False,False
1996-11-04,6.36,5.78,5.19,0.5800000000000001,1.17,False,False
1996-11-05,6.28,5.74,5.17,0.54,1.1100000000000003,False,False
1996-11-06,6.3,5.76,5.17,0.54,1.13,False,False
1996-11-07,6.26,5.75,5.16,0.5099999999999998,1.0999999999999996,False,False
1996-11-08,6.29,5.76,5.18,0.5300000000000002,1.1100000000000003,False,False
1996-11-11,6.29,5.76,5.18,0.5300000000000002,1.1100000000000003,False,False
1996-11-12,6.19,5.73,5.18,0.45999999999999996,1.0100000000000007,False,False
1996-11-13,6.2,5.71,5.17,0.4900000000000002,1.0300000000000002,False,False
1996-11-14,6.15,5.66,5.17,0.4900000000000002,0.9800000000000004,False,False
1996-11-15,6.19,5.68,5.16,0.5100000000000007,1.0300000000000002,False,False
1996-11-18,6.2,5.7,5.18,0.5,1.0200000000000005,False,False
1996-11-19,6.17,5.68,5.17,0.4900000000000002,1.0,False,False
1996-11-20,6.14,5.65,5.17,0.4899999999999993,0.9699999999999998,False,False
1996-11-21,6.15,5.67,5.18,0.4800000000000004,0.9700000000000006,False,False
1996-11-22,6.15,5.69,5.18,0.45999999999999996,0.9700000000000006,False,False
1996-11-25,6.13,5.67,5.18,0.45999999999999996,0.9500000000000002,False,False
1996-11-26,6.13,5.66,5.16,0.46999999999999975,0.9699999999999998,False,False
1996-11-27,6.14,5.66,5.15,0.47999999999999954,0.9899999999999993,False,False
1996-11-28,6.14,5.66,5.15,0.47999999999999954,0.9899999999999993,False,False
1996-11-29,6.06,5.59,5.13,0.46999999999999975,0.9299999999999997,False,False
1996-12-02,6.08,5.61,5.08,0.46999999999999975,1.0,False,False
1996-12-03,6.06,5.61,5.05,0.4499999999999993,1.0099999999999998,False,False
1996-12-04,6.11,5.64,5.03,0.47000000000000064,1.08,False,False
1996-12-05,6.22,5.71,5.04,0.5099999999999998,1.1799999999999997,False,False
1996-12-06,6.26,5.73,5.03,0.5299999999999994,1.2299999999999995,False,False
1996-12-09,6.21,5.7,4.96,0.5099999999999998,1.25,False,False
1996-12-10,6.23,5.71,4.96,0.5200000000000005,1.2700000000000005,False,False
1996-12-11,6.38,5.82,4.96,0.5599999999999996,1.42,False,False
1996-12-12,6.4,5.84,4.97,0.5600000000000005,1.4300000000000006,False,False
1996-12-13,6.33,5.77,4.92,0.5600000000000005,1.4100000000000001,False,False
1996-12-16,6.39,5.82,4.97,0.5699999999999994,1.42,False,False
1996-12-17,6.42,5.87,5.0,0.5499999999999998,1.42,False,False
1996-12-18,6.46,5.89,5.03,0.5700000000000003,1.4299999999999997,False,False
1996-12-19,6.36,5.83,5.01,0.5300000000000002,1.3500000000000005,False,False
1996-12-20,6.35,5.83,5.02,0.5199999999999996,1.33,False,False
1996-12-23,6.34,5.85,5.1,0.4900000000000002,1.2400000000000002,False,False
1996-12-24,6.36,5.85,5.09,0.5100000000000007,1.2700000000000005,False,False
1996-12-25,6.36,5.85,5.09,0.5100000000000007,1.2700000000000005,False,False
1996-12-26,6.35,5.85,5.1,0.5,1.25,False,False
1996-12-27,6.3,5.81,5.11,0.4900000000000002,1.1899999999999995,False,False
1996-12-30,6.31,5.8,5.21,0.5099999999999998,1.0999999999999996,False,False
1996-12-31,6.43,5.88,5.21,0.5499999999999998,1.2199999999999998,False,False
1997-01-01,6.43,5.88,5.21,0.5499999999999998,1.2199999999999998,False,False
1997-01-02,6.54,5.97,5.19,0.5700000000000003,1.3499999999999996,False,False
1997-01-03,6.52,5.95,5.17,0.5699999999999994,1.3499999999999996,False,False
1997-01-06,6.54,5.97,5.17,0.5700000000000003,1.37,False,False
1997-01-07,6.57,5.98,5.16,0.5899999999999999,1.4100000000000001,False,False
1997-01-08,6.6,6.01,5.16,0.5899999999999999,1.4399999999999995,False,False
1997-01-09,6.52,5.94,5.13,0.5799999999999992,1.3899999999999997,False,False
1997-01-10,6.63,6.06,5.17,0.5700000000000003,1.46,False,False
1997-01-13,6.63,6.07,5.08,0.5599999999999996,1.5499999999999998,False,False
1997-01-14,6.53,5.98,5.19,0.5499999999999998,1.3399999999999999,False,False
1997-01-15,6.53,5.98,5.16,0.5499999999999998,1.37,False,False
1997-01-16,6.57,6.0,5.16,0.5700000000000003,1.4100000000000001,False,False
1997-01-17,6.56,6.0,5.14,0.5599999999999996,1.42,False,False
1997-01-20,6.56,6.0,5.14,0.5599999999999996,1.42,False,False
1997-01-21,6.52,5.99,5.18,0.5299999999999994,1.3399999999999999,False,False
1997-01-22,6.56,6.0,5.18,0.5599999999999996,1.38,False,False
1997-01-23,6.6,6.06,5.18,0.54,1.42,False,False
1997-01-24,6.64,6.07,5.16,0.5699999999999994,1.4799999999999995,False,False
1997-01-27,6.69,6.11,5.21,0.5800000000000001,1.4800000000000004,False,False
1997-01-28,6.64,6.04,5.18,0.5999999999999996,1.46,False,False
1997-01-29,6.63,6.04,5.18,0.5899999999999999,1.4500000000000002,False,False
1997-01-30,6.61,6.01,5.18,0.6000000000000005,1.4300000000000006,False,False
1997-01-31,6.53,5.94,5.15,0.5899999999999999,1.38,False,False
1997-02-03,6.47,5.89,5.12,0.5800000000000001,1.3499999999999996,False,False
1997-02-04,6.45,5.88,5.1,0.5700000000000003,1.3500000000000005,False,False
1997-02-05,6.47,5.91,5.13,0.5599999999999996,1.3399999999999999,False,False
1997-02-06,6.49,5.91,5.14,0.5800000000000001,1.3500000000000005,False,False
1997-02-07,6.43,5.86,5.14,0.5699999999999994,1.29,False,False
1997-02-10,6.43,5.87,5.17,0.5599999999999996,1.2599999999999998,False,False
1997-02-11,6.43,5.88,5.14,0.5499999999999998,1.29,False,False
1997-02-12,6.39,5.9,5.16,0.4899999999999993,1.2299999999999995,False,False
1997-02-13,6.32,5.83,5.13,0.4900000000000002,1.1900000000000004,False,False
1997-02-14,6.28,5.79,5.1,0.4900000000000002,1.1800000000000006,False,False
1997-02-17,6.28,5.79,5.1,0.4900000000000002,1.1800000000000006,False,False
1997-02-18,6.28,5.8,5.12,0.4800000000000004,1.1600000000000001,False,False
1997-02-19,6.3,5.82,5.11,0.47999999999999954,1.1899999999999995,False,False
1997-02-20,6.38,5.85,5.1,0.5300000000000002,1.2800000000000002,False,False
1997-02-21,6.36,5.85,5.09,0.5100000000000007,1.2700000000000005,False,False
1997-02-24,6.39,5.89,5.16,0.5,1.2299999999999995,False,False
1997-02-25,6.4,5.9,5.13,0.5,1.2700000000000005,False,False
1997-02-26,6.56,6.06,5.22,0.5,1.3399999999999999,False,False
1997-02-27,6.58,6.09,5.22,0.4900000000000002,1.3600000000000003,False,False
1997-02-28,6.56,6.09,5.22,0.46999999999999975,1.3399999999999999,False,False
1997-03-03,6.58,6.11,5.24,0.46999999999999975,1.3399999999999999,False,False
1997-03-04,6.6,6.11,5.25,0.4899999999999993,1.3499999999999996,False,False
1997-03-05,6.6,6.13,5.21,0.46999999999999975,1.3899999999999997,False,False
1997-03-06,6.62,6.15,5.23,0.46999999999999975,1.3899999999999997,False,False
1997-03-07,6.57,6.1,5.22,0.47000000000000064,1.3500000000000005,False,False
1997-03-10,6.56,6.1,5.2,0.45999999999999996,1.3599999999999994,False,False
1997-03-11,6.57,6.09,5.18,0.4800000000000004,1.3900000000000006,False,False
1997-03-12,6.6,6.12,5.21,0.47999999999999954,1.3899999999999997,False,False
1997-03-13,6.72,6.21,5.26,0.5099999999999998,1.46,False,False
1997-03-14,6.71,6.18,5.24,0.5300000000000002,1.4699999999999998,False,False
1997-03-17,6.72,6.22,5.25,0.5,1.4699999999999998,False,False
1997-03-18,6.72,6.22,5.25,0.5,1.4699999999999998,False,False
1997-03-19,6.74,6.24,5.29,0.5,1.4500000000000002,False,False
1997-03-20,6.75,6.27,5.34,0.4800000000000004,1.4100000000000001,False,False
1997-03-21,6.74,6.29,5.41,0.4500000000000002,1.33,False,False
1997-03-24,6.72,6.29,5.4,0.4299999999999997,1.3199999999999994,False,False
1997-03-25,6.75,6.33,5.44,0.41999999999999993,1.3099999999999996,False,False
1997-03-26,6.8,6.38,5.35,0.41999999999999993,1.4500000000000002,False,False
1997-03-27,6.9,6.45,5.37,0.4500000000000002,1.5300000000000002,False,False
1997-03-28,6.9,6.45,5.37,0.4500000000000002,1.5300000000000002,False,False
1997-03-31,6.92,6.45,5.35,0.46999999999999975,1.5700000000000003,False,False
1997-04-01,6.9,6.42,5.32,0.4800000000000004,1.58,False,False
1997-04-02,6.88,6.42,5.3,0.45999999999999996,1.58,False,False
1997-04-03,6.86,6.4,5.27,0.45999999999999996,1.5900000000000007,False,False
1997-04-04,6.92,6.44,5.29,0.47999999999999954,1.63,False,False
1997-04-07,6.87,6.41,5.26,0.45999999999999996,1.6100000000000003,False,False
1997-04-08,6.91,6.44,5.25,0.46999999999999975,1.6600000000000001,False,False
1997-04-09,6.91,6.44,5.24,0.46999999999999975,1.67,False,False
1997-04-10,6.91,6.46,5.29,0.4500000000000002,1.62,False,False
1997-04-11,6.98,6.53,5.31,0.4500000000000002,1.6700000000000008,False,False
1997-04-14,6.98,6.54,5.3,0.4400000000000004,1.6800000000000006,False,False
1997-04-15,6.88,6.45,5.31,0.4299999999999997,1.5700000000000003,False,False
1997-04-16,6.9,6.49,5.29,0.41000000000000014,1.6100000000000003,False,False
1997-04-17,6.86,6.44,5.29,0.41999999999999993,1.5700000000000003,False,False
1997-04-18,6.84,6.42,5.29,0.41999999999999993,1.5499999999999998,False,False
1997-04-21,6.87,6.46,5.36,0.41000000000000014,1.5099999999999998,False,False
1997-04-22,6.84,6.43,5.36,0.41000000000000014,1.4799999999999995,False,False
1997-04-23,6.89,6.47,5.37,0.41999999999999993,1.5199999999999996,False,False
1997-04-24,6.93,6.52,5.32,0.41000000000000014,1.6099999999999994,False,False
1997-04-25,6.94,6.54,5.31,0.40000000000000036,1.6300000000000008,False,False
1997-04-28,6.92,6.51,5.35,0.41000000000000014,1.5700000000000003,False,False
1997-04-29,6.77,6.34,5.34,0.4299999999999997,1.4299999999999997,False,False
1997-04-30,6.72,6.29,5.28,0.4299999999999997,1.4399999999999995,False,False
1997-05-01,6.69,6.27,5.24,0.4200000000000008,1.4500000000000002,False,False
1997-05-02,6.68,6.26,5.24,0.41999999999999993,1.4399999999999995,False,False
1997-05-05,6.67,6.28,5.22,0.3899999999999997,1.4500000000000002,False,False
1997-05-06,6.67,6.29,5.21,0.3799999999999999,1.46,False,False
1997-05-07,6.76,6.36,5.22,0.39999999999999947,1.54,False,False
1997-05-08,6.72,6.33,5.21,0.3899999999999997,1.5099999999999998,False,False
1997-05-09,6.67,6.24,5.19,0.4299999999999997,1.4799999999999995,False,False
1997-05-12,6.65,6.23,5.24,0.41999999999999993,1.4100000000000001,False,False
1997-05-13,6.71,6.3,5.24,0.41000000000000014,1.4699999999999998,False,False
1997-05-14,6.68,6.26,5.19,0.41999999999999993,1.4899999999999993,False,False
1997-05-15,6.67,6.25,5.13,0.41999999999999993,1.54,False,False
1997-05-16,6.7,6.28,5.2,0.41999999999999993,1.5,False,False
1997-05-19,6.71,6.28,5.38,0.4299999999999997,1.33,False,False
1997-05-20,6.7,6.25,5.39,0.4500000000000002,1.3100000000000005,False,False
1997-05-21,6.74,6.25,5.12,0.4900000000000002,1.62,False,False
1997-05-22,6.76,6.27,5.18,0.4900000000000002,1.58,False,False
1997-05-23,6.74,6.25,5.18,0.4900000000000002,1.5600000000000005,False,False
1997-05-26,6.74,6.25,5.18,0.4900000000000002,1.5600000000000005,False,False
1997-05-27,6.79,6.3,5.18,0.4900000000000002,1.6100000000000003,False,False
1997-05-28,6.8,6.34,5.18,0.45999999999999996,1.62,False,False
1997-05-29,6.75,6.3,5.03,0.4500000000000002,1.7199999999999998,False,False
1997-05-30,6.67,6.22,4.96,0.4500000000000002,1.71,False,False
1997-06-02,6.66,6.23,5.07,0.4299999999999997,1.5899999999999999,False,False
1997-06-03,6.63,6.2,5.05,0.4299999999999997,1.58,False,False
1997-06-04,6.62,6.2,5.09,0.41999999999999993,1.5300000000000002,False,False
1997-06-05,6.62,6.2,5.11,0.41999999999999993,1.5099999999999998,False,False
1997-06-06,6.51,6.12,5.07,0.3899999999999997,1.4399999999999995,False,False
1997-06-09,6.55,6.15,5.06,0.39999999999999947,1.4900000000000002,False,False
1997-06-10,6.57,6.17,5.05,0.40000000000000036,1.5200000000000005,False,False
1997-06-11,6.56,6.19,4.98,0.3699999999999992,1.5799999999999992,False,False
1997-06-12,6.48,6.07,4.97,0.41000000000000014,1.5100000000000007,False,False
1997-06-13,6.43,6.03,5.0,0.39999999999999947,1.4299999999999997,False,False
1997-06-16,6.4,6.02,5.03,0.3800000000000008,1.37,False,False
1997-06-17,6.43,6.05,5.05,0.3799999999999999,1.38,False,False
1997-06-18,6.4,6.02,5.03,0.3800000000000008,1.37,False,False
1997-06-19,6.4,6.04,5.08,0.3600000000000003,1.3200000000000003,False,False
1997-06-20,6.37,6.02,5.08,0.35000000000000053,1.29,False,False
1997-06-23,6.4,6.04,5.06,0.3600000000000003,1.3400000000000007,False,False
1997-06-24,6.42,6.03,5.07,0.3899999999999997,1.3499999999999996,False,False
1997-06-25,6.45,6.05,5.07,0.40000000000000036,1.38,False,False
1997-06-26,6.5,6.05,5.17,0.4500000000000002,1.33,False,False
1997-06-27,6.46,6.03,5.15,0.4299999999999997,1.3099999999999996,False,False
1997-06-30,6.51,6.08,5.25,0.4299999999999997,1.2599999999999998,False,False
1997-07-01,6.45,6.02,5.18,0.4300000000000006,1.2700000000000005,False,False
1997-07-02,6.42,6.02,5.2,0.40000000000000036,1.2199999999999998,False,False
1997-07-03,6.31,5.93,5.14,0.3799999999999999,1.17,False,False
1997-07-04,6.31,5.93,5.14,0.3799999999999999,1.17,False,False
1997-07-07,6.27,5.92,5.12,0.34999999999999964,1.1499999999999995,False,False
1997-07-08,6.27,5.92,5.12,0.34999999999999964,1.1499999999999995,False,False
1997-07-09,6.25,5.9,5.11,0.34999999999999964,1.1399999999999997,False,False
1997-07-10,6.26,5.91,5.15,0.34999999999999964,1.1099999999999994,False,False
1997-07-11,6.23,5.89,5.14,0.34000000000000075,1.0900000000000007,False,False
1997-07-14,6.26,5.94,5.22,0.3199999999999994,1.04,False,False
1997-07-15,6.26,5.92,5.22,0.33999999999999986,1.04,False,False
1997-07-16,6.2,5.87,5.17,0.33000000000000007,1.0300000000000002,False,False
1997-07-17,6.19,5.87,5.18,0.3200000000000003,1.0100000000000007,False,False
1997-07-18,6.24,5.91,5.24,0.33000000000000007,1.0,False,False
1997-07-21,6.27,5.94,5.27,0.3299999999999992,1.0,False,False
1997-07-22,6.15,5.9,5.18,0.25,0.9700000000000006,False,False
1997-07-23,6.14,5.85,5.2,0.29000000000000004,0.9399999999999995,False,False
1997-07-24,6.16,5.87,5.23,0.29000000000000004,0.9299999999999997,False,False
1997-07-25,6.18,5.87,5.24,0.3099999999999996,0.9399999999999995,False,False
1997-07-28,6.16,5.86,5.24,0.2999999999999998,0.9199999999999999,False,False
1997-07-29,6.11,5.79,5.24,0.3200000000000003,0.8700000000000001,False,False
1997-07-30,6.05,5.76,5.24,0.29000000000000004,0.8099999999999996,False,False
1997-07-31,6.02,5.74,5.25,0.27999999999999936,0.7699999999999996,False,False
1997-08-01,6.2,5.89,5.28,0.3100000000000005,0.9199999999999999,False,False
1997-08-04,6.23,5.91,5.29,0.3200000000000003,0.9400000000000004,False,False
1997-08-05,6.23,5.93,5.29,0.3000000000000007,0.9400000000000004,False,False
1997-08-06,6.21,5.91,5.29,0.2999999999999998,0.9199999999999999,False,False
1997-08-07,6.24,5.93,5.3,0.3100000000000005,0.9400000000000004,False,False
1997-08-08,6.38,6.02,5.29,0.3600000000000003,1.0899999999999999,False,False
1997-08-11,6.36,5.99,5.31,0.3700000000000001,1.0500000000000007,False,False
1997-08-12,6.39,6.0,5.31,0.3899999999999997,1.08,False,False
1997-08-13,6.36,5.95,5.32,0.41000000000000014,1.04,False,False
1997-08-14,6.27,5.92,5.34,0.34999999999999964,0.9299999999999997,False,False
1997-08-15,6.27,5.87,5.29,0.39999999999999947,0.9799999999999995,False,False
1997-08-18,6.21,5.82,5.23,0.3899999999999997,0.9799999999999995,False,False
1997-08-19,6.21,5.85,5.25,0.3600000000000003,0.96,False,False
1997-08-20,6.24,5.88,5.24,0.3600000000000003,1.0,False,False
1997-08-21,6.3,5.95,5.27,0.34999999999999964,1.0300000000000002,False,False
1997-08-22,6.38,5.98,5.25,0.39999999999999947,1.13,False,False
1997-08-25,6.39,6.01,5.28,0.3799999999999999,1.1099999999999994,False,False
1997-08-26,6.38,5.99,5.28,0.3899999999999997,1.0999999999999996,False,False
1997-08-27,6.38,6.01,5.28,0.3700000000000001,1.0999999999999996,False,False
1997-08-28,6.3,5.94,5.24,0.35999999999999943,1.0599999999999996,False,False
1997-08-29,6.34,5.97,5.24,0.3700000000000001,1.0999999999999996,False,False
1997-09-01,6.34,5.97,5.24,0.3700000000000001,1.0999999999999996,False,False
1997-09-02,6.31,5.94,5.21,0.3699999999999992,1.0999999999999996,False,False
1997-09-03,6.33,5.96,5.14,0.3700000000000001,1.1900000000000004,False,False
1997-09-04,6.33,5.98,5.14,0.34999999999999964,1.1900000000000004,False,False
1997-09-05,6.37,5.98,5.17,0.3899999999999997,1.2000000000000002,False,False
1997-09-08,6.33,5.98,5.16,0.34999999999999964,1.17,False,False
1997-09-09,6.34,5.98,5.16,0.35999999999999943,1.1799999999999997,False,False
1997-09-10,6.37,6.0,5.11,0.3700000000000001,1.2599999999999998,False,False
1997-09-11,6.39,6.0,5.13,0.3899999999999997,1.2599999999999998,False,False
1997-09-12,6.29,5.93,5.1,0.3600000000000003,1.1900000000000004,False,False
1997-09-15,6.28,5.93,5.08,0.35000000000000053,1.2000000000000002,False,False
1997-09-16,6.11,5.81,5.09,0.3000000000000007,1.0200000000000005,False,False
1997-09-17,6.1,5.79,5.1,0.3099999999999996,1.0,False,False
1997-09-18,6.11,5.81,5.1,0.3000000000000007,1.0100000000000007,False,False
1997-09-19,6.09,5.81,5.06,0.28000000000000025,1.0300000000000002,False,False
1997-09-22,6.06,5.79,5.02,0.2699999999999996,1.04,False,False
1997-09-23,6.1,5.8,5.02,0.2999999999999998,1.08,False,False
1997-09-24,6.04,5.78,4.94,0.2599999999999998,1.0999999999999996,False,False
1997-09-25,6.13,5.85,4.93,0.28000000000000025,1.2000000000000002,False,False
1997-09-26,6.08,5.8,4.99,0.28000000000000025,1.0899999999999999,False,False
1997-09-29,6.1,5.8,5.07,0.2999999999999998,1.0299999999999994,False,False
1997-09-30,6.12,5.8,5.06,0.3200000000000003,1.0600000000000005,False,False
1997-10-01,6.04,5.75,5.1,0.29000000000000004,0.9400000000000004,False,False
1997-10-02,6.01,5.73,5.07,0.27999999999999936,0.9399999999999995,False,False
1997-10-03,6.01,5.72,5.03,0.29000000000000004,0.9799999999999995,False,False
1997-10-06,5.96,5.68,5.08,0.28000000000000025,0.8799999999999999,False,False
1997-10-07,5.94,5.67,5.06,0.27000000000000046,0.8800000000000008,False,False
1997-10-08,6.08,5.79,5.09,0.29000000000000004,0.9900000000000002,False,False
1997-10-09,6.09,5.8,5.14,0.29000000000000004,0.9500000000000002,False,False
1997-10-10,6.15,5.86,5.14,0.29000000000000004,1.0100000000000007,False,False
1997-10-13,6.15,5.86,5.14,0.29000000000000004,1.0100000000000007,False,False
1997-10-14,6.07,5.81,5.08,0.2600000000000007,0.9900000000000002,False,False
1997-10-15,6.1,5.84,5.06,0.2599999999999998,1.04,False,False
1997-10-16,6.09,5.84,5.07,0.25,1.0199999999999996,False,False
1997-10-17,6.17,5.91,5.06,0.2599999999999998,1.1100000000000003,False,False
1997-10-20,6.15,5.9,5.09,0.25,1.0600000000000005,False,False
1997-10-21,6.14,5.92,5.07,0.21999999999999975,1.0699999999999994,False,False
1997-10-22,6.12,5.91,5.16,0.20999999999999996,0.96,False,False
1997-10-23,6.04,5.79,5.13,0.25,0.9100000000000001,False,False
1997-10-24,6.01,5.79,5.15,0.21999999999999975,0.8599999999999994,False,False
1997-10-27,5.91,5.62,5.08,0.29000000000000004,0.8300000000000001,False,False
1997-10-28,5.98,5.74,5.25,0.2400000000000002,0.7300000000000004,False,False
1997-10-29,5.91,5.67,5.19,0.2400000000000002,0.7199999999999998,False,False
1997-10-30,5.84,5.61,5.17,0.22999999999999954,0.6699999999999999,False,False
1997-10-31,5.84,5.63,5.21,0.20999999999999996,0.6299999999999999,False,False
1997-11-03,5.91,5.69,5.26,0.21999999999999975,0.6500000000000004,False,False
1997-11-04,5.95,5.73,5.25,0.21999999999999975,0.7000000000000002,False,False
1997-11-05,5.95,5.73,5.27,0.21999999999999975,0.6800000000000006,False,False
1997-11-06,5.9,5.7,5.31,0.20000000000000018,0.5900000000000007,False,False
1997-11-07,5.9,5.71,5.31,0.1900000000000004,0.5900000000000007,False,False
1997-11-10,5.91,5.73,5.32,0.17999999999999972,0.5899999999999999,False,False
1997-11-11,5.91,5.73,5.32,0.17999999999999972,0.5899999999999999,False,False
1997-11-12,5.89,5.7,5.3,0.1899999999999995,0.5899999999999999,False,False
1997-11-13,5.87,5.7,5.27,0.16999999999999993,0.6000000000000005,False,False
1997-11-14,5.86,5.7,5.27,0.16000000000000014,0.5900000000000007,False,False
1997-11-17,5.85,5.7,5.31,0.14999999999999947,0.54,False,False
1997-11-18,5.85,5.71,5.31,0.13999999999999968,0.54,False,False
1997-11-19,5.82,5.7,5.28,0.1200000000000001,0.54,False,False
1997-11-20,5.84,5.73,5.28,0.10999999999999943,0.5599999999999996,False,False
1997-11-21,5.82,5.68,5.25,0.14000000000000057,0.5700000000000003,False,False
1997-11-24,5.86,5.71,5.29,0.15000000000000036,0.5700000000000003,False,False
1997-11-25,5.85,5.71,5.3,0.13999999999999968,0.5499999999999998,False,False
1997-11-26,5.86,5.74,5.26,0.1200000000000001,0.6000000000000005,False,False
1997-11-27,5.86,5.74,5.26,0.1200000000000001,0.6000000000000005,False,False
1997-11-28,5.86,5.76,5.22,0.10000000000000053,0.6400000000000006,False,False
1997-12-01,5.86,5.78,5.27,0.08000000000000007,0.5900000000000007,False,False
1997-12-02,5.86,5.78,5.26,0.08000000000000007,0.6000000000000005,False,False
1997-12-03,5.83,5.74,5.26,0.08999999999999986,0.5700000000000003,False,False
1997-12-04,5.84,5.71,5.27,0.1299999999999999,0.5700000000000003,False,False
1997-12-05,5.92,5.8,5.3,0.1200000000000001,0.6200000000000001,False,False
1997-12-08,5.96,5.85,5.29,0.11000000000000032,0.6699999999999999,False,False
1997-12-09,5.95,5.81,5.27,0.14000000000000057,0.6800000000000006,False,False
1997-12-10,5.9,5.75,5.21,0.15000000000000036,0.6900000000000004,False,False
1997-12-11,5.82,5.68,5.2,0.14000000000000057,0.6200000000000001,False,False
1997-12-12,5.74,5.63,5.18,0.11000000000000032,0.5600000000000005,False,False
1997-12-15,5.78,5.68,5.23,0.10000000000000053,0.5499999999999998,False,False
1997-12-16,5.77,5.68,5.23,0.08999999999999986,0.5399999999999991,False,False
1997-12-17,5.81,5.7,5.25,0.10999999999999943,0.5599999999999996,False,False
1997-12-18,5.76,5.68,5.24,0.08000000000000007,0.5199999999999996,False,False
1997-12-19,5.72,5.66,5.33,0.05999999999999961,0.3899999999999997,False,False
1997-12-22,5.72,5.69,5.46,0.02999999999999936,0.2599999999999998,False,False
1997-12-23,5.73,5.69,5.46,0.040000000000000036,0.27000000000000046,False,False
1997-12-24,5.76,5.67,5.38,0.08999999999999986,0.3799999999999999,False,False
1997-12-25,5.76,5.67,5.38,0.08999999999999986,0.3799999999999999,False,False
1997-12-26,5.75,5.69,5.35,0.05999999999999961,0.40000000000000036,False,False
1997-12-29,5.76,5.69,5.45,0.0699999999999994,0.3099999999999996,False,False
1997-12-30,5.8,5.71,5.45,0.08999999999999986,0.34999999999999964,False,False
1997-12-31,5.75,5.66,5.36,0.08999999999999986,0.3899999999999997,False,False
1998-01-01,5.75,5.66,5.36,0.08999999999999986,0.3899999999999997,False,False
1998-01-02,5.67,5.59,5.32,0.08000000000000007,0.34999999999999964,False,False
1998-01-05,5.52,5.47,5.23,0.04999999999999982,0.28999999999999915,False,False
1998-01-06,5.49,5.39,5.22,0.10000000000000053,0.27000000000000046,False,False
1998-01-07,5.55,5.42,5.23,0.1299999999999999,0.3199999999999994,False,False
1998-01-08,5.49,5.31,5.13,0.1800000000000006,0.3600000000000003,False,False
1998-01-09,5.4,5.17,5.05,0.23000000000000043,0.35000000000000053,False,False
1998-01-12,5.39,5.2,5.12,0.1899999999999995,0.2699999999999996,False,False
1998-01-13,5.41,5.25,5.17,0.16000000000000014,0.2400000000000002,False,False
1998-01-14,5.45,5.29,5.18,0.16000000000000014,0.27000000000000046,False,False
1998-01-15,5.48,5.29,5.13,0.1900000000000004,0.35000000000000053,False,False
1998-01-16,5.54,5.35,5.15,0.1900000000000004,0.3899999999999997,False,False
1998-01-19,5.54,5.35,5.15,0.1900000000000004,0.3899999999999997,False,False
1998-01-20,5.57,5.37,5.14,0.20000000000000018,0.4300000000000006,False,False
1998-01-21,5.54,5.33,5.13,0.20999999999999996,0.41000000000000014,False,False
1998-01-22,5.56,5.3,5.13,0.2599999999999998,0.4299999999999997,False,False
1998-01-23,5.7,5.42,5.17,0.28000000000000025,0.5300000000000002,False,False
1998-01-26,5.63,5.39,5.22,0.2400000000000002,0.41000000000000014,False,False
1998-01-27,5.7,5.46,5.24,0.2400000000000002,0.45999999999999996,False,False
1998-01-28,5.69,5.46,5.23,0.23000000000000043,0.45999999999999996,False,False
1998-01-29,5.58,5.36,5.2,0.21999999999999975,0.3799999999999999,False,False
1998-01-30,5.53,5.32,5.19,0.20999999999999996,0.33999999999999986,False,False
1998-02-02,5.57,5.36,5.26,0.20999999999999996,0.3100000000000005,False,False
1998-02-03,5.56,5.34,5.26,0.21999999999999975,0.2999999999999998,False,False
1998-02-04,5.57,5.32,5.11,0.25,0.45999999999999996,False,False
1998-02-05,5.62,5.36,5.14,0.2599999999999998,0.4800000000000004,False,False
1998-02-06,5.62,5.38,5.17,0.2400000000000002,0.4500000000000002,False,False
1998-02-09,5.65,5.41,5.22,0.2400000000000002,0.4300000000000006,False,False
1998-02-10,5.64,5.41,5.21,0.22999999999999954,0.4299999999999997,False,False
1998-02-11,5.53,5.39,5.22,0.14000000000000057,0.3100000000000005,False,False
1998-02-12,5.52,5.39,5.22,0.1299999999999999,0.2999999999999998,False,False
1998-02-13,5.49,5.36,5.22,0.1299999999999999,0.27000000000000046,False,False
1998-02-16,5.49,5.36,5.22,0.1299999999999999,0.27000000000000046,False,False
1998-02-17,5.44,5.34,5.2,0.10000000000000053,0.2400000000000002,False,False
1998-02-18,5.49,5.37,5.2,0.1200000000000001,0.29000000000000004,False,False
1998-02-19,5.51,5.39,5.21,0.1200000000000001,0.2999999999999998,False,False
1998-02-20,5.54,5.41,5.21,0.1299999999999999,0.33000000000000007,False,False
1998-02-23,5.58,5.46,5.28,0.1200000000000001,0.2999999999999998,False,False
1998-02-24,5.69,5.57,5.27,0.1200000000000001,0.4200000000000008,False,False
1998-02-25,5.63,5.55,5.31,0.08000000000000007,0.3200000000000003,False,False
1998-02-26,5.65,5.58,5.34,0.07000000000000028,0.3100000000000005,False,False
1998-02-27,5.62,5.55,5.32,0.07000000000000028,0.2999999999999998,False,False
1998-03-02,5.72,5.6,5.26,0.1200000000000001,0.45999999999999996,False,False
1998-03-03,5.77,5.64,5.23,0.1299999999999999,0.5399999999999991,False,False
1998-03-04,5.76,5.63,5.19,0.1299999999999999,0.5699999999999994,False,False
1998-03-05,5.78,5.62,5.18,0.16000000000000014,0.6000000000000005,False,False
1998-03-06,5.73,5.58,5.15,0.15000000000000036,0.5800000000000001,False,False
1998-03-09,5.67,5.57,5.11,0.09999999999999964,0.5599999999999996,False,False
1998-03-10,5.67,5.55,5.09,0.1200000000000001,0.5800000000000001,False,False
1998-03-11,5.63,5.53,5.09,0.09999999999999964,0.54,False,False
1998-03-12,5.56,5.5,5.08,0.05999999999999961,0.47999999999999954,False,False
1998-03-13,5.58,5.5,5.09,0.08000000000000007,0.4900000000000002,False,False
1998-03-16,5.54,5.47,5.12,0.07000000000000028,0.41999999999999993,False,False
1998-03-17,5.56,5.5,5.14,0.05999999999999961,0.41999999999999993,False,False
1998-03-18,5.58,5.52,5.17,0.0600000000000005,0.41000000000000014,False,False
1998-03-19,5.58,5.52,5.18,0.0600000000000005,0.40000000000000036,False,False
1998-03-20,5.57,5.52,5.19,0.05000000000000071,0.3799999999999999,False,False
1998-03-23,5.57,5.52,5.17,0.05000000000000071,0.40000000000000036,False,False
1998-03-24,5.58,5.5,5.17,0.08000000000000007,0.41000000000000014,False,False
1998-03-25,5.64,5.58,5.18,0.05999999999999961,0.45999999999999996,False,False
1998-03-26,5.68,5.62,5.22,0.05999999999999961,0.45999999999999996,False,False
1998-03-27,5.68,5.63,5.21,0.04999999999999982,0.46999999999999975,False,False
1998-03-30,5.72,5.65,5.18,0.0699999999999994,0.54,False,False
1998-03-31,5.67,5.6,5.16,0.07000000000000028,0.5099999999999998,False,False
1998-04-01,5.62,5.55,5.12,0.07000000000000028,0.5,False,False
1998-04-02,5.56,5.52,5.1,0.040000000000000036,0.45999999999999996,False,False
1998-04-03,5.47,5.42,5.08,0.04999999999999982,0.3899999999999997,False,False
1998-04-06,5.51,5.45,5.1,0.05999999999999961,0.41000000000000014,False,False
1998-04-07,5.53,5.45,5.07,0.08000000000000007,0.45999999999999996,False,False
1998-04-08,5.58,5.49,5.06,0.08999999999999986,0.5200000000000005,False,False
1998-04-09,5.59,5.5,5.07,0.08999999999999986,0.5199999999999996,False,False
1998-04-10,5.59,5.5,5.07,0.08999999999999986,0.5199999999999996,False,False
1998-04-13,5.66,5.59,5.19,0.07000000000000028,0.46999999999999975,False,False
1998-04-14,5.63,5.57,5.16,0.05999999999999961,0.46999999999999975,False,False
1998-04-15,5.6,5.55,5.08,0.04999999999999982,0.5199999999999996,False,False
1998-04-16,5.59,5.53,5.04,0.05999999999999961,0.5499999999999998,False,False
1998-04-17,5.59,5.54,5.05,0.04999999999999982,0.54,False,False
1998-04-20,5.65,5.57,5.08,0.08000000000000007,0.5700000000000003,False,False
1998-04-21,5.68,5.6,5.07,0.08000000000000007,0.6099999999999994,False,False
1998-04-22,5.68,5.6,5.09,0.08000000000000007,0.5899999999999999,False,False
1998-04-23,5.69,5.61,5.09,0.08000000000000007,0.6000000000000005,False,False
1998-04-24,5.67,5.61,5.08,0.05999999999999961,0.5899999999999999,False,False
1998-04-27,5.8,5.71,5.08,0.08999999999999986,0.7199999999999998,False,False
1998-04-28,5.8,5.69,5.06,0.10999999999999943,0.7400000000000002,False,False
1998-04-29,5.81,5.71,5.07,0.09999999999999964,0.7399999999999993,False,False
1998-04-30,5.68,5.59,5.0,0.08999999999999986,0.6799999999999997,False,False
1998-05-01,5.67,5.59,5.02,0.08000000000000007,0.6500000000000004,False,False
1998-05-04,5.67,5.59,5.1,0.08000000000000007,0.5700000000000003,False,False
1998-05-05,5.7,5.61,5.11,0.08999999999999986,0.5899999999999999,False,False
1998-05-06,5.67,5.56,5.11,0.11000000000000032,0.5599999999999996,False,False
1998-05-07,5.67,5.56,5.12,0.11000000000000032,0.5499999999999998,False,False
1998-05-08,5.71,5.61,5.14,0.09999999999999964,0.5700000000000003,False,False
1998-05-11,5.79,5.66,5.14,0.1299999999999999,0.6500000000000004,False,False
1998-05-12,5.7,5.59,5.12,0.11000000000000032,0.5800000000000001,False,False
1998-05-13,5.64,5.59,5.12,0.04999999999999982,0.5199999999999996,False,False
1998-05-14,5.67,5.63,5.18,0.040000000000000036,0.4900000000000002,False,False
1998-05-15,5.68,5.63,5.18,0.04999999999999982,0.5,False,False
1998-05-18,5.64,5.59,5.2,0.04999999999999982,0.4399999999999995,False,False
1998-05-19,5.65,5.59,5.23,0.0600000000000005,0.41999999999999993,False,False
1998-05-20,5.61,5.57,5.21,0.040000000000000036,0.40000000000000036,False,False
1998-05-21,5.65,5.63,5.24,0.020000000000000462,0.41000000000000014,False,False
1998-05-22,5.64,5.63,5.22,0.009999999999999787,0.41999999999999993,False,False
1998-05-25,5.64,5.63,5.22,0.009999999999999787,0.41999999999999993,False,False
1998-05-26,5.59,5.61,5.17,-0.020000000000000462,0.41999999999999993,True,False
1998-05-27,5.56,5.53,5.09,0.02999999999999936,0.46999999999999975,False,False
1998-05-28,5.58,5.57,5.07,0.009999999999999787,0.5099999999999998,False,False
1998-05-29,5.56,5.53,5.03,0.02999999999999936,0.5299999999999994,False,False
1998-06-01,5.53,5.52,5.08,0.010000000000000675,0.4500000000000002,False,False
1998-06-02,5.56,5.53,5.08,0.02999999999999936,0.47999999999999954,False,False
1998-06-03,5.57,5.55,5.13,0.020000000000000462,0.4400000000000004,False,False
1998-06-04,5.59,5.58,5.12,0.009999999999999787,0.46999999999999975,False,False
1998-06-05,5.58,5.58,5.12,0.0,0.45999999999999996,False,False
1998-06-08,5.58,5.58,5.16,0.0,0.41999999999999993,False,False
1998-06-09,5.59,5.6,5.17,-0.009999999999999787,0.41999999999999993,True,False
1998-06-10,5.51,5.55,5.14,-0.040000000000000036,0.3700000000000001,True,False
1998-06-11,5.44,5.45,5.11,-0.009999999999999787,0.33000000000000007,True,False
1998-06-12,5.43,5.43,5.13,0.0,0.2999999999999998,False,False
1998-06-15,5.38,5.43,5.16,-0.04999999999999982,0.21999999999999975,True,False
1998-06-16,5.45,5.5,5.2,-0.04999999999999982,0.25,True,False
1998-06-17,5.54,5.55,5.23,-0.009999999999999787,0.3099999999999996,True,False
1998-06-18,5.5,5.53,5.19,-0.03000000000000025,0.3099999999999996,True,False
1998-06-19,5.47,5.52,5.17,-0.04999999999999982,0.2999999999999998,True,False
1998-06-22,5.46,5.52,5.11,-0.05999999999999961,0.34999999999999964,True,False
1998-06-23,5.45,5.49,5.1,-0.040000000000000036,0.35000000000000053,True,False
1998-06-24,5.46,5.49,5.04,-0.03000000000000025,0.41999999999999993,True,False
1998-06-25,5.46,5.53,5.02,-0.07000000000000028,0.4400000000000004,True,False
1998-06-26,5.46,5.51,5.01,-0.04999999999999982,0.4500000000000002,True,False
1998-06-29,5.47,5.51,5.16,-0.040000000000000036,0.3099999999999996,True,False
1998-06-30,5.44,5.49,5.1,-0.04999999999999982,0.34000000000000075,True,False
1998-07-01,5.44,5.46,5.09,-0.019999999999999574,0.35000000000000053,True,False
1998-07-02,5.42,5.44,5.07,-0.020000000000000462,0.34999999999999964,True,False
1998-07-03,5.42,5.44,5.07,-0.020000000000000462,0.34999999999999964,True,False
1998-07-06,5.39,5.43,5.09,-0.040000000000000036,0.2999999999999998,True,False
1998-07-07,5.42,5.44,5.08,-0.020000000000000462,0.33999999999999986,True,False
1998-07-08,5.43,5.44,5.09,-0.010000000000000675,0.33999999999999986,True,False
1998-07-09,5.41,5.43,5.07,-0.019999999999999574,0.33999999999999986,True,False
1998-07-10,5.42,5.41,5.06,0.009999999999999787,0.3600000000000003,False,False
1998-07-13,5.46,5.44,5.13,0.019999999999999574,0.33000000000000007,False,False
1998-07-14,5.49,5.46,5.16,0.03000000000000025,0.33000000000000007,False,False
1998-07-15,5.48,5.46,5.14,0.020000000000000462,0.34000000000000075,False,False
1998-07-16,5.5,5.46,5.17,0.040000000000000036,0.33000000000000007,False,False
1998-07-17,5.51,5.46,5.14,0.04999999999999982,0.3700000000000001,False,False
1998-07-20,5.48,5.46,5.09,0.020000000000000462,0.39000000000000057,False,False
1998-07-21,5.45,5.46,5.09,-0.009999999999999787,0.3600000000000003,True,False
1998-07-22,5.46,5.48,5.07,-0.020000000000000462,0.3899999999999997,True,False
1998-07-23,5.45,5.46,5.09,-0.009999999999999787,0.3600000000000003,True,False
1998-07-24,5.45,5.48,5.08,-0.03000000000000025,0.3700000000000001,True,False
1998-07-27,5.47,5.48,5.06,-0.010000000000000675,0.41000000000000014,True,False
1998-07-28,5.5,5.46,5.07,0.040000000000000036,0.4299999999999997,False,False
1998-07-29,5.52,5.49,5.07,0.02999999999999936,0.4499999999999993,False,False
1998-07-30,5.5,5.49,5.07,0.009999999999999787,0.4299999999999997,False,False
1998-07-31,5.5,5.49,5.1,0.009999999999999787,0.40000000000000036,False,False
1998-08-03,5.46,5.46,5.13,0.0,0.33000000000000007,False,False
1998-08-04,5.43,5.43,5.1,0.0,0.33000000000000007,False,False
1998-08-05,5.43,5.39,5.08,0.040000000000000036,0.34999999999999964,False,False
1998-08-06,5.44,5.39,5.03,0.05000000000000071,0.41000000000000014,False,False
1998-08-07,5.4,5.34,4.99,0.0600000000000005,0.41000000000000014,False,False
1998-08-10,5.41,5.34,5.07,0.07000000000000028,0.33999999999999986,False,False
1998-08-11,5.37,5.31,5.03,0.0600000000000005,0.33999999999999986,False,False
1998-08-12,5.4,5.32,5.02,0.08000000000000007,0.3800000000000008,False,False
1998-08-13,5.44,5.37,5.04,0.07000000000000028,0.40000000000000036,False,False
1998-08-14,5.4,5.34,5.03,0.0600000000000005,0.3700000000000001,False,False
1998-08-17,5.4,5.34,5.07,0.0600000000000005,0.33000000000000007,False,False
1998-08-18,5.41,5.36,5.06,0.04999999999999982,0.35000000000000053,False,False
1998-08-19,5.42,5.34,5.07,0.08000000000000007,0.34999999999999964,False,False
1998-08-20,5.38,5.32,5.04,0.05999999999999961,0.33999999999999986,False,False
1998-08-21,5.32,5.25,5.01,0.07000000000000028,0.3100000000000005,False,False
1998-08-24,5.3,5.22,5.08,0.08000000000000007,0.21999999999999975,False,False
1998-08-25,5.25,5.18,5.09,0.07000000000000028,0.16000000000000014,False,False
1998-08-26,5.26,5.12,5.06,0.13999999999999968,0.20000000000000018,False,False
1998-08-27,5.12,4.98,4.99,0.13999999999999968,0.1299999999999999,False,False
1998-08-28,5.09,4.93,4.91,0.16000000000000014,0.17999999999999972,False,False
1998-08-31,5.05,4.91,4.96,0.13999999999999968,0.08999999999999986,False,False
1998-09-01,5.05,4.86,4.92,0.1899999999999995,0.1299999999999999,False,False
1998-09-02,5.1,4.96,4.91,0.13999999999999968,0.1899999999999995,False,False
1998-09-03,5.03,4.91,4.83,0.1200000000000001,0.20000000000000018,False,False
1998-09-04,5.02,4.91,4.86,0.10999999999999943,0.15999999999999925,False,False
1998-09-07,5.02,4.91,4.86,0.10999999999999943,0.15999999999999925,False,False
1998-09-08,5.04,4.91,4.94,0.1299999999999999,0.09999999999999964,False,False
1998-09-09,4.95,4.79,4.88,0.16000000000000014,0.07000000000000028,False,False
1998-09-10,4.76,4.57,4.78,0.1899999999999995,-0.020000000000000462,False,True
1998-09-11,4.85,4.68,4.87,0.16999999999999993,-0.020000000000000462,False,True
1998-09-14,4.87,4.72,4.83,0.15000000000000036,0.040000000000000036,False,False
1998-09-15,4.9,4.73,4.79,0.16999999999999993,0.11000000000000032,False,False
1998-09-16,4.88,4.75,4.74,0.1299999999999999,0.13999999999999968,False,False
1998-09-17,4.8,4.7,4.7,0.09999999999999964,0.09999999999999964,False,False
1998-09-18,4.7,4.61,4.63,0.08999999999999986,0.07000000000000028,False,False
1998-09-21,4.69,4.63,4.82,0.0600000000000005,-0.1299999999999999,False,True
1998-09-22,4.73,4.66,4.81,0.07000000000000028,-0.07999999999999918,False,True
1998-09-23,4.69,4.52,4.67,0.17000000000000082,0.020000000000000462,False,False
1998-09-24,4.64,4.43,4.55,0.20999999999999996,0.08999999999999986,False,False
1998-09-25,4.6,4.43,4.52,0.16999999999999993,0.08000000000000007,False,False
1998-09-28,4.61,4.45,4.56,0.16000000000000014,0.05000000000000071,False,False
1998-09-29,4.59,4.47,4.54,0.1200000000000001,0.04999999999999982,False,False
1998-09-30,4.44,4.3,4.37,0.14000000000000057,0.07000000000000028,False,False
1998-10-01,4.33,4.17,4.23,0.16000000000000014,0.09999999999999964,False,False
1998-10-02,4.31,4.17,4.22,0.13999999999999968,0.08999999999999986,False,False
1998-10-05,4.16,4.04,4.23,0.1200000000000001,-0.07000000000000028,False,True
1998-10-06,4.24,4.1,4.18,0.14000000000000057,0.0600000000000005,False,False
1998-10-07,4.34,4.12,4.15,0.21999999999999975,0.1899999999999995,False,False
1998-10-08,4.56,4.1,3.89,0.45999999999999996,0.6699999999999995,False,False
1998-10-09,4.77,4.19,3.88,0.5799999999999992,0.8899999999999997,False,False
1998-10-12,4.77,4.19,3.88,0.5799999999999992,0.8899999999999997,False,False
1998-10-13,4.73,4.13,3.99,0.6000000000000005,0.7400000000000002,False,False
1998-10-14,4.58,4.08,4.02,0.5,0.5600000000000005,False,False
1998-10-15,4.58,4.13,4.15,0.4500000000000002,0.4299999999999997,False,False
1998-10-16,4.44,3.86,3.65,0.5800000000000005,0.7900000000000005,False,False
1998-10-19,4.47,3.9,3.94,0.5699999999999998,0.5299999999999998,False,False
1998-10-20,4.57,3.98,3.95,0.5900000000000003,0.6200000000000001,False,False
1998-10-21,4.59,4.12,4.0,0.46999999999999975,0.5899999999999999,False,False
1998-10-22,4.62,4.16,3.98,0.45999999999999996,0.6400000000000001,False,False
1998-10-23,4.7,4.2,3.97,0.5,0.73,False,False
1998-10-26,4.73,4.23,4.06,0.5,0.6700000000000008,False,False
1998-10-27,4.63,4.12,4.06,0.5099999999999998,0.5700000000000003,False,False
1998-10-28,4.6,4.01,4.28,0.5899999999999999,0.3199999999999994,False,False
1998-10-29,4.54,4.0,4.32,0.54,0.21999999999999975,False,False
1998-10-30,4.64,4.12,4.33,0.5199999999999996,0.3099999999999996,False,False
1998-11-02,4.77,4.26,4.54,0.5099999999999998,0.22999999999999954,False,False
1998-11-03,4.78,4.25,4.5,0.5300000000000002,0.28000000000000025,False,False
1998-11-04,4.83,4.43,4.56,0.40000000000000036,0.27000000000000046,False,False
1998-11-05,4.82,4.47,4.58,0.35000000000000053,0.2400000000000002,False,False
1998-11-06,4.93,4.59,4.64,0.33999999999999986,0.29000000000000004,False,False
1998-11-09,4.88,4.57,4.58,0.3099999999999996,0.2999999999999998,False,False
1998-11-10,4.81,4.5,4.54,0.3099999999999996,0.2699999999999996,False,False
1998-11-11,4.81,4.5,4.54,0.3099999999999996,0.2699999999999996,False,False
1998-11-12,4.77,4.47,4.48,0.2999999999999998,0.28999999999999915,False,False
1998-11-13,4.82,4.54,4.47,0.28000000000000025,0.35000000000000053,False,False
1998-11-16,4.85,4.56,4.52,0.29000000000000004,0.33000000000000007,False,False
1998-11-17,4.87,4.58,4.42,0.29000000000000004,0.4500000000000002,False,False
1998-11-18,4.85,4.63,4.44,0.21999999999999975,0.40999999999999925,False,False
1998-11-19,4.85,4.66,4.46,0.1899999999999995,0.3899999999999997,False,False
1998-11-20,4.82,4.66,4.46,0.16000000000000014,0.3600000000000003,False,False
1998-11-23,4.84,4.63,4.59,0.20999999999999996,0.25,False,False
1998-11-24,4.85,4.64,4.62,0.20999999999999996,0.22999999999999954,False,False
1998-11-25,4.83,4.66,4.57,0.16999999999999993,0.2599999999999998,False,False
1998-11-26,4.83,4.66,4.57,0.16999999999999993,0.2599999999999998,False,False
1998-11-27,4.81,4.62,4.55,0.1899999999999995,0.2599999999999998,False,False
1998-11-30,4.74,4.54,4.57,0.20000000000000018,0.16999999999999993,False,False
1998-12-01,4.67,4.44,4.49,0.22999999999999954,0.17999999999999972,False,False
1998-12-02,4.59,4.36,4.48,0.22999999999999954,0.10999999999999943,False,False
1998-12-03,4.58,4.36,4.45,0.21999999999999975,0.1299999999999999,False,False
1998-12-04,4.62,4.46,4.48,0.16000000000000014,0.13999999999999968,False,False
1998-12-07,4.69,4.54,4.46,0.15000000000000036,0.23000000000000043,False,False
1998-12-08,4.6,4.46,4.43,0.13999999999999968,0.16999999999999993,False,False
1998-12-09,4.56,4.42,4.43,0.13999999999999968,0.1299999999999999,False,False
1998-12-10,4.53,4.39,4.48,0.14000000000000057,0.04999999999999982,False,False
1998-12-11,4.61,4.46,4.5,0.15000000000000036,0.11000000000000032,False,False
1998-12-14,4.58,4.42,4.49,0.16000000000000014,0.08999999999999986,False,False
1998-12-15,4.62,4.47,4.49,0.15000000000000036,0.1299999999999999,False,False
1998-12-16,4.58,4.4,4.46,0.17999999999999972,0.1200000000000001,False,False
1998-12-17,4.58,4.42,4.46,0.16000000000000014,0.1200000000000001,False,False
1998-12-18,4.58,4.45,4.49,0.1299999999999999,0.08999999999999986,False,False
1998-12-21,4.64,4.56,4.51,0.08000000000000007,0.1299999999999999,False,False
1998-12-22,4.7,4.59,4.5,0.11000000000000032,0.20000000000000018,False,False
1998-12-23,4.81,4.73,4.58,0.07999999999999918,0.22999999999999954,False,False
1998-12-24,4.86,4.78,4.57,0.08000000000000007,0.29000000000000004,False,False
1998-12-25,4.86,4.78,4.57,0.08000000000000007,0.29000000000000004,False,False
1998-12-28,4.78,4.73,4.56,0.04999999999999982,0.22000000000000064,False,False
1998-12-29,4.71,4.6,4.59,0.11000000000000032,0.1200000000000001,False,False
1998-12-30,4.65,4.56,4.55,0.09000000000000075,0.10000000000000053,False,False
1998-12-31,4.65,4.54,4.48,0.11000000000000032,0.16999999999999993,False,False
1999-01-01,4.65,4.54,4.48,0.11000000000000032,0.16999999999999993,False,False
1999-01-04,4.69,4.58,4.49,0.11000000000000032,0.20000000000000018,False,False
1999-01-05,4.74,4.64,4.48,0.10000000000000053,0.2599999999999998,False,False
1999-01-06,4.73,4.62,4.47,0.11000000000000032,0.2600000000000007,False,False
1999-01-07,4.77,4.63,4.44,0.13999999999999968,0.3299999999999992,False,False
1999-01-08,4.86,4.71,4.48,0.15000000000000036,0.3799999999999999,False,False
1999-01-11,4.9,4.74,4.51,0.16000000000000014,0.39000000000000057,False,False
1999-01-12,4.82,4.68,4.48,0.14000000000000057,0.33999999999999986,False,False
1999-01-13,4.74,4.61,4.45,0.1299999999999999,0.29000000000000004,False,False
1999-01-14,4.63,4.47,4.44,0.16000000000000014,0.1899999999999995,False,False
1999-01-15,4.66,4.56,4.44,0.10000000000000053,0.21999999999999975,False,False
1999-01-18,4.66,4.56,4.44,0.10000000000000053,0.21999999999999975,False,False
1999-01-19,4.71,4.62,4.41,0.08999999999999986,0.2999999999999998,False,False
1999-01-20,4.76,4.66,4.37,0.09999999999999964,0.3899999999999997,False,False
1999-01-21,4.7,4.63,4.32,0.07000000000000028,0.3799999999999999,False,False
1999-01-22,4.64,4.59,4.36,0.04999999999999982,0.27999999999999936,False,False
1999-01-25,4.67,4.59,4.44,0.08000000000000007,0.22999999999999954,False,False
1999-01-26,4.69,4.63,4.46,0.0600000000000005,0.23000000000000043,False,False
1999-01-27,4.68,4.57,4.47,0.10999999999999943,0.20999999999999996,False,False
1999-01-28,4.67,4.58,4.49,0.08999999999999986,0.17999999999999972,False,False
1999-01-29,4.66,4.58,4.48,0.08000000000000007,0.17999999999999972,False,False
1999-02-01,4.75,4.65,4.53,0.09999999999999964,0.21999999999999975,False,False
1999-02-02,4.79,4.7,4.53,0.08999999999999986,0.2599999999999998,False,False
1999-02-03,4.83,4.72,4.48,0.11000000000000032,0.34999999999999964,False,False
1999-02-04,4.89,4.77,4.49,0.1200000000000001,0.39999999999999947,False,False
1999-02-05,4.94,4.8,4.5,0.14000000000000057,0.4400000000000004,False,False
1999-02-08,4.94,4.8,4.54,0.14000000000000057,0.40000000000000036,False,False
1999-02-09,4.91,4.79,4.53,0.1200000000000001,0.3799999999999999,False,False
1999-02-10,4.9,4.77,4.48,0.13000000000000078,0.41999999999999993,False,False
1999-02-11,4.93,4.8,4.5,0.1299999999999999,0.4299999999999997,False,False
1999-02-12,5.06,4.91,4.54,0.14999999999999947,0.5199999999999996,False,False
1999-02-15,5.06,4.91,4.54,0.14999999999999947,0.5199999999999996,False,False
1999-02-16,5.03,4.93,4.56,0.10000000000000053,0.47000000000000064,False,False
1999-02-17,4.98,4.89,4.52,0.09000000000000075,0.46000000000000085,False,False
1999-02-18,5.04,4.93,4.53,0.11000000000000032,0.5099999999999998,False,False
1999-02-19,5.07,4.95,4.56,0.1200000000000001,0.5100000000000007,False,False
1999-02-22,5.03,4.91,4.65,0.1200000000000001,0.3799999999999999,False,False
1999-02-23,5.1,5.0,4.66,0.09999999999999964,0.4399999999999995,False,False
1999-02-24,5.18,5.05,4.67,0.1299999999999999,0.5099999999999998,False,False
1999-02-25,5.32,5.15,4.62,0.16999999999999993,0.7000000000000002,False,False
1999-02-26,5.29,5.13,4.66,0.16000000000000014,0.6299999999999999,False,False
1999-03-01,5.4,5.2,4.71,0.20000000000000018,0.6900000000000004,False,False
1999-03-02,5.35,5.18,4.66,0.16999999999999993,0.6899999999999995,False,False
1999-03-03,5.39,5.19,4.62,0.1999999999999993,0.7699999999999996,False,False
1999-03-04,5.41,5.2,4.62,0.20999999999999996,0.79,False,False
1999-03-05,5.34,5.14,4.63,0.20000000000000018,0.71,False,False
1999-03-08,5.29,5.12,4.64,0.16999999999999993,0.6500000000000004,False,False
1999-03-09,5.18,5.02,4.6,0.16000000000000014,0.5800000000000001,False,False
1999-03-10,5.2,5.04,4.6,0.16000000000000014,0.6000000000000005,False,False
1999-03-11,5.21,5.05,4.62,0.16000000000000014,0.5899999999999999,False,False
1999-03-12,5.16,5.0,4.6,0.16000000000000014,0.5600000000000005,False,False
1999-03-15,5.15,4.99,4.61,0.16000000000000014,0.54,False,False
1999-03-16,5.11,4.97,4.55,0.14000000000000057,0.5600000000000005,False,False
1999-03-17,5.14,5.01,4.53,0.1299999999999999,0.6099999999999994,False,False
1999-03-18,5.11,4.99,4.51,0.1200000000000001,0.6000000000000005,False,False
1999-03-19,5.17,5.04,4.51,0.1299999999999999,0.6600000000000001,False,False
1999-03-22,5.21,5.08,4.52,0.1299999999999999,0.6900000000000004,False,False
1999-03-23,5.2,5.03,4.5,0.16999999999999993,0.7000000000000002,False,False
1999-03-24,5.17,4.98,4.5,0.1899999999999995,0.6699999999999999,False,False
1999-03-25,5.21,5.02,4.51,0.1900000000000004,0.7000000000000002,False,False
1999-03-26,5.21,4.99,4.51,0.21999999999999975,0.7000000000000002,False,False
1999-03-29,5.28,5.02,4.51,0.2600000000000007,0.7700000000000005,False,False
1999-03-30,5.21,4.97,4.48,0.2400000000000002,0.7299999999999995,False,False
1999-03-31,5.25,4.99,4.49,0.2599999999999998,0.7599999999999998,False,False
1999-04-01,5.27,5.01,4.44,0.2599999999999998,0.8299999999999992,False,False
1999-04-02,5.2,4.96,4.43,0.2400000000000002,0.7700000000000005,False,False
1999-04-05,5.2,4.96,4.4,0.2400000000000002,0.7999999999999998,False,False
1999-04-06,5.13,4.93,4.42,0.20000000000000018,0.71,False,False
1999-04-07,5.14,4.93,4.42,0.20999999999999996,0.7199999999999998,False,False
1999-04-08,5.03,4.86,4.4,0.16999999999999993,0.6299999999999999,False,False
1999-04-09,5.05,4.88,4.42,0.16999999999999993,0.6299999999999999,False,False
1999-04-12,5.06,4.93,4.32,0.1299999999999999,0.7399999999999993,False,False
1999-04-13,5.12,4.94,4.32,0.17999999999999972,0.7999999999999998,False,False
1999-04-14,5.13,4.95,4.3,0.17999999999999972,0.8300000000000001,False,False
1999-04-15,5.18,4.97,4.32,0.20999999999999996,0.8599999999999994,False,False
1999-04-16,5.23,5.02,4.34,0.21000000000000085,0.8900000000000006,False,False
1999-04-19,5.18,4.99,4.36,0.1899999999999995,0.8199999999999994,False,False
1999-04-20,5.16,4.95,4.38,0.20999999999999996,0.7800000000000002,False,False
1999-04-21,5.17,4.99,4.36,0.17999999999999972,0.8099999999999996,False,False
1999-04-22,5.25,5.05,4.4,0.20000000000000018,0.8499999999999996,False,False
1999-04-23,5.26,5.04,4.43,0.21999999999999975,0.8300000000000001,False,False
1999-04-26,5.23,5.04,4.47,0.1900000000000004,0.7600000000000007,False,False
1999-04-27,5.22,5.04,4.5,0.17999999999999972,0.7199999999999998,False,False
1999-04-28,5.27,5.02,4.51,0.25,0.7599999999999998,False,False
1999-04-29,5.22,4.95,4.51,0.2699999999999996,0.71,False,False
1999-04-30,5.36,5.08,4.55,0.28000000000000025,0.8100000000000005,False,False
1999-05-03,5.38,5.08,4.62,0.2999999999999998,0.7599999999999998,False,False
1999-05-04,5.42,5.12,4.63,0.2999999999999998,0.79,False,False
1999-05-05,5.4,5.09,4.61,0.3100000000000005,0.79,False,False
1999-05-06,5.52,5.19,4.62,0.3299999999999992,0.8999999999999995,False,False
1999-05-07,5.54,5.19,4.62,0.34999999999999964,0.9199999999999999,False,False
1999-05-10,5.54,5.15,4.6,0.3899999999999997,0.9400000000000004,False,False
1999-05-11,5.59,5.19,4.62,0.39999999999999947,0.9699999999999998,False,False
1999-05-12,5.51,5.19,4.6,0.3199999999999994,0.9100000000000001,False,False
1999-05-13,5.41,5.12,4.59,0.29000000000000004,0.8200000000000003,False,False
1999-05-14,5.62,5.3,4.64,0.3200000000000003,0.9800000000000004,False,False
1999-05-17,5.66,5.31,4.71,0.35000000000000053,0.9500000000000002,False,False
1999-05-18,5.68,5.38,4.66,0.2999999999999998,1.0199999999999996,False,False
1999-05-19,5.6,5.37,4.63,0.22999999999999954,0.9699999999999998,False,False
1999-05-20,5.6,5.35,4.61,0.25,0.9899999999999993,False,False
1999-05-21,5.52,5.3,4.61,0.21999999999999975,0.9099999999999993,False,False
1999-05-24,5.5,5.28,4.64,0.21999999999999975,0.8600000000000003,False,False
1999-05-25,5.49,5.3,4.64,0.1900000000000004,0.8500000000000005,False,False
1999-05-26,5.55,5.33,4.66,0.21999999999999975,0.8899999999999997,False,False
1999-05-27,5.62,5.43,4.65,0.1900000000000004,0.9699999999999998,False,False
1999-05-28,5.64,5.42,4.66,0.21999999999999975,0.9799999999999995,False,False
1999-05-31,5.64,5.42,4.66,0.21999999999999975,0.9799999999999995,False,False
1999-06-01,5.78,5.54,4.77,0.2400000000000002,1.0100000000000007,False,False
1999-06-02,5.8,5.55,4.74,0.25,1.0599999999999996,False,False
1999-06-03,5.8,5.54,4.65,0.2599999999999998,1.1499999999999995,False,False
1999-06-04,5.82,5.56,4.57,0.2600000000000007,1.25,False,False
1999-06-07,5.81,5.56,4.64,0.25,1.17,False,False
1999-06-08,5.83,5.57,4.62,0.2599999999999998,1.21,False,False
1999-06-09,5.87,5.61,4.6,0.2599999999999998,1.2700000000000005,False,False
1999-06-10,5.92,5.66,4.67,0.2599999999999998,1.25,False,False
1999-06-11,6.02,5.7,4.74,0.3199999999999994,1.2799999999999994,False,False
1999-06-14,5.98,5.66,4.76,0.3200000000000003,1.2200000000000006,False,False
1999-06-15,5.98,5.66,4.74,0.3200000000000003,1.2400000000000002,False,False
1999-06-16,5.94,5.61,4.67,0.33000000000000007,1.2700000000000005,False,False
1999-06-17,5.79,5.49,4.64,0.2999999999999998,1.1500000000000004,False,False
1999-06-18,5.84,5.56,4.69,0.28000000000000025,1.1499999999999995,False,False
1999-06-21,5.9,5.62,4.74,0.28000000000000025,1.1600000000000001,False,False
1999-06-22,5.94,5.65,4.73,0.29000000000000004,1.21,False,False
1999-06-23,6.0,5.7,4.73,0.2999999999999998,1.2699999999999996,False,False
1999-06-24,6.05,5.75,4.74,0.2999999999999998,1.3099999999999996,False,False
1999-06-25,6.02,5.73,4.8,0.28999999999999915,1.2199999999999998,False,False
1999-06-28,5.96,5.68,4.88,0.28000000000000025,1.08,False,False
1999-06-29,5.93,5.68,4.84,0.25,1.0899999999999999,False,False
1999-06-30,5.81,5.53,4.78,0.27999999999999936,1.0299999999999994,False,False
1999-07-01,5.85,5.58,4.68,0.2699999999999996,1.17,False,False
1999-07-02,5.82,5.58,4.69,0.2400000000000002,1.13,False,False
1999-07-05,5.82,5.58,4.69,0.2400000000000002,1.13,False,False
1999-07-06,5.88,5.64,4.72,0.2400000000000002,1.1600000000000001,False,False
1999-07-07,5.92,5.64,4.67,0.28000000000000025,1.25,False,False
1999-07-08,5.85,5.59,4.68,0.2599999999999998,1.17,False,False
1999-07-09,5.84,5.61,4.69,0.22999999999999954,1.1499999999999995,False,False
1999-07-12,5.74,5.53,4.74,0.20999999999999996,1.0,False,False
1999-07-13,5.71,5.5,4.71,0.20999999999999996,1.0,False,False
1999-07-14,5.74,5.55,4.72,0.1900000000000004,1.0200000000000005,False,False
1999-07-15,5.72,5.53,4.7,0.1899999999999995,1.0199999999999996,False,False
1999-07-16,5.68,5.5,4.68,0.17999999999999972,1.0,False,False
1999-07-19,5.66,5.46,4.67,0.20000000000000018,0.9900000000000002,False,False
1999-07-20,5.65,5.43,4.64,0.22000000000000064,1.0100000000000007,False,False
1999-07-21,5.66,5.45,4.59,0.20999999999999996,1.0700000000000003,False,False
1999-07-22,5.78,5.52,4.61,0.2600000000000007,1.17,False,False
1999-07-23,5.84,5.58,4.65,0.2599999999999998,1.1899999999999995,False,False
1999-07-26,5.86,5.61,4.68,0.25,1.1800000000000006,False,False
1999-07-27,5.82,5.56,4.7,0.2600000000000007,1.12,False,False
1999-07-28,5.81,5.54,4.71,0.2699999999999996,1.0999999999999996,False,False
1999-07-29,5.88,5.62,4.72,0.2599999999999998,1.1600000000000001,False,False
1999-07-30,5.92,5.63,4.75,0.29000000000000004,1.17,False,False
1999-08-02,5.92,5.65,4.85,0.2699999999999996,1.0700000000000003,False,False
1999-08-03,5.95,5.65,4.84,0.2999999999999998,1.1100000000000003,False,False
1999-08-04,5.96,5.64,4.78,0.3200000000000003,1.1799999999999997,False,False
1999-08-05,5.88,5.55,4.74,0.33000000000000007,1.1399999999999997,False,False
1999-08-06,6.02,5.69,4.8,0.3299999999999992,1.2199999999999998,False,False
1999-08-09,6.13,5.79,4.96,0.33999999999999986,1.17,False,False
1999-08-10,6.16,5.79,4.95,0.3700000000000001,1.21,False,False
1999-08-11,6.05,5.76,4.91,0.29000000000000004,1.1399999999999997,False,False
1999-08-12,6.08,5.78,4.79,0.2999999999999998,1.29,False,False
1999-08-13,5.98,5.71,4.74,0.27000000000000046,1.2400000000000002,False,False
1999-08-16,5.98,5.75,4.84,0.23000000000000043,1.1400000000000006,False,False
1999-08-17,5.89,5.68,4.83,0.20999999999999996,1.0599999999999996,False,False
1999-08-18,5.88,5.66,4.76,0.21999999999999975,1.12,False,False
1999-08-19,5.9,5.66,4.76,0.2400000000000002,1.1400000000000006,False,False
1999-08-20,5.88,5.65,4.84,0.22999999999999954,1.04,False,False
1999-08-23,5.89,5.66,5.01,0.22999999999999954,0.8799999999999999,False,False
1999-08-24,5.85,5.65,4.99,0.1999999999999993,0.8599999999999994,False,False
1999-08-25,5.73,5.53,4.93,0.20000000000000018,0.8000000000000007,False,False
1999-08-26,5.75,5.56,4.93,0.1900000000000004,0.8200000000000003,False,False
1999-08-27,5.85,5.65,4.98,0.1999999999999993,0.8699999999999992,False,False
1999-08-30,5.95,5.73,5.01,0.21999999999999975,0.9400000000000004,False,False
1999-08-31,5.98,5.73,4.98,0.25,1.0,False,False
1999-09-01,5.99,5.74,4.97,0.25,1.0200000000000005,False,False
1999-09-02,6.03,5.74,4.92,0.29000000000000004,1.1100000000000003,False,False
1999-09-03,5.89,5.64,4.92,0.25,0.9699999999999998,False,False
1999-09-06,5.89,5.64,4.92,0.25,0.9699999999999998,False,False
1999-09-07,5.95,5.69,4.85,0.2599999999999998,1.1000000000000005,False,False
1999-09-08,5.93,5.67,4.83,0.2599999999999998,1.0999999999999996,False,False
1999-09-09,5.97,5.71,4.81,0.2599999999999998,1.1600000000000001,False,False
1999-09-10,5.89,5.64,4.76,0.25,1.13,False,False
1999-09-13,5.92,5.66,4.8,0.2599999999999998,1.12,False,False
1999-09-14,5.96,5.71,4.83,0.25,1.13,False,False
1999-09-15,5.94,5.67,4.75,0.27000000000000046,1.1900000000000004,False,False
1999-09-16,5.9,5.63,4.7,0.27000000000000046,1.2000000000000002,False,False
1999-09-17,5.87,5.63,4.67,0.2400000000000002,1.2000000000000002,False,False
1999-09-20,5.91,5.67,4.81,0.2400000000000002,1.1000000000000005,False,False
1999-09-21,5.94,5.67,4.79,0.27000000000000046,1.1500000000000004,False,False
1999-09-22,5.92,5.67,4.83,0.25,1.0899999999999999,False,False
1999-09-23,5.87,5.63,4.82,0.2400000000000002,1.0499999999999998,False,False
1999-09-24,5.75,5.55,4.78,0.20000000000000018,0.9699999999999998,False,False
1999-09-27,5.83,5.62,4.87,0.20999999999999996,0.96,False,False
1999-09-28,5.89,5.65,4.85,0.23999999999999932,1.04,False,False
1999-09-29,5.97,5.68,4.83,0.29000000000000004,1.1399999999999997,False,False
1999-09-30,5.9,5.63,4.88,0.27000000000000046,1.0200000000000005,False,False
1999-10-01,6.0,5.73,4.88,0.2699999999999996,1.12,False,False
1999-10-04,5.95,5.7,4.87,0.25,1.08,False,False
1999-10-05,6.02,5.78,4.86,0.23999999999999932,1.1599999999999993,False,False
1999-10-06,6.04,5.81,4.81,0.23000000000000043,1.2300000000000004,False,False
1999-10-07,6.05,5.82,4.84,0.22999999999999954,1.21,False,False
1999-10-08,6.04,5.8,4.82,0.2400000000000002,1.2199999999999998,False,False
1999-10-11,6.04,5.8,4.82,0.2400000000000002,1.2199999999999998,False,False
1999-10-12,6.07,5.82,4.93,0.25,1.1400000000000006,False,False
1999-10-13,6.12,5.87,4.98,0.25,1.1399999999999997,False,False
1999-10-14,6.17,5.9,5.02,0.2699999999999996,1.1500000000000004,False,False
1999-10-15,6.09,5.82,5.04,0.2699999999999996,1.0499999999999998,False,False
1999-10-18,6.12,5.85,5.15,0.27000000000000046,0.9699999999999998,False,False
1999-10-19,6.18,5.92,5.15,0.2599999999999998,1.0299999999999994,False,False
1999-10-20,6.19,5.94,5.15,0.25,1.04,False,False
1999-10-21,6.2,5.93,5.14,0.27000000000000046,1.0600000000000005,False,False
1999-10-22,6.21,5.96,5.07,0.25,1.1399999999999997,False,False
1999-10-25,6.22,5.98,5.14,0.23999999999999932,1.08,False,False
1999-10-26,6.24,6.02,5.15,0.22000000000000064,1.0899999999999999,False,False
1999-10-27,6.19,5.94,5.14,0.25,1.0500000000000007,False,False
1999-10-28,6.12,5.87,5.11,0.25,1.0099999999999998,False,False
1999-10-29,6.02,5.79,5.12,0.22999999999999954,0.8999999999999995,False,False
1999-11-01,6.06,5.83,5.16,0.22999999999999954,0.8999999999999995,False,False
1999-11-02,6.04,5.81,5.14,0.23000000000000043,0.9000000000000004,False,False
1999-11-03,6.01,5.79,5.12,0.21999999999999975,0.8899999999999997,False,False
1999-11-04,5.95,5.74,5.1,0.20999999999999996,0.8500000000000005,False,False
1999-11-05,5.92,5.72,5.14,0.20000000000000018,0.7800000000000002,False,False
1999-11-08,5.95,5.74,5.2,0.20999999999999996,0.75,False,False
1999-11-09,5.97,5.77,5.19,0.20000000000000018,0.7799999999999994,False,False
1999-11-10,6.0,5.81,5.2,0.1900000000000004,0.7999999999999998,False,False
1999-11-11,6.0,5.81,5.2,0.1900000000000004,0.7999999999999998,False,False
1999-11-12,5.93,5.78,5.23,0.14999999999999947,0.6999999999999993,False,False
1999-11-15,5.94,5.79,5.29,0.15000000000000036,0.6500000000000004,False,False
1999-11-16,5.97,5.85,5.29,0.1200000000000001,0.6799999999999997,False,False
1999-11-17,6.04,5.9,5.24,0.13999999999999968,0.7999999999999998,False,False
1999-11-18,6.06,5.9,5.23,0.15999999999999925,0.8299999999999992,False,False
1999-11-19,6.07,5.92,5.23,0.15000000000000036,0.8399999999999999,False,False
1999-11-22,6.09,5.95,5.27,0.13999999999999968,0.8200000000000003,False,False
1999-11-23,6.08,5.93,5.27,0.15000000000000036,0.8100000000000005,False,False
1999-11-24,6.09,5.97,5.29,0.1200000000000001,0.7999999999999998,False,False
1999-11-25,6.09,5.97,5.29,0.1200000000000001,0.7999999999999998,False,False
1999-11-26,6.12,5.99,5.3,0.1299999999999999,0.8200000000000003,False,False
1999-11-29,6.21,6.04,5.36,0.16999999999999993,0.8499999999999996,False,False
1999-11-30,6.18,6.01,5.3,0.16999999999999993,0.8799999999999999,False,False
1999-12-01,6.21,6.04,5.27,0.16999999999999993,0.9400000000000004,False,False
1999-12-02,6.24,6.06,5.25,0.1800000000000006,0.9900000000000002,False,False
1999-12-03,6.17,5.99,5.25,0.17999999999999972,0.9199999999999999,False,False
1999-12-06,6.16,5.98,5.22,0.17999999999999972,0.9400000000000004,False,False
1999-12-07,6.11,5.95,5.22,0.16000000000000014,0.8900000000000006,False,False
1999-12-08,6.15,5.98,5.22,0.16999999999999993,0.9300000000000006,False,False
1999-12-09,6.14,5.96,5.25,0.17999999999999972,0.8899999999999997,False,False
1999-12-10,6.08,5.93,5.3,0.15000000000000036,0.7800000000000002,False,False
1999-12-13,6.11,5.96,5.39,0.15000000000000036,0.7200000000000006,False,False
1999-12-14,6.22,6.07,5.39,0.14999999999999947,0.8300000000000001,False,False
1999-12-15,6.25,6.1,5.35,0.15000000000000036,0.9000000000000004,False,False
1999-12-16,6.31,6.15,5.39,0.15999999999999925,0.9199999999999999,False,False
1999-12-17,6.3,6.15,5.44,0.14999999999999947,0.8599999999999994,False,False
1999-12-20,6.36,6.21,5.63,0.15000000000000036,0.7300000000000004,False,False
1999-12-21,6.38,6.21,5.59,0.16999999999999993,0.79,False,False
1999-12-22,6.39,6.24,5.56,0.14999999999999947,0.8300000000000001,False,False
1999-12-23,6.41,6.24,5.47,0.16999999999999993,0.9400000000000004,False,False
1999-12-24,6.41,6.24,5.47,0.16999999999999993,0.9400000000000004,False,False
1999-12-27,6.4,6.21,5.47,0.1900000000000004,0.9300000000000006,False,False
1999-12-28,6.43,6.23,5.41,0.1999999999999993,1.0199999999999996,False,False
1999-12-29,6.4,6.21,5.23,0.1900000000000004,1.17,False,False
1999-12-30,6.39,6.19,5.22,0.1999999999999993,1.17,False,False
1999-12-31,6.45,6.24,5.33,0.20999999999999996,1.12,False,False
2000-01-03,6.58,6.38,5.48,0.20000000000000018,1.0999999999999996,False,False
2000-01-04,6.49,6.3,5.43,0.1900000000000004,1.0600000000000005,False,False
2000-01-05,6.62,6.38,5.44,0.2400000000000002,1.1799999999999997,False,False
2000-01-06,6.57,6.35,5.41,0.22000000000000064,1.1600000000000001,False,False
2000-01-07,6.52,6.31,5.38,0.20999999999999996,1.1399999999999997,False,False
2000-01-10,6.57,6.38,5.42,0.1900000000000004,1.1500000000000004,False,False
2000-01-11,6.67,6.45,5.43,0.21999999999999975,1.2400000000000002,False,False
2000-01-12,6.72,6.49,5.45,0.22999999999999954,1.2699999999999996,False,False
2000-01-13,6.63,6.4,5.41,0.22999999999999954,1.2199999999999998,False,False
2000-01-14,6.69,6.44,5.41,0.25,1.2800000000000002,False,False
2000-01-17,6.69,6.44,5.41,0.25,1.2800000000000002,False,False
2000-01-18,6.75,6.47,5.56,0.28000000000000025,1.1900000000000004,False,False
2000-01-19,6.73,6.46,5.51,0.27000000000000046,1.2200000000000006,False,False
2000-01-20,6.79,6.49,5.48,0.2999999999999998,1.3099999999999996,False,False
2000-01-21,6.79,6.48,5.47,0.3099999999999996,1.3200000000000003,False,False
2000-01-24,6.69,6.43,5.55,0.2600000000000007,1.1400000000000006,False,False
2000-01-25,6.7,6.44,5.57,0.2599999999999998,1.13,False,False
2000-01-26,6.69,6.45,5.58,0.2400000000000002,1.1100000000000003,False,False
2000-01-27,6.68,6.51,5.59,0.16999999999999993,1.0899999999999999,False,False
2000-01-28,6.66,6.58,5.65,0.08000000000000007,1.0099999999999998,False,False
2000-01-31,6.68,6.61,5.76,0.0699999999999994,0.9199999999999999,False,False
2000-02-01,6.62,6.6,5.71,0.020000000000000462,0.9100000000000001,False,False
2000-02-02,6.6,6.63,5.66,-0.03000000000000025,0.9399999999999995,True,False
2000-02-03,6.49,6.56,5.63,-0.0699999999999994,0.8600000000000003,True,False
2000-02-04,6.53,6.63,5.67,-0.09999999999999964,0.8600000000000003,True,False
2000-02-07,6.64,6.68,5.72,-0.040000000000000036,0.9199999999999999,True,False
2000-02-08,6.59,6.69,5.69,-0.10000000000000053,0.8999999999999995,True,False
2000-02-09,6.56,6.69,5.66,-0.13000000000000078,0.8999999999999995,True,False
2000-02-10,6.67,6.67,5.67,0.0,1.0,False,False
2000-02-11,6.63,6.65,5.66,-0.020000000000000462,0.9699999999999998,True,False
2000-02-14,6.56,6.62,5.68,-0.0600000000000005,0.8799999999999999,True,False
2000-02-15,6.56,6.66,5.75,-0.10000000000000053,0.8099999999999996,True,False
2000-02-16,6.56,6.63,5.73,-0.07000000000000028,0.8299999999999992,True,False
2000-02-17,6.58,6.69,5.74,-0.11000000000000032,0.8399999999999999,True,False
2000-02-18,6.49,6.66,5.75,-0.16999999999999993,0.7400000000000002,True,False
2000-02-21,6.49,6.66,5.75,-0.16999999999999993,0.7400000000000002,True,False
2000-02-22,6.36,6.57,5.82,-0.20999999999999996,0.54,True,False
2000-02-23,6.44,6.61,5.82,-0.16999999999999993,0.6200000000000001,True,False
2000-02-24,6.36,6.52,5.81,-0.15999999999999925,0.5500000000000007,True,False
2000-02-25,6.36,6.45,5.79,-0.08999999999999986,0.5700000000000003,True,False
2000-02-28,6.37,6.47,5.8,-0.09999999999999964,0.5700000000000003,True,False
2000-02-29,6.42,6.53,5.78,-0.11000000000000032,0.6399999999999997,True,False
2000-03-01,6.39,6.52,5.76,-0.1299999999999999,0.6299999999999999,True,False
2000-03-02,6.4,6.52,5.76,-0.11999999999999922,0.6400000000000006,True,False
2000-03-03,6.39,6.5,5.79,-0.11000000000000032,0.5999999999999996,True,False
2000-03-06,6.42,6.55,5.85,-0.1299999999999999,0.5700000000000003,True,False
2000-03-07,6.39,6.48,5.83,-0.09000000000000075,0.5599999999999996,True,False
2000-03-08,6.38,6.5,5.83,-0.1200000000000001,0.5499999999999998,True,False
2000-03-09,6.35,6.48,5.82,-0.13000000000000078,0.5299999999999994,True,False
2000-03-10,6.39,6.55,5.87,-0.16000000000000014,0.5199999999999996,True,False
2000-03-13,6.36,6.52,5.89,-0.15999999999999925,0.47000000000000064,True,False
2000-03-14,6.31,6.48,5.87,-0.17000000000000082,0.4399999999999995,True,False
2000-03-15,6.29,6.5,5.85,-0.20999999999999996,0.4400000000000004,True,False
2000-03-16,6.26,6.5,5.87,-0.2400000000000002,0.3899999999999997,True,False
2000-03-17,6.2,6.5,5.89,-0.2999999999999998,0.3100000000000005,True,False
2000-03-20,6.18,6.52,5.95,-0.33999999999999986,0.22999999999999954,True,False
2000-03-21,6.13,6.5,5.91,-0.3700000000000001,0.21999999999999975,True,False
2000-03-22,6.13,6.5,5.91,-0.3700000000000001,0.21999999999999975,True,False
2000-03-23,6.08,6.52,5.9,-0.4399999999999995,0.17999999999999972,True,False
2000-03-24,6.2,6.64,5.91,-0.4399999999999995,0.29000000000000004,True,False
2000-03-27,6.21,6.66,5.88,-0.4500000000000002,0.33000000000000007,True,False
2000-03-28,6.17,6.6,5.88,-0.4299999999999997,0.29000000000000004,True,False
2000-03-29,6.18,6.59,5.89,-0.41000000000000014,0.29000000000000004,True,False
2000-03-30,6.06,6.52,5.88,-0.45999999999999996,0.17999999999999972,True,False
2000-03-31,6.03,6.5,5.88,-0.46999999999999975,0.15000000000000036,True,False
2000-04-03,6.0,6.45,5.87,-0.4500000000000002,0.1299999999999999,True,False
2000-04-04,5.9,6.35,5.83,-0.4499999999999993,0.07000000000000028,True,False
2000-04-05,5.9,6.35,5.86,-0.4499999999999993,0.040000000000000036,True,False
2000-04-06,5.93,6.38,5.88,-0.4500000000000002,0.04999999999999982,True,False
2000-04-07,5.86,6.38,5.9,-0.5199999999999996,-0.040000000000000036,True,True
2000-04-10,5.8,6.31,5.85,-0.5099999999999998,-0.04999999999999982,True,True
2000-04-11,5.89,6.36,5.83,-0.47000000000000064,0.05999999999999961,True,False
2000-04-12,5.97,6.4,5.83,-0.4300000000000006,0.13999999999999968,True,False
2000-04-13,5.94,6.4,5.81,-0.45999999999999996,0.13000000000000078,True,False
2000-04-14,5.85,6.27,5.81,-0.41999999999999993,0.040000000000000036,True,False
2000-04-17,6.01,6.33,5.82,-0.3200000000000003,0.1899999999999995,True,False
2000-04-18,6.05,6.33,5.81,-0.28000000000000025,0.2400000000000002,True,False
2000-04-19,5.99,6.33,5.81,-0.33999999999999986,0.1800000000000006,True,False
2000-04-20,5.99,6.38,5.79,-0.3899999999999997,0.20000000000000018,True,False
2000-04-21,5.99,6.38,5.79,-0.3899999999999997,0.20000000000000018,True,False
2000-04-24,6.0,6.36,5.8,-0.3600000000000003,0.20000000000000018,True,False
2000-04-25,6.14,6.48,5.79,-0.34000000000000075,0.34999999999999964,True,False
2000-04-26,6.14,6.5,5.75,-0.3600000000000003,0.3899999999999997,True,False
2000-04-27,6.23,6.63,5.75,-0.39999999999999947,0.4800000000000004,True,False
2000-04-28,6.23,6.68,5.82,-0.4499999999999993,0.41000000000000014,True,False
2000-05-01,6.29,6.73,6.0,-0.4400000000000004,0.29000000000000004,True,False
2000-05-02,6.32,6.72,5.92,-0.39999999999999947,0.40000000000000036,True,False
2000-05-03,6.4,6.73,5.91,-0.33000000000000007,0.4900000000000002,True,False
2000-05-04,6.46,6.77,5.9,-0.3099999999999996,0.5599999999999996,True,False
2000-05-05,6.51,6.84,5.97,-0.33000000000000007,0.54,True,False
2000-05-08,6.57,6.87,6.19,-0.2999999999999998,0.3799999999999999,True,False
2000-05-09,6.53,6.86,6.14,-0.33000000000000007,0.39000000000000057,True,False
2000-05-10,6.47,6.84,6.14,-0.3700000000000001,0.33000000000000007,True,False
2000-05-11,6.43,6.82,6.14,-0.39000000000000057,0.29000000000000004,True,False
2000-05-12,6.51,6.91,6.14,-0.40000000000000036,0.3700000000000001,True,False
2000-05-15,6.47,6.88,6.25,-0.41000000000000014,0.21999999999999975,True,False
2000-05-16,6.43,6.89,6.2,-0.45999999999999996,0.22999999999999954,True,False
2000-05-17,6.48,6.9,6.05,-0.41999999999999993,0.4300000000000006,True,False
2000-05-18,6.56,6.93,5.92,-0.3700000000000001,0.6399999999999997,True,False
2000-05-19,6.51,6.86,5.89,-0.35000000000000053,0.6200000000000001,True,False
2000-05-22,6.44,6.81,6.01,-0.3699999999999992,0.4300000000000006,True,False
2000-05-23,6.45,6.83,6.01,-0.3799999999999999,0.4400000000000004,True,False
2000-05-24,6.47,6.79,5.92,-0.3200000000000003,0.5499999999999998,True,False
2000-05-25,6.39,6.71,5.85,-0.3200000000000003,0.54,True,False
2000-05-26,6.33,6.69,5.83,-0.3600000000000003,0.5,True,False
2000-05-29,6.33,6.69,5.83,-0.3600000000000003,0.5,True,False
2000-05-30,6.38,6.74,5.87,-0.3600000000000003,0.5099999999999998,True,False
2000-05-31,6.29,6.69,5.63,-0.40000000000000036,0.6600000000000001,True,False
2000-06-01,6.2,6.61,5.74,-0.41000000000000014,0.45999999999999996,True,False
2000-06-02,6.15,6.52,5.87,-0.3699999999999992,0.28000000000000025,True,False
2000-06-05,6.12,6.49,5.98,-0.3700000000000001,0.13999999999999968,True,False
2000-06-06,6.14,6.51,5.99,-0.3700000000000001,0.14999999999999947,True,False
2000-06-07,6.13,6.52,5.92,-0.3899999999999997,0.20999999999999996,True,False
2000-06-08,6.13,6.56,5.91,-0.4299999999999997,0.21999999999999975,True,False
2000-06-09,6.13,6.56,5.92,-0.4299999999999997,0.20999999999999996,True,False
2000-06-12,6.09,6.52,5.93,-0.4299999999999997,0.16000000000000014,True,False
2000-06-13,6.11,6.49,5.88,-0.3799999999999999,0.23000000000000043,True,False
2000-06-14,6.06,6.44,5.82,-0.3800000000000008,0.23999999999999932,True,False
2000-06-15,6.05,6.44,5.84,-0.39000000000000057,0.20999999999999996,True,False
2000-06-16,5.99,6.38,5.83,-0.3899999999999997,0.16000000000000014,True,False
2000-06-19,6.0,6.4,5.84,-0.40000000000000036,0.16000000000000014,True,False
2000-06-20,6.03,6.43,5.79,-0.39999999999999947,0.2400000000000002,True,False
2000-06-21,6.11,6.5,5.81,-0.3899999999999997,0.3000000000000007,True,False
2000-06-22,6.12,6.5,5.84,-0.3799999999999999,0.28000000000000025,True,False
2000-06-23,6.19,6.55,5.86,-0.35999999999999943,0.33000000000000007,True,False
2000-06-26,6.11,6.5,5.82,-0.3899999999999997,0.29000000000000004,True,False
2000-06-27,6.1,6.5,5.83,-0.40000000000000036,0.2699999999999996,True,False
2000-06-28,6.11,6.43,5.81,-0.3199999999999994,0.3000000000000007,True,False
2000-06-29,6.04,6.37,5.85,-0.33000000000000007,0.1900000000000004,True,False
2000-06-30,6.03,6.38,5.88,-0.34999999999999964,0.15000000000000036,True,False
2000-07-03,6.0,6.31,6.0,-0.3099999999999996,0.0,True,False
2000-07-04,6.0,6.31,6.0,-0.3099999999999996,0.0,True,False
2000-07-05,5.99,6.29,5.99,-0.2999999999999998,0.0,True,False
2000-07-06,6.05,6.34,6.02,-0.29000000000000004,0.03000000000000025,True,False
2000-07-07,6.01,6.29,6.04,-0.28000000000000025,-0.03000000000000025,True,True
2000-07-10,6.04,6.31,6.1,-0.2699999999999996,-0.05999999999999961,True,True
2000-07-11,6.06,6.32,6.1,-0.2600000000000007,-0.040000000000000036,True,True
2000-07-12,6.09,6.34,6.17,-0.25,-0.08000000000000007,True,True
2000-07-13,6.01,6.31,6.18,-0.2999999999999998,-0.16999999999999993,True,True
2000-07-14,6.1,6.41,6.17,-0.3100000000000005,-0.07000000000000028,True,True
2000-07-17,6.17,6.46,6.15,-0.29000000000000004,0.019999999999999574,True,False
2000-07-18,6.16,6.44,6.16,-0.28000000000000025,0.0,True,False
2000-07-19,6.16,6.46,6.18,-0.2999999999999998,-0.019999999999999574,True,True
2000-07-20,6.01,6.32,6.18,-0.3100000000000005,-0.16999999999999993,True,True
2000-07-21,6.01,6.32,6.13,-0.3100000000000005,-0.1200000000000001,True,True
2000-07-24,6.04,6.35,6.21,-0.3099999999999996,-0.16999999999999993,True,True
2000-07-25,6.04,6.35,6.2,-0.3099999999999996,-0.16000000000000014,True,True
2000-07-26,6.04,6.29,6.18,-0.25,-0.13999999999999968,True,True
2000-07-27,6.02,6.27,6.22,-0.25,-0.20000000000000018,True,True
2000-07-28,6.04,6.3,6.2,-0.2599999999999998,-0.16000000000000014,True,True
2000-07-31,6.04,6.3,6.27,-0.2599999999999998,-0.22999999999999954,True,True
2000-08-01,6.0,6.27,6.25,-0.2699999999999996,-0.25,True,True
2000-08-02,5.98,6.23,6.25,-0.25,-0.2699999999999996,True,True
2000-08-03,5.95,6.22,6.23,-0.2699999999999996,-0.28000000000000025,True,True
2000-08-04,5.91,6.15,6.23,-0.2400000000000002,-0.3200000000000003,True,True
2000-08-07,5.97,6.2,6.28,-0.23000000000000043,-0.3100000000000005,True,True
2000-08-08,5.93,6.16,6.26,-0.23000000000000043,-0.33000000000000007,True,True
2000-08-09,5.81,6.18,6.25,-0.3700000000000001,-0.4400000000000004,True,True
2000-08-10,5.76,6.16,6.25,-0.40000000000000036,-0.4900000000000002,True,True
2000-08-11,5.79,6.25,6.29,-0.45999999999999996,-0.5,True,True
2000-08-14,5.78,6.25,6.27,-0.46999999999999975,-0.4899999999999993,True,True
2000-08-15,5.81,6.28,6.28,-0.47000000000000064,-0.47000000000000064,True,True
2000-08-16,5.83,6.3,6.27,-0.46999999999999975,-0.4399999999999995,True,True
2000-08-17,5.81,6.3,6.27,-0.4900000000000002,-0.45999999999999996,True,True
2000-08-18,5.78,6.27,6.27,-0.4899999999999993,-0.4899999999999993,True,True
2000-08-21,5.79,6.28,6.3,-0.4900000000000002,-0.5099999999999998,True,True
2000-08-22,5.78,6.27,6.28,-0.4899999999999993,-0.5,True,True
2000-08-23,5.73,6.2,6.29,-0.46999999999999975,-0.5599999999999996,True,True
2000-08-24,5.73,6.19,6.29,-0.45999999999999996,-0.5599999999999996,True,True
2000-08-25,5.73,6.19,6.31,-0.45999999999999996,-0.5799999999999992,True,True
2000-08-28,5.78,6.23,6.32,-0.4500000000000002,-0.54,True,True
2000-08-29,5.81,6.26,6.31,-0.4500000000000002,-0.5,True,True
2000-08-30,5.81,6.24,6.32,-0.4300000000000006,-0.5100000000000007,True,True
2000-08-31,5.73,6.18,6.31,-0.4499999999999993,-0.5799999999999992,True,True
2000-09-01,5.68,6.09,6.27,-0.41000000000000014,-0.5899999999999999,True,True
2000-09-04,5.68,6.09,6.27,-0.41000000000000014,-0.5899999999999999,True,True
2000-09-05,5.69,6.09,6.27,-0.39999999999999947,-0.5799999999999992,True,True
2000-09-06,5.72,6.11,6.21,-0.39000000000000057,-0.4900000000000002,True,True
2000-09-07,5.76,6.14,6.2,-0.3799999999999999,-0.4400000000000004,True,True
2000-09-08,5.73,6.11,6.14,-0.3799999999999999,-0.40999999999999925,True,True
2000-09-11,5.77,6.12,6.11,-0.35000000000000053,-0.34000000000000075,True,True
2000-09-12,5.78,6.12,6.09,-0.33999999999999986,-0.3099999999999996,True,True
2000-09-13,5.74,6.09,6.09,-0.34999999999999964,-0.34999999999999964,True,True
2000-09-14,5.79,6.11,6.14,-0.3200000000000003,-0.34999999999999964,True,True
2000-09-15,5.84,6.07,6.14,-0.23000000000000043,-0.2999999999999998,True,True
2000-09-18,5.88,6.04,6.15,-0.16000000000000014,-0.27000000000000046,True,True
2000-09-19,5.86,6.05,6.17,-0.1899999999999995,-0.3099999999999996,True,True
2000-09-20,5.91,6.11,6.16,-0.20000000000000018,-0.25,True,True
2000-09-21,5.88,6.11,6.16,-0.23000000000000043,-0.28000000000000025,True,True
2000-09-22,5.85,6.09,6.16,-0.2400000000000002,-0.3100000000000005,True,True
2000-09-25,5.84,6.11,6.18,-0.27000000000000046,-0.33999999999999986,True,True
2000-09-26,5.81,6.07,6.18,-0.2600000000000007,-0.3700000000000001,True,True
2000-09-27,5.83,6.0,6.2,-0.16999999999999993,-0.3700000000000001,True,True
2000-09-28,5.82,6.02,6.25,-0.1999999999999993,-0.4299999999999997,True,True
2000-09-29,5.8,5.98,6.23,-0.1800000000000006,-0.4300000000000006,True,True
2000-10-02,5.83,5.98,6.27,-0.15000000000000036,-0.4399999999999995,True,True
2000-10-03,5.87,6.0,6.24,-0.1299999999999999,-0.3700000000000001,True,True
2000-10-04,5.9,6.03,6.24,-0.1299999999999999,-0.33999999999999986,True,True
2000-10-05,5.87,6.02,6.25,-0.14999999999999947,-0.3799999999999999,True,True
2000-10-06,5.82,5.98,6.24,-0.16000000000000014,-0.41999999999999993,True,True
2000-10-09,5.82,5.98,6.24,-0.16000000000000014,-0.41999999999999993,True,True
2000-10-10,5.8,5.98,6.27,-0.1800000000000006,-0.46999999999999975,True,True
2000-10-11,5.77,5.93,6.23,-0.16000000000000014,-0.46000000000000085,True,True
2000-10-12,5.73,5.86,6.19,-0.1299999999999999,-0.45999999999999996,True,True
2000-10-13,5.73,5.84,6.19,-0.10999999999999943,-0.45999999999999996,True,True
2000-10-16,5.74,5.89,6.28,-0.14999999999999947,-0.54,True,True
2000-10-17,5.68,5.83,6.3,-0.15000000000000036,-0.6200000000000001,True,True
2000-10-18,5.66,5.82,6.3,-0.16000000000000014,-0.6399999999999997,True,True
2000-10-19,5.66,5.86,6.32,-0.20000000000000018,-0.6600000000000001,True,True
2000-10-20,5.64,5.84,6.31,-0.20000000000000018,-0.6699999999999999,True,True
2000-10-23,5.59,5.82,6.34,-0.23000000000000043,-0.75,True,True
2000-10-24,5.63,5.86,6.35,-0.23000000000000043,-0.7199999999999998,True,True
2000-10-25,5.67,5.87,6.39,-0.20000000000000018,-0.7199999999999998,True,True
2000-10-26,5.69,5.9,6.36,-0.20999999999999996,-0.6699999999999999,True,True
2000-10-27,5.72,5.94,6.35,-0.22000000000000064,-0.6299999999999999,True,True
2000-10-30,5.74,5.97,6.39,-0.22999999999999954,-0.6499999999999995,True,True
2000-10-31,5.77,5.94,6.38,-0.17000000000000082,-0.6100000000000003,True,True
2000-11-01,5.74,5.88,6.37,-0.13999999999999968,-0.6299999999999999,True,True
2000-11-02,5.74,5.87,6.37,-0.1299999999999999,-0.6299999999999999,True,True
2000-11-03,5.83,5.94,6.38,-0.11000000000000032,-0.5499999999999998,True,True
2000-11-06,5.87,5.99,6.42,-0.1200000000000001,-0.5499999999999998,True,True
2000-11-07,5.87,5.99,6.42,-0.1200000000000001,-0.5499999999999998,True,True
2000-11-08,5.87,5.99,6.41,-0.1200000000000001,-0.54,True,True
2000-11-09,5.82,5.94,6.4,-0.1200000000000001,-0.5800000000000001,True,True
2000-11-10,5.82,5.92,6.37,-0.09999999999999964,-0.5499999999999998,True,True
2000-11-13,5.77,5.9,6.39,-0.13000000000000078,-0.6200000000000001,True,True
2000-11-14,5.76,5.92,6.37,-0.16000000000000014,-0.6100000000000003,True,True
2000-11-15,5.72,5.9,6.38,-0.1800000000000006,-0.6600000000000001,True,True
2000-11-16,5.68,5.87,6.35,-0.1900000000000004,-0.6699999999999999,True,True
2000-11-17,5.71,5.88,6.35,-0.16999999999999993,-0.6399999999999997,True,True
2000-11-20,5.68,5.87,6.36,-0.1900000000000004,-0.6800000000000006,True,True
2000-11-21,5.67,5.86,6.36,-0.1900000000000004,-0.6900000000000004,True,True
2000-11-22,5.62,5.85,6.36,-0.22999999999999954,-0.7400000000000002,True,True
2000-11-23,5.62,5.85,6.36,-0.22999999999999954,-0.7400000000000002,True,True
2000-11-24,5.63,5.86,6.36,-0.23000000000000043,-0.7300000000000004,True,True
2000-11-27,5.64,5.86,6.33,-0.22000000000000064,-0.6900000000000004,True,True
2000-11-28,5.59,5.79,6.28,-0.20000000000000018,-0.6900000000000004,True,True
2000-11-29,5.55,5.69,6.24,-0.14000000000000057,-0.6900000000000004,True,True
2000-11-30,5.48,5.61,6.21,-0.1299999999999999,-0.7299999999999995,True,True
2000-12-01,5.52,5.62,6.23,-0.10000000000000053,-0.7100000000000009,True,True
2000-12-04,5.53,5.59,6.15,-0.05999999999999961,-0.6200000000000001,True,True
2000-12-05,5.43,5.49,6.08,-0.0600000000000005,-0.6500000000000004,True,True
2000-12-06,5.32,5.42,6.09,-0.09999999999999964,-0.7699999999999996,True,True
2000-12-07,5.32,5.45,6.11,-0.1299999999999999,-0.79,True,True
2000-12-08,5.35,5.5,6.09,-0.15000000000000036,-0.7400000000000002,True,True
2000-12-11,5.37,5.52,6.08,-0.14999999999999947,-0.71,True,True
2000-12-12,5.36,5.54,6.06,-0.17999999999999972,-0.6999999999999993,True,True
2000-12-13,5.29,5.45,6.06,-0.16000000000000014,-0.7699999999999996,True,True
2000-12-14,5.23,5.43,6.06,-0.1999999999999993,-0.8299999999999992,True,True
2000-12-15,5.2,5.38,6.02,-0.17999999999999972,-0.8199999999999994,True,True
2000-12-18,5.17,5.33,5.95,-0.16000000000000014,-0.7800000000000002,True,True
2000-12-19,5.19,5.35,5.93,-0.15999999999999925,-0.7399999999999993,True,True
2000-12-20,5.08,5.24,5.82,-0.16000000000000014,-0.7400000000000002,True,True
2000-12-21,5.03,5.14,5.38,-0.10999999999999943,-0.34999999999999964,True,True
2000-12-22,5.02,5.1,5.27,-0.08000000000000007,-0.25,True,True
2000-12-25,5.02,5.1,5.27,-0.08000000000000007,-0.25,True,True
2000-12-26,5.04,5.1,5.85,-0.05999999999999961,-0.8099999999999996,True,True
2000-12-27,5.11,5.1,5.75,0.010000000000000675,-0.6399999999999997,False,True
2000-12-28,5.13,5.18,5.87,-0.04999999999999982,-0.7400000000000002,True,True
2000-12-29,5.12,5.11,5.89,0.009999999999999787,-0.7699999999999996,False,True
2001-01-01,5.12,5.11,5.89,0.009999999999999787,-0.7699999999999996,False,True
2001-01-02,4.92,4.87,5.87,0.04999999999999982,-0.9500000000000002,False,True
2001-01-03,5.14,4.92,5.69,0.21999999999999975,-0.5500000000000007,False,True
2001-01-04,5.03,4.77,5.37,0.2600000000000007,-0.33999999999999986,False,True
2001-01-05,4.93,4.56,5.12,0.3700000000000001,-0.1900000000000004,False,True
2001-01-08,4.94,4.54,5.19,0.40000000000000036,-0.25,False,True
2001-01-09,4.98,4.64,5.24,0.34000000000000075,-0.2599999999999998,False,True
2001-01-10,5.1,4.76,5.29,0.33999999999999986,-0.1900000000000004,False,True
2001-01-11,5.14,4.77,5.31,0.3700000000000001,-0.16999999999999993,False,True
2001-01-12,5.25,4.9,5.33,0.34999999999999964,-0.08000000000000007,False,True
2001-01-15,5.25,4.9,5.33,0.34999999999999964,-0.08000000000000007,False,True
2001-01-16,5.24,4.89,5.38,0.35000000000000053,-0.13999999999999968,False,True
2001-01-17,5.19,4.84,5.36,0.35000000000000053,-0.16999999999999993,False,True
2001-01-18,5.12,4.72,5.28,0.40000000000000036,-0.16000000000000014,False,True
2001-01-19,5.19,4.75,5.24,0.4400000000000004,-0.04999999999999982,False,True
2001-01-22,5.25,4.75,5.23,0.5,0.019999999999999574,False,False
2001-01-23,5.3,4.82,5.24,0.47999999999999954,0.05999999999999961,False,False
2001-01-24,5.33,4.81,5.28,0.5200000000000005,0.04999999999999982,False,False
2001-01-25,5.29,4.78,5.28,0.5099999999999998,0.009999999999999787,False,False
2001-01-26,5.29,4.78,5.17,0.5099999999999998,0.1200000000000001,False,False
2001-01-29,5.32,4.77,5.11,0.5500000000000007,0.20999999999999996,False,False
2001-01-30,5.24,4.7,5.02,0.54,0.22000000000000064,False,False
2001-01-31,5.19,4.62,4.99,0.5700000000000003,0.20000000000000018,False,False
2001-02-01,5.1,4.55,5.0,0.5499999999999998,0.09999999999999964,False,False
2001-02-02,5.17,4.65,5.06,0.5199999999999996,0.11000000000000032,False,False
2001-02-05,5.18,4.68,5.06,0.5,0.1200000000000001,False,False
2001-02-06,5.22,4.72,5.07,0.5,0.14999999999999947,False,False
2001-02-07,5.1,4.7,5.07,0.39999999999999947,0.02999999999999936,False,False
2001-02-08,5.1,4.73,5.08,0.3699999999999992,0.019999999999999574,False,False
2001-02-09,5.03,4.67,5.06,0.3600000000000003,-0.02999999999999936,False,True
2001-02-12,5.05,4.67,5.04,0.3799999999999999,0.009999999999999787,False,False
2001-02-13,5.07,4.75,5.05,0.3200000000000003,0.020000000000000462,False,False
2001-02-14,5.13,4.84,5.07,0.29000000000000004,0.05999999999999961,False,False
2001-02-15,5.19,4.89,5.08,0.3000000000000007,0.11000000000000032,False,False
2001-02-16,5.11,4.75,5.02,0.3600000000000003,0.09000000000000075,False,False
2001-02-19,5.11,4.75,5.02,0.3600000000000003,0.09000000000000075,False,False
2001-02-20,5.11,4.73,5.04,0.3799999999999999,0.07000000000000028,False,False
2001-02-21,5.14,4.68,5.02,0.45999999999999996,0.1200000000000001,False,False
2001-02-22,5.15,4.63,5.01,0.5200000000000005,0.14000000000000057,False,False
2001-02-23,5.1,4.53,4.89,0.5699999999999994,0.20999999999999996,False,False
2001-02-26,5.05,4.46,4.81,0.5899999999999999,0.2400000000000002,False,False
2001-02-27,4.96,4.44,4.82,0.5199999999999996,0.13999999999999968,False,False
2001-02-28,4.92,4.41,4.85,0.5099999999999998,0.07000000000000028,False,False
2001-03-01,4.87,4.41,4.84,0.45999999999999996,0.03000000000000025,False,False
2001-03-02,4.95,4.48,4.84,0.46999999999999975,0.11000000000000032,False,False
2001-03-05,4.98,4.49,4.82,0.4900000000000002,0.16000000000000014,False,False
2001-03-06,4.99,4.49,4.79,0.5,0.20000000000000018,False,False
2001-03-07,4.92,4.43,4.69,0.4900000000000002,0.22999999999999954,False,False
2001-03-08,4.89,4.43,4.68,0.45999999999999996,0.20999999999999996,False,False
2001-03-09,4.95,4.47,4.72,0.4800000000000004,0.23000000000000043,False,False
2001-03-12,4.92,4.46,4.66,0.45999999999999996,0.2599999999999998,False,False
2001-03-13,4.95,4.46,4.66,0.4900000000000002,0.29000000000000004,False,False
2001-03-14,4.84,4.32,4.54,0.5199999999999996,0.2999999999999998,False,False
2001-03-15,4.81,4.22,4.52,0.5899999999999999,0.29000000000000004,False,False
2001-03-16,4.78,4.26,4.54,0.5200000000000005,0.2400000000000002,False,False
2001-03-19,4.82,4.32,4.53,0.5,0.29000000000000004,False,False
2001-03-20,4.78,4.24,4.49,0.54,0.29000000000000004,False,False
2001-03-21,4.77,4.21,4.31,0.5599999999999996,0.45999999999999996,False,False
2001-03-22,4.73,4.17,4.26,0.5600000000000005,0.47000000000000064,False,False
2001-03-23,4.8,4.24,4.29,0.5599999999999996,0.5099999999999998,False,False
2001-03-26,4.85,4.27,4.29,0.5800000000000001,0.5599999999999996,False,False
2001-03-27,5.0,4.41,4.35,0.5899999999999999,0.6500000000000004,False,False
2001-03-28,4.97,4.3,4.34,0.6699999999999999,0.6299999999999999,False,False
2001-03-29,4.98,4.27,4.32,0.7100000000000009,0.6600000000000001,False,False
2001-03-30,4.93,4.18,4.3,0.75,0.6299999999999999,False,False
2001-04-02,4.98,4.22,4.22,0.7600000000000007,0.7600000000000007,False,False
2001-04-03,4.94,4.15,4.15,0.79,0.79,False,False
2001-04-04,4.94,4.12,4.1,0.8200000000000003,0.8400000000000007,False,False
2001-04-05,4.98,4.19,4.11,0.79,0.8700000000000001,False,False
2001-04-06,4.89,4.07,3.94,0.8199999999999994,0.9499999999999997,False,False
2001-04-09,4.93,4.1,3.93,0.8300000000000001,0.9999999999999996,False,False
2001-04-10,5.09,4.24,3.94,0.8499999999999996,1.15,False,False
2001-04-11,5.12,4.29,4.08,0.8300000000000001,1.04,False,False
2001-04-12,5.17,4.36,4.01,0.8099999999999996,1.1600000000000001,False,False
2001-04-13,5.17,4.36,4.01,0.8099999999999996,1.1600000000000001,False,False
2001-04-16,5.28,4.49,4.15,0.79,1.13,False,False
2001-04-17,5.21,4.41,4.12,0.7999999999999998,1.0899999999999999,False,False
2001-04-18,5.14,4.26,3.91,0.8799999999999999,1.2299999999999995,False,False
2001-04-19,5.27,4.29,3.87,0.9799999999999995,1.3999999999999995,False,False
2001-04-20,5.29,4.26,3.77,1.0300000000000002,1.52,False,False
2001-04-23,5.2,4.15,3.75,1.0499999999999998,1.4500000000000002,False,False
2001-04-24,5.22,4.16,3.8,1.0599999999999996,1.42,False,False
2001-04-25,5.28,4.2,3.84,1.08,1.4400000000000004,False,False
2001-04-26,5.2,4.14,3.83,1.0600000000000005,1.37,False,False
2001-04-27,5.34,4.28,3.85,1.0599999999999996,1.4899999999999998,False,False
2001-04-30,5.35,4.3,3.95,1.0499999999999998,1.3999999999999995,False,False
2001-05-01,5.3,4.23,3.92,1.0699999999999994,1.38,False,False
2001-05-02,5.31,4.27,3.89,1.04,1.4199999999999995,False,False
2001-05-03,5.22,4.22,3.84,1.0,1.38,False,False
2001-05-04,5.21,4.14,3.74,1.0700000000000003,1.4699999999999998,False,False
2001-05-07,5.21,4.12,3.74,1.0899999999999999,1.4699999999999998,False,False
2001-05-08,5.24,4.1,3.7,1.1400000000000006,1.54,False,False
2001-05-09,5.2,4.07,3.72,1.13,1.48,False,False
2001-05-10,5.31,4.17,3.74,1.1399999999999997,1.5699999999999994,False,False
2001-05-11,5.51,4.36,3.78,1.1499999999999995,1.73,False,False
2001-05-14,5.46,4.29,3.71,1.17,1.75,False,False
2001-05-15,5.5,4.28,3.63,1.2199999999999998,1.87,False,False
2001-05-16,5.48,4.25,3.57,1.2300000000000004,1.9100000000000006,False,False
2001-05-17,5.46,4.33,3.57,1.13,1.8900000000000001,False,False
2001-05-18,5.41,4.37,3.61,1.04,1.8000000000000003,False,False
2001-05-21,5.41,4.37,3.65,1.04,1.7600000000000002,False,False
2001-05-22,5.42,4.34,3.64,1.08,1.7799999999999998,False,False
2001-05-23,5.41,4.29,3.64,1.12,1.77,False,False
2001-05-24,5.52,4.32,3.7,1.1999999999999993,1.8199999999999994,False,False
2001-05-25,5.52,4.31,3.66,1.21,1.8599999999999994,False,False
2001-05-28,5.52,4.31,3.66,1.21,1.8599999999999994,False,False
2001-05-29,5.54,4.33,3.71,1.21,1.83,False,False
2001-05-30,5.54,4.34,3.68,1.2000000000000002,1.8599999999999999,False,False
2001-05-31,5.43,4.22,3.63,1.21,1.7999999999999998,False,False
2001-06-01,5.39,4.22,3.67,1.17,1.7199999999999998,False,False
2001-06-04,5.35,4.19,3.68,1.1599999999999993,1.6699999999999995,False,False
2001-06-05,5.29,4.12,3.63,1.17,1.6600000000000001,False,False
2001-06-06,5.27,4.12,3.62,1.1499999999999995,1.6499999999999995,False,False
2001-06-07,5.33,4.14,3.63,1.1900000000000004,1.7000000000000002,False,False
2001-06-08,5.38,4.17,3.64,1.21,1.7399999999999998,False,False
2001-06-11,5.32,4.11,3.6,1.21,1.7200000000000002,False,False
2001-06-12,5.27,4.09,3.56,1.1799999999999997,1.7099999999999995,False,False
2001-06-13,5.28,4.08,3.55,1.2000000000000002,1.7300000000000004,False,False
2001-06-14,5.26,4.04,3.56,1.2199999999999998,1.6999999999999997,False,False
2001-06-15,5.27,4.01,3.52,1.2599999999999998,1.7499999999999996,False,False
2001-06-18,5.27,3.98,3.52,1.2899999999999996,1.7499999999999996,False,False
2001-06-19,5.26,3.99,3.51,1.2699999999999996,1.75,False,False
2001-06-20,5.24,3.98,3.49,1.2600000000000002,1.75,False,False
2001-06-21,5.22,3.99,3.51,1.2299999999999995,1.71,False,False
2001-06-22,5.14,3.93,3.45,1.2099999999999995,1.6899999999999995,False,False
2001-06-25,5.16,3.96,3.46,1.2000000000000002,1.7000000000000002,False,False
2001-06-26,5.24,4.03,3.46,1.21,1.7800000000000002,False,False
2001-06-27,5.26,4.06,3.52,1.2000000000000002,1.7399999999999998,False,False
2001-06-28,5.35,4.22,3.64,1.13,1.7099999999999995,False,False
2001-06-29,5.42,4.25,3.65,1.17,1.77,False,False
2001-07-02,5.37,4.21,3.67,1.1600000000000001,1.7000000000000002,False,False
2001-07-03,5.41,4.24,3.66,1.17,1.75,False,False
2001-07-04,5.41,4.24,3.66,1.17,1.75,False,False
2001-07-05,5.44,4.24,3.65,1.2000000000000002,1.7900000000000005,False,False
2001-07-06,5.41,4.16,3.63,1.25,1.7800000000000002,False,False
2001-07-09,5.37,4.15,3.65,1.2199999999999998,1.7200000000000002,False,False
2001-07-10,5.32,4.08,3.63,1.2400000000000002,1.6900000000000004,False,False
2001-07-11,5.31,4.07,3.58,1.2399999999999993,1.7299999999999995,False,False
2001-07-12,5.27,4.07,3.6,1.1999999999999993,1.6699999999999995,False,False
2001-07-13,5.27,4.12,3.62,1.1499999999999995,1.6499999999999995,False,False
2001-07-16,5.21,4.07,3.64,1.1399999999999997,1.5699999999999998,False,False
2001-07-17,5.22,4.09,3.61,1.13,1.6099999999999999,False,False
2001-07-18,5.12,3.96,3.54,1.1600000000000001,1.58,False,False
2001-07-19,5.13,3.98,3.55,1.15,1.58,False,False
2001-07-20,5.15,3.98,3.53,1.1700000000000004,1.6200000000000006,False,False
2001-07-23,5.13,3.98,3.56,1.15,1.5699999999999998,False,False
2001-07-24,5.13,3.97,3.56,1.1599999999999997,1.5699999999999998,False,False
2001-07-25,5.2,3.98,3.56,1.2200000000000002,1.6400000000000001,False,False
2001-07-26,5.19,3.94,3.56,1.2500000000000004,1.6300000000000003,False,False
2001-07-27,5.13,3.87,3.55,1.2599999999999998,1.58,False,False
2001-07-30,5.11,3.86,3.57,1.2500000000000004,1.5400000000000005,False,False
2001-07-31,5.07,3.79,3.54,1.2800000000000002,1.5300000000000002,False,False
2001-08-01,5.11,3.83,3.53,1.2800000000000002,1.5800000000000005,False,False
2001-08-02,5.17,3.89,3.53,1.2799999999999998,1.6400000000000001,False,False
2001-08-03,5.2,3.91,3.52,1.29,1.6800000000000002,False,False
2001-08-06,5.19,3.88,3.52,1.3100000000000005,1.6700000000000004,False,False
2001-08-07,5.2,3.9,3.52,1.3000000000000003,1.6800000000000002,False,False
2001-08-08,4.99,3.77,3.49,1.2200000000000002,1.5,False,False
2001-08-09,5.04,3.77,3.45,1.27,1.5899999999999999,False,False
2001-08-10,4.99,3.73,3.43,1.2600000000000002,1.56,False,False
2001-08-13,4.97,3.7,3.45,1.2699999999999996,1.5199999999999996,False,False
2001-08-14,4.97,3.74,3.43,1.2299999999999995,1.5399999999999996,False,False
2001-08-15,5.0,3.8,3.43,1.2000000000000002,1.5699999999999998,False,False
2001-08-16,4.95,3.75,3.39,1.2000000000000002,1.56,False,False
2001-08-17,4.84,3.67,3.36,1.17,1.48,False,False
2001-08-20,4.91,3.74,3.42,1.17,1.4900000000000002,False,False
2001-08-21,4.87,3.69,3.39,1.1800000000000002,1.48,False,False
2001-08-22,4.91,3.76,3.38,1.1500000000000004,1.5300000000000002,False,False
2001-08-23,4.89,3.72,3.4,1.1699999999999995,1.4899999999999998,False,False
2001-08-24,4.93,3.76,3.42,1.17,1.5099999999999998,False,False
2001-08-27,4.94,3.78,3.45,1.1600000000000006,1.4900000000000002,False,False
2001-08-28,4.85,3.71,3.41,1.1399999999999997,1.4399999999999995,False,False
2001-08-29,4.78,3.67,3.42,1.1100000000000003,1.3600000000000003,False,False
2001-08-30,4.79,3.61,3.36,1.1800000000000002,1.4300000000000002,False,False
2001-08-31,4.85,3.64,3.37,1.2099999999999995,1.4799999999999995,False,False
2001-09-03,4.85,3.64,3.37,1.2099999999999995,1.4799999999999995,False,False
2001-09-04,4.99,3.83,3.44,1.1600000000000001,1.5500000000000003,False,False
2001-09-05,4.97,3.79,3.41,1.1799999999999997,1.5599999999999996,False,False
2001-09-06,4.86,3.65,3.34,1.2100000000000004,1.5200000000000005,False,False
2001-09-07,4.8,3.53,3.27,1.27,1.5299999999999998,False,False
2001-09-10,4.84,3.53,3.26,1.31,1.58,False,False
2001-09-11,4.84,3.53,3.26,1.31,1.58,False,False
2001-09-12,4.84,3.53,3.26,1.31,1.58,False,False
2001-09-13,4.64,2.99,2.74,1.6499999999999995,1.8999999999999995,False,False
2001-09-14,4.57,2.87,2.64,1.7000000000000002,1.9300000000000002,False,False
2001-09-17,4.63,2.96,2.59,1.67,2.04,False,False
2001-09-18,4.72,2.96,2.48,1.7599999999999998,2.2399999999999998,False,False
2001-09-19,4.69,2.81,2.19,1.8800000000000003,2.5000000000000004,False,False
2001-09-20,4.75,2.91,2.22,1.8399999999999999,2.53,False,False
2001-09-21,4.7,2.91,2.25,1.79,2.45,False,False
2001-09-24,4.73,2.94,2.38,1.7900000000000005,2.3500000000000005,False,False
2001-09-25,4.72,2.88,2.4,1.8399999999999999,2.32,False,False
2001-09-26,4.65,2.82,2.38,1.8300000000000005,2.2700000000000005,False,False
2001-09-27,4.58,2.78,2.38,1.8000000000000003,2.2,False,False
2001-09-28,4.6,2.86,2.4,1.7399999999999998,2.1999999999999997,False,False
2001-10-01,4.55,2.82,2.37,1.73,2.1799999999999997,False,False
2001-10-02,4.53,2.77,2.26,1.7600000000000002,2.2700000000000005,False,False
2001-10-03,4.5,2.77,2.23,1.73,2.27,False,False
2001-10-04,4.53,2.75,2.21,1.7800000000000002,2.3200000000000003,False,False
2001-10-05,4.52,2.71,2.19,1.8099999999999996,2.3299999999999996,False,False
2001-10-08,4.52,2.71,2.19,1.8099999999999996,2.3299999999999996,False,False
2001-10-09,4.62,2.74,2.22,1.88,2.4,False,False
2001-10-10,4.61,2.78,2.22,1.8300000000000005,2.39,False,False
2001-10-11,4.69,2.88,2.27,1.8100000000000005,2.4200000000000004,False,False
2001-10-12,4.68,2.81,2.25,1.8699999999999997,2.4299999999999997,False,False
2001-10-15,4.62,2.78,2.25,1.8400000000000003,2.37,False,False
2001-10-16,4.59,2.77,2.22,1.8199999999999998,2.3699999999999997,False,False
2001-10-17,4.59,2.8,2.22,1.79,2.3699999999999997,False,False
2001-10-18,4.58,2.77,2.19,1.81,2.39,False,False
2001-10-19,4.63,2.77,2.19,1.8599999999999999,2.44,False,False
2001-10-22,4.63,2.79,2.22,1.8399999999999999,2.4099999999999997,False,False
2001-10-23,4.66,2.81,2.2,1.85,2.46,False,False
2001-10-24,4.61,2.72,2.17,1.8900000000000001,2.4400000000000004,False,False
2001-10-25,4.56,2.63,2.14,1.9299999999999997,2.4199999999999995,False,False
2001-10-26,4.53,2.63,2.14,1.9000000000000004,2.39,False,False
2001-10-29,4.5,2.55,2.09,1.9500000000000002,2.41,False,False
2001-10-30,4.44,2.48,2.05,1.9600000000000004,2.3900000000000006,False,False
2001-10-31,4.3,2.44,2.05,1.8599999999999999,2.25,False,False
2001-11-01,4.24,2.49,2.06,1.75,2.18,False,False
2001-11-02,4.37,2.48,2.01,1.8900000000000001,2.3600000000000003,False,False
2001-11-05,4.31,2.46,2.01,1.8499999999999996,2.3,False,False
2001-11-06,4.3,2.37,1.85,1.9299999999999997,2.4499999999999997,False,False
2001-11-07,4.22,2.32,1.8,1.9,2.42,False,False
2001-11-08,4.32,2.42,1.84,1.9000000000000004,2.4800000000000004,False,False
2001-11-09,4.34,2.45,1.83,1.8899999999999997,2.51,False,False
2001-11-12,4.34,2.45,1.83,1.8899999999999997,2.51,False,False
2001-11-13,4.41,2.54,1.84,1.87,2.5700000000000003,False,False
2001-11-14,4.54,2.7,1.87,1.8399999999999999,2.67,False,False
2001-11-15,4.79,2.98,1.92,1.81,2.87,False,False
2001-11-16,4.91,3.09,1.95,1.8200000000000003,2.96,False,False
2001-11-19,4.8,2.92,1.94,1.88,2.86,False,False
2001-11-20,4.88,2.96,1.95,1.92,2.9299999999999997,False,False
2001-11-21,4.98,3.11,1.96,1.8700000000000006,3.0200000000000005,False,False
2001-11-22,4.98,3.11,1.96,1.8700000000000006,3.0200000000000005,False,False
2001-11-23,5.04,3.2,1.95,1.8399999999999999,3.09,False,False
2001-11-26,5.05,3.22,1.98,1.8299999999999996,3.07,False,False
2001-11-27,4.98,3.11,1.92,1.8700000000000006,3.0600000000000005,False,False
2001-11-28,4.98,3.12,1.87,1.8600000000000003,3.1100000000000003,False,False
2001-11-29,4.79,2.87,1.8,1.92,2.99,False,False
2001-11-30,4.78,2.84,1.78,1.9400000000000004,3.0,False,False
2001-12-03,4.75,2.82,1.78,1.9300000000000002,2.9699999999999998,False,False
2001-12-04,4.7,2.81,1.74,1.8900000000000001,2.96,False,False
2001-12-05,4.92,3.07,1.77,1.85,3.15,False,False
2001-12-06,5.04,3.19,1.75,1.85,3.29,False,False
2001-12-07,5.2,3.19,1.69,2.0100000000000002,3.5100000000000002,False,False
2001-12-10,5.17,3.1,1.71,2.07,3.46,False,False
2001-12-11,5.13,3.03,1.66,2.1,3.4699999999999998,False,False
2001-12-12,5.02,2.97,1.67,2.0499999999999994,3.3499999999999996,False,False
2001-12-13,5.13,3.09,1.69,2.04,3.44,False,False
2001-12-14,5.24,3.2,1.73,2.04,3.5100000000000002,False,False
2001-12-17,5.26,3.21,1.74,2.05,3.5199999999999996,False,False
2001-12-18,5.16,3.13,1.71,2.0300000000000002,3.45,False,False
2001-12-19,5.08,3.11,1.69,1.9700000000000002,3.39,False,False
2001-12-20,5.08,3.15,1.69,1.9300000000000002,3.39,False,False
2001-12-21,5.12,3.17,1.71,1.9500000000000002,3.41,False,False
2001-12-24,5.18,3.22,1.72,1.9599999999999995,3.46,False,False
2001-12-25,5.18,3.22,1.72,1.9599999999999995,3.46,False,False
2001-12-26,5.22,3.26,1.75,1.96,3.4699999999999998,False,False
2001-12-27,5.13,3.19,1.74,1.94,3.3899999999999997,False,False
2001-12-28,5.15,3.16,1.72,1.9900000000000002,3.4300000000000006,False,False
2001-12-31,5.07,3.07,1.74,2.0000000000000004,3.33,False,False
2002-01-01,5.07,3.07,1.74,2.0000000000000004,3.33,False,False
2002-01-02,5.2,3.22,1.74,1.98,3.46,False,False
2002-01-03,5.16,3.19,1.73,1.9700000000000002,3.43,False,False
2002-01-04,5.18,3.19,1.72,1.9899999999999998,3.46,False,False
2002-01-07,5.09,3.08,1.68,2.01,3.41,False,False
2002-01-08,5.1,3.07,1.68,2.03,3.42,False,False
2002-01-09,5.1,3.03,1.68,2.07,3.42,False,False
2002-01-10,5.0,2.94,1.68,2.06,3.3200000000000003,False,False
2002-01-11,4.92,2.76,1.58,2.16,3.34,False,False
2002-01-14,4.91,2.79,1.58,2.12,3.33,False,False
2002-01-15,4.88,2.79,1.6,2.09,3.28,False,False
2002-01-16,4.88,2.84,1.61,2.04,3.2699999999999996,False,False
2002-01-17,4.98,2.96,1.64,2.0200000000000005,3.3400000000000007,False,False
2002-01-18,4.94,2.91,1.62,2.0300000000000002,3.3200000000000003,False,False
2002-01-21,4.94,2.91,1.62,2.0300000000000002,3.3200000000000003,False,False
2002-01-22,4.96,2.97,1.7,1.9899999999999998,3.26,False,False
2002-01-23,5.05,3.07,1.71,1.98,3.34,False,False
2002-01-24,5.07,3.15,1.72,1.9200000000000004,3.3500000000000005,False,False
2002-01-25,5.1,3.17,1.72,1.9299999999999997,3.38,False,False
2002-01-28,5.12,3.19,1.76,1.9300000000000002,3.3600000000000003,False,False
2002-01-29,5.02,3.05,1.72,1.9699999999999998,3.3,False,False
2002-01-30,5.02,3.06,1.75,1.9599999999999995,3.2699999999999996,False,False
2002-01-31,5.07,3.16,1.76,1.9100000000000001,3.3100000000000005,False,False
2002-02-01,5.02,3.08,1.76,1.9399999999999995,3.26,False,False
2002-02-04,4.94,2.99,1.77,1.9500000000000002,3.1700000000000004,False,False
2002-02-05,4.92,2.99,1.76,1.9299999999999997,3.16,False,False
2002-02-06,4.92,2.98,1.74,1.94,3.1799999999999997,False,False
2002-02-07,4.93,2.99,1.73,1.9399999999999995,3.1999999999999997,False,False
2002-02-08,4.9,2.95,1.73,1.9500000000000002,3.1700000000000004,False,False
2002-02-11,4.91,2.95,1.75,1.96,3.16,False,False
2002-02-12,4.97,3.04,1.75,1.9299999999999997,3.2199999999999998,False,False
2002-02-13,5.01,3.09,1.76,1.92,3.25,False,False
2002-02-14,4.95,3.07,1.75,1.8800000000000003,3.2,False,False
2002-02-15,4.86,2.97,1.74,1.8900000000000001,3.12,False,False
2002-02-18,4.86,2.97,1.74,1.8900000000000001,3.12,False,False
2002-02-19,4.88,2.98,1.76,1.9,3.12,False,False
2002-02-20,4.88,3.0,1.76,1.88,3.12,False,False
2002-02-21,4.88,3.0,1.76,1.88,3.12,False,False
2002-02-22,4.84,2.97,1.76,1.8699999999999997,3.08,False,False
2002-02-25,4.86,3.01,1.77,1.8500000000000005,3.0900000000000003,False,False
2002-02-26,4.93,3.08,1.77,1.8499999999999996,3.1599999999999997,False,False
2002-02-27,4.84,3.09,1.77,1.75,3.07,False,False
2002-02-28,4.88,3.06,1.79,1.8199999999999998,3.09,False,False
2002-03-01,4.98,3.18,1.77,1.8000000000000003,3.2100000000000004,False,False
2002-03-04,5.02,3.24,1.81,1.7799999999999994,3.2099999999999995,False,False
2002-03-05,5.02,3.25,1.8,1.7699999999999996,3.2199999999999998,False,False
2002-03-06,5.06,3.26,1.78,1.7999999999999998,3.2799999999999994,False,False
2002-03-07,5.22,3.36,1.78,1.8599999999999999,3.4399999999999995,False,False
2002-03-08,5.33,3.6,1.81,1.73,3.52,False,False
2002-03-11,5.33,3.59,1.86,1.7400000000000002,3.4699999999999998,False,False
2002-03-12,5.32,3.56,1.84,1.7600000000000002,3.4800000000000004,False,False
2002-03-13,5.28,3.49,1.82,1.79,3.46,False,False
2002-03-14,5.4,3.63,1.86,1.7700000000000005,3.54,False,False
2002-03-15,5.35,3.63,1.86,1.7199999999999998,3.4899999999999993,False,False
2002-03-18,5.32,3.67,1.88,1.6500000000000004,3.4400000000000004,False,False
2002-03-19,5.33,3.64,1.85,1.69,3.48,False,False
2002-03-20,5.4,3.71,1.84,1.6900000000000004,3.5600000000000005,False,False
2002-03-21,5.39,3.73,1.84,1.6599999999999997,3.55,False,False
2002-03-22,5.4,3.77,1.84,1.6300000000000003,3.5600000000000005,False,False
2002-03-25,5.41,3.78,1.85,1.6300000000000003,3.56,False,False
2002-03-26,5.35,3.68,1.81,1.6699999999999995,3.5399999999999996,False,False
2002-03-27,5.35,3.66,1.81,1.6899999999999995,3.5399999999999996,False,False
2002-03-28,5.42,3.72,1.79,1.6999999999999997,3.63,False,False
2002-03-29,5.42,3.72,1.79,1.6999999999999997,3.63,False,False
2002-04-01,5.44,3.74,1.79,1.7000000000000002,3.6500000000000004,False,False
2002-04-02,5.36,3.63,1.8,1.7300000000000004,3.5600000000000005,False,False
2002-04-03,5.3,3.55,1.79,1.75,3.51,False,False
2002-04-04,5.28,3.57,1.78,1.7100000000000004,3.5,False,False
2002-04-05,5.22,3.49,1.76,1.7299999999999995,3.46,False,False
2002-04-08,5.25,3.51,1.75,1.7400000000000002,3.5,False,False
2002-04-09,5.22,3.48,1.73,1.7399999999999998,3.4899999999999998,False,False
2002-04-10,5.24,3.48,1.71,1.7600000000000002,3.5300000000000002,False,False
2002-04-11,5.22,3.47,1.72,1.7499999999999996,3.5,False,False
2002-04-12,5.18,3.41,1.71,1.7699999999999996,3.4699999999999998,False,False
2002-04-15,5.15,3.38,1.72,1.7700000000000005,3.4300000000000006,False,False
2002-04-16,5.2,3.43,1.74,1.77,3.46,False,False
2002-04-17,5.24,3.41,1.73,1.83,3.5100000000000002,False,False
2002-04-18,5.23,3.38,1.72,1.8500000000000005,3.5100000000000007,False,False
2002-04-19,5.21,3.36,1.73,1.85,3.48,False,False
2002-04-22,5.19,3.37,1.72,1.8200000000000003,3.4700000000000006,False,False
2002-04-23,5.18,3.39,1.73,1.7899999999999996,3.4499999999999997,False,False
2002-04-24,5.11,3.28,1.72,1.8300000000000005,3.3900000000000006,False,False
2002-04-25,5.1,3.25,1.74,1.8499999999999996,3.3599999999999994,False,False
2002-04-26,5.08,3.22,1.75,1.8599999999999999,3.33,False,False
2002-04-29,5.13,3.26,1.78,1.87,3.3499999999999996,False,False
2002-04-30,5.11,3.24,1.77,1.87,3.3400000000000003,False,False
2002-05-01,5.08,3.21,1.77,1.87,3.31,False,False
2002-05-02,5.13,3.25,1.77,1.88,3.36,False,False
2002-05-03,5.08,3.17,1.76,1.9100000000000001,3.3200000000000003,False,False
2002-05-06,5.1,3.19,1.78,1.9099999999999997,3.3199999999999994,False,False
2002-05-07,5.09,3.14,1.76,1.9499999999999997,3.33,False,False
2002-05-08,5.24,3.32,1.76,1.9200000000000004,3.4800000000000004,False,False
2002-05-09,5.2,3.27,1.77,1.9300000000000002,3.43,False,False
2002-05-10,5.15,3.19,1.77,1.9600000000000004,3.3800000000000003,False,False
2002-05-13,5.23,3.28,1.79,1.9500000000000006,3.4400000000000004,False,False
2002-05-14,5.32,3.4,1.78,1.9200000000000004,3.54,False,False
2002-05-15,5.28,3.37,1.76,1.9100000000000001,3.5200000000000005,False,False
2002-05-16,5.2,3.28,1.75,1.9200000000000004,3.45,False,False
2002-05-17,5.27,3.41,1.76,1.8599999999999994,3.51,False,False
2002-05-20,5.21,3.33,1.77,1.88,3.44,False,False
2002-05-21,5.18,3.28,1.75,1.9,3.4299999999999997,False,False
2002-05-22,5.13,3.23,1.74,1.9,3.3899999999999997,False,False
2002-05-23,5.16,3.28,1.74,1.8800000000000003,3.42,False,False
2002-05-24,5.16,3.28,1.74,1.8800000000000003,3.42,False,False
2002-05-27,5.16,3.28,1.74,1.8800000000000003,3.42,False,False
2002-05-28,5.16,3.3,1.77,1.8600000000000003,3.39,False,False
2002-05-29,5.11,3.24,1.75,1.87,3.3600000000000003,False,False
2002-05-30,5.06,3.17,1.75,1.8899999999999997,3.3099999999999996,False,False
2002-05-31,5.08,3.22,1.74,1.8599999999999999,3.34,False,False
2002-06-03,5.06,3.19,1.77,1.8699999999999997,3.2899999999999996,False,False
2002-06-04,5.04,3.13,1.76,1.9100000000000001,3.2800000000000002,False,False
2002-06-05,5.08,3.16,1.75,1.92,3.33,False,False
2002-06-06,5.04,3.13,1.74,1.9100000000000001,3.3,False,False
2002-06-07,5.1,3.16,1.74,1.9399999999999995,3.3599999999999994,False,False
2002-06-10,5.07,3.15,1.76,1.9200000000000004,3.3100000000000005,False,False
2002-06-11,5.02,3.09,1.75,1.9299999999999997,3.2699999999999996,False,False
2002-06-12,4.98,3.05,1.74,1.9300000000000006,3.24,False,False
2002-06-13,4.94,3.0,1.72,1.9400000000000004,3.2200000000000006,False,False
2002-06-14,4.83,2.92,1.71,1.9100000000000001,3.12,False,False
2002-06-17,4.89,2.96,1.74,1.9299999999999997,3.1499999999999995,False,False
2002-06-18,4.88,2.93,1.73,1.9499999999999997,3.15,False,False
2002-06-19,4.76,2.81,1.71,1.9499999999999997,3.05,False,False
2002-06-20,4.85,2.93,1.73,1.9199999999999995,3.1199999999999997,False,False
2002-06-21,4.79,2.88,1.72,1.9100000000000001,3.0700000000000003,False,False
2002-06-24,4.87,2.93,1.74,1.94,3.13,False,False
2002-06-25,4.88,2.92,1.73,1.96,3.15,False,False
2002-06-26,4.75,2.77,1.7,1.98,3.05,False,False
2002-06-27,4.84,2.85,1.7,1.9899999999999998,3.1399999999999997,False,False
2002-06-28,4.86,2.9,1.7,1.9600000000000004,3.16,False,False
2002-07-01,4.85,2.88,1.72,1.9699999999999998,3.13,False,False
2002-07-02,4.77,2.78,1.72,1.9899999999999998,3.05,False,False
2002-07-03,4.78,2.78,1.72,2.0000000000000004,3.0600000000000005,False,False
2002-07-04,4.78,2.78,1.72,2.0000000000000004,3.0600000000000005,False,False
2002-07-05,4.9,2.9,1.72,2.0000000000000004,3.1800000000000006,False,False
2002-07-08,4.84,2.84,1.73,2.0,3.11,False,False
2002-07-09,4.78,2.74,1.72,2.04,3.0600000000000005,False,False
2002-07-10,4.66,2.61,1.72,2.0500000000000003,2.9400000000000004,False,False
2002-07-11,4.66,2.61,1.72,2.0500000000000003,2.9400000000000004,False,False
2002-07-12,4.63,2.56,1.71,2.07,2.92,False,False
2002-07-15,4.66,2.55,1.72,2.1100000000000003,2.9400000000000004,False,False
2002-07-16,4.75,2.66,1.72,2.09,3.0300000000000002,False,False
2002-07-17,4.71,2.63,1.72,2.08,2.99,False,False
2002-07-18,4.66,2.55,1.72,2.1100000000000003,2.9400000000000004,False,False
2002-07-19,4.61,2.48,1.71,2.1300000000000003,2.9000000000000004,False,False
2002-07-22,4.51,2.4,1.7,2.11,2.8099999999999996,False,False
2002-07-23,4.47,2.34,1.7,2.13,2.7699999999999996,False,False
2002-07-24,4.49,2.38,1.69,2.1100000000000003,2.8000000000000003,False,False
2002-07-25,4.43,2.28,1.7,2.15,2.7299999999999995,False,False
2002-07-26,4.43,2.2,1.69,2.2299999999999995,2.7399999999999998,False,False
2002-07-29,4.62,2.41,1.72,2.21,2.9000000000000004,False,False
2002-07-30,4.65,2.44,1.72,2.2100000000000004,2.9300000000000006,False,False
2002-07-31,4.51,2.23,1.71,2.28,2.8,False,False
2002-08-01,4.47,2.15,1.68,2.32,2.79,False,False
2002-08-02,4.33,1.99,1.63,2.34,2.7,False,False
2002-08-05,4.29,1.93,1.64,2.3600000000000003,2.6500000000000004,False,False
2002-08-06,4.42,2.11,1.65,2.31,2.77,False,False
2002-08-07,4.35,1.98,1.59,2.3699999999999997,2.76,False,False
2002-08-08,4.4,2.1,1.62,2.3000000000000003,2.7800000000000002,False,False
2002-08-09,4.27,2.1,1.62,2.1699999999999995,2.6499999999999995,False,False
2002-08-12,4.22,2.1,1.68,2.1199999999999997,2.54,False,False
2002-08-13,4.12,2.0,1.63,2.12,2.49,False,False
2002-08-14,4.06,2.12,1.64,1.9399999999999995,2.42,False,False
2002-08-15,4.17,2.22,1.62,1.9499999999999997,2.55,False,False
2002-08-16,4.32,2.28,1.62,2.0400000000000005,2.7,False,False
2002-08-19,4.29,2.25,1.67,2.04,2.62,False,False
2002-08-20,4.17,2.12,1.62,2.05,2.55,False,False
2002-08-21,4.2,2.12,1.63,2.08,2.5700000000000003,False,False
2002-08-22,4.3,2.22,1.65,2.0799999999999996,2.65,False,False
2002-08-23,4.25,2.19,1.65,2.06,2.6,False,False
2002-08-26,4.22,2.19,1.68,2.03,2.54,False,False
2002-08-27,4.29,2.26,1.68,2.0300000000000002,2.6100000000000003,False,False
2002-08-28,4.22,2.23,1.67,1.9899999999999998,2.55,False,False
2002-08-29,4.16,2.14,1.68,2.02,2.4800000000000004,False,False
2002-08-30,4.14,2.14,1.69,1.9999999999999996,2.4499999999999997,False,False
2002-09-02,4.14,2.14,1.69,1.9999999999999996,2.4499999999999997,False,False
2002-09-03,3.98,2.01,1.64,1.9700000000000002,2.34,False,False
2002-09-04,3.96,2.02,1.63,1.94,2.33,False,False
2002-09-05,3.91,1.95,1.61,1.9600000000000002,2.3,False,False
2002-09-06,4.05,2.08,1.66,1.9699999999999998,2.3899999999999997,False,False
2002-09-09,4.05,2.13,1.69,1.92,2.36,False,False
2002-09-10,4.0,2.12,1.68,1.88,2.3200000000000003,False,False
2002-09-11,4.07,2.18,1.69,1.8900000000000001,2.3800000000000003,False,False
2002-09-12,3.98,2.12,1.69,1.8599999999999999,2.29,False,False
2002-09-13,3.92,2.07,1.69,1.85,2.23,False,False
2002-09-16,3.9,2.07,1.71,1.83,2.19,False,False
2002-09-17,3.87,2.06,1.7,1.81,2.17,False,False
2002-09-18,3.86,2.04,1.68,1.8199999999999998,2.1799999999999997,False,False
2002-09-19,3.79,1.93,1.65,1.86,2.14,False,False
2002-09-20,3.79,1.94,1.65,1.85,2.14,False,False
2002-09-23,3.7,1.93,1.65,1.7700000000000002,2.0500000000000003,False,False
2002-09-24,3.69,1.93,1.65,1.76,2.04,False,False
2002-09-25,3.77,2.0,1.66,1.77,2.1100000000000003,False,False
2002-09-26,3.79,1.97,1.65,1.82,2.14,False,False
2002-09-27,3.69,1.82,1.63,1.8699999999999999,2.06,False,False
2002-09-30,3.63,1.72,1.57,1.91,2.0599999999999996,False,False
2002-10-01,3.72,1.8,1.59,1.9200000000000002,2.13,False,False
2002-10-02,3.71,1.75,1.58,1.96,2.13,False,False
2002-10-03,3.7,1.75,1.57,1.9500000000000002,2.13,False,False
2002-10-04,3.69,1.78,1.61,1.91,2.08,False,False
2002-10-07,3.64,1.77,1.63,1.87,2.0100000000000002,False,False
2002-10-08,3.65,1.8,1.61,1.8499999999999999,2.04,False,False
2002-10-09,3.61,1.72,1.57,1.89,2.04,False,False
2002-10-10,3.68,1.75,1.58,1.9300000000000002,2.1,False,False
2002-10-11,3.83,1.85,1.58,1.98,2.25,False,False
2002-10-14,3.83,1.85,1.58,1.98,2.25,False,False
2002-10-15,4.07,2.08,1.68,1.9900000000000002,2.3900000000000006,False,False
2002-10-16,4.06,2.02,1.66,2.0399999999999996,2.3999999999999995,False,False
2002-10-17,4.16,2.1,1.67,2.06,2.49,False,False
2002-10-18,4.14,2.09,1.67,2.05,2.4699999999999998,False,False
2002-10-21,4.24,2.23,1.71,2.0100000000000002,2.5300000000000002,False,False
2002-10-22,4.27,2.21,1.69,2.0599999999999996,2.5799999999999996,False,False
2002-10-23,4.26,2.2,1.68,2.0599999999999996,2.58,False,False
2002-10-24,4.16,2.09,1.65,2.0700000000000003,2.5100000000000002,False,False
2002-10-25,4.12,1.98,1.64,2.14,2.4800000000000004,False,False
2002-10-28,4.1,1.88,1.59,2.2199999999999998,2.51,False,False
2002-10-29,3.97,1.79,1.51,2.18,2.46,False,False
2002-10-30,3.99,1.74,1.51,2.25,2.4800000000000004,False,False
2002-10-31,3.93,1.68,1.44,2.25,2.49,False,False
2002-11-01,4.01,1.76,1.43,2.25,2.58,False,False
2002-11-04,4.07,1.79,1.43,2.2800000000000002,2.6400000000000006,False,False
2002-11-05,4.1,1.82,1.42,2.2799999999999994,2.6799999999999997,False,False
2002-11-06,4.09,1.87,1.23,2.2199999999999998,2.86,False,False
2002-11-07,3.88,1.86,1.22,2.0199999999999996,2.66,False,False
2002-11-08,3.85,1.87,1.22,1.98,2.63,False,False
2002-11-11,3.85,1.87,1.22,1.98,2.63,False,False
2002-11-12,3.84,1.79,1.22,2.05,2.62,False,False
2002-11-13,3.84,1.76,1.21,2.08,2.63,False,False
2002-11-14,4.03,1.89,1.22,2.1400000000000006,2.8100000000000005,False,False
2002-11-15,4.05,1.91,1.22,2.1399999999999997,2.83,False,False
2002-11-18,4.02,1.91,1.23,2.1099999999999994,2.7899999999999996,False,False
2002-11-19,3.99,1.91,1.21,2.08,2.7800000000000002,False,False
2002-11-20,4.08,1.98,1.22,2.1,2.8600000000000003,False,False
2002-11-21,4.14,2.05,1.22,2.09,2.92,False,False
2002-11-22,4.18,2.1,1.23,2.0799999999999996,2.9499999999999997,False,False
2002-11-25,4.19,2.09,1.24,2.1000000000000005,2.95,False,False
2002-11-26,4.08,1.97,1.22,2.1100000000000003,2.8600000000000003,False,False
2002-11-27,4.26,2.13,1.23,2.13,3.03,False,False
2002-11-28,4.26,2.13,1.23,2.13,3.03,False,False
2002-11-29,4.22,2.08,1.22,2.1399999999999997,3.0,False,False
2002-12-02,4.22,2.07,1.24,2.15,2.9799999999999995,False,False
2002-12-03,4.24,2.08,1.23,2.16,3.0100000000000002,False,False
2002-12-04,4.18,2.02,1.22,2.1599999999999997,2.96,False,False
2002-12-05,4.13,1.97,1.22,2.16,2.91,False,False
2002-12-06,4.09,1.89,1.21,2.2,2.88,False,False
2002-12-09,4.06,1.88,1.23,2.1799999999999997,2.8299999999999996,False,False
2002-12-10,4.06,1.9,1.21,2.1599999999999997,2.8499999999999996,False,False
2002-12-11,4.01,1.85,1.21,2.1599999999999997,2.8,False,False
2002-12-12,4.01,1.85,1.21,2.1599999999999997,2.8,False,False
2002-12-13,4.07,1.87,1.21,2.2,2.8600000000000003,False,False
2002-12-16,4.15,1.94,1.23,2.2100000000000004,2.9200000000000004,False,False
2002-12-17,4.13,1.89,1.22,2.24,2.91,False,False
2002-12-18,4.06,1.81,1.21,2.2499999999999996,2.8499999999999996,False,False
2002-12-19,3.96,1.74,1.21,2.2199999999999998,2.75,False,False
2002-12-20,3.97,1.76,1.21,2.21,2.7600000000000002,False,False
2002-12-23,3.98,1.79,1.19,2.19,2.79,False,False
2002-12-24,3.95,1.73,1.19,2.22,2.7600000000000002,False,False
2002-12-25,3.95,1.73,1.19,2.22,2.7600000000000002,False,False
2002-12-26,3.93,1.7,1.18,2.2300000000000004,2.75,False,False
2002-12-27,3.83,1.6,1.16,2.23,2.67,False,False
2002-12-30,3.82,1.61,1.22,2.21,2.5999999999999996,False,False
2002-12-31,3.83,1.61,1.22,2.2199999999999998,2.6100000000000003,False,False
2003-01-01,3.83,1.61,1.22,2.2199999999999998,2.6100000000000003,False,False
2003-01-02,4.07,1.8,1.22,2.2700000000000005,2.8500000000000005,False,False
2003-01-03,4.05,1.79,1.22,2.26,2.83,False,False
2003-01-06,4.09,1.84,1.21,2.25,2.88,False,False
2003-01-07,4.04,1.77,1.19,2.27,2.85,False,False
2003-01-08,4.0,1.71,1.19,2.29,2.81,False,False
2003-01-09,4.19,1.87,1.2,2.3200000000000003,2.99,False,False
2003-01-10,4.16,1.79,1.2,2.37,2.96,False,False
2003-01-13,4.15,1.81,1.21,2.3400000000000003,2.9400000000000004,False,False
2003-01-14,4.1,1.76,1.19,2.34,2.9099999999999997,False,False
2003-01-15,4.1,1.75,1.2,2.3499999999999996,2.8999999999999995,False,False
2003-01-16,4.1,1.75,1.18,2.3499999999999996,2.92,False,False
2003-01-17,4.05,1.7,1.18,2.3499999999999996,2.87,False,False
2003-01-20,4.05,1.7,1.18,2.3499999999999996,2.87,False,False
2003-01-21,4.01,1.67,1.19,2.34,2.82,False,False
2003-01-22,3.95,1.66,1.17,2.29,2.7800000000000002,False,False
2003-01-23,3.98,1.69,1.17,2.29,2.81,False,False
2003-01-24,3.94,1.66,1.16,2.2800000000000002,2.7800000000000002,False,False
2003-01-27,3.98,1.7,1.17,2.2800000000000002,2.81,False,False
2003-01-28,4.0,1.7,1.18,2.3,2.8200000000000003,False,False
2003-01-29,4.06,1.77,1.18,2.2899999999999996,2.88,False,False
2003-01-30,4.0,1.7,1.18,2.3,2.8200000000000003,False,False
2003-01-31,4.0,1.72,1.18,2.2800000000000002,2.8200000000000003,False,False
2003-02-03,4.01,1.72,1.18,2.29,2.83,False,False
2003-02-04,3.96,1.68,1.16,2.2800000000000002,2.8,False,False
2003-02-05,4.02,1.73,1.18,2.2899999999999996,2.84,False,False
2003-02-06,3.97,1.68,1.17,2.29,2.8000000000000003,False,False
2003-02-07,3.96,1.63,1.17,2.33,2.79,False,False
2003-02-10,3.99,1.68,1.17,2.3100000000000005,2.8200000000000003,False,False
2003-02-11,3.98,1.65,1.18,2.33,2.8,False,False
2003-02-12,3.93,1.62,1.18,2.31,2.75,False,False
2003-02-13,3.89,1.57,1.17,2.3200000000000003,2.72,False,False
2003-02-14,3.95,1.62,1.18,2.33,2.7700000000000005,False,False
2003-02-17,3.95,1.62,1.18,2.33,2.7700000000000005,False,False
2003-02-18,3.94,1.66,1.19,2.2800000000000002,2.75,False,False
2003-02-19,3.88,1.61,1.18,2.2699999999999996,2.7,False,False
2003-02-20,3.85,1.59,1.19,2.26,2.66,False,False
2003-02-21,3.9,1.63,1.19,2.27,2.71,False,False
2003-02-24,3.86,1.6,1.21,2.26,2.65,False,False
2003-02-25,3.81,1.58,1.2,2.23,2.6100000000000003,False,False
2003-02-26,3.78,1.57,1.21,2.21,2.57,False,False
2003-02-27,3.76,1.58,1.21,2.1799999999999997,2.55,False,False
2003-02-28,3.71,1.53,1.2,2.1799999999999997,2.51,False,False
2003-03-03,3.68,1.52,1.2,2.16,2.4800000000000004,False,False
2003-03-04,3.65,1.49,1.19,2.16,2.46,False,False
2003-03-05,3.63,1.46,1.18,2.17,2.45,False,False
2003-03-06,3.67,1.47,1.18,2.2,2.49,False,False
2003-03-07,3.63,1.39,1.12,2.24,2.51,False,False
2003-03-10,3.59,1.35,1.08,2.2399999999999998,2.51,False,False
2003-03-11,3.6,1.38,1.1,2.22,2.5,False,False
2003-03-12,3.6,1.45,1.1,2.1500000000000004,2.5,False,False
2003-03-13,3.74,1.59,1.12,2.1500000000000004,2.62,False,False
2003-03-14,3.72,1.56,1.13,2.16,2.5900000000000003,False,False
2003-03-17,3.82,1.63,1.15,2.19,2.67,False,False
2003-03-18,3.91,1.72,1.14,2.1900000000000004,2.7700000000000005,False,False
2003-03-19,3.98,1.72,1.16,2.26,2.8200000000000003,False,False
2003-03-20,4.01,1.75,1.17,2.26,2.84,False,False
2003-03-21,4.11,1.8,1.18,2.3100000000000005,2.9300000000000006,False,False
2003-03-24,3.98,1.71,1.17,2.27,2.81,False,False
2003-03-25,3.97,1.69,1.18,2.2800000000000002,2.79,False,False
2003-03-26,3.96,1.68,1.18,2.2800000000000002,2.7800000000000002,False,False
2003-03-27,3.95,1.62,1.16,2.33,2.79,False,False
2003-03-28,3.92,1.56,1.14,2.36,2.7800000000000002,False,False
2003-03-31,3.83,1.51,1.14,2.3200000000000003,2.6900000000000004,False,False
2003-04-01,3.84,1.5,1.12,2.34,2.7199999999999998,False,False
2003-04-02,3.94,1.6,1.13,2.34,2.81,False,False
2003-04-03,3.93,1.55,1.11,2.38,2.8200000000000003,False,False
2003-04-04,3.96,1.55,1.11,2.41,2.8499999999999996,False,False
2003-04-07,4.03,1.65,1.17,2.3800000000000003,2.8600000000000003,False,False
2003-04-08,3.95,1.59,1.15,2.3600000000000003,2.8000000000000003,False,False
2003-04-09,3.93,1.55,1.13,2.38,2.8000000000000003,False,False
2003-04-10,3.95,1.6,1.14,2.35,2.8100000000000005,False,False
2003-04-11,4.0,1.65,1.17,2.35,2.83,False,False
2003-04-14,4.04,1.74,1.2,2.3,2.84,False,False
2003-04-15,3.98,1.69,1.18,2.29,2.8,False,False
2003-04-16,3.96,1.67,1.17,2.29,2.79,False,False
2003-04-17,3.98,1.71,1.18,2.27,2.8,False,False
2003-04-18,3.98,1.71,1.18,2.27,2.8,False,False
2003-04-21,4.0,1.71,1.18,2.29,2.8200000000000003,False,False
2003-04-22,4.01,1.7,1.18,2.3099999999999996,2.83,False,False
2003-04-23,4.02,1.7,1.17,2.3199999999999994,2.8499999999999996,False,False
2003-04-24,3.93,1.62,1.15,2.31,2.7800000000000002,False,False
2003-04-25,3.91,1.57,1.14,2.34,2.7700000000000005,False,False
2003-04-28,3.92,1.59,1.14,2.33,2.7800000000000002,False,False
2003-04-29,3.96,1.62,1.15,2.34,2.81,False,False
2003-04-30,3.89,1.51,1.13,2.38,2.7600000000000002,False,False
2003-05-01,3.88,1.5,1.1,2.38,2.78,False,False
2003-05-02,3.94,1.56,1.12,2.38,2.82,False,False
2003-05-05,3.92,1.55,1.13,2.37,2.79,False,False
2003-05-06,3.84,1.45,1.1,2.3899999999999997,2.7399999999999998,False,False
2003-05-07,3.72,1.45,1.11,2.2700000000000005,2.6100000000000003,False,False
2003-05-08,3.7,1.49,1.09,2.21,2.6100000000000003,False,False
2003-05-09,3.69,1.45,1.11,2.24,2.58,False,False
2003-05-12,3.64,1.46,1.1,2.18,2.54,False,False
2003-05-13,3.63,1.47,1.09,2.16,2.54,False,False
2003-05-14,3.53,1.41,1.06,2.12,2.4699999999999998,False,False
2003-05-15,3.53,1.46,1.06,2.07,2.4699999999999998,False,False
2003-05-16,3.46,1.38,1.05,2.08,2.41,False,False
2003-05-19,3.46,1.35,1.05,2.11,2.41,False,False
2003-05-20,3.38,1.31,1.04,2.07,2.34,False,False
2003-05-21,3.39,1.38,1.06,2.0100000000000002,2.33,False,False
2003-05-22,3.34,1.36,1.08,1.9799999999999998,2.26,False,False
2003-05-23,3.34,1.38,1.08,1.96,2.26,False,False
2003-05-26,3.34,1.38,1.08,1.96,2.26,False,False
2003-05-27,3.41,1.33,1.09,2.08,2.3200000000000003,False,False
2003-05-28,3.44,1.35,1.12,2.09,2.32,False,False
2003-05-29,3.34,1.3,1.1,2.04,2.2399999999999998,False,False
2003-05-30,3.37,1.33,1.11,2.04,2.26,False,False
2003-06-02,3.43,1.33,1.14,2.1,2.29,False,False
2003-06-03,3.34,1.2,1.08,2.1399999999999997,2.26,False,False
2003-06-04,3.3,1.2,1.05,2.0999999999999996,2.25,False,False
2003-06-05,3.34,1.25,1.04,2.09,2.3,False,False
2003-06-06,3.37,1.27,1.05,2.1,2.3200000000000003,False,False
2003-06-09,3.29,1.19,1.03,2.1,2.26,False,False
2003-06-10,3.2,1.13,0.97,2.0700000000000003,2.2300000000000004,False,False
2003-06-11,3.21,1.16,0.94,2.05,2.27,False,False
2003-06-12,3.18,1.13,0.92,2.0500000000000003,2.2600000000000002,False,False
2003-06-13,3.13,1.1,0.86,2.03,2.27,False,False
2003-06-16,3.18,1.18,0.87,2.0,2.31,False,False
2003-06-17,3.27,1.25,0.9,2.02,2.37,False,False
2003-06-18,3.37,1.27,0.89,2.1,2.48,False,False
2003-06-19,3.35,1.17,0.81,2.18,2.54,False,False
2003-06-20,3.4,1.22,0.83,2.1799999999999997,2.57,False,False
2003-06-23,3.32,1.17,0.85,2.15,2.4699999999999998,False,False
2003-06-24,3.29,1.14,0.83,2.1500000000000004,2.46,False,False
2003-06-25,3.38,1.3,0.92,2.08,2.46,False,False
2003-06-26,3.55,1.41,0.91,2.1399999999999997,2.6399999999999997,False,False
2003-06-27,3.58,1.38,0.87,2.2,2.71,False,False
2003-06-30,3.54,1.32,0.9,2.2199999999999998,2.64,False,False
2003-07-01,3.56,1.3,0.89,2.26,2.67,False,False
2003-07-02,3.56,1.3,0.87,2.26,2.69,False,False
2003-07-03,3.67,1.32,0.87,2.3499999999999996,2.8,False,False
2003-07-04,3.67,1.32,0.87,2.3499999999999996,2.8,False,False
2003-07-07,3.74,1.36,0.92,2.38,2.8200000000000003,False,False
2003-07-08,3.75,1.39,0.92,2.3600000000000003,2.83,False,False
2003-07-09,3.73,1.37,0.9,2.36,2.83,False,False
2003-07-10,3.7,1.33,0.89,2.37,2.81,False,False
2003-07-11,3.66,1.29,0.89,2.37,2.77,False,False
2003-07-14,3.74,1.35,0.91,2.39,2.83,False,False
2003-07-15,3.94,1.45,0.92,2.49,3.02,False,False
2003-07-16,3.97,1.49,0.91,2.4800000000000004,3.06,False,False
2003-07-17,3.98,1.47,0.9,2.51,3.08,False,False
2003-07-18,4.0,1.51,0.91,2.49,3.09,False,False
2003-07-21,4.19,1.61,0.93,2.58,3.2600000000000002,False,False
2003-07-22,4.17,1.57,0.93,2.5999999999999996,3.2399999999999998,False,False
2003-07-23,4.12,1.54,0.93,2.58,3.19,False,False
2003-07-24,4.2,1.54,0.93,2.66,3.27,False,False
2003-07-25,4.22,1.52,0.93,2.6999999999999997,3.2899999999999996,False,False
2003-07-28,4.31,1.61,0.97,2.6999999999999993,3.34,False,False
2003-07-29,4.42,1.67,0.99,2.75,3.4299999999999997,False,False
2003-07-30,4.34,1.64,0.98,2.7,3.36,False,False
2003-07-31,4.49,1.8,0.96,2.6900000000000004,3.5300000000000002,False,False
2003-08-01,4.44,1.85,0.95,2.5900000000000003,3.49,False,False
2003-08-04,4.35,1.71,0.97,2.6399999999999997,3.38,False,False
2003-08-05,4.47,1.88,0.96,2.59,3.51,False,False
2003-08-06,4.32,1.78,0.95,2.54,3.37,False,False
2003-08-07,4.3,1.74,0.95,2.5599999999999996,3.3499999999999996,False,False
2003-08-08,4.27,1.72,0.96,2.55,3.3099999999999996,False,False
2003-08-11,4.38,1.81,0.96,2.57,3.42,False,False
2003-08-12,4.37,1.71,0.95,2.66,3.42,False,False
2003-08-13,4.58,1.86,0.96,2.7199999999999998,3.62,False,False
2003-08-14,4.55,1.86,0.96,2.6899999999999995,3.59,False,False
2003-08-15,4.55,1.85,0.95,2.6999999999999997,3.5999999999999996,False,False
2003-08-18,4.49,1.87,0.96,2.62,3.5300000000000002,False,False
2003-08-19,4.38,1.81,0.96,2.57,3.42,False,False
2003-08-20,4.45,1.84,0.96,2.6100000000000003,3.49,False,False
2003-08-21,4.53,1.98,0.97,2.5500000000000003,3.5600000000000005,False,False
2003-08-22,4.48,1.97,0.98,2.5100000000000007,3.5000000000000004,False,False
2003-08-25,4.53,2.02,1.02,2.5100000000000002,3.5100000000000002,False,False
2003-08-26,4.5,1.96,1.01,2.54,3.49,False,False
2003-08-27,4.54,2.05,1.0,2.49,3.54,False,False
2003-08-28,4.42,1.93,0.99,2.49,3.4299999999999997,False,False
2003-08-29,4.45,1.95,0.98,2.5,3.47,False,False
2003-09-01,4.45,1.95,0.98,2.5,3.47,False,False
2003-09-02,4.61,2.04,0.98,2.5700000000000003,3.6300000000000003,False,False
2003-09-03,4.6,2.02,0.97,2.5799999999999996,3.63,False,False
2003-09-04,4.52,1.91,0.97,2.6099999999999994,3.55,False,False
2003-09-05,4.35,1.72,0.96,2.63,3.3899999999999997,False,False
2003-09-08,4.41,1.75,0.97,2.66,3.4400000000000004,False,False
2003-09-09,4.37,1.71,0.96,2.66,3.41,False,False
2003-09-10,4.28,1.64,0.96,2.6400000000000006,3.3200000000000003,False,False
2003-09-11,4.35,1.71,0.96,2.6399999999999997,3.3899999999999997,False,False
2003-09-12,4.27,1.66,0.96,2.6099999999999994,3.3099999999999996,False,False
2003-09-15,4.28,1.63,0.96,2.6500000000000004,3.3200000000000003,False,False
2003-09-16,4.29,1.63,0.93,2.66,3.36,False,False
2003-09-17,4.2,1.63,0.95,2.5700000000000003,3.25,False,False
2003-09-18,4.19,1.68,0.96,2.5100000000000007,3.2300000000000004,False,False
2003-09-19,4.17,1.7,0.95,2.4699999999999998,3.2199999999999998,False,False
2003-09-22,4.26,1.7,0.95,2.5599999999999996,3.3099999999999996,False,False
2003-09-23,4.24,1.68,0.93,2.5600000000000005,3.31,False,False
2003-09-24,4.16,1.66,0.95,2.5,3.21,False,False
2003-09-25,4.12,1.65,0.94,2.47,3.18,False,False
2003-09-26,4.04,1.6,0.94,2.44,3.1,False,False
2003-09-29,4.09,1.61,0.96,2.4799999999999995,3.13,False,False
2003-09-30,3.96,1.5,0.95,2.46,3.01,False,False
2003-10-01,3.96,1.47,0.95,2.49,3.01,False,False
2003-10-02,4.03,1.48,0.94,2.5500000000000003,3.0900000000000003,False,False
2003-10-03,4.21,1.65,0.94,2.56,3.27,False,False
2003-10-06,4.17,1.6,0.94,2.57,3.23,False,False
2003-10-07,4.27,1.67,0.92,2.5999999999999996,3.3499999999999996,False,False
2003-10-08,4.27,1.65,0.91,2.6199999999999997,3.3599999999999994,False,False
2003-10-09,4.32,1.69,0.91,2.6300000000000003,3.41,False,False
2003-10-10,4.29,1.65,0.92,2.64,3.37,False,False
2003-10-13,4.29,1.65,0.92,2.64,3.37,False,False
2003-10-14,4.37,1.73,0.93,2.64,3.44,False,False
2003-10-15,4.43,1.79,0.93,2.6399999999999997,3.4999999999999996,False,False
2003-10-16,4.47,1.96,0.93,2.51,3.5399999999999996,False,False
2003-10-17,4.41,1.9,0.93,2.5100000000000002,3.48,False,False
2003-10-20,4.41,1.88,0.95,2.5300000000000002,3.46,False,False
2003-10-21,4.38,1.89,0.93,2.49,3.4499999999999997,False,False
2003-10-22,4.29,1.8,0.96,2.49,3.33,False,False
2003-10-23,4.34,1.84,0.96,2.5,3.38,False,False
2003-10-24,4.24,1.76,0.95,2.4800000000000004,3.29,False,False
2003-10-27,4.3,1.83,0.98,2.4699999999999998,3.32,False,False
2003-10-28,4.23,1.71,0.96,2.5200000000000005,3.2700000000000005,False,False
2003-10-29,4.31,1.79,0.96,2.5199999999999996,3.3499999999999996,False,False
2003-10-30,4.36,1.86,0.96,2.5,3.4000000000000004,False,False
2003-10-31,4.33,1.85,0.96,2.48,3.37,False,False
2003-11-03,4.4,1.9,0.96,2.5000000000000004,3.4400000000000004,False,False
2003-11-04,4.33,1.86,0.95,2.4699999999999998,3.38,False,False
2003-11-05,4.38,1.94,0.96,2.44,3.42,False,False
2003-11-06,4.45,2.01,0.96,2.4400000000000004,3.49,False,False
2003-11-07,4.48,2.04,0.96,2.4400000000000004,3.5200000000000005,False,False
2003-11-10,4.49,2.06,0.97,2.43,3.5200000000000005,False,False
2003-11-11,4.49,2.06,0.97,2.43,3.5200000000000005,False,False
2003-11-12,4.44,2.05,0.95,2.3900000000000006,3.49,False,False
2003-11-13,4.3,1.92,0.94,2.38,3.36,False,False
2003-11-14,4.22,1.84,0.95,2.38,3.2699999999999996,False,False
2003-11-17,4.18,1.8,0.96,2.38,3.2199999999999998,False,False
2003-11-18,4.17,1.83,0.96,2.34,3.21,False,False
2003-11-19,4.24,1.9,0.95,2.3400000000000003,3.29,False,False
2003-11-20,4.16,1.83,0.95,2.33,3.21,False,False
2003-11-21,4.15,1.84,0.94,2.3100000000000005,3.2100000000000004,False,False
2003-11-24,4.23,1.94,0.96,2.2900000000000005,3.2700000000000005,False,False
2003-11-25,4.19,1.89,0.95,2.3000000000000007,3.24,False,False
2003-11-26,4.25,1.97,0.94,2.2800000000000002,3.31,False,False
2003-11-27,4.25,1.97,0.94,2.2800000000000002,3.31,False,False
2003-11-28,4.34,2.06,0.93,2.28,3.4099999999999997,False,False
2003-12-01,4.4,2.12,0.95,2.2800000000000002,3.45,False,False
2003-12-02,4.38,2.07,0.94,2.31,3.44,False,False
2003-12-03,4.41,2.09,0.94,2.3200000000000003,3.47,False,False
2003-12-04,4.38,2.06,0.93,2.32,3.4499999999999997,False,False
2003-12-05,4.23,1.88,0.92,2.3500000000000005,3.3100000000000005,False,False
2003-12-08,4.29,1.94,0.93,2.35,3.36,False,False
2003-12-09,4.32,1.97,0.93,2.3500000000000005,3.39,False,False
2003-12-10,4.3,1.94,0.93,2.36,3.3699999999999997,False,False
2003-12-11,4.27,1.83,0.9,2.4399999999999995,3.3699999999999997,False,False
2003-12-12,4.26,1.84,0.91,2.42,3.3499999999999996,False,False
2003-12-15,4.28,1.88,0.9,2.4000000000000004,3.3800000000000003,False,False
2003-12-16,4.24,1.83,0.91,2.41,3.33,False,False
2003-12-17,4.19,1.83,0.9,2.3600000000000003,3.2900000000000005,False,False
2003-12-18,4.16,1.85,0.89,2.31,3.27,False,False
2003-12-19,4.15,1.82,0.88,2.33,3.2700000000000005,False,False
2003-12-22,4.18,1.84,0.9,2.34,3.28,False,False
2003-12-23,4.28,1.96,0.9,2.3200000000000003,3.3800000000000003,False,False
2003-12-24,4.2,1.83,0.9,2.37,3.3000000000000003,False,False
2003-12-25,4.2,1.83,0.9,2.37,3.3000000000000003,False,False
2003-12-26,4.17,1.82,0.87,2.3499999999999996,3.3,False,False
2003-12-29,4.24,1.86,0.9,2.38,3.3400000000000003,False,False
2003-12-30,4.29,1.86,0.94,2.4299999999999997,3.35,False,False
2003-12-31,4.27,1.84,0.95,2.4299999999999997,3.3199999999999994,False,False
2004-01-01,4.27,1.84,0.95,2.4299999999999997,3.3199999999999994,False,False
2004-01-02,4.38,1.94,0.93,2.44,3.4499999999999997,False,False
2004-01-05,4.41,1.95,0.91,2.46,3.5,False,False
2004-01-06,4.29,1.84,0.91,2.45,3.38,False,False
2004-01-07,4.27,1.84,0.91,2.4299999999999997,3.3599999999999994,False,False
2004-01-08,4.27,1.85,0.88,2.4199999999999995,3.3899999999999997,False,False
2004-01-09,4.11,1.68,0.87,2.4300000000000006,3.24,False,False
2004-01-12,4.11,1.68,0.89,2.4300000000000006,3.22,False,False
2004-01-13,4.05,1.63,0.89,2.42,3.1599999999999997,False,False
2004-01-14,4.01,1.65,0.88,2.36,3.13,False,False
2004-01-15,3.99,1.67,0.88,2.3200000000000003,3.1100000000000003,False,False
2004-01-16,4.04,1.7,0.89,2.34,3.15,False,False
2004-01-19,4.04,1.7,0.89,2.34,3.15,False,False
2004-01-20,4.08,1.69,0.89,2.39,3.19,False,False
2004-01-21,4.05,1.69,0.89,2.36,3.1599999999999997,False,False
2004-01-22,3.99,1.66,0.88,2.33,3.1100000000000003,False,False
2004-01-23,4.09,1.71,0.9,2.38,3.19,False,False
2004-01-26,4.16,1.75,0.9,2.41,3.2600000000000002,False,False
2004-01-27,4.11,1.7,0.91,2.41,3.2,False,False
2004-01-28,4.22,1.87,0.94,2.3499999999999996,3.28,False,False
2004-01-29,4.22,1.88,0.94,2.34,3.28,False,False
2004-01-30,4.16,1.84,0.92,2.3200000000000003,3.24,False,False
2004-02-02,4.18,1.83,0.94,2.3499999999999996,3.2399999999999998,False,False
2004-02-03,4.13,1.78,0.94,2.3499999999999996,3.19,False,False
2004-02-04,4.15,1.8,0.94,2.3500000000000005,3.2100000000000004,False,False
2004-02-05,4.2,1.85,0.94,2.35,3.2600000000000002,False,False
2004-02-06,4.12,1.77,0.93,2.35,3.19,False,False
2004-02-09,4.09,1.76,0.94,2.33,3.15,False,False
2004-02-10,4.13,1.82,0.95,2.3099999999999996,3.1799999999999997,False,False
2004-02-11,4.05,1.73,0.93,2.32,3.1199999999999997,False,False
2004-02-12,4.1,1.75,0.93,2.3499999999999996,3.1699999999999995,False,False
2004-02-13,4.05,1.7,0.92,2.3499999999999996,3.13,False,False
2004-02-16,4.05,1.7,0.92,2.3499999999999996,3.13,False,False
2004-02-17,4.05,1.7,0.95,2.3499999999999996,3.0999999999999996,False,False
2004-02-18,4.05,1.72,0.94,2.33,3.11,False,False
2004-02-19,4.05,1.7,0.94,2.3499999999999996,3.11,False,False
2004-02-20,4.1,1.75,0.94,2.3499999999999996,3.1599999999999997,False,False
2004-02-23,4.05,1.69,0.97,2.36,3.08,False,False
2004-02-24,4.04,1.69,0.97,2.35,3.0700000000000003,False,False
2004-02-25,4.02,1.67,0.96,2.3499999999999996,3.0599999999999996,False,False
2004-02-26,4.05,1.69,0.96,2.36,3.09,False,False
2004-02-27,3.99,1.66,0.96,2.33,3.0300000000000002,False,False
2004-03-01,4.0,1.67,0.97,2.33,3.0300000000000002,False,False
2004-03-02,4.05,1.74,0.97,2.3099999999999996,3.08,False,False
2004-03-03,4.07,1.74,0.97,2.33,3.1000000000000005,False,False
2004-03-04,4.04,1.73,0.96,2.31,3.08,False,False
2004-03-05,3.85,1.57,0.94,2.2800000000000002,2.91,False,False
2004-03-08,3.78,1.52,0.96,2.26,2.82,False,False
2004-03-09,3.73,1.51,0.96,2.2199999999999998,2.77,False,False
2004-03-10,3.74,1.54,0.96,2.2,2.7800000000000002,False,False
2004-03-11,3.74,1.52,0.97,2.22,2.7700000000000005,False,False
2004-03-12,3.78,1.54,0.96,2.2399999999999998,2.82,False,False
2004-03-15,3.78,1.56,0.96,2.2199999999999998,2.82,False,False
2004-03-16,3.7,1.51,0.96,2.1900000000000004,2.74,False,False
2004-03-17,3.71,1.53,0.93,2.1799999999999997,2.78,False,False
2004-03-18,3.76,1.55,0.93,2.21,2.8299999999999996,False,False
2004-03-19,3.8,1.56,0.94,2.2399999999999998,2.86,False,False
2004-03-22,3.74,1.52,0.95,2.22,2.79,False,False
2004-03-23,3.73,1.52,0.95,2.21,2.7800000000000002,False,False
2004-03-24,3.73,1.5,0.93,2.23,2.8,False,False
2004-03-25,3.75,1.51,0.94,2.24,2.81,False,False
2004-03-26,3.85,1.59,0.95,2.26,2.9000000000000004,False,False
2004-03-29,3.91,1.63,0.96,2.2800000000000002,2.95,False,False
2004-03-30,3.91,1.63,0.96,2.2800000000000002,2.95,False,False
2004-03-31,3.86,1.6,0.95,2.26,2.91,False,False
2004-04-01,3.91,1.65,0.93,2.2600000000000002,2.98,False,False
2004-04-02,4.15,1.86,0.95,2.29,3.2,False,False
2004-04-05,4.24,1.91,0.94,2.33,3.3000000000000003,False,False
2004-04-06,4.19,1.86,0.94,2.33,3.2500000000000004,False,False
2004-04-07,4.19,1.87,0.95,2.3200000000000003,3.24,False,False
2004-04-08,4.21,1.88,0.93,2.33,3.28,False,False
2004-04-09,4.21,1.88,0.93,2.33,3.28,False,False
2004-04-12,4.25,1.91,0.94,2.34,3.31,False,False
2004-04-13,4.35,2.01,0.94,2.34,3.4099999999999997,False,False
2004-04-14,4.4,2.13,0.95,2.2700000000000005,3.45,False,False
2004-04-15,4.42,2.1,0.95,2.32,3.4699999999999998,False,False
2004-04-16,4.37,2.03,0.94,2.3400000000000003,3.43,False,False
2004-04-19,4.39,2.07,0.96,2.32,3.4299999999999997,False,False
2004-04-20,4.43,2.11,0.97,2.32,3.46,False,False
2004-04-21,4.45,2.22,0.99,2.23,3.46,False,False
2004-04-22,4.4,2.15,0.97,2.2500000000000004,3.4300000000000006,False,False
2004-04-23,4.48,2.29,0.98,2.1900000000000004,3.5000000000000004,False,False
2004-04-26,4.46,2.28,0.99,2.18,3.4699999999999998,False,False
2004-04-27,4.43,2.21,0.98,2.2199999999999998,3.4499999999999997,False,False
2004-04-28,4.5,2.3,0.97,2.2,3.5300000000000002,False,False
2004-04-29,4.55,2.34,0.97,2.21,3.58,False,False
2004-04-30,4.53,2.31,0.98,2.22,3.5500000000000003,False,False
2004-05-03,4.53,2.34,1.0,2.1900000000000004,3.5300000000000002,False,False
2004-05-04,4.56,2.32,1.0,2.2399999999999998,3.5599999999999996,False,False
2004-05-05,4.61,2.34,0.99,2.2700000000000005,3.62,False,False
2004-05-06,4.63,2.39,1.0,2.2399999999999998,3.63,False,False
2004-05-07,4.79,2.64,1.07,2.15,3.7199999999999998,False,False
2004-05-10,4.81,2.61,1.08,2.1999999999999997,3.7299999999999995,False,False
2004-05-11,4.79,2.61,1.05,2.18,3.74,False,False
2004-05-12,4.83,2.62,1.04,2.21,3.79,False,False
2004-05-13,4.85,2.67,1.0,2.1799999999999997,3.8499999999999996,False,False
2004-05-14,4.79,2.59,0.99,2.2,3.8,False,False
2004-05-17,4.7,2.51,1.06,2.1900000000000004,3.64,False,False
2004-05-18,4.74,2.58,1.05,2.16,3.6900000000000004,False,False
2004-05-19,4.79,2.61,1.04,2.18,3.75,False,False
2004-05-20,4.72,2.55,1.03,2.17,3.6899999999999995,False,False
2004-05-21,4.76,2.6,1.03,2.1599999999999997,3.7299999999999995,False,False
2004-05-24,4.75,2.59,1.07,2.16,3.6799999999999997,False,False
2004-05-25,4.73,2.58,1.07,2.1500000000000004,3.66,False,False
2004-05-26,4.67,2.52,1.08,2.15,3.59,False,False
2004-05-27,4.6,2.46,1.06,2.1399999999999997,3.5399999999999996,False,False
2004-05-28,4.66,2.54,1.08,2.12,3.58,False,False
2004-05-31,4.66,2.54,1.08,2.12,3.58,False,False
2004-06-01,4.71,2.6,1.17,2.11,3.54,False,False
2004-06-02,4.74,2.65,1.17,2.0900000000000003,3.5700000000000003,False,False
2004-06-03,4.71,2.63,1.17,2.08,3.54,False,False
2004-06-04,4.78,2.7,1.21,2.08,3.5700000000000003,False,False
2004-06-07,4.78,2.67,1.24,2.1100000000000003,3.54,False,False
2004-06-08,4.78,2.73,1.27,2.0500000000000003,3.5100000000000002,False,False
2004-06-09,4.82,2.79,1.27,2.0300000000000002,3.5500000000000003,False,False
2004-06-10,4.81,2.81,1.3,1.9999999999999996,3.51,False,False
2004-06-11,4.81,2.81,1.3,1.9999999999999996,3.51,False,False
2004-06-14,4.89,2.97,1.41,1.9199999999999995,3.4799999999999995,False,False
2004-06-15,4.69,2.77,1.34,1.9200000000000004,3.3500000000000005,False,False
2004-06-16,4.74,2.84,1.3,1.9000000000000004,3.4400000000000004,False,False
2004-06-17,4.71,2.81,1.28,1.9,3.4299999999999997,False,False
2004-06-18,4.72,2.81,1.29,1.9099999999999997,3.4299999999999997,False,False
2004-06-21,4.7,2.8,1.33,1.9000000000000004,3.37,False,False
2004-06-22,4.72,2.8,1.32,1.92,3.3999999999999995,False,False
2004-06-23,4.71,2.78,1.29,1.9300000000000002,3.42,False,False
2004-06-24,4.66,2.74,1.29,1.92,3.37,False,False
2004-06-25,4.66,2.74,1.31,1.92,3.35,False,False
2004-06-28,4.76,2.86,1.38,1.9,3.38,False,False
2004-06-29,4.7,2.83,1.38,1.87,3.3200000000000003,False,False
2004-06-30,4.62,2.7,1.33,1.92,3.29,False,False
2004-07-01,4.57,2.64,1.22,1.9300000000000002,3.3500000000000005,False,False
2004-07-02,4.48,2.54,1.3,1.9400000000000004,3.1800000000000006,False,False
2004-07-05,4.48,2.54,1.3,1.9400000000000004,3.1800000000000006,False,False
2004-07-06,4.49,2.56,1.34,1.9300000000000002,3.1500000000000004,False,False
2004-07-07,4.5,2.56,1.3,1.94,3.2,False,False
2004-07-08,4.49,2.55,1.27,1.9400000000000004,3.22,False,False
2004-07-09,4.49,2.55,1.28,1.9400000000000004,3.21,False,False
2004-07-12,4.46,2.53,1.34,1.9300000000000002,3.12,False,False
2004-07-13,4.5,2.58,1.34,1.92,3.16,False,False
2004-07-14,4.5,2.62,1.34,1.88,3.16,False,False
2004-07-15,4.5,2.64,1.35,1.8599999999999999,3.15,False,False
2004-07-16,4.38,2.54,1.35,1.8399999999999999,3.03,False,False
2004-07-19,4.38,2.56,1.35,1.8199999999999998,3.03,False,False
2004-07-20,4.47,2.67,1.36,1.7999999999999998,3.1099999999999994,False,False
2004-07-21,4.5,2.71,1.35,1.79,3.15,False,False
2004-07-22,4.48,2.69,1.37,1.7900000000000005,3.1100000000000003,False,False
2004-07-23,4.45,2.69,1.38,1.7600000000000002,3.0700000000000003,False,False
2004-07-26,4.49,2.75,1.45,1.7400000000000002,3.04,False,False
2004-07-27,4.62,2.82,1.46,1.8000000000000003,3.16,False,False
2004-07-28,4.61,2.78,1.46,1.8300000000000005,3.1500000000000004,False,False
2004-07-29,4.6,2.75,1.45,1.8499999999999996,3.1499999999999995,False,False
2004-07-30,4.5,2.68,1.45,1.8199999999999998,3.05,False,False
2004-08-02,4.48,2.66,1.5,1.8200000000000003,2.9800000000000004,False,False
2004-08-03,4.45,2.66,1.48,1.79,2.97,False,False
2004-08-04,4.45,2.66,1.49,1.79,2.96,False,False
2004-08-05,4.43,2.64,1.48,1.7899999999999996,2.9499999999999997,False,False
2004-08-06,4.24,2.4,1.44,1.8400000000000003,2.8000000000000003,False,False
2004-08-09,4.28,2.45,1.51,1.83,2.7700000000000005,False,False
2004-08-10,4.32,2.55,1.5,1.7700000000000005,2.8200000000000003,False,False
2004-08-11,4.3,2.54,1.44,1.7599999999999998,2.86,False,False
2004-08-12,4.27,2.52,1.43,1.7499999999999996,2.84,False,False
2004-08-13,4.22,2.47,1.44,1.7499999999999996,2.78,False,False
2004-08-16,4.26,2.51,1.49,1.75,2.7699999999999996,False,False
2004-08-17,4.21,2.44,1.48,1.77,2.73,False,False
2004-08-18,4.23,2.44,1.49,1.7900000000000005,2.74,False,False
2004-08-19,4.22,2.43,1.48,1.7899999999999996,2.7399999999999998,False,False
2004-08-20,4.24,2.46,1.49,1.7800000000000002,2.75,False,False
2004-08-23,4.28,2.5,1.54,1.7800000000000002,2.74,False,False
2004-08-24,4.28,2.5,1.54,1.7800000000000002,2.74,False,False
2004-08-25,4.26,2.51,1.54,1.75,2.7199999999999998,False,False
2004-08-26,4.22,2.48,1.55,1.7399999999999998,2.67,False,False
2004-08-27,4.23,2.48,1.56,1.7500000000000004,2.6700000000000004,False,False
2004-08-30,4.19,2.47,1.61,1.7200000000000002,2.58,False,False
2004-08-31,4.13,2.41,1.59,1.7199999999999998,2.54,False,False
2004-09-01,4.13,2.41,1.58,1.7199999999999998,2.55,False,False
2004-09-02,4.2,2.46,1.6,1.7400000000000002,2.6,False,False
2004-09-03,4.3,2.61,1.65,1.69,2.65,False,False
2004-09-06,4.3,2.61,1.65,1.69,2.65,False,False
2004-09-07,4.26,2.58,1.66,1.6799999999999997,2.5999999999999996,False,False
2004-09-08,4.18,2.5,1.65,1.6799999999999997,2.53,False,False
2004-09-09,4.22,2.5,1.64,1.7199999999999998,2.58,False,False
2004-09-10,4.19,2.5,1.66,1.6900000000000004,2.5300000000000002,False,False
2004-09-13,4.16,2.5,1.66,1.6600000000000001,2.5,False,False
2004-09-14,4.15,2.47,1.66,1.6800000000000002,2.49,False,False
2004-09-15,4.18,2.51,1.67,1.67,2.51,False,False
2004-09-16,4.08,2.44,1.67,1.6400000000000001,2.41,False,False
2004-09-17,4.14,2.53,1.71,1.6099999999999999,2.4299999999999997,False,False
2004-09-20,4.07,2.46,1.73,1.6100000000000003,2.3400000000000003,False,False
2004-09-21,4.05,2.49,1.72,1.5599999999999996,2.33,False,False
2004-09-22,4.0,2.5,1.71,1.5,2.29,False,False
2004-09-23,4.02,2.57,1.72,1.4499999999999997,2.3,False,False
2004-09-24,4.04,2.62,1.73,1.42,2.31,False,False
2004-09-27,4.01,2.59,1.74,1.42,2.2699999999999996,False,False
2004-09-28,4.02,2.55,1.72,1.4699999999999998,2.3,False,False
2004-09-29,4.1,2.61,1.72,1.4899999999999998,2.38,False,False
2004-09-30,4.14,2.63,1.71,1.5099999999999998,2.4299999999999997,False,False
2004-10-01,4.21,2.63,1.71,1.58,2.5,False,False
2004-10-04,4.19,2.65,1.71,1.5400000000000005,2.4800000000000004,False,False
2004-10-05,4.18,2.65,1.71,1.5299999999999998,2.4699999999999998,False,False
2004-10-06,4.23,2.7,1.71,1.5300000000000002,2.5200000000000005,False,False
2004-10-07,4.26,2.72,1.7,1.5399999999999996,2.5599999999999996,False,False
2004-10-08,4.15,2.61,1.71,1.5400000000000005,2.4400000000000004,False,False
2004-10-11,4.15,2.61,1.71,1.5400000000000005,2.4400000000000004,False,False
2004-10-12,4.12,2.56,1.72,1.56,2.4000000000000004,False,False
2004-10-13,4.09,2.53,1.72,1.56,2.37,False,False
2004-10-14,4.03,2.48,1.74,1.5500000000000003,2.29,False,False
2004-10-15,4.07,2.53,1.76,1.5400000000000005,2.3100000000000005,False,False
2004-10-18,4.07,2.55,1.81,1.5200000000000005,2.2600000000000002,False,False
2004-10-19,4.07,2.57,1.82,1.5000000000000004,2.25,False,False
2004-10-20,4.01,2.53,1.82,1.48,2.1899999999999995,False,False
2004-10-21,4.01,2.57,1.85,1.44,2.1599999999999997,False,False
2004-10-22,4.0,2.55,1.85,1.4500000000000002,2.15,False,False
2004-10-25,3.99,2.54,1.9,1.4500000000000002,2.0900000000000003,False,False
2004-10-26,4.01,2.54,1.91,1.4699999999999998,2.0999999999999996,False,False
2004-10-27,4.11,2.63,1.92,1.4800000000000004,2.1900000000000004,False,False
2004-10-28,4.09,2.59,1.91,1.5,2.1799999999999997,False,False
2004-10-29,4.05,2.56,1.91,1.4899999999999998,2.1399999999999997,False,False
2004-11-01,4.11,2.61,1.99,1.5000000000000004,2.12,False,False
2004-11-02,4.1,2.6,1.97,1.4999999999999996,2.13,False,False
2004-11-03,4.09,2.6,1.96,1.4899999999999998,2.13,False,False
2004-11-04,4.1,2.63,1.98,1.4699999999999998,2.1199999999999997,False,False
2004-11-05,4.21,2.8,2.03,1.4100000000000001,2.18,False,False
2004-11-08,4.22,2.8,2.07,1.42,2.15,False,False
2004-11-09,4.22,2.8,2.08,1.42,2.1399999999999997,False,False
2004-11-10,4.25,2.82,2.08,1.4300000000000002,2.17,False,False
2004-11-11,4.25,2.82,2.08,1.4300000000000002,2.17,False,False
2004-11-12,4.2,2.86,2.08,1.3400000000000003,2.12,False,False
2004-11-15,4.2,2.89,2.12,1.31,2.08,False,False
2004-11-16,4.21,2.91,2.14,1.2999999999999998,2.07,False,False
2004-11-17,4.14,2.85,2.13,1.2899999999999996,2.01,False,False
2004-11-18,4.12,2.86,2.13,1.2600000000000002,1.9900000000000002,False,False
2004-11-19,4.2,2.95,2.15,1.25,2.0500000000000003,False,False
2004-11-22,4.18,2.95,2.2,1.2299999999999995,1.9799999999999995,False,False
2004-11-23,4.19,2.98,2.19,1.2100000000000004,2.0000000000000004,False,False
2004-11-24,4.2,3.01,2.18,1.1900000000000004,2.02,False,False
2004-11-25,4.2,3.01,2.18,1.1900000000000004,2.02,False,False
2004-11-26,4.24,3.03,2.21,1.2100000000000004,2.0300000000000002,False,False
2004-11-29,4.34,3.07,2.23,1.27,2.11,False,False
2004-11-30,4.36,3.02,2.23,1.3400000000000003,2.1300000000000003,False,False
2004-12-01,4.38,3.01,2.22,1.37,2.1599999999999997,False,False
2004-12-02,4.4,3.04,2.22,1.3600000000000003,2.18,False,False
2004-12-03,4.27,2.94,2.21,1.3299999999999996,2.0599999999999996,False,False
2004-12-06,4.24,2.93,2.25,1.31,1.9900000000000002,False,False
2004-12-07,4.23,2.95,2.25,1.2800000000000002,1.9800000000000004,False,False
2004-12-08,4.14,2.91,2.24,1.2299999999999995,1.8999999999999995,False,False
2004-12-09,4.19,2.93,2.24,1.2600000000000002,1.9500000000000002,False,False
2004-12-10,4.16,2.95,2.25,1.21,1.9100000000000001,False,False
2004-12-13,4.16,2.98,2.24,1.1800000000000002,1.92,False,False
2004-12-14,4.14,2.99,2.21,1.1499999999999995,1.9299999999999997,False,False
2004-12-15,4.09,2.97,2.21,1.1199999999999997,1.88,False,False
2004-12-16,4.19,3.01,2.2,1.1800000000000006,1.9900000000000002,False,False
2004-12-17,4.21,3.03,2.2,1.1800000000000002,2.01,False,False
2004-12-20,4.21,3.06,2.22,1.15,1.9899999999999998,False,False
2004-12-21,4.18,3.05,2.2,1.13,1.9799999999999995,False,False
2004-12-22,4.21,3.04,2.18,1.17,2.03,False,False
2004-12-23,4.23,3.02,2.19,1.2100000000000004,2.0400000000000005,False,False
2004-12-24,4.23,3.02,2.19,1.2100000000000004,2.0400000000000005,False,False
2004-12-27,4.3,3.07,2.26,1.23,2.04,False,False
2004-12-28,4.31,3.08,2.25,1.2299999999999995,2.0599999999999996,False,False
2004-12-29,4.33,3.12,2.22,1.21,2.11,False,False
2004-12-30,4.27,3.1,2.22,1.1699999999999995,2.0499999999999994,False,False
2004-12-31,4.24,3.08,2.22,1.1600000000000001,2.02,False,False
2005-01-03,4.23,3.1,2.32,1.1300000000000003,1.9100000000000006,False,False
2005-01-04,4.29,3.2,2.33,1.0899999999999999,1.96,False,False
2005-01-05,4.29,3.22,2.33,1.0699999999999998,1.96,False,False
2005-01-06,4.29,3.18,2.31,1.1099999999999999,1.98,False,False
2005-01-07,4.29,3.2,2.32,1.0899999999999999,1.9700000000000002,False,False
2005-01-10,4.29,3.23,2.36,1.06,1.9300000000000002,False,False
2005-01-11,4.26,3.24,2.34,1.0199999999999996,1.92,False,False
2005-01-12,4.25,3.22,2.34,1.0299999999999998,1.9100000000000001,False,False
2005-01-13,4.2,3.21,2.35,0.9900000000000002,1.85,False,False
2005-01-14,4.23,3.24,2.37,0.9900000000000002,1.8600000000000003,False,False
2005-01-17,4.23,3.24,2.37,0.9900000000000002,1.8600000000000003,False,False
2005-01-18,4.21,3.26,2.39,0.9500000000000002,1.8199999999999998,False,False
2005-01-19,4.2,3.26,2.37,0.9400000000000004,1.83,False,False
2005-01-20,4.17,3.21,2.35,0.96,1.8199999999999998,False,False
2005-01-21,4.16,3.16,2.36,1.0,1.8000000000000003,False,False
2005-01-24,4.14,3.2,2.37,0.9399999999999995,1.7699999999999996,False,False
2005-01-25,4.2,3.23,2.39,0.9700000000000002,1.81,False,False
2005-01-26,4.21,3.27,2.41,0.94,1.7999999999999998,False,False
2005-01-27,4.22,3.28,2.44,0.94,1.7799999999999998,False,False
2005-01-28,4.16,3.25,2.46,0.9100000000000001,1.7000000000000002,False,False
2005-01-31,4.14,3.29,2.51,0.8499999999999996,1.63,False,False
2005-02-01,4.15,3.29,2.51,0.8600000000000003,1.6400000000000006,False,False
2005-02-02,4.15,3.32,2.51,0.8300000000000005,1.6400000000000006,False,False
2005-02-03,4.18,3.34,2.48,0.8399999999999999,1.6999999999999997,False,False
2005-02-04,4.09,3.29,2.47,0.7999999999999998,1.6199999999999997,False,False
2005-02-07,4.07,3.31,2.51,0.7600000000000002,1.5600000000000005,False,False
2005-02-08,4.05,3.33,2.49,0.7199999999999998,1.5599999999999996,False,False
2005-02-09,4.0,3.24,2.51,0.7599999999999998,1.4900000000000002,False,False
2005-02-10,4.07,3.29,2.51,0.7800000000000002,1.5600000000000005,False,False
2005-02-11,4.1,3.34,2.55,0.7599999999999998,1.5499999999999998,False,False
2005-02-14,4.08,3.38,2.59,0.7000000000000002,1.4900000000000002,False,False
2005-02-15,4.1,3.37,2.59,0.7299999999999995,1.5099999999999998,False,False
2005-02-16,4.16,3.41,2.57,0.75,1.5900000000000003,False,False
2005-02-17,4.19,3.38,2.58,0.8100000000000005,1.6100000000000003,False,False
2005-02-18,4.27,3.45,2.61,0.8199999999999994,1.6599999999999997,False,False
2005-02-21,4.27,3.45,2.61,0.8199999999999994,1.6599999999999997,False,False
2005-02-22,4.29,3.46,2.67,0.8300000000000001,1.62,False,False
2005-02-23,4.27,3.46,2.67,0.8099999999999996,1.5999999999999996,False,False
2005-02-24,4.29,3.52,2.69,0.77,1.6,False,False
2005-02-25,4.27,3.54,2.74,0.7299999999999995,1.5299999999999994,False,False
2005-02-28,4.36,3.59,2.76,0.7700000000000005,1.6000000000000005,False,False
2005-03-01,4.38,3.59,2.75,0.79,1.63,False,False
2005-03-02,4.38,3.57,2.74,0.81,1.6399999999999997,False,False
2005-03-03,4.39,3.59,2.76,0.7999999999999998,1.63,False,False
2005-03-04,4.32,3.57,2.76,0.7500000000000004,1.5600000000000005,False,False
2005-03-07,4.31,3.61,2.76,0.6999999999999997,1.5499999999999998,False,False
2005-03-08,4.38,3.62,2.75,0.7599999999999998,1.63,False,False
2005-03-09,4.52,3.66,2.76,0.8599999999999994,1.7599999999999998,False,False
2005-03-10,4.48,3.68,2.75,0.8000000000000003,1.7300000000000004,False,False
2005-03-11,4.56,3.73,2.76,0.8299999999999996,1.7999999999999998,False,False
2005-03-14,4.52,3.75,2.8,0.7699999999999996,1.7199999999999998,False,False
2005-03-15,4.54,3.75,2.81,0.79,1.73,False,False
2005-03-16,4.52,3.72,2.8,0.7999999999999994,1.7199999999999998,False,False
2005-03-17,4.47,3.7,2.79,0.7699999999999996,1.6799999999999997,False,False
2005-03-18,4.51,3.72,2.81,0.7899999999999996,1.6999999999999997,False,False
2005-03-21,4.53,3.72,2.85,0.81,1.6800000000000002,False,False
2005-03-22,4.63,3.86,2.89,0.77,1.7399999999999998,False,False
2005-03-23,4.61,3.84,2.83,0.7700000000000005,1.7800000000000002,False,False
2005-03-24,4.6,3.88,2.84,0.7199999999999998,1.7599999999999998,False,False
2005-03-25,4.6,3.88,2.84,0.7199999999999998,1.7599999999999998,False,False
2005-03-28,4.64,3.9,2.84,0.7399999999999998,1.7999999999999998,False,False
2005-03-29,4.6,3.87,2.84,0.7299999999999995,1.7599999999999998,False,False
2005-03-30,4.56,3.86,2.83,0.6999999999999997,1.7299999999999995,False,False
2005-03-31,4.5,3.8,2.79,0.7000000000000002,1.71,False,False
2005-04-01,4.46,3.75,2.8,0.71,1.6600000000000001,False,False
2005-04-04,4.47,3.74,2.8,0.7299999999999995,1.67,False,False
2005-04-05,4.48,3.75,2.79,0.7300000000000004,1.6900000000000004,False,False
2005-04-06,4.44,3.7,2.76,0.7400000000000002,1.6800000000000006,False,False
2005-04-07,4.49,3.72,2.77,0.77,1.7200000000000002,False,False
2005-04-08,4.5,3.77,2.79,0.73,1.71,False,False
2005-04-11,4.45,3.75,2.76,0.7000000000000002,1.6900000000000004,False,False
2005-04-12,4.38,3.71,2.76,0.6699999999999999,1.62,False,False
2005-04-13,4.38,3.66,2.77,0.7199999999999998,1.6099999999999999,False,False
2005-04-14,4.37,3.6,2.78,0.77,1.5900000000000003,False,False
2005-04-15,4.27,3.54,2.79,0.7299999999999995,1.4799999999999995,False,False
2005-04-18,4.27,3.55,2.9,0.7199999999999998,1.3699999999999997,False,False
2005-04-19,4.21,3.5,2.91,0.71,1.2999999999999998,False,False
2005-04-20,4.22,3.52,2.87,0.6999999999999997,1.3499999999999996,False,False
2005-04-21,4.32,3.65,2.88,0.6700000000000004,1.4400000000000004,False,False
2005-04-22,4.26,3.62,2.93,0.6399999999999997,1.3299999999999996,False,False
2005-04-25,4.26,3.64,2.93,0.6199999999999997,1.3299999999999996,False,False
2005-04-26,4.28,3.67,2.91,0.6100000000000003,1.37,False,False
2005-04-27,4.25,3.64,2.89,0.6099999999999999,1.3599999999999999,False,False
2005-04-28,4.19,3.59,2.88,0.6000000000000005,1.3100000000000005,False,False
2005-04-29,4.21,3.66,2.9,0.5499999999999998,1.31,False,False
2005-05-02,4.21,3.64,2.93,0.5699999999999998,1.2799999999999998,False,False
2005-05-03,4.21,3.68,2.91,0.5299999999999998,1.2999999999999998,False,False
2005-05-04,4.2,3.63,2.87,0.5700000000000003,1.33,False,False
2005-05-05,4.19,3.58,2.81,0.6100000000000003,1.3800000000000003,False,False
2005-05-06,4.28,3.73,2.87,0.5500000000000003,1.4100000000000001,False,False
2005-05-09,4.29,3.76,2.91,0.5300000000000002,1.38,False,False
2005-05-10,4.23,3.69,2.9,0.5400000000000005,1.3300000000000005,False,False
2005-05-11,4.21,3.68,2.87,0.5299999999999998,1.3399999999999999,False,False
2005-05-12,4.18,3.66,2.88,0.5199999999999996,1.2999999999999998,False,False
2005-05-13,4.12,3.61,2.83,0.5100000000000002,1.29,False,False
2005-05-16,4.13,3.61,2.89,0.52,1.2399999999999998,False,False
2005-05-17,4.12,3.61,2.88,0.5100000000000002,1.2400000000000002,False,False
2005-05-18,4.07,3.56,2.86,0.5100000000000002,1.2100000000000004,False,False
2005-05-19,4.11,3.64,2.87,0.4700000000000002,1.2400000000000002,False,False
2005-05-20,4.13,3.69,2.9,0.43999999999999995,1.23,False,False
2005-05-23,4.07,3.65,2.97,0.4200000000000004,1.1,False,False
2005-05-24,4.04,3.61,2.94,0.43000000000000016,1.1,False,False
2005-05-25,4.08,3.61,2.95,0.4700000000000002,1.13,False,False
2005-05-26,4.08,3.64,2.94,0.43999999999999995,1.1400000000000001,False,False
2005-05-27,4.08,3.64,2.97,0.43999999999999995,1.1099999999999999,False,False
2005-05-30,4.08,3.64,2.97,0.43999999999999995,1.1099999999999999,False,False
2005-05-31,4.0,3.6,2.99,0.3999999999999999,1.0099999999999998,False,False
2005-06-01,3.91,3.5,2.97,0.41000000000000014,0.94,False,False
2005-06-02,3.89,3.52,2.97,0.3700000000000001,0.9199999999999999,False,False
2005-06-03,3.98,3.57,3.01,0.41000000000000014,0.9700000000000002,False,False
2005-06-06,3.96,3.59,3.02,0.3700000000000001,0.94,False,False
2005-06-07,3.92,3.57,3.02,0.3500000000000001,0.8999999999999999,False,False
2005-06-08,3.95,3.6,3.02,0.3500000000000001,0.9300000000000002,False,False
2005-06-09,3.98,3.64,2.99,0.33999999999999986,0.9899999999999998,False,False
2005-06-10,4.05,3.71,3.01,0.33999999999999986,1.04,False,False
2005-06-13,4.09,3.71,3.03,0.3799999999999999,1.06,False,False
2005-06-14,4.13,3.71,3.01,0.41999999999999993,1.12,False,False
2005-06-15,4.12,3.72,3.0,0.3999999999999999,1.12,False,False
2005-06-16,4.09,3.7,2.98,0.3899999999999997,1.1099999999999999,False,False
2005-06-17,4.09,3.72,2.99,0.36999999999999966,1.0999999999999996,False,False
2005-06-20,4.11,3.72,3.02,0.3900000000000001,1.0900000000000003,False,False
2005-06-21,4.06,3.71,3.02,0.34999999999999964,1.0399999999999996,False,False
2005-06-22,3.95,3.62,3.03,0.33000000000000007,0.9200000000000004,False,False
2005-06-23,3.96,3.63,3.07,0.33000000000000007,0.8900000000000001,False,False
2005-06-24,3.92,3.59,3.09,0.33000000000000007,0.8300000000000001,False,False
2005-06-27,3.9,3.6,3.15,0.2999999999999998,0.75,False,False
2005-06-28,3.97,3.65,3.14,0.3200000000000003,0.8300000000000001,False,False
2005-06-29,3.99,3.65,3.13,0.3400000000000003,0.8600000000000003,False,False
2005-06-30,3.94,3.66,3.13,0.2799999999999998,0.81,False,False
2005-07-01,4.06,3.76,3.17,0.2999999999999998,0.8899999999999997,False,False
2005-07-04,4.06,3.76,3.17,0.2999999999999998,0.8899999999999997,False,False
2005-07-05,4.11,3.79,3.22,0.3200000000000003,0.8900000000000001,False,False
2005-07-06,4.08,3.77,3.19,0.31000000000000005,0.8900000000000001,False,False
2005-07-07,4.05,3.71,3.15,0.33999999999999986,0.8999999999999999,False,False
2005-07-08,4.11,3.78,3.17,0.3300000000000005,0.9400000000000004,False,False
2005-07-11,4.11,3.81,3.19,0.30000000000000027,0.9200000000000004,False,False
2005-07-12,4.15,3.82,3.21,0.3300000000000005,0.9400000000000004,False,False
2005-07-13,4.17,3.84,3.22,0.33000000000000007,0.9499999999999997,False,False
2005-07-14,4.19,3.86,3.23,0.3300000000000005,0.9600000000000004,False,False
2005-07-15,4.18,3.86,3.26,0.31999999999999984,0.9199999999999999,False,False
2005-07-18,4.22,3.89,3.3,0.3299999999999996,0.9199999999999999,False,False
2005-07-19,4.2,3.88,3.31,0.3200000000000003,0.8900000000000001,False,False
2005-07-20,4.17,3.9,3.3,0.27,0.8700000000000001,False,False
2005-07-21,4.28,3.96,3.35,0.3200000000000003,0.9300000000000002,False,False
2005-07-22,4.23,3.92,3.38,0.3100000000000005,0.8500000000000005,False,False
2005-07-25,4.25,3.95,3.44,0.2999999999999998,0.81,False,False
2005-07-26,4.24,3.95,3.43,0.29000000000000004,0.81,False,False
2005-07-27,4.27,3.99,3.4,0.27999999999999936,0.8699999999999997,False,False
2005-07-28,4.2,3.96,3.41,0.2400000000000002,0.79,False,False
2005-07-29,4.28,4.02,3.42,0.2600000000000007,0.8600000000000003,False,False
2005-08-01,4.32,4.04,3.48,0.28000000000000025,0.8400000000000003,False,False
2005-08-02,4.34,4.06,3.49,0.28000000000000025,0.8499999999999996,False,False
2005-08-03,4.3,4.02,3.46,0.28000000000000025,0.8399999999999999,False,False
2005-08-04,4.32,4.04,3.47,0.28000000000000025,0.8500000000000001,False,False
2005-08-05,4.4,4.11,3.52,0.29000000000000004,0.8800000000000003,False,False
2005-08-08,4.42,4.16,3.54,0.2599999999999998,0.8799999999999999,False,False
2005-08-09,4.41,4.13,3.52,0.28000000000000025,0.8900000000000001,False,False
2005-08-10,4.4,4.13,3.51,0.27000000000000046,0.8900000000000006,False,False
2005-08-11,4.32,4.1,3.51,0.22000000000000064,0.8100000000000005,False,False
2005-08-12,4.24,4.05,3.52,0.1900000000000004,0.7200000000000002,False,False
2005-08-15,4.27,4.08,3.54,0.1899999999999995,0.7299999999999995,False,False
2005-08-16,4.23,4.03,3.54,0.20000000000000018,0.6900000000000004,False,False
2005-08-17,4.28,4.07,3.52,0.20999999999999996,0.7600000000000002,False,False
2005-08-18,4.21,4.01,3.5,0.20000000000000018,0.71,False,False
2005-08-19,4.21,4.03,3.52,0.17999999999999972,0.69,False,False
2005-08-22,4.22,4.03,3.53,0.1899999999999995,0.69,False,False
2005-08-23,4.2,4.01,3.53,0.1900000000000004,0.6700000000000004,False,False
2005-08-24,4.19,3.99,3.53,0.20000000000000018,0.6600000000000006,False,False
2005-08-25,4.18,4.0,3.54,0.17999999999999972,0.6399999999999997,False,False
2005-08-26,4.2,4.06,3.55,0.14000000000000057,0.6500000000000004,False,False
2005-08-29,4.2,4.06,3.54,0.14000000000000057,0.6600000000000001,False,False
2005-08-30,4.16,3.97,3.54,0.18999999999999995,0.6200000000000001,False,False
2005-08-31,4.02,3.84,3.52,0.17999999999999972,0.49999999999999956,False,False
2005-09-01,4.02,3.72,3.48,0.2999999999999994,0.5399999999999996,False,False
2005-09-02,4.03,3.75,3.46,0.28000000000000025,0.5700000000000003,False,False
2005-09-05,4.03,3.75,3.46,0.28000000000000025,0.5700000000000003,False,False
2005-09-06,4.09,3.8,3.52,0.29000000000000004,0.5699999999999998,False,False
2005-09-07,4.15,3.87,3.49,0.28000000000000025,0.6600000000000001,False,False
2005-09-08,4.15,3.87,3.48,0.28000000000000025,0.6700000000000004,False,False
2005-09-09,4.14,3.88,3.49,0.2599999999999998,0.6499999999999995,False,False
2005-09-12,4.18,3.92,3.51,0.2599999999999998,0.6699999999999999,False,False
2005-09-13,4.14,3.88,3.47,0.2599999999999998,0.6699999999999995,False,False
2005-09-14,4.17,3.9,3.42,0.27,0.75,False,False
2005-09-15,4.22,3.9,3.45,0.31999999999999984,0.7699999999999996,False,False
2005-09-16,4.26,3.97,3.5,0.2899999999999996,0.7599999999999998,False,False
2005-09-19,4.25,3.93,3.58,0.31999999999999984,0.6699999999999999,False,False
2005-09-20,4.26,4.0,3.61,0.2599999999999998,0.6499999999999999,False,False
2005-09-21,4.19,3.96,3.41,0.23000000000000043,0.7800000000000002,False,False
2005-09-22,4.19,3.95,3.47,0.2400000000000002,0.7200000000000002,False,False
2005-09-23,4.25,4.02,3.48,0.23000000000000043,0.77,False,False
2005-09-26,4.3,4.07,3.52,0.22999999999999954,0.7799999999999998,False,False
2005-09-27,4.3,4.08,3.49,0.21999999999999975,0.8099999999999996,False,False
2005-09-28,4.26,4.09,3.46,0.16999999999999993,0.7999999999999998,False,False
2005-09-29,4.29,4.13,3.54,0.16000000000000014,0.75,False,False
2005-09-30,4.34,4.18,3.55,0.16000000000000014,0.79,False,False
2005-10-03,4.39,4.21,3.61,0.17999999999999972,0.7799999999999998,False,False
2005-10-04,4.38,4.22,3.63,0.16000000000000014,0.75,False,False
2005-10-05,4.36,4.21,3.58,0.15000000000000036,0.7800000000000002,False,False
2005-10-06,4.37,4.2,3.61,0.16999999999999993,0.7600000000000002,False,False
2005-10-07,4.35,4.18,3.63,0.16999999999999993,0.7199999999999998,False,False
2005-10-10,4.35,4.18,3.63,0.16999999999999993,0.7199999999999998,False,False
2005-10-11,4.39,4.22,3.73,0.16999999999999993,0.6599999999999997,False,False
2005-10-12,4.45,4.24,3.7,0.20999999999999996,0.75,False,False
2005-10-13,4.48,4.24,3.75,0.2400000000000002,0.7300000000000004,False,False
2005-10-14,4.48,4.27,3.78,0.21000000000000085,0.7000000000000006,False,False
2005-10-17,4.5,4.29,3.86,0.20999999999999996,0.6400000000000001,False,False
2005-10-18,4.49,4.27,3.85,0.22000000000000064,0.6400000000000001,False,False
2005-10-19,4.47,4.25,3.86,0.21999999999999975,0.6099999999999999,False,False
2005-10-20,4.46,4.27,3.85,0.1900000000000004,0.6099999999999999,False,False
2005-10-21,4.39,4.22,3.87,0.16999999999999993,0.5199999999999996,False,False
2005-10-24,4.45,4.25,3.92,0.20000000000000018,0.5300000000000002,False,False
2005-10-25,4.54,4.34,3.93,0.20000000000000018,0.6099999999999999,False,False
2005-10-26,4.6,4.38,3.9,0.21999999999999975,0.6999999999999997,False,False
2005-10-27,4.57,4.36,3.88,0.20999999999999996,0.6900000000000004,False,False
2005-10-28,4.58,4.4,3.93,0.17999999999999972,0.6499999999999999,False,False
2005-10-31,4.57,4.4,3.98,0.16999999999999993,0.5900000000000003,False,False
2005-11-01,4.58,4.42,3.96,0.16000000000000014,0.6200000000000001,False,False
2005-11-02,4.61,4.43,3.94,0.1800000000000006,0.6700000000000004,False,False
2005-11-03,4.65,4.47,3.94,0.1800000000000006,0.7100000000000004,False,False
2005-11-04,4.66,4.47,3.98,0.1900000000000004,0.6800000000000002,False,False
2005-11-07,4.65,4.47,3.96,0.1800000000000006,0.6900000000000004,False,False
2005-11-08,4.57,4.43,3.96,0.14000000000000057,0.6100000000000003,False,False
2005-11-09,4.64,4.49,3.99,0.14999999999999947,0.6499999999999995,False,False
2005-11-10,4.55,4.44,3.97,0.10999999999999943,0.5799999999999996,False,False
2005-11-11,4.55,4.44,3.97,0.10999999999999943,0.5799999999999996,False,False
2005-11-14,4.61,4.5,4.02,0.11000000000000032,0.5900000000000007,False,False
2005-11-15,4.56,4.47,4.01,0.08999999999999986,0.5499999999999998,False,False
2005-11-16,4.49,4.42,4.0,0.07000000000000028,0.4900000000000002,False,False
2005-11-17,4.46,4.37,4.01,0.08999999999999986,0.4500000000000002,False,False
2005-11-18,4.5,4.4,4.01,0.09999999999999964,0.4900000000000002,False,False
2005-11-21,4.46,4.39,4.0,0.07000000000000028,0.45999999999999996,False,False
2005-11-22,4.43,4.32,3.93,0.10999999999999943,0.49999999999999956,False,False
2005-11-23,4.47,4.36,3.95,0.10999999999999943,0.5199999999999996,False,False
2005-11-24,4.47,4.36,3.95,0.10999999999999943,0.5199999999999996,False,False
2005-11-25,4.43,4.33,3.95,0.09999999999999964,0.47999999999999954,False,False
2005-11-28,4.41,4.33,3.98,0.08000000000000007,0.43000000000000016,False,False
2005-11-29,4.48,4.4,3.98,0.08000000000000007,0.5000000000000004,False,False
2005-11-30,4.49,4.42,3.95,0.07000000000000028,0.54,False,False
2005-12-01,4.52,4.45,3.97,0.0699999999999994,0.5499999999999994,False,False
2005-12-02,4.52,4.43,3.99,0.08999999999999986,0.5299999999999994,False,False
2005-12-05,4.57,4.47,4.04,0.10000000000000053,0.5300000000000002,False,False
2005-12-06,4.49,4.42,4.04,0.07000000000000028,0.4500000000000002,False,False
2005-12-07,4.52,4.42,4.03,0.09999999999999964,0.4899999999999993,False,False
2005-12-08,4.47,4.37,3.94,0.09999999999999964,0.5299999999999998,False,False
2005-12-09,4.54,4.43,3.94,0.11000000000000032,0.6000000000000001,False,False
2005-12-12,4.56,4.45,3.9,0.10999999999999943,0.6599999999999997,False,False
2005-12-13,4.54,4.43,3.91,0.11000000000000032,0.6299999999999999,False,False
2005-12-14,4.45,4.37,3.89,0.08000000000000007,0.56,False,False
2005-12-15,4.47,4.37,3.93,0.09999999999999964,0.5399999999999996,False,False
2005-12-16,4.45,4.37,3.93,0.08000000000000007,0.52,False,False
2005-12-19,4.45,4.38,3.96,0.07000000000000028,0.4900000000000002,False,False
2005-12-20,4.47,4.42,3.95,0.04999999999999982,0.5199999999999996,False,False
2005-12-21,4.49,4.43,3.98,0.0600000000000005,0.5100000000000002,False,False
2005-12-22,4.44,4.4,3.98,0.040000000000000036,0.4600000000000004,False,False
2005-12-23,4.38,4.37,3.99,0.009999999999999787,0.3899999999999997,False,False
2005-12-26,4.38,4.37,3.99,0.009999999999999787,0.3899999999999997,False,False
2005-12-27,4.34,4.35,3.98,-0.009999999999999787,0.3599999999999999,True,False
2005-12-28,4.38,4.37,3.95,0.009999999999999787,0.4299999999999997,False,False
2005-12-29,4.37,4.38,4.01,-0.009999999999999787,0.3600000000000003,True,False
2005-12-30,4.39,4.41,4.08,-0.020000000000000462,0.3099999999999996,True,False
2006-01-02,4.39,4.41,4.08,-0.020000000000000462,0.3099999999999996,True,False
2006-01-03,4.37,4.34,4.16,0.03000000000000025,0.20999999999999996,False,False
2006-01-04,4.36,4.31,4.19,0.05000000000000071,0.16999999999999993,False,False
2006-01-05,4.36,4.32,4.2,0.040000000000000036,0.16000000000000014,False,False
2006-01-06,4.38,4.36,4.22,0.019999999999999574,0.16000000000000014,False,False
2006-01-09,4.38,4.36,4.23,0.019999999999999574,0.14999999999999947,False,False
2006-01-10,4.43,4.41,4.29,0.019999999999999574,0.13999999999999968,False,False
2006-01-11,4.46,4.44,4.3,0.019999999999999574,0.16000000000000014,False,False
2006-01-12,4.42,4.39,4.32,0.03000000000000025,0.09999999999999964,False,False
2006-01-13,4.36,4.34,4.33,0.020000000000000462,0.03000000000000025,False,False
2006-01-16,4.36,4.34,4.33,0.020000000000000462,0.03000000000000025,False,False
2006-01-17,4.34,4.33,4.38,0.009999999999999787,-0.040000000000000036,False,True
2006-01-18,4.34,4.33,4.35,0.009999999999999787,-0.009999999999999787,False,True
2006-01-19,4.38,4.37,4.35,0.009999999999999787,0.03000000000000025,False,False
2006-01-20,4.37,4.37,4.35,0.0,0.020000000000000462,False,False
2006-01-23,4.36,4.35,4.38,0.010000000000000675,-0.019999999999999574,False,True
2006-01-24,4.4,4.37,4.4,0.03000000000000025,0.0,False,False
2006-01-25,4.49,4.46,4.42,0.03000000000000025,0.07000000000000028,False,False
2006-01-26,4.53,4.49,4.45,0.040000000000000036,0.08000000000000007,False,False
2006-01-27,4.52,4.51,4.45,0.009999999999999787,0.0699999999999994,False,False
2006-01-30,4.54,4.52,4.48,0.020000000000000462,0.05999999999999961,False,False
2006-01-31,4.53,4.54,4.47,-0.009999999999999787,0.0600000000000005,True,False
2006-02-01,4.57,4.59,4.47,-0.019999999999999574,0.10000000000000053,True,False
2006-02-02,4.57,4.59,4.48,-0.019999999999999574,0.08999999999999986,True,False
2006-02-03,4.54,4.59,4.48,-0.04999999999999982,0.05999999999999961,True,False
2006-02-06,4.55,4.62,4.48,-0.07000000000000028,0.0699999999999994,True,False
2006-02-07,4.57,4.61,4.49,-0.040000000000000036,0.08000000000000007,True,False
2006-02-08,4.56,4.64,4.5,-0.08000000000000007,0.05999999999999961,True,False
2006-02-09,4.54,4.66,4.52,-0.1200000000000001,0.020000000000000462,True,False
2006-02-10,4.59,4.69,4.53,-0.10000000000000053,0.05999999999999961,True,False
2006-02-13,4.58,4.68,4.55,-0.09999999999999964,0.03000000000000025,True,False
2006-02-14,4.62,4.69,4.55,-0.07000000000000028,0.07000000000000028,True,False
2006-02-15,4.61,4.71,4.55,-0.09999999999999964,0.0600000000000005,True,False
2006-02-16,4.59,4.69,4.55,-0.10000000000000053,0.040000000000000036,True,False
2006-02-17,4.54,4.66,4.54,-0.1200000000000001,0.0,True,False
2006-02-20,4.54,4.66,4.54,-0.1200000000000001,0.0,True,False
2006-02-21,4.57,4.71,4.56,-0.13999999999999968,0.010000000000000675,True,False
2006-02-22,4.53,4.68,4.57,-0.14999999999999947,-0.040000000000000036,True,True
2006-02-23,4.56,4.72,4.59,-0.16000000000000014,-0.03000000000000025,True,True
2006-02-24,4.58,4.74,4.6,-0.16000000000000014,-0.019999999999999574,True,True
2006-02-27,4.59,4.74,4.62,-0.15000000000000036,-0.03000000000000025,True,True
2006-02-28,4.55,4.69,4.62,-0.14000000000000057,-0.07000000000000028,True,True
2006-03-01,4.59,4.71,4.6,-0.1200000000000001,-0.009999999999999787,True,True
2006-03-02,4.64,4.72,4.62,-0.08000000000000007,0.019999999999999574,True,False
2006-03-03,4.68,4.76,4.62,-0.08000000000000007,0.05999999999999961,True,False
2006-03-06,4.74,4.77,4.6,-0.02999999999999936,0.14000000000000057,True,False
2006-03-07,4.74,4.77,4.6,-0.02999999999999936,0.14000000000000057,True,False
2006-03-08,4.73,4.72,4.58,0.010000000000000675,0.15000000000000036,False,False
2006-03-09,4.74,4.72,4.6,0.020000000000000462,0.14000000000000057,False,False
2006-03-10,4.76,4.74,4.62,0.019999999999999574,0.13999999999999968,False,False
2006-03-13,4.77,4.74,4.61,0.02999999999999936,0.15999999999999925,False,False
2006-03-14,4.71,4.66,4.59,0.04999999999999982,0.1200000000000001,False,False
2006-03-15,4.73,4.69,4.63,0.040000000000000036,0.10000000000000053,False,False
2006-03-16,4.65,4.62,4.62,0.03000000000000025,0.03000000000000025,False,False
2006-03-17,4.68,4.65,4.64,0.02999999999999936,0.040000000000000036,False,False
2006-03-20,4.66,4.65,4.66,0.009999999999999787,0.0,False,False
2006-03-21,4.71,4.72,4.69,-0.009999999999999787,0.019999999999999574,True,False
2006-03-22,4.7,4.74,4.69,-0.040000000000000036,0.009999999999999787,True,False
2006-03-23,4.73,4.77,4.67,-0.03999999999999915,0.0600000000000005,True,False
2006-03-24,4.67,4.72,4.65,-0.04999999999999982,0.019999999999999574,True,False
2006-03-27,4.7,4.72,4.63,-0.019999999999999574,0.07000000000000028,True,False
2006-03-28,4.79,4.81,4.65,-0.019999999999999574,0.13999999999999968,True,False
2006-03-29,4.81,4.82,4.63,-0.010000000000000675,0.17999999999999972,True,False
2006-03-30,4.86,4.84,4.61,0.020000000000000462,0.25,False,False
2006-03-31,4.86,4.82,4.63,0.040000000000000036,0.23000000000000043,False,False
2006-04-03,4.88,4.86,4.67,0.019999999999999574,0.20999999999999996,False,False
2006-04-04,4.87,4.84,4.68,0.03000000000000025,0.1900000000000004,False,False
2006-04-05,4.84,4.81,4.67,0.03000000000000025,0.16999999999999993,False,False
2006-04-06,4.9,4.84,4.68,0.0600000000000005,0.22000000000000064,False,False
2006-04-07,4.97,4.89,4.69,0.08000000000000007,0.27999999999999936,False,False
2006-04-10,4.97,4.89,4.69,0.08000000000000007,0.27999999999999936,False,False
2006-04-11,4.93,4.88,4.7,0.04999999999999982,0.22999999999999954,False,False
2006-04-12,4.98,4.91,4.7,0.07000000000000028,0.28000000000000025,False,False
2006-04-13,5.05,4.96,4.7,0.08999999999999986,0.34999999999999964,False,False
2006-04-14,5.05,4.96,4.7,0.08999999999999986,0.34999999999999964,False,False
2006-04-17,5.01,4.91,4.72,0.09999999999999964,0.29000000000000004,False,False
2006-04-18,4.99,4.84,4.72,0.15000000000000036,0.27000000000000046,False,False
2006-04-19,5.04,4.86,4.73,0.17999999999999972,0.3099999999999996,False,False
2006-04-20,5.04,4.89,4.73,0.15000000000000036,0.3099999999999996,False,False
2006-04-21,5.01,4.9,4.75,0.10999999999999943,0.2599999999999998,False,False
2006-04-24,4.99,4.89,4.75,0.10000000000000053,0.2400000000000002,False,False
2006-04-25,5.07,4.95,4.79,0.1200000000000001,0.28000000000000025,False,False
2006-04-26,5.12,4.99,4.79,0.1299999999999999,0.33000000000000007,False,False
2006-04-27,5.09,4.91,4.78,0.17999999999999972,0.3099999999999996,False,False
2006-04-28,5.07,4.87,4.77,0.20000000000000018,0.3000000000000007,False,False
2006-05-01,5.14,4.94,4.82,0.1999999999999993,0.3199999999999994,False,False
2006-05-02,5.12,4.92,4.81,0.20000000000000018,0.3100000000000005,False,False
2006-05-03,5.15,4.94,4.82,0.20999999999999996,0.33000000000000007,False,False
2006-05-04,5.16,4.97,4.8,0.1900000000000004,0.3600000000000003,False,False
2006-05-05,5.12,4.94,4.83,0.17999999999999972,0.29000000000000004,False,False
2006-05-08,5.12,4.97,4.87,0.15000000000000036,0.25,False,False
2006-05-09,5.13,4.97,4.88,0.16000000000000014,0.25,False,False
2006-05-10,5.13,5.01,4.88,0.1200000000000001,0.25,False,False
2006-05-11,5.14,4.99,4.82,0.14999999999999947,0.3199999999999994,False,False
2006-05-12,5.19,5.01,4.85,0.1800000000000006,0.34000000000000075,False,False
2006-05-15,5.15,4.99,4.86,0.16000000000000014,0.29000000000000004,False,False
2006-05-16,5.1,4.96,4.83,0.13999999999999968,0.2699999999999996,False,False
2006-05-17,5.16,4.97,4.83,0.1900000000000004,0.33000000000000007,False,False
2006-05-18,5.08,4.94,4.83,0.13999999999999968,0.25,False,False
2006-05-19,5.05,4.96,4.82,0.08999999999999986,0.22999999999999954,False,False
2006-05-22,5.04,4.94,4.83,0.09999999999999964,0.20999999999999996,False,False
2006-05-23,5.07,4.97,4.84,0.10000000000000053,0.23000000000000043,False,False
2006-05-24,5.03,4.94,4.82,0.08999999999999986,0.20999999999999996,False,False
2006-05-25,5.07,4.98,4.82,0.08999999999999986,0.25,False,False
2006-05-26,5.06,4.96,4.84,0.09999999999999964,0.21999999999999975,False,False
2006-05-29,5.06,4.96,4.84,0.09999999999999964,0.21999999999999975,False,False
2006-05-30,5.09,4.99,4.84,0.09999999999999964,0.25,False,False
2006-05-31,5.12,5.04,4.86,0.08000000000000007,0.2599999999999998,False,False
2006-06-01,5.11,5.04,4.83,0.07000000000000028,0.28000000000000025,False,False
2006-06-02,5.0,4.92,4.81,0.08000000000000007,0.1900000000000004,False,False
2006-06-05,5.02,4.99,4.85,0.02999999999999936,0.16999999999999993,False,False
2006-06-06,5.01,4.99,4.86,0.019999999999999574,0.14999999999999947,False,False
2006-06-07,5.02,5.02,4.86,0.0,0.15999999999999925,False,False
2006-06-08,5.0,5.01,4.87,-0.009999999999999787,0.1299999999999999,True,False
2006-06-09,4.98,5.01,4.88,-0.02999999999999936,0.10000000000000053,True,False
2006-06-12,4.99,5.02,4.93,-0.02999999999999936,0.0600000000000005,True,False
2006-06-13,4.97,5.02,4.89,-0.04999999999999982,0.08000000000000007,True,False
2006-06-14,5.05,5.11,4.9,-0.0600000000000005,0.14999999999999947,True,False
2006-06-15,5.1,5.14,4.85,-0.040000000000000036,0.25,True,False
2006-06-16,5.13,5.16,4.88,-0.03000000000000025,0.25,True,False
2006-06-19,5.14,5.19,4.93,-0.05000000000000071,0.20999999999999996,True,False
2006-06-20,5.15,5.19,4.92,-0.040000000000000036,0.23000000000000043,True,False
2006-06-21,5.16,5.2,4.92,-0.040000000000000036,0.2400000000000002,True,False
2006-06-22,5.2,5.23,4.92,-0.03000000000000025,0.28000000000000025,True,False
2006-06-23,5.23,5.27,4.98,-0.03999999999999915,0.25,True,False
2006-06-26,5.25,5.27,5.03,-0.019999999999999574,0.21999999999999975,True,False
2006-06-27,5.21,5.24,5.05,-0.03000000000000025,0.16000000000000014,True,False
2006-06-28,5.25,5.29,5.01,-0.040000000000000036,0.2400000000000002,True,False
2006-06-29,5.22,5.21,5.01,0.009999999999999787,0.20999999999999996,False,False
2006-06-30,5.15,5.16,5.01,-0.009999999999999787,0.14000000000000057,True,False
2006-07-03,5.15,5.17,5.08,-0.019999999999999574,0.07000000000000028,True,False
2006-07-04,5.15,5.17,5.08,-0.019999999999999574,0.07000000000000028,True,False
2006-07-05,5.23,5.24,5.01,-0.009999999999999787,0.22000000000000064,True,False
2006-07-06,5.19,5.22,5.0,-0.02999999999999936,0.1900000000000004,True,False
2006-07-07,5.14,5.17,5.02,-0.03000000000000025,0.1200000000000001,True,False
2006-07-10,5.13,5.17,5.06,-0.040000000000000036,0.07000000000000028,True,False
2006-07-11,5.1,5.17,5.05,-0.07000000000000028,0.04999999999999982,True,False
2006-07-12,5.1,5.17,5.06,-0.07000000000000028,0.040000000000000036,True,False
2006-07-13,5.08,5.12,5.05,-0.040000000000000036,0.03000000000000025,True,False
2006-07-14,5.07,5.08,5.06,-0.009999999999999787,0.010000000000000675,True,False
2006-07-17,5.07,5.12,5.11,-0.04999999999999982,-0.040000000000000036,True,True
2006-07-18,5.13,5.19,5.13,-0.0600000000000005,0.0,True,False
2006-07-19,5.06,5.12,5.11,-0.0600000000000005,-0.05000000000000071,True,True
2006-07-20,5.03,5.06,5.08,-0.02999999999999936,-0.04999999999999982,True,True
2006-07-21,5.05,5.08,5.1,-0.03000000000000025,-0.04999999999999982,True,True
2006-07-24,5.05,5.1,5.1,-0.04999999999999982,-0.04999999999999982,True,True
2006-07-25,5.07,5.11,5.13,-0.040000000000000036,-0.05999999999999961,True,True
2006-07-26,5.04,5.06,5.11,-0.019999999999999574,-0.07000000000000028,True,True
2006-07-27,5.07,5.07,5.1,0.0,-0.02999999999999936,False,True
2006-07-28,5.0,4.98,5.07,0.019999999999999574,-0.07000000000000028,False,True
2006-07-31,4.99,4.97,5.1,0.020000000000000462,-0.10999999999999943,False,True
2006-08-01,4.99,4.97,5.12,0.020000000000000462,-0.1299999999999999,False,True
2006-08-02,4.96,4.97,5.1,-0.009999999999999787,-0.13999999999999968,True,True
2006-08-03,4.96,4.98,5.11,-0.020000000000000462,-0.15000000000000036,True,True
2006-08-04,4.91,4.91,5.09,0.0,-0.17999999999999972,False,True
2006-08-07,4.93,4.96,5.12,-0.03000000000000025,-0.1900000000000004,True,True
2006-08-08,4.93,4.91,5.1,0.019999999999999574,-0.16999999999999993,False,True
2006-08-09,4.92,4.91,5.07,0.009999999999999787,-0.15000000000000036,False,True
2006-08-10,4.93,4.93,5.05,0.0,-0.1200000000000001,False,True
2006-08-11,4.97,4.96,5.07,0.009999999999999787,-0.10000000000000053,False,True
2006-08-14,5.0,5.01,5.12,-0.009999999999999787,-0.1200000000000001,True,True
2006-08-15,4.93,4.94,5.1,-0.010000000000000675,-0.16999999999999993,True,True
2006-08-16,4.87,4.87,5.07,0.0,-0.20000000000000018,False,True
2006-08-17,4.87,4.89,5.09,-0.019999999999999574,-0.21999999999999975,True,True
2006-08-18,4.84,4.87,5.1,-0.03000000000000025,-0.2599999999999998,True,True
2006-08-21,4.82,4.85,5.11,-0.02999999999999936,-0.29000000000000004,True,True
2006-08-22,4.82,4.87,5.1,-0.04999999999999982,-0.27999999999999936,True,True
2006-08-23,4.82,4.87,5.09,-0.04999999999999982,-0.2699999999999996,True,True
2006-08-24,4.81,4.88,5.09,-0.07000000000000028,-0.28000000000000025,True,True
2006-08-25,4.79,4.86,5.11,-0.07000000000000028,-0.3200000000000003,True,True
2006-08-28,4.8,4.88,5.1,-0.08000000000000007,-0.2999999999999998,True,True
2006-08-29,4.79,4.87,5.07,-0.08000000000000007,-0.28000000000000025,True,True
2006-08-30,4.76,4.83,5.05,-0.07000000000000028,-0.29000000000000004,True,True
2006-08-31,4.74,4.79,5.05,-0.04999999999999982,-0.3099999999999996,True,True
2006-09-01,4.73,4.77,5.02,-0.03999999999999915,-0.28999999999999915,True,True
2006-09-04,4.73,4.77,5.02,-0.03999999999999915,-0.28999999999999915,True,True
2006-09-05,4.78,4.8,5.0,-0.019999999999999574,-0.21999999999999975,True,True
2006-09-06,4.8,4.82,4.97,-0.020000000000000462,-0.16999999999999993,True,True
2006-09-07,4.8,4.82,4.97,-0.020000000000000462,-0.16999999999999993,True,True
2006-09-08,4.78,4.8,4.93,-0.019999999999999574,-0.14999999999999947,True,True
2006-09-11,4.8,4.83,4.93,-0.03000000000000025,-0.1299999999999999,True,True
2006-09-12,4.78,4.82,4.9,-0.040000000000000036,-0.1200000000000001,True,True
2006-09-13,4.77,4.8,4.91,-0.03000000000000025,-0.14000000000000057,True,True
2006-09-14,4.79,4.83,4.95,-0.040000000000000036,-0.16000000000000014,True,True
2006-09-15,4.8,4.87,4.96,-0.07000000000000028,-0.16000000000000014,True,True
2006-09-18,4.81,4.88,4.94,-0.07000000000000028,-0.13000000000000078,True,True
2006-09-19,4.74,4.79,4.94,-0.04999999999999982,-0.20000000000000018,True,True
2006-09-20,4.73,4.81,4.93,-0.07999999999999918,-0.1999999999999993,True,True
2006-09-21,4.65,4.71,4.92,-0.05999999999999961,-0.2699999999999996,True,True
2006-09-22,4.6,4.67,4.93,-0.07000000000000028,-0.33000000000000007,True,True
2006-09-25,4.56,4.63,4.88,-0.07000000000000028,-0.3200000000000003,True,True
2006-09-26,4.59,4.68,4.88,-0.08999999999999986,-0.29000000000000004,True,True
2006-09-27,4.6,4.66,4.88,-0.0600000000000005,-0.28000000000000025,True,True
2006-09-28,4.63,4.68,4.87,-0.04999999999999982,-0.2400000000000002,True,True
2006-09-29,4.64,4.71,4.89,-0.07000000000000028,-0.25,True,True
2006-10-02,4.62,4.66,4.88,-0.040000000000000036,-0.2599999999999998,True,True
2006-10-03,4.62,4.67,4.9,-0.04999999999999982,-0.28000000000000025,True,True
2006-10-04,4.57,4.6,4.93,-0.02999999999999936,-0.35999999999999943,True,True
2006-10-05,4.61,4.65,4.94,-0.040000000000000036,-0.33000000000000007,True,True
2006-10-06,4.7,4.74,4.95,-0.040000000000000036,-0.25,True,True
2006-10-09,4.7,4.74,4.95,-0.040000000000000036,-0.25,True,True
2006-10-10,4.75,4.82,5.0,-0.07000000000000028,-0.25,True,True
2006-10-11,4.78,4.85,5.02,-0.0699999999999994,-0.23999999999999932,True,True
2006-10-12,4.79,4.85,5.06,-0.05999999999999961,-0.2699999999999996,True,True
2006-10-13,4.81,4.87,5.05,-0.0600000000000005,-0.2400000000000002,True,True
2006-10-16,4.79,4.85,5.09,-0.05999999999999961,-0.2999999999999998,True,True
2006-10-17,4.78,4.83,5.09,-0.04999999999999982,-0.3099999999999996,True,True
2006-10-18,4.77,4.85,5.09,-0.08000000000000007,-0.3200000000000003,True,True
2006-10-19,4.79,4.85,5.1,-0.05999999999999961,-0.3099999999999996,True,True
2006-10-20,4.79,4.87,5.09,-0.08000000000000007,-0.2999999999999998,True,True
2006-10-23,4.83,4.9,5.12,-0.07000000000000028,-0.29000000000000004,True,True
2006-10-24,4.83,4.91,5.13,-0.08000000000000007,-0.2999999999999998,True,True
2006-10-25,4.78,4.88,5.12,-0.09999999999999964,-0.33999999999999986,True,True
2006-10-26,4.73,4.81,5.12,-0.07999999999999918,-0.3899999999999997,True,True
2006-10-27,4.68,4.76,5.11,-0.08000000000000007,-0.4300000000000006,True,True
2006-10-30,4.68,4.78,5.1,-0.10000000000000053,-0.41999999999999993,True,True
2006-10-31,4.61,4.71,5.08,-0.09999999999999964,-0.46999999999999975,True,True
2006-11-01,4.57,4.66,5.07,-0.08999999999999986,-0.5,True,True
2006-11-02,4.6,4.67,5.07,-0.07000000000000028,-0.47000000000000064,True,True
2006-11-03,4.72,4.82,5.09,-0.10000000000000053,-0.3700000000000001,True,True
2006-11-06,4.71,4.82,5.09,-0.11000000000000032,-0.3799999999999999,True,True
2006-11-07,4.66,4.77,5.08,-0.10999999999999943,-0.41999999999999993,True,True
2006-11-08,4.64,4.75,5.1,-0.11000000000000032,-0.45999999999999996,True,True
2006-11-09,4.62,4.75,5.09,-0.1299999999999999,-0.46999999999999975,True,True
2006-11-10,4.59,4.73,5.1,-0.14000000000000057,-0.5099999999999998,True,True
2006-11-13,4.61,4.76,5.09,-0.14999999999999947,-0.47999999999999954,True,True
2006-11-14,4.57,4.74,5.09,-0.16999999999999993,-0.5199999999999996,True,True
2006-11-15,4.61,4.8,5.09,-0.1899999999999995,-0.47999999999999954,True,True
2006-11-16,4.66,4.85,5.09,-0.1899999999999995,-0.4299999999999997,True,True
2006-11-17,4.61,4.76,5.09,-0.14999999999999947,-0.47999999999999954,True,True
2006-11-20,4.6,4.76,5.08,-0.16000000000000014,-0.4800000000000004,True,True
2006-11-21,4.58,4.75,5.07,-0.16999999999999993,-0.4900000000000002,True,True
2006-11-22,4.57,4.74,5.05,-0.16999999999999993,-0.47999999999999954,True,True
2006-11-23,4.57,4.74,5.05,-0.16999999999999993,-0.47999999999999954,True,True
2006-11-24,4.55,4.73,5.04,-0.1800000000000006,-0.4900000000000002,True,True
2006-11-27,4.54,4.71,5.05,-0.16999999999999993,-0.5099999999999998,True,True
2006-11-28,4.51,4.67,5.04,-0.16000000000000014,-0.5300000000000002,True,True
2006-11-29,4.52,4.69,5.04,-0.17000000000000082,-0.5200000000000005,True,True
2006-11-30,4.46,4.62,5.03,-0.16000000000000014,-0.5700000000000003,True,True
2006-12-01,4.43,4.52,5.03,-0.08999999999999986,-0.6000000000000005,True,True
2006-12-04,4.43,4.52,5.01,-0.08999999999999986,-0.5800000000000001,True,True
2006-12-05,4.45,4.52,4.99,-0.0699999999999994,-0.54,True,True
2006-12-06,4.48,4.59,4.99,-0.10999999999999943,-0.5099999999999998,True,True
2006-12-07,4.49,4.58,4.98,-0.08999999999999986,-0.4900000000000002,True,True
2006-12-08,4.56,4.68,4.97,-0.1200000000000001,-0.41000000000000014,True,True
2006-12-11,4.52,4.67,4.93,-0.15000000000000036,-0.41000000000000014,True,True
2006-12-12,4.49,4.61,4.93,-0.1200000000000001,-0.4399999999999995,True,True
2006-12-13,4.58,4.7,4.94,-0.1200000000000001,-0.3600000000000003,True,True
2006-12-14,4.6,4.73,4.96,-0.13000000000000078,-0.3600000000000003,True,True
2006-12-15,4.6,4.73,4.91,-0.13000000000000078,-0.3100000000000005,True,True
2006-12-18,4.6,4.71,4.96,-0.11000000000000032,-0.3600000000000003,True,True
2006-12-19,4.6,4.71,4.96,-0.11000000000000032,-0.3600000000000003,True,True
2006-12-20,4.6,4.71,4.96,-0.11000000000000032,-0.3600000000000003,True,True
2006-12-21,4.55,4.66,4.97,-0.11000000000000032,-0.41999999999999993,True,True
2006-12-22,4.63,4.71,4.99,-0.08000000000000007,-0.3600000000000003,True,True
2006-12-25,4.63,4.71,4.99,-0.08000000000000007,-0.3600000000000003,True,True
2006-12-26,4.61,4.71,4.99,-0.09999999999999964,-0.3799999999999999,True,True
2006-12-27,4.66,4.77,4.97,-0.10999999999999943,-0.3099999999999996,True,True
2006-12-28,4.7,4.82,5.0,-0.1200000000000001,-0.2999999999999998,True,True
2006-12-29,4.71,4.82,5.02,-0.11000000000000032,-0.3099999999999996,True,True
2007-01-01,4.71,4.82,5.02,-0.11000000000000032,-0.3099999999999996,True,True
2007-01-02,4.68,4.8,5.07,-0.1200000000000001,-0.39000000000000057,True,True
2007-01-03,4.67,4.76,5.05,-0.08999999999999986,-0.3799999999999999,True,True
2007-01-04,4.62,4.71,5.04,-0.08999999999999986,-0.41999999999999993,True,True
2007-01-05,4.65,4.76,5.05,-0.10999999999999943,-0.39999999999999947,True,True
2007-01-08,4.66,4.78,5.08,-0.1200000000000001,-0.41999999999999993,True,True
2007-01-09,4.66,4.79,5.08,-0.1299999999999999,-0.41999999999999993,True,True
2007-01-10,4.69,4.81,5.09,-0.11999999999999922,-0.39999999999999947,True,True
2007-01-11,4.74,4.86,5.11,-0.1200000000000001,-0.3700000000000001,True,True
2007-01-12,4.77,4.88,5.09,-0.11000000000000032,-0.3200000000000003,True,True
2007-01-15,4.77,4.88,5.09,-0.11000000000000032,-0.3200000000000003,True,True
2007-01-16,4.75,4.86,5.11,-0.11000000000000032,-0.3600000000000003,True,True
2007-01-17,4.79,4.91,5.12,-0.1200000000000001,-0.33000000000000007,True,True
2007-01-18,4.75,4.89,5.12,-0.13999999999999968,-0.3700000000000001,True,True
2007-01-19,4.78,4.93,5.14,-0.14999999999999947,-0.35999999999999943,True,True
2007-01-22,4.76,4.91,5.13,-0.15000000000000036,-0.3700000000000001,True,True
2007-01-23,4.81,4.94,5.14,-0.13000000000000078,-0.33000000000000007,True,True
2007-01-24,4.81,4.93,5.13,-0.1200000000000001,-0.3200000000000003,True,True
2007-01-25,4.87,4.98,5.14,-0.11000000000000032,-0.2699999999999996,True,True
2007-01-26,4.88,4.99,5.13,-0.11000000000000032,-0.25,True,True
2007-01-29,4.9,4.99,5.14,-0.08999999999999986,-0.23999999999999932,True,True
2007-01-30,4.88,4.98,5.13,-0.10000000000000053,-0.25,True,True
2007-01-31,4.83,4.94,5.12,-0.11000000000000032,-0.29000000000000004,True,True
2007-02-01,4.84,4.96,5.13,-0.1200000000000001,-0.29000000000000004,True,True
2007-02-02,4.83,4.94,5.14,-0.11000000000000032,-0.3099999999999996,True,True
2007-02-05,4.81,4.92,5.15,-0.11000000000000032,-0.34000000000000075,True,True
2007-02-06,4.77,4.9,5.14,-0.13000000000000078,-0.3700000000000001,True,True
2007-02-07,4.74,4.87,5.15,-0.1299999999999999,-0.41000000000000014,True,True
2007-02-08,4.73,4.87,5.16,-0.13999999999999968,-0.4299999999999997,True,True
2007-02-09,4.79,4.92,5.15,-0.1299999999999999,-0.3600000000000003,True,True
2007-02-12,4.8,4.94,5.18,-0.14000000000000057,-0.3799999999999999,True,True
2007-02-13,4.82,4.95,5.17,-0.1299999999999999,-0.34999999999999964,True,True
2007-02-14,4.74,4.87,5.16,-0.1299999999999999,-0.41999999999999993,True,True
2007-02-15,4.7,4.83,5.17,-0.1299999999999999,-0.46999999999999975,True,True
2007-02-16,4.69,4.83,5.17,-0.13999999999999968,-0.47999999999999954,True,True
2007-02-19,4.69,4.83,5.17,-0.13999999999999968,-0.47999999999999954,True,True
2007-02-20,4.68,4.81,5.19,-0.1299999999999999,-0.5100000000000007,True,True
2007-02-21,4.69,4.82,5.18,-0.1299999999999999,-0.4899999999999993,True,True
2007-02-22,4.73,4.87,5.19,-0.13999999999999968,-0.45999999999999996,True,True
2007-02-23,4.68,4.82,5.18,-0.14000000000000057,-0.5,True,True
2007-02-26,4.63,4.77,5.19,-0.13999999999999968,-0.5600000000000005,True,True
2007-02-27,4.5,4.59,5.14,-0.08999999999999986,-0.6399999999999997,True,True
2007-02-28,4.56,4.65,5.16,-0.09000000000000075,-0.6000000000000005,True,True
2007-03-01,4.56,4.63,5.15,-0.07000000000000028,-0.5900000000000007,True,True
2007-03-02,4.52,4.56,5.12,-0.040000000000000036,-0.6000000000000005,True,True
2007-03-05,4.51,4.53,5.1,-0.020000000000000462,-0.5899999999999999,True,True
2007-03-06,4.53,4.58,5.14,-0.04999999999999982,-0.6099999999999994,True,True
2007-03-07,4.5,4.54,5.12,-0.040000000000000036,-0.6200000000000001,True,True
2007-03-08,4.51,4.56,5.1,-0.04999999999999982,-0.5899999999999999,True,True
2007-03-09,4.59,4.66,5.1,-0.07000000000000028,-0.5099999999999998,True,True
2007-03-12,4.56,4.62,5.09,-0.0600000000000005,-0.5300000000000002,True,True
2007-03-13,4.5,4.52,5.09,-0.019999999999999574,-0.5899999999999999,True,True
2007-03-14,4.53,4.54,5.06,-0.009999999999999787,-0.5299999999999994,True,True
2007-03-15,4.54,4.57,5.05,-0.03000000000000025,-0.5099999999999998,True,True
2007-03-16,4.55,4.58,5.04,-0.03000000000000025,-0.4900000000000002,True,True
2007-03-19,4.58,4.61,5.06,-0.03000000000000025,-0.47999999999999954,True,True
2007-03-20,4.56,4.6,5.06,-0.040000000000000036,-0.5,True,True
2007-03-21,4.53,4.51,5.05,0.020000000000000462,-0.5199999999999996,False,True
2007-03-22,4.6,4.58,5.06,0.019999999999999574,-0.45999999999999996,False,True
2007-03-23,4.62,4.6,5.08,0.020000000000000462,-0.45999999999999996,False,True
2007-03-26,4.6,4.56,5.06,0.040000000000000036,-0.45999999999999996,False,True
2007-03-27,4.62,4.58,5.08,0.040000000000000036,-0.45999999999999996,False,True
2007-03-28,4.62,4.53,5.06,0.08999999999999986,-0.4399999999999995,False,True
2007-03-29,4.64,4.58,5.05,0.05999999999999961,-0.41000000000000014,False,True
2007-03-30,4.65,4.58,5.04,0.07000000000000028,-0.3899999999999997,False,True
2007-04-02,4.65,4.6,5.04,0.05000000000000071,-0.3899999999999997,False,True
2007-04-03,4.67,4.63,5.05,0.040000000000000036,-0.3799999999999999,False,True
2007-04-04,4.66,4.61,5.07,0.04999999999999982,-0.41000000000000014,False,True
2007-04-05,4.68,4.63,5.04,0.04999999999999982,-0.3600000000000003,False,True
2007-04-06,4.76,4.75,5.05,0.009999999999999787,-0.29000000000000004,False,True
2007-04-09,4.75,4.73,5.02,0.019999999999999574,-0.2699999999999996,False,True
2007-04-10,4.73,4.71,5.03,0.020000000000000462,-0.2999999999999998,False,True
2007-04-11,4.74,4.73,5.04,0.009999999999999787,-0.2999999999999998,False,True
2007-04-12,4.74,4.73,5.03,0.009999999999999787,-0.29000000000000004,False,True
2007-04-13,4.76,4.76,5.02,0.0,-0.2599999999999998,False,True
2007-04-16,4.74,4.74,5.01,0.0,-0.2699999999999996,False,True
2007-04-17,4.69,4.68,5.01,0.010000000000000675,-0.3199999999999994,False,True
2007-04-18,4.66,4.64,5.0,0.020000000000000462,-0.33999999999999986,False,True
2007-04-19,4.68,4.64,4.99,0.040000000000000036,-0.3100000000000005,False,True
2007-04-20,4.68,4.64,4.99,0.040000000000000036,-0.3100000000000005,False,True
2007-04-23,4.66,4.62,4.98,0.040000000000000036,-0.3200000000000003,False,True
2007-04-24,4.63,4.58,4.98,0.04999999999999982,-0.35000000000000053,False,True
2007-04-25,4.66,4.63,4.97,0.03000000000000025,-0.3099999999999996,False,True
2007-04-26,4.69,4.67,4.96,0.020000000000000462,-0.2699999999999996,False,True
2007-04-27,4.71,4.67,4.95,0.040000000000000036,-0.2400000000000002,False,True
2007-04-30,4.63,4.6,4.91,0.03000000000000025,-0.28000000000000025,False,True
2007-05-01,4.64,4.63,4.9,0.009999999999999787,-0.2600000000000007,False,True
2007-05-02,4.65,4.65,4.91,0.0,-0.2599999999999998,False,True
2007-05-03,4.68,4.71,4.9,-0.03000000000000025,-0.22000000000000064,True,True
2007-05-04,4.65,4.68,4.9,-0.02999999999999936,-0.25,True,True
2007-05-07,4.64,4.68,4.89,-0.040000000000000036,-0.25,True,True
2007-05-08,4.63,4.68,4.9,-0.04999999999999982,-0.27000000000000046,True,True
2007-05-09,4.67,4.73,4.88,-0.0600000000000005,-0.20999999999999996,True,True
2007-05-10,4.65,4.7,4.87,-0.04999999999999982,-0.21999999999999975,True,True
2007-05-11,4.67,4.71,4.87,-0.040000000000000036,-0.20000000000000018,True,True
2007-05-14,4.69,4.73,4.85,-0.040000000000000036,-0.15999999999999925,True,True
2007-05-15,4.71,4.75,4.83,-0.040000000000000036,-0.1200000000000001,True,True
2007-05-16,4.71,4.73,4.75,-0.020000000000000462,-0.040000000000000036,True,True
2007-05-17,4.76,4.78,4.81,-0.020000000000000462,-0.04999999999999982,True,True
2007-05-18,4.81,4.82,4.84,-0.010000000000000675,-0.03000000000000025,True,True
2007-05-21,4.79,4.81,4.88,-0.019999999999999574,-0.08999999999999986,True,True
2007-05-22,4.83,4.83,4.93,0.0,-0.09999999999999964,False,True
2007-05-23,4.86,4.85,4.91,0.010000000000000675,-0.04999999999999982,False,True
2007-05-24,4.86,4.85,4.91,0.010000000000000675,-0.04999999999999982,False,True
2007-05-25,4.86,4.85,4.88,0.010000000000000675,-0.019999999999999574,False,True
2007-05-28,4.86,4.85,4.88,0.010000000000000675,-0.019999999999999574,False,True
2007-05-29,4.88,4.88,4.9,0.0,-0.020000000000000462,False,True
2007-05-30,4.88,4.89,4.85,-0.009999999999999787,0.03000000000000025,True,False
2007-05-31,4.9,4.92,4.73,-0.019999999999999574,0.16999999999999993,True,False
2007-06-01,4.95,4.97,4.79,-0.019999999999999574,0.16000000000000014,True,False
2007-06-04,4.93,4.97,4.81,-0.040000000000000036,0.1200000000000001,True,False
2007-06-05,4.98,4.99,4.83,-0.009999999999999787,0.15000000000000036,True,False
2007-06-06,4.97,4.97,4.8,0.0,0.16999999999999993,False,False
2007-06-07,5.11,5.03,4.8,0.08000000000000007,0.3100000000000005,False,False
2007-06-08,5.12,5.01,4.77,0.11000000000000032,0.35000000000000053,False,False
2007-06-11,5.14,5.01,4.73,0.1299999999999999,0.40999999999999925,False,False
2007-06-12,5.26,5.08,4.72,0.17999999999999972,0.54,False,False
2007-06-13,5.2,5.08,4.66,0.1200000000000001,0.54,False,False
2007-06-14,5.23,5.1,4.65,0.13000000000000078,0.5800000000000001,False,False
2007-06-15,5.16,5.05,4.56,0.11000000000000032,0.6000000000000005,False,False
2007-06-18,5.15,5.01,4.63,0.14000000000000057,0.5200000000000005,False,False
2007-06-19,5.09,4.94,4.65,0.14999999999999947,0.4399999999999995,False,False
2007-06-20,5.14,4.97,4.74,0.16999999999999993,0.39999999999999947,False,False
2007-06-21,5.16,4.98,4.7,0.17999999999999972,0.45999999999999996,False,False
2007-06-22,5.14,4.92,4.73,0.21999999999999975,0.40999999999999925,False,False
2007-06-25,5.09,4.87,4.82,0.21999999999999975,0.2699999999999996,False,False
2007-06-26,5.1,4.9,4.82,0.1999999999999993,0.27999999999999936,False,False
2007-06-27,5.09,4.91,4.77,0.17999999999999972,0.3200000000000003,False,False
2007-06-28,5.12,4.96,4.78,0.16000000000000014,0.33999999999999986,False,False
2007-06-29,5.03,4.87,4.82,0.16000000000000014,0.20999999999999996,False,False
2007-07-02,5.0,4.86,4.95,0.13999999999999968,0.04999999999999982,False,False
2007-07-03,5.05,4.89,4.95,0.16000000000000014,0.09999999999999964,False,False
2007-07-04,5.05,4.89,4.95,0.16000000000000014,0.09999999999999964,False,False
2007-07-05,5.16,4.99,4.95,0.16999999999999993,0.20999999999999996,False,False
2007-07-06,5.19,4.99,4.95,0.20000000000000018,0.2400000000000002,False,False
2007-07-09,5.16,4.97,4.97,0.1900000000000004,0.1900000000000004,False,False
2007-07-10,5.03,4.85,4.95,0.1800000000000006,0.08000000000000007,False,False
2007-07-11,5.09,4.89,4.95,0.20000000000000018,0.13999999999999968,False,False
2007-07-12,5.13,4.94,4.97,0.1899999999999995,0.16000000000000014,False,False
2007-07-13,5.11,4.94,4.97,0.16999999999999993,0.14000000000000057,False,False
2007-07-16,5.05,4.89,4.98,0.16000000000000014,0.0699999999999994,False,False
2007-07-17,5.08,4.91,4.96,0.16999999999999993,0.1200000000000001,False,False
2007-07-18,5.02,4.84,4.96,0.17999999999999972,0.05999999999999961,False,False
2007-07-19,5.04,4.87,4.98,0.16999999999999993,0.05999999999999961,False,False
2007-07-20,4.96,4.79,4.97,0.16999999999999993,-0.009999999999999787,False,True
2007-07-23,4.97,4.8,5.02,0.16999999999999993,-0.04999999999999982,False,True
2007-07-24,4.94,4.77,5.02,0.17000000000000082,-0.07999999999999918,False,True
2007-07-25,4.92,4.74,4.99,0.17999999999999972,-0.07000000000000028,False,True
2007-07-26,4.79,4.56,4.92,0.23000000000000043,-0.1299999999999999,False,True
2007-07-27,4.8,4.56,4.85,0.2400000000000002,-0.04999999999999982,False,True
2007-07-30,4.82,4.59,4.96,0.23000000000000043,-0.13999999999999968,False,True
2007-07-31,4.78,4.56,4.96,0.22000000000000064,-0.17999999999999972,False,True
2007-08-01,4.76,4.56,4.89,0.20000000000000018,-0.1299999999999999,False,True
2007-08-02,4.77,4.59,4.89,0.17999999999999972,-0.1200000000000001,False,True
2007-08-03,4.71,4.46,4.85,0.25,-0.13999999999999968,False,True
2007-08-06,4.72,4.46,4.88,0.2599999999999998,-0.16000000000000014,False,True
2007-08-07,4.77,4.56,4.94,0.20999999999999996,-0.17000000000000082,False,True
2007-08-08,4.84,4.64,4.95,0.20000000000000018,-0.11000000000000032,False,True
2007-08-09,4.79,4.49,4.81,0.2999999999999998,-0.019999999999999574,False,True
2007-08-10,4.81,4.47,4.57,0.33999999999999986,0.23999999999999932,False,False
2007-08-13,4.78,4.46,4.74,0.3200000000000003,0.040000000000000036,False,False
2007-08-14,4.73,4.39,4.64,0.34000000000000075,0.09000000000000075,False,False
2007-08-15,4.69,4.27,4.21,0.4200000000000008,0.4800000000000004,False,False
2007-08-16,4.6,4.08,3.79,0.5199999999999996,0.8099999999999996,False,False
2007-08-17,4.68,4.18,3.76,0.5,0.9199999999999999,False,False
2007-08-20,4.64,4.11,3.12,0.5299999999999994,1.5199999999999996,False,False
2007-08-21,4.6,4.05,3.59,0.5499999999999998,1.0099999999999998,False,False
2007-08-22,4.63,4.15,3.67,0.47999999999999954,0.96,False,False
2007-08-23,4.62,4.2,3.89,0.41999999999999993,0.73,False,False
2007-08-24,4.63,4.3,4.24,0.33000000000000007,0.3899999999999997,False,False
2007-08-27,4.6,4.28,4.63,0.3199999999999994,-0.03000000000000025,False,True
2007-08-28,4.53,4.13,4.4,0.40000000000000036,0.1299999999999999,False,False
2007-08-29,4.57,4.14,3.98,0.4300000000000006,0.5900000000000003,False,False
2007-08-30,4.51,4.08,3.84,0.4299999999999997,0.6699999999999999,False,False
2007-08-31,4.54,4.15,4.01,0.3899999999999997,0.5300000000000002,False,False
2007-09-03,4.54,4.15,4.01,0.3899999999999997,0.5300000000000002,False,False
2007-09-04,4.56,4.13,4.47,0.4299999999999997,0.08999999999999986,False,False
2007-09-05,4.48,4.03,4.36,0.4500000000000002,0.1200000000000001,False,False
2007-09-06,4.51,4.08,4.29,0.4299999999999997,0.21999999999999975,False,False
2007-09-07,4.38,3.9,4.07,0.48,0.3099999999999996,False,False
2007-09-10,4.34,3.87,3.96,0.46999999999999975,0.3799999999999999,False,False
2007-09-11,4.37,3.95,4.11,0.41999999999999993,0.2599999999999998,False,False
2007-09-12,4.41,3.95,4.03,0.45999999999999996,0.3799999999999999,False,False
2007-09-13,4.49,4.08,4.08,0.41000000000000014,0.41000000000000014,False,False
2007-09-14,4.47,4.05,4.01,0.41999999999999993,0.45999999999999996,False,False
2007-09-17,4.48,4.08,4.15,0.40000000000000036,0.33000000000000007,False,False
2007-09-18,4.5,4.0,4.01,0.5,0.4900000000000002,False,False
2007-09-19,4.53,4.0,3.93,0.5300000000000002,0.6000000000000001,False,False
2007-09-20,4.69,4.1,3.79,0.5900000000000007,0.9000000000000004,False,False
2007-09-21,4.64,4.06,3.74,0.5800000000000001,0.8999999999999995,False,False
2007-09-24,4.63,4.05,3.84,0.5800000000000001,0.79,False,False
2007-09-25,4.63,4.0,3.79,0.6299999999999999,0.8399999999999999,False,False
2007-09-26,4.63,3.97,3.73,0.6599999999999997,0.8999999999999999,False,False
2007-09-27,4.58,3.95,3.71,0.6299999999999999,0.8700000000000001,False,False
2007-09-28,4.59,3.97,3.82,0.6199999999999997,0.77,False,False
2007-10-01,4.56,4.02,3.92,0.54,0.6399999999999997,False,False
2007-10-02,4.54,3.98,3.96,0.56,0.5800000000000001,False,False
2007-10-03,4.55,4.02,3.96,0.5300000000000002,0.5899999999999999,False,False
2007-10-04,4.54,4.0,3.96,0.54,0.5800000000000001,False,False
2007-10-05,4.65,4.08,4.0,0.5700000000000003,0.6500000000000004,False,False
2007-10-08,4.65,4.08,4.0,0.5700000000000003,0.6500000000000004,False,False
2007-10-09,4.67,4.15,4.06,0.5199999999999996,0.6100000000000003,False,False
2007-10-10,4.65,4.15,4.06,0.5,0.5900000000000007,False,False
2007-10-11,4.66,4.13,4.12,0.5300000000000002,0.54,False,False
2007-10-12,4.7,4.23,4.2,0.46999999999999975,0.5,False,False
2007-10-15,4.69,4.22,4.3,0.47000000000000064,0.39000000000000057,False,False
2007-10-16,4.66,4.12,4.25,0.54,0.41000000000000014,False,False
2007-10-17,4.57,4.0,4.01,0.5700000000000003,0.5600000000000005,False,False
2007-10-18,4.52,3.93,3.76,0.5899999999999994,0.7599999999999998,False,False
2007-10-19,4.41,3.8,3.86,0.6100000000000003,0.5500000000000003,False,False
2007-10-22,4.42,3.85,4.0,0.5699999999999998,0.41999999999999993,False,False
2007-10-23,4.41,3.81,3.98,0.6000000000000001,0.43000000000000016,False,False
2007-10-24,4.36,3.74,3.85,0.6200000000000001,0.5100000000000002,False,False
2007-10-25,4.37,3.74,3.94,0.6299999999999999,0.43000000000000016,False,False
2007-10-26,4.41,3.77,3.96,0.6400000000000001,0.4500000000000002,False,False
2007-10-29,4.39,3.79,4.01,0.5999999999999996,0.3799999999999999,False,False
2007-10-30,4.4,3.82,3.96,0.5800000000000005,0.4400000000000004,False,False
2007-10-31,4.48,3.94,3.94,0.5400000000000005,0.5400000000000005,False,False
2007-11-01,4.36,3.77,3.81,0.5900000000000003,0.5500000000000003,False,False
2007-11-02,4.31,3.66,3.61,0.6499999999999995,0.6999999999999997,False,False
2007-11-05,4.35,3.69,3.71,0.6599999999999997,0.6399999999999997,False,False
2007-11-06,4.38,3.7,3.76,0.6799999999999997,0.6200000000000001,False,False
2007-11-07,4.34,3.61,3.49,0.73,0.8499999999999996,False,False
2007-11-08,4.28,3.47,3.38,0.81,0.9000000000000004,False,False
2007-11-09,4.23,3.42,3.27,0.8100000000000005,0.9600000000000004,False,False
2007-11-12,4.23,3.42,3.27,0.8100000000000005,0.9600000000000004,False,False
2007-11-13,4.26,3.54,3.5,0.7199999999999998,0.7599999999999998,False,False
2007-11-14,4.28,3.57,3.41,0.7100000000000004,0.8700000000000001,False,False
2007-11-15,4.17,3.35,3.3,0.8199999999999998,0.8700000000000001,False,False
2007-11-16,4.15,3.33,3.4,0.8200000000000003,0.7500000000000004,False,False
2007-11-19,4.07,3.18,3.4,0.8900000000000001,0.6700000000000004,False,False
2007-11-20,4.06,3.14,3.25,0.9199999999999995,0.8099999999999996,False,False
2007-11-21,4.0,2.99,3.09,1.0099999999999998,0.9100000000000001,False,False
2007-11-22,4.0,2.99,3.09,1.0099999999999998,0.9100000000000001,False,False
2007-11-23,4.01,3.07,3.23,0.94,0.7799999999999998,False,False
2007-11-26,3.83,2.92,3.13,0.9100000000000001,0.7000000000000002,False,False
2007-11-27,3.95,3.05,3.16,0.9000000000000004,0.79,False,False
2007-11-28,4.03,3.17,3.05,0.8600000000000003,0.9800000000000004,False,False
2007-11-29,3.94,3.06,2.99,0.8799999999999999,0.9499999999999997,False,False
2007-11-30,3.97,3.04,3.15,0.9300000000000002,0.8200000000000003,False,False
2007-12-03,3.89,2.9,3.06,0.9900000000000002,0.8300000000000001,False,False
2007-12-04,3.89,2.9,3.07,0.9900000000000002,0.8200000000000003,False,False
2007-12-05,3.92,2.9,3.07,1.02,0.8500000000000001,False,False
2007-12-06,4.02,3.03,3.09,0.9899999999999998,0.9299999999999997,False,False
2007-12-07,4.12,3.12,3.12,1.0,1.0,False,False
2007-12-10,4.15,3.17,3.05,0.9800000000000004,1.1000000000000005,False,False
2007-12-11,3.98,2.94,2.94,1.04,1.04,False,False
2007-12-12,4.05,3.07,2.88,0.98,1.17,False,False
2007-12-13,4.18,3.21,2.87,0.9699999999999998,1.3099999999999996,False,False
2007-12-14,4.24,3.31,2.88,0.9300000000000002,1.3600000000000003,False,False
2007-12-17,4.2,3.24,3.07,0.96,1.1300000000000003,False,False
2007-12-18,4.14,3.19,3.04,0.9499999999999997,1.0999999999999996,False,False
2007-12-19,4.06,3.12,2.91,0.9399999999999995,1.1499999999999995,False,False
2007-12-20,4.04,3.09,2.92,0.9500000000000002,1.12,False,False
2007-12-21,4.18,3.19,3.0,0.9899999999999998,1.1799999999999997,False,False
2007-12-24,4.23,3.24,3.33,0.9900000000000002,0.9000000000000004,False,False
2007-12-25,4.23,3.24,3.33,0.9900000000000002,0.9000000000000004,False,False
2007-12-26,4.3,3.31,3.32,0.9899999999999998,0.98,False,False
2007-12-27,4.21,3.24,3.17,0.9699999999999998,1.04,False,False
2007-12-28,4.11,3.12,3.18,0.9900000000000002,0.9300000000000002,False,False
2007-12-31,4.04,3.05,3.36,0.9900000000000002,0.6800000000000002,False,False
2008-01-01,4.04,3.05,3.36,0.9900000000000002,0.6800000000000002,False,False
2008-01-02,3.91,2.88,3.26,1.0300000000000002,0.6500000000000004,False,False
2008-01-03,3.91,2.83,3.24,1.08,0.6699999999999999,False,False
2008-01-04,3.88,2.74,3.2,1.1399999999999997,0.6799999999999997,False,False
2008-01-07,3.86,2.76,3.27,1.1,0.5899999999999999,False,False
2008-01-08,3.86,2.76,3.25,1.1,0.6099999999999999,False,False
2008-01-09,3.82,2.69,3.22,1.13,0.5999999999999996,False,False
2008-01-10,3.91,2.71,3.24,1.2000000000000002,0.6699999999999999,False,False
2008-01-11,3.82,2.59,3.09,1.23,0.73,False,False
2008-01-14,3.81,2.58,3.19,1.23,0.6200000000000001,False,False
2008-01-15,3.72,2.53,3.17,1.1900000000000004,0.5500000000000003,False,False
2008-01-16,3.74,2.51,3.14,1.2300000000000004,0.6000000000000001,False,False
2008-01-17,3.66,2.44,3.07,1.2200000000000002,0.5900000000000003,False,False
2008-01-18,3.66,2.36,2.86,1.3000000000000003,0.8000000000000003,False,False
2008-01-21,3.66,2.36,2.86,1.3000000000000003,0.8000000000000003,False,False
2008-01-22,3.52,2.08,2.35,1.44,1.17,False,False
2008-01-23,3.51,2.09,2.21,1.42,1.2999999999999998,False,False
2008-01-24,3.68,2.25,2.37,1.4300000000000002,1.31,False,False
2008-01-25,3.61,2.23,2.3,1.38,1.31,False,False
2008-01-28,3.61,2.2,2.34,1.4099999999999997,1.27,False,False
2008-01-29,3.69,2.29,2.28,1.4,1.4100000000000001,False,False
2008-01-30,3.78,2.3,2.21,1.48,1.5699999999999998,False,False
2008-01-31,3.67,2.17,1.96,1.5,1.71,False,False
2008-02-01,3.62,2.09,2.1,1.5300000000000002,1.52,False,False
2008-02-04,3.68,2.08,2.27,1.6,1.4100000000000001,False,False
2008-02-05,3.61,1.93,2.19,1.68,1.42,False,False
2008-02-06,3.61,1.96,2.1,1.65,1.5099999999999998,False,False
2008-02-07,3.74,1.99,2.17,1.7500000000000002,1.5700000000000003,False,False
2008-02-08,3.64,1.93,2.23,1.7100000000000002,1.4100000000000001,False,False
2008-02-11,3.62,1.93,2.31,1.6900000000000002,1.31,False,False
2008-02-12,3.66,1.94,2.31,1.7200000000000002,1.35,False,False
2008-02-13,3.7,1.91,2.28,1.7900000000000003,1.4200000000000004,False,False
2008-02-14,3.85,1.93,2.31,1.9200000000000002,1.54,False,False
2008-02-15,3.76,1.91,2.21,1.8499999999999999,1.5499999999999998,False,False
2008-02-18,3.76,1.91,2.21,1.8499999999999999,1.5499999999999998,False,False
2008-02-19,3.89,2.06,2.28,1.83,1.6100000000000003,False,False
2008-02-20,3.93,2.14,2.25,1.79,1.6800000000000002,False,False
2008-02-21,3.77,1.98,2.2,1.79,1.5699999999999998,False,False
2008-02-22,3.79,1.98,2.2,1.81,1.5899999999999999,False,False
2008-02-25,3.91,2.13,2.2,1.7800000000000002,1.71,False,False
2008-02-26,3.88,2.04,2.14,1.8399999999999999,1.7399999999999998,False,False
2008-02-27,3.85,2.01,1.98,1.8400000000000003,1.87,False,False
2008-02-28,3.71,1.87,1.9,1.8399999999999999,1.81,False,False
2008-02-29,3.53,1.65,1.85,1.88,1.6799999999999997,False,False
2008-03-03,3.54,1.61,1.7,1.93,1.84,False,False
2008-03-04,3.63,1.65,1.66,1.98,1.97,False,False
2008-03-05,3.7,1.66,1.53,2.04,2.17,False,False
2008-03-06,3.62,1.53,1.39,2.09,2.2300000000000004,False,False
2008-03-07,3.56,1.53,1.45,2.0300000000000002,2.1100000000000003,False,False
2008-03-10,3.46,1.47,1.35,1.99,2.11,False,False
2008-03-11,3.6,1.74,1.48,1.86,2.12,False,False
2008-03-12,3.49,1.63,1.48,1.8600000000000003,2.0100000000000002,False,False
2008-03-13,3.56,1.63,1.35,1.9300000000000002,2.21,False,False
2008-03-14,3.44,1.47,1.18,1.97,2.26,False,False
2008-03-17,3.34,1.35,1.11,1.9899999999999998,2.2299999999999995,False,False
2008-03-18,3.48,1.58,0.92,1.9,2.56,False,False
2008-03-19,3.38,1.54,0.61,1.8399999999999999,2.77,False,False
2008-03-20,3.34,1.59,0.63,1.7499999999999998,2.71,False,False
2008-03-21,3.34,1.59,0.63,1.7499999999999998,2.71,False,False
2008-03-24,3.56,1.84,1.24,1.72,2.3200000000000003,False,False
2008-03-25,3.51,1.79,1.29,1.7199999999999998,2.2199999999999998,False,False
2008-03-26,3.51,1.71,1.29,1.7999999999999998,2.2199999999999998,False,False
2008-03-27,3.56,1.73,1.3,1.83,2.26,False,False
2008-03-28,3.47,1.67,1.33,1.8000000000000003,2.14,False,False
2008-03-31,3.45,1.62,1.38,1.83,2.0700000000000003,False,False
2008-04-01,3.57,1.8,1.4,1.7699999999999998,2.17,False,False
2008-04-02,3.6,1.88,1.41,1.7200000000000002,2.1900000000000004,False,False
2008-04-03,3.61,1.91,1.4,1.7,2.21,False,False
2008-04-04,3.5,1.83,1.35,1.67,2.15,False,False
2008-04-07,3.57,1.95,1.45,1.6199999999999999,2.12,False,False
2008-04-08,3.58,1.87,1.41,1.71,2.17,False,False
2008-04-09,3.49,1.77,1.31,1.7200000000000002,2.18,False,False
2008-04-10,3.55,1.84,1.27,1.7099999999999997,2.28,False,False
2008-04-11,3.49,1.76,1.19,1.7300000000000002,2.3000000000000003,False,False
2008-04-14,3.53,1.78,1.08,1.7499999999999998,2.4499999999999997,False,False
2008-04-15,3.6,1.84,1.1,1.76,2.5,False,False
2008-04-16,3.72,1.98,1.12,1.7400000000000002,2.6,False,False
2008-04-17,3.75,2.13,1.23,1.62,2.52,False,False
2008-04-18,3.77,2.19,1.35,1.58,2.42,False,False
2008-04-21,3.75,2.2,1.34,1.5499999999999998,2.41,False,False
2008-04-22,3.74,2.24,1.27,1.5,2.47,False,False
2008-04-23,3.77,2.22,1.26,1.5499999999999998,2.51,False,False
2008-04-24,3.87,2.41,1.26,1.46,2.6100000000000003,False,False
2008-04-25,3.91,2.44,1.34,1.4700000000000002,2.5700000000000003,False,False
2008-04-28,3.86,2.36,1.43,1.5,2.4299999999999997,False,False
2008-04-29,3.85,2.35,1.46,1.5,2.39,False,False
2008-04-30,3.77,2.29,1.43,1.48,2.34,False,False
2008-05-01,3.78,2.37,1.45,1.4099999999999997,2.33,False,False
2008-05-02,3.89,2.47,1.5,1.42,2.39,False,False
2008-05-05,3.88,2.42,1.53,1.46,2.3499999999999996,False,False
2008-05-06,3.93,2.38,1.63,1.5500000000000003,2.3000000000000003,False,False
2008-05-07,3.87,2.31,1.67,1.56,2.2,False,False
2008-05-08,3.79,2.25,1.66,1.54,2.13,False,False
2008-05-09,3.77,2.25,1.69,1.52,2.08,False,False
2008-05-12,3.78,2.3,1.77,1.48,2.01,False,False
2008-05-13,3.9,2.47,1.83,1.4299999999999997,2.07,False,False
2008-05-14,3.92,2.53,1.82,1.3900000000000001,2.0999999999999996,False,False
2008-05-15,3.83,2.45,1.83,1.38,2.0,False,False
2008-05-16,3.85,2.47,1.84,1.38,2.01,False,False
2008-05-19,3.83,2.42,1.82,1.4100000000000001,2.01,False,False
2008-05-20,3.78,2.34,1.86,1.44,1.9199999999999997,False,False
2008-05-21,3.81,2.41,1.86,1.4,1.95,False,False
2008-05-22,3.92,2.56,1.86,1.3599999999999999,2.0599999999999996,False,False
2008-05-23,3.85,2.46,1.86,1.3900000000000001,1.99,False,False
2008-05-26,3.85,2.46,1.86,1.3900000000000001,1.99,False,False
2008-05-27,3.93,2.55,1.89,1.3800000000000003,2.04,False,False
2008-05-28,4.03,2.62,1.89,1.4100000000000001,2.1400000000000006,False,False
2008-05-29,4.08,2.67,1.9,1.4100000000000001,2.18,False,False
2008-05-30,4.06,2.66,1.89,1.3999999999999995,2.17,False,False
2008-06-02,3.98,2.51,1.85,1.4700000000000002,2.13,False,False
2008-06-03,3.92,2.45,1.85,1.4699999999999998,2.07,False,False
2008-06-04,3.98,2.47,1.84,1.5099999999999998,2.1399999999999997,False,False
2008-06-05,4.06,2.52,1.85,1.5399999999999996,2.2099999999999995,False,False
2008-06-06,3.94,2.4,1.85,1.54,2.09,False,False
2008-06-09,4.02,2.73,1.89,1.2899999999999996,2.13,False,False
2008-06-10,4.11,2.91,2.02,1.2000000000000002,2.0900000000000003,False,False
2008-06-11,4.1,2.83,1.96,1.2699999999999996,2.1399999999999997,False,False
2008-06-12,4.23,3.03,2.0,1.2000000000000006,2.2300000000000004,False,False
2008-06-13,4.27,3.05,1.99,1.2199999999999998,2.2799999999999994,False,False
2008-06-16,4.25,3.02,2.07,1.23,2.18,False,False
2008-06-17,4.23,2.94,1.99,1.2900000000000005,2.24,False,False
2008-06-18,4.16,2.89,1.93,1.27,2.2300000000000004,False,False
2008-06-19,4.22,2.99,1.91,1.2299999999999995,2.3099999999999996,False,False
2008-06-20,4.16,2.88,1.87,1.2800000000000002,2.29,False,False
2008-06-23,4.19,2.98,1.87,1.2100000000000004,2.3200000000000003,False,False
2008-06-24,4.1,2.87,1.83,1.2299999999999995,2.2699999999999996,False,False
2008-06-25,4.12,2.82,1.81,1.3000000000000003,2.31,False,False
2008-06-26,4.07,2.68,1.74,1.3900000000000001,2.33,False,False
2008-06-27,3.99,2.65,1.68,1.3400000000000003,2.3100000000000005,False,False
2008-06-30,3.99,2.63,1.9,1.3600000000000003,2.0900000000000003,False,False
2008-07-01,4.01,2.63,1.87,1.38,2.1399999999999997,False,False
2008-07-02,3.99,2.6,1.82,1.3900000000000001,2.17,False,False
2008-07-03,3.99,2.54,1.84,1.4500000000000002,2.1500000000000004,False,False
2008-07-04,3.99,2.54,1.84,1.4500000000000002,2.1500000000000004,False,False
2008-07-07,3.95,2.47,1.87,1.48,2.08,False,False
2008-07-08,3.91,2.47,1.86,1.44,2.05,False,False
2008-07-09,3.85,2.41,1.82,1.44,2.0300000000000002,False,False
2008-07-10,3.83,2.44,1.67,1.3900000000000001,2.16,False,False
2008-07-11,3.96,2.59,1.62,1.37,2.34,False,False
2008-07-14,3.9,2.47,1.52,1.4299999999999997,2.38,False,False
2008-07-15,3.87,2.39,1.39,1.48,2.4800000000000004,False,False
2008-07-16,3.97,2.44,1.37,1.5300000000000002,2.6,False,False
2008-07-17,4.07,2.58,1.43,1.4900000000000002,2.6400000000000006,False,False
2008-07-18,4.11,2.66,1.48,1.4500000000000002,2.6300000000000003,False,False
2008-07-21,4.09,2.66,1.48,1.4299999999999997,2.61,False,False
2008-07-22,4.14,2.74,1.55,1.3999999999999995,2.59,False,False
2008-07-23,4.16,2.81,1.59,1.35,2.5700000000000003,False,False
2008-07-24,4.03,2.61,1.65,1.4200000000000004,2.3800000000000003,False,False
2008-07-25,4.13,2.7,1.75,1.4299999999999997,2.38,False,False
2008-07-28,4.06,2.59,1.73,1.4699999999999998,2.3299999999999996,False,False
2008-07-29,4.09,2.65,1.72,1.44,2.37,False,False
2008-07-30,4.07,2.64,1.7,1.4300000000000002,2.37,False,False
2008-07-31,3.99,2.52,1.68,1.4700000000000002,2.3100000000000005,False,False
2008-08-01,3.97,2.51,1.66,1.4600000000000004,2.3100000000000005,False,False
2008-08-04,3.98,2.53,1.75,1.4500000000000002,2.23,False,False
2008-08-05,4.04,2.54,1.75,1.5,2.29,False,False
2008-08-06,4.06,2.56,1.64,1.4999999999999996,2.42,False,False
2008-08-07,3.92,2.43,1.66,1.4899999999999998,2.26,False,False
2008-08-08,3.94,2.51,1.7,1.4300000000000002,2.24,False,False
2008-08-11,3.99,2.56,1.87,1.4300000000000002,2.12,False,False
2008-08-12,3.91,2.45,1.86,1.46,2.05,False,False
2008-08-13,3.94,2.5,1.85,1.44,2.09,False,False
2008-08-14,3.89,2.45,1.89,1.44,2.0,False,False
2008-08-15,3.84,2.4,1.85,1.44,1.9899999999999998,False,False
2008-08-18,3.82,2.35,1.82,1.4699999999999998,1.9999999999999998,False,False
2008-08-19,3.83,2.32,1.8,1.5100000000000002,2.0300000000000002,False,False
2008-08-20,3.79,2.25,1.71,1.54,2.08,False,False
2008-08-21,3.84,2.33,1.72,1.5099999999999998,2.12,False,False
2008-08-22,3.87,2.42,1.7,1.4500000000000002,2.17,False,False
2008-08-25,3.79,2.33,1.74,1.46,2.05,False,False
2008-08-26,3.79,2.35,1.71,1.44,2.08,False,False
2008-08-27,3.77,2.31,1.67,1.46,2.1,False,False
2008-08-28,3.79,2.37,1.74,1.42,2.05,False,False
2008-08-29,3.83,2.36,1.72,1.4700000000000002,2.1100000000000003,False,False
2008-09-01,3.83,2.36,1.72,1.4700000000000002,2.1100000000000003,False,False
2008-09-02,3.74,2.26,1.72,1.4800000000000004,2.0200000000000005,False,False
2008-09-03,3.71,2.26,1.7,1.4500000000000002,2.01,False,False
2008-09-04,3.64,2.2,1.69,1.44,1.9500000000000002,False,False
2008-09-05,3.66,2.23,1.68,1.4300000000000002,1.9800000000000002,False,False
2008-09-08,3.66,2.3,1.71,1.3600000000000003,1.9500000000000002,False,False
2008-09-09,3.62,2.23,1.66,1.3900000000000001,1.9600000000000002,False,False
2008-09-10,3.65,2.22,1.65,1.4299999999999997,2.0,False,False
2008-09-11,3.64,2.18,1.61,1.46,2.0300000000000002,False,False
2008-09-12,3.74,2.23,1.49,1.5100000000000002,2.25,False,False
2008-09-15,3.47,1.78,1.02,1.6900000000000002,2.45,False,False
2008-09-16,3.48,1.89,0.84,1.59,2.64,False,False
2008-09-17,3.41,1.64,0.03,1.7700000000000002,3.3800000000000003,False,False
2008-09-18,3.54,1.78,0.23,1.76,3.31,False,False
2008-09-19,3.78,2.16,0.99,1.6199999999999997,2.79,False,False
2008-09-22,3.83,2.13,1.28,1.7000000000000002,2.55,False,False
2008-09-23,3.85,2.11,0.8,1.7400000000000002,3.05,False,False
2008-09-24,3.8,2.03,0.49,1.77,3.3099999999999996,False,False
2008-09-25,3.88,2.16,0.76,1.7199999999999998,3.12,False,False
2008-09-26,3.85,2.11,0.87,1.7400000000000002,2.98,False,False
2008-09-29,3.61,1.7,0.94,1.91,2.67,False,False
2008-09-30,3.85,2.0,0.92,1.85,2.93,False,False
2008-10-01,3.77,1.82,0.85,1.95,2.92,False,False
2008-10-02,3.66,1.62,0.63,2.04,3.0300000000000002,False,False
2008-10-03,3.63,1.6,0.51,2.03,3.12,False,False
2008-10-06,3.48,1.43,0.54,2.05,2.94,False,False
2008-10-07,3.5,1.47,0.82,2.0300000000000002,2.68,False,False
2008-10-08,3.72,1.65,0.68,2.0700000000000003,3.04,False,False
2008-10-09,3.84,1.65,0.6,2.19,3.2399999999999998,False,False
2008-10-10,3.89,1.62,0.25,2.27,3.64,False,False
2008-10-13,3.89,1.62,0.25,2.27,3.64,False,False
2008-10-14,4.08,1.82,0.34,2.26,3.74,False,False
2008-10-15,4.04,1.64,0.22,2.4000000000000004,3.82,False,False
2008-10-16,3.99,1.61,0.46,2.38,3.5300000000000002,False,False
2008-10-17,3.98,1.64,0.83,2.34,3.15,False,False
2008-10-20,3.91,1.71,1.24,2.2,2.67,False,False
2008-10-21,3.76,1.58,1.1,2.1799999999999997,2.6599999999999997,False,False
2008-10-22,3.65,1.53,1.05,2.12,2.5999999999999996,False,False
2008-10-23,3.63,1.54,0.98,2.09,2.65,False,False
2008-10-24,3.76,1.57,0.89,2.1899999999999995,2.8699999999999997,False,False
2008-10-27,3.79,1.59,0.84,2.2,2.95,False,False
2008-10-28,3.89,1.65,0.77,2.24,3.12,False,False
2008-10-29,3.93,1.58,0.62,2.35,3.31,False,False
2008-10-30,4.0,1.59,0.41,2.41,3.59,False,False
2008-10-31,4.01,1.56,0.46,2.4499999999999997,3.55,False,False
2008-11-03,3.96,1.45,0.49,2.51,3.4699999999999998,False,False
2008-11-04,3.81,1.39,0.48,2.42,3.33,False,False
2008-11-05,3.73,1.36,0.4,2.37,3.33,False,False
2008-11-06,3.75,1.28,0.32,2.4699999999999998,3.43,False,False
2008-11-07,3.83,1.33,0.31,2.5,3.52,False,False
2008-11-10,3.82,1.27,0.29,2.55,3.53,False,False
2008-11-11,3.82,1.27,0.29,2.55,3.53,False,False
2008-11-12,3.75,1.19,0.18,2.56,3.57,False,False
2008-11-13,3.84,1.24,0.22,2.5999999999999996,3.6199999999999997,False,False
2008-11-14,3.72,1.22,0.15,2.5,3.5700000000000003,False,False
2008-11-17,3.68,1.22,0.12,2.46,3.56,False,False
2008-11-18,3.53,1.15,0.12,2.38,3.4099999999999997,False,False
2008-11-19,3.38,1.09,0.07,2.29,3.31,False,False
2008-11-20,3.1,1.0,0.03,2.1,3.0700000000000003,False,False
2008-11-21,3.2,1.09,0.02,2.1100000000000003,3.18,False,False
2008-11-24,3.35,1.31,0.13,2.04,3.22,False,False
2008-11-25,3.11,1.15,0.1,1.96,3.01,False,False
2008-11-26,2.99,1.09,0.05,1.9000000000000001,2.9400000000000004,False,False
2008-11-27,2.99,1.09,0.05,1.9000000000000001,2.9400000000000004,False,False
2008-11-28,2.93,1.0,0.01,1.9300000000000002,2.9200000000000004,False,False
2008-12-01,2.72,0.9,0.07,1.8200000000000003,2.6500000000000004,False,False
2008-12-02,2.68,0.9,0.06,1.7800000000000002,2.62,False,False
2008-12-03,2.67,0.87,0.02,1.7999999999999998,2.65,False,False
2008-12-04,2.55,0.82,0.02,1.73,2.53,False,False
2008-12-05,2.67,0.93,0.02,1.7399999999999998,2.65,False,False
2008-12-08,2.77,0.97,0.03,1.8,2.74,False,False
2008-12-09,2.67,0.84,0.03,1.83,2.64,False,False
2008-12-10,2.69,0.86,0.0,1.83,2.69,False,False
2008-12-11,2.64,0.79,0.01,1.85,2.6300000000000003,False,False
2008-12-12,2.6,0.78,0.02,1.82,2.58,False,False
2008-12-15,2.53,0.75,0.03,1.7799999999999998,2.5,False,False
2008-12-16,2.37,0.65,0.04,1.7200000000000002,2.33,False,False
2008-12-17,2.2,0.73,0.05,1.4700000000000002,2.1500000000000004,False,False
2008-12-18,2.08,0.68,0.0,1.4,2.08,False,False
2008-12-19,2.13,0.74,0.02,1.39,2.11,False,False
2008-12-22,2.16,0.87,0.01,1.29,2.1500000000000004,False,False
2008-12-23,2.18,0.9,0.02,1.2800000000000002,2.16,False,False
2008-12-24,2.2,0.9,0.0,1.3000000000000003,2.2,False,False
2008-12-25,2.2,0.9,0.0,1.3000000000000003,2.2,False,False
2008-12-26,2.16,0.89,0.03,1.27,2.1300000000000003,False,False
2008-12-29,2.13,0.78,0.06,1.3499999999999999,2.07,False,False
2008-12-30,2.11,0.75,0.1,1.3599999999999999,2.01,False,False
2008-12-31,2.25,0.76,0.11,1.49,2.14,False,False
2009-01-01,2.25,0.76,0.11,1.49,2.14,False,False
2009-01-02,2.46,0.88,0.08,1.58,2.38,False,False
2009-01-05,2.49,0.78,0.14,1.7100000000000002,2.35,False,False
2009-01-06,2.51,0.8,0.14,1.7099999999999997,2.3699999999999997,False,False
2009-01-07,2.52,0.82,0.11,1.7000000000000002,2.41,False,False
2009-01-08,2.47,0.83,0.09,1.6400000000000001,2.3800000000000003,False,False
2009-01-09,2.43,0.75,0.07,1.6800000000000002,2.3600000000000003,False,False
2009-01-12,2.34,0.74,0.12,1.5999999999999999,2.2199999999999998,False,False
2009-01-13,2.33,0.76,0.11,1.57,2.22,False,False
2009-01-14,2.24,0.73,0.12,1.5100000000000002,2.12,False,False
2009-01-15,2.23,0.73,0.11,1.5,2.12,False,False
2009-01-16,2.36,0.73,0.12,1.63,2.2399999999999998,False,False
2009-01-19,2.36,0.73,0.12,1.63,2.2399999999999998,False,False
2009-01-20,2.4,0.73,0.13,1.67,2.27,False,False
2009-01-21,2.56,0.78,0.11,1.78,2.45,False,False
2009-01-22,2.62,0.75,0.1,1.87,2.52,False,False
2009-01-23,2.65,0.83,0.11,1.8199999999999998,2.54,False,False
2009-01-26,2.7,0.85,0.14,1.85,2.56,False,False
2009-01-27,2.59,0.87,0.13,1.7199999999999998,2.46,False,False
2009-01-28,2.71,0.89,0.19,1.8199999999999998,2.52,False,False
2009-01-29,2.87,0.95,0.23,1.9200000000000002,2.64,False,False
2009-01-30,2.87,0.94,0.24,1.9300000000000002,2.63,False,False
2009-02-02,2.76,0.89,0.27,1.8699999999999997,2.4899999999999998,False,False
2009-02-03,2.89,0.96,0.32,1.9300000000000002,2.5700000000000003,False,False
2009-02-04,2.95,0.98,0.3,1.9700000000000002,2.6500000000000004,False,False
2009-02-05,2.95,0.98,0.29,1.9700000000000002,2.66,False,False
2009-02-06,3.05,0.99,0.28,2.0599999999999996,2.7699999999999996,False,False
2009-02-09,3.07,1.05,0.32,2.0199999999999996,2.75,False,False
2009-02-10,2.9,0.92,0.31,1.98,2.59,False,False
2009-02-11,2.78,0.93,0.3,1.8499999999999996,2.48,False,False
2009-02-12,2.75,0.89,0.29,1.8599999999999999,2.46,False,False
2009-02-13,2.89,0.97,0.29,1.9200000000000002,2.6,False,False
2009-02-16,2.89,0.97,0.29,1.9200000000000002,2.6,False,False
2009-02-17,2.64,0.87,0.32,1.77,2.3200000000000003,False,False
2009-02-18,2.74,0.97,0.31,1.7700000000000002,2.43,False,False
2009-02-19,2.85,1.01,0.3,1.84,2.5500000000000003,False,False
2009-02-20,2.78,0.96,0.27,1.8199999999999998,2.51,False,False
2009-02-23,2.78,0.96,0.29,1.8199999999999998,2.4899999999999998,False,False
2009-02-24,2.8,1.03,0.32,1.7699999999999998,2.48,False,False
2009-02-25,2.95,1.09,0.3,1.86,2.6500000000000004,False,False
2009-02-26,2.98,1.08,0.27,1.9,2.71,False,False
2009-02-27,3.02,1.0,0.26,2.02,2.76,False,False
2009-03-02,2.91,0.89,0.28,2.02,2.63,False,False
2009-03-03,2.93,0.91,0.27,2.02,2.66,False,False
2009-03-04,3.01,0.97,0.26,2.04,2.75,False,False
2009-03-05,2.83,0.9,0.2,1.9300000000000002,2.63,False,False
2009-03-06,2.83,0.91,0.21,1.92,2.62,False,False
2009-03-09,2.89,0.96,0.23,1.9300000000000002,2.66,False,False
2009-03-10,2.99,1.01,0.24,1.9800000000000002,2.75,False,False
2009-03-11,2.95,1.03,0.23,1.9200000000000002,2.72,False,False
2009-03-12,2.89,1.03,0.22,1.86,2.67,False,False
2009-03-13,2.89,0.98,0.2,1.9100000000000001,2.69,False,False
2009-03-16,2.97,1.0,0.24,1.9700000000000002,2.7300000000000004,False,False
2009-03-17,3.02,1.05,0.24,1.97,2.7800000000000002,False,False
2009-03-18,2.51,0.82,0.21,1.69,2.3,False,False
2009-03-19,2.61,0.87,0.2,1.7399999999999998,2.4099999999999997,False,False
2009-03-20,2.65,0.89,0.22,1.7599999999999998,2.4299999999999997,False,False
2009-03-23,2.68,0.93,0.22,1.75,2.46,False,False
2009-03-24,2.68,0.93,0.21,1.75,2.47,False,False
2009-03-25,2.81,0.96,0.19,1.85,2.62,False,False
2009-03-26,2.76,0.9,0.15,1.8599999999999999,2.61,False,False
2009-03-27,2.78,0.9,0.14,1.88,2.6399999999999997,False,False
2009-03-30,2.73,0.84,0.18,1.8900000000000001,2.55,False,False
2009-03-31,2.71,0.81,0.21,1.9,2.5,False,False
2009-04-01,2.68,0.83,0.22,1.85,2.46,False,False
2009-04-02,2.77,0.88,0.22,1.8900000000000001,2.55,False,False
2009-04-03,2.91,0.96,0.21,1.9500000000000002,2.7,False,False
2009-04-06,2.95,0.94,0.2,2.0100000000000002,2.75,False,False
2009-04-07,2.93,0.91,0.2,2.02,2.73,False,False
2009-04-08,2.86,0.93,0.18,1.9299999999999997,2.6799999999999997,False,False
2009-04-09,2.96,0.96,0.18,2.0,2.78,False,False
2009-04-10,2.96,0.96,0.18,2.0,2.78,False,False
2009-04-13,2.88,0.89,0.18,1.9899999999999998,2.6999999999999997,False,False
2009-04-14,2.8,0.86,0.17,1.94,2.63,False,False
2009-04-15,2.82,0.86,0.15,1.96,2.67,False,False
2009-04-16,2.86,0.91,0.13,1.9499999999999997,2.73,False,False
2009-04-17,2.98,0.99,0.14,1.99,2.84,False,False
2009-04-20,2.88,0.93,0.14,1.9499999999999997,2.7399999999999998,False,False
2009-04-21,2.94,0.96,0.15,1.98,2.79,False,False
2009-04-22,2.98,1.0,0.14,1.98,2.84,False,False
2009-04-23,2.96,0.97,0.1,1.99,2.86,False,False
2009-04-24,3.03,0.99,0.1,2.04,2.9299999999999997,False,False
2009-04-27,2.95,0.9,0.13,2.0500000000000003,2.8200000000000003,False,False
2009-04-28,3.05,0.95,0.13,2.0999999999999996,2.92,False,False
2009-04-29,3.12,0.94,0.11,2.18,3.0100000000000002,False,False
2009-04-30,3.16,0.91,0.14,2.25,3.02,False,False
2009-05-01,3.21,0.92,0.16,2.29,3.05,False,False
2009-05-04,3.19,0.94,0.19,2.25,3.0,False,False
2009-05-05,3.2,0.98,0.19,2.22,3.0100000000000002,False,False
2009-05-06,3.18,0.96,0.19,2.22,2.99,False,False
2009-05-07,3.29,1.0,0.18,2.29,3.11,False,False
2009-05-08,3.29,1.0,0.19,2.29,3.1,False,False
2009-05-11,3.17,0.92,0.19,2.25,2.98,False,False
2009-05-12,3.17,0.9,0.19,2.27,2.98,False,False
2009-05-13,3.11,0.89,0.17,2.2199999999999998,2.94,False,False
2009-05-14,3.1,0.87,0.16,2.23,2.94,False,False
2009-05-15,3.14,0.88,0.17,2.2600000000000002,2.97,False,False
2009-05-18,3.22,0.93,0.19,2.29,3.0300000000000002,False,False
2009-05-19,3.25,0.91,0.18,2.34,3.07,False,False
2009-05-20,3.19,0.87,0.18,2.32,3.01,False,False
2009-05-21,3.35,0.89,0.19,2.46,3.16,False,False
2009-05-22,3.45,0.92,0.18,2.5300000000000002,3.27,False,False
2009-05-25,3.45,0.92,0.18,2.5300000000000002,3.27,False,False
2009-05-26,3.5,0.96,0.18,2.54,3.32,False,False
2009-05-27,3.71,0.96,0.17,2.75,3.54,False,False
2009-05-28,3.67,0.97,0.15,2.7,3.52,False,False
2009-05-29,3.47,0.92,0.14,2.5500000000000003,3.33,False,False
2009-06-01,3.71,0.97,0.13,2.74,3.58,False,False
2009-06-02,3.65,0.96,0.14,2.69,3.51,False,False
2009-06-03,3.56,0.91,0.14,2.65,3.42,False,False
2009-06-04,3.72,0.96,0.14,2.7600000000000002,3.58,False,False
2009-06-05,3.84,1.32,0.2,2.5199999999999996,3.6399999999999997,False,False
2009-06-08,3.91,1.42,0.19,2.49,3.72,False,False
2009-06-09,3.86,1.33,0.19,2.53,3.67,False,False
2009-06-10,3.98,1.38,0.18,2.6,3.8,False,False
2009-06-11,3.88,1.35,0.19,2.53,3.69,False,False
2009-06-12,3.81,1.3,0.19,2.51,3.62,False,False
2009-06-15,3.76,1.26,0.17,2.5,3.59,False,False
2009-06-16,3.67,1.23,0.17,2.44,3.5,False,False
2009-06-17,3.68,1.19,0.17,2.49,3.5100000000000002,False,False
2009-06-18,3.86,1.28,0.18,2.58,3.6799999999999997,False,False
2009-06-19,3.79,1.25,0.19,2.54,3.6,False,False
2009-06-22,3.72,1.17,0.2,2.5500000000000003,3.52,False,False
2009-06-23,3.65,1.14,0.2,2.51,3.4499999999999997,False,False
2009-06-24,3.72,1.19,0.19,2.5300000000000002,3.5300000000000002,False,False
2009-06-25,3.55,1.12,0.18,2.4299999999999997,3.3699999999999997,False,False
2009-06-26,3.52,1.1,0.2,2.42,3.32,False,False
2009-06-29,3.51,1.11,0.2,2.3999999999999995,3.3099999999999996,False,False
2009-06-30,3.53,1.11,0.19,2.42,3.34,False,False
2009-07-01,3.55,1.05,0.17,2.5,3.38,False,False
2009-07-02,3.51,0.98,0.17,2.53,3.34,False,False
2009-07-03,3.51,0.98,0.17,2.53,3.34,False,False
2009-07-06,3.52,0.96,0.19,2.56,3.33,False,False
2009-07-07,3.47,0.98,0.19,2.49,3.2800000000000002,False,False
2009-07-08,3.33,0.91,0.18,2.42,3.15,False,False
2009-07-09,3.44,0.94,0.19,2.5,3.25,False,False
2009-07-10,3.32,0.91,0.18,2.4099999999999997,3.1399999999999997,False,False
2009-07-13,3.38,0.92,0.18,2.46,3.1999999999999997,False,False
2009-07-14,3.5,0.97,0.18,2.5300000000000002,3.32,False,False
2009-07-15,3.63,1.03,0.18,2.5999999999999996,3.4499999999999997,False,False
2009-07-16,3.59,1.0,0.19,2.59,3.4,False,False
2009-07-17,3.67,1.02,0.17,2.65,3.5,False,False
2009-07-20,3.61,0.99,0.19,2.62,3.42,False,False
2009-07-21,3.5,0.96,0.19,2.54,3.31,False,False
2009-07-22,3.58,0.98,0.19,2.6,3.39,False,False
2009-07-23,3.72,1.08,0.19,2.64,3.5300000000000002,False,False
2009-07-24,3.7,1.05,0.18,2.6500000000000004,3.52,False,False
2009-07-27,3.75,1.08,0.19,2.67,3.56,False,False
2009-07-28,3.72,1.12,0.19,2.6,3.5300000000000002,False,False
2009-07-29,3.69,1.17,0.19,2.52,3.5,False,False
2009-07-30,3.67,1.19,0.18,2.48,3.4899999999999998,False,False
2009-07-31,3.52,1.13,0.18,2.39,3.34,False,False
2009-08-03,3.66,1.18,0.19,2.4800000000000004,3.47,False,False
2009-08-04,3.7,1.2,0.18,2.5,3.52,False,False
2009-08-05,3.8,1.23,0.18,2.57,3.6199999999999997,False,False
2009-08-06,3.79,1.22,0.17,2.5700000000000003,3.62,False,False
2009-08-07,3.89,1.32,0.19,2.5700000000000003,3.7,False,False
2009-08-10,3.8,1.24,0.19,2.5599999999999996,3.61,False,False
2009-08-11,3.71,1.21,0.18,2.5,3.53,False,False
2009-08-12,3.72,1.18,0.17,2.54,3.5500000000000003,False,False
2009-08-13,3.59,1.12,0.17,2.4699999999999998,3.42,False,False
2009-08-14,3.55,1.07,0.18,2.4799999999999995,3.3699999999999997,False,False
2009-08-17,3.48,1.04,0.18,2.44,3.3,False,False
2009-08-18,3.51,1.06,0.18,2.4499999999999997,3.3299999999999996,False,False
2009-08-19,3.45,1.01,0.17,2.4400000000000004,3.2800000000000002,False,False
2009-08-20,3.42,1.03,0.17,2.3899999999999997,3.25,False,False
2009-08-21,3.56,1.13,0.17,2.43,3.39,False,False
2009-08-24,3.48,1.05,0.17,2.4299999999999997,3.31,False,False
2009-08-25,3.45,1.05,0.17,2.4000000000000004,3.2800000000000002,False,False
2009-08-26,3.44,1.06,0.15,2.38,3.29,False,False
2009-08-27,3.47,1.04,0.15,2.43,3.3200000000000003,False,False
2009-08-28,3.46,1.01,0.15,2.45,3.31,False,False
2009-08-31,3.4,0.97,0.15,2.4299999999999997,3.25,False,False
2009-09-01,3.38,0.92,0.14,2.46,3.2399999999999998,False,False
2009-09-02,3.29,0.89,0.14,2.4,3.15,False,False
2009-09-03,3.33,0.91,0.15,2.42,3.18,False,False
2009-09-04,3.45,0.94,0.14,2.5100000000000002,3.31,False,False
2009-09-07,3.45,0.94,0.14,2.5100000000000002,3.31,False,False
2009-09-08,3.47,0.93,0.14,2.54,3.33,False,False
2009-09-09,3.48,0.93,0.14,2.55,3.34,False,False
2009-09-10,3.36,0.9,0.14,2.46,3.2199999999999998,False,False
2009-09-11,3.34,0.9,0.14,2.44,3.1999999999999997,False,False
2009-09-14,3.42,0.94,0.14,2.48,3.28,False,False
2009-09-15,3.47,0.96,0.13,2.5100000000000002,3.3400000000000003,False,False
2009-09-16,3.48,1.01,0.1,2.4699999999999998,3.38,False,False
2009-09-17,3.42,0.98,0.1,2.44,3.32,False,False
2009-09-18,3.49,1.03,0.08,2.46,3.41,False,False
2009-09-21,3.49,1.02,0.11,2.47,3.3800000000000003,False,False
2009-09-22,3.46,1.02,0.11,2.44,3.35,False,False
2009-09-23,3.44,0.96,0.11,2.48,3.33,False,False
2009-09-24,3.4,0.93,0.1,2.4699999999999998,3.3,False,False
2009-09-25,3.34,0.98,0.1,2.36,3.2399999999999998,False,False
2009-09-28,3.31,0.98,0.11,2.33,3.2,False,False
2009-09-29,3.31,1.0,0.13,2.31,3.18,False,False
2009-09-30,3.31,0.95,0.14,2.3600000000000003,3.17,False,False
2009-10-01,3.21,0.87,0.1,2.34,3.11,False,False
2009-10-02,3.24,0.88,0.1,2.3600000000000003,3.14,False,False
2009-10-05,3.24,0.88,0.08,2.3600000000000003,3.16,False,False
2009-10-06,3.27,0.91,0.08,2.36,3.19,False,False
2009-10-07,3.21,0.87,0.09,2.34,3.12,False,False
2009-10-08,3.27,0.9,0.06,2.37,3.21,False,False
2009-10-09,3.4,0.98,0.07,2.42,3.33,False,False
2009-10-12,3.4,0.98,0.07,2.42,3.33,False,False
2009-10-13,3.34,0.91,0.07,2.4299999999999997,3.27,False,False
2009-10-14,3.45,0.96,0.07,2.49,3.3800000000000003,False,False
2009-10-15,3.49,0.97,0.07,2.5200000000000005,3.4200000000000004,False,False
2009-10-16,3.43,0.97,0.07,2.46,3.3600000000000003,False,False
2009-10-19,3.41,0.99,0.08,2.42,3.33,False,False
2009-10-20,3.35,0.95,0.08,2.4000000000000004,3.27,False,False
2009-10-21,3.42,1.0,0.07,2.42,3.35,False,False
2009-10-22,3.44,0.97,0.06,2.4699999999999998,3.38,False,False
2009-10-23,3.51,1.04,0.07,2.4699999999999998,3.44,False,False
2009-10-26,3.59,1.06,0.08,2.53,3.51,False,False
2009-10-27,3.49,0.99,0.08,2.5,3.41,False,False
2009-10-28,3.44,0.95,0.07,2.49,3.37,False,False
2009-10-29,3.53,0.98,0.06,2.55,3.4699999999999998,False,False
2009-10-30,3.41,0.9,0.05,2.5100000000000002,3.3600000000000003,False,False
2009-11-02,3.45,0.92,0.06,2.5300000000000002,3.39,False,False
2009-11-03,3.5,0.92,0.06,2.58,3.44,False,False
2009-11-04,3.57,0.91,0.05,2.6599999999999997,3.52,False,False
2009-11-05,3.57,0.9,0.04,2.67,3.53,False,False
2009-11-06,3.54,0.86,0.06,2.68,3.48,False,False
2009-11-09,3.52,0.87,0.07,2.65,3.45,False,False
2009-11-10,3.5,0.85,0.07,2.65,3.43,False,False
2009-11-11,3.5,0.85,0.07,2.65,3.43,False,False
2009-11-12,3.45,0.82,0.07,2.6300000000000003,3.3800000000000003,False,False
2009-11-13,3.43,0.82,0.06,2.6100000000000003,3.37,False,False
2009-11-16,3.33,0.78,0.07,2.55,3.2600000000000002,False,False
2009-11-17,3.33,0.78,0.06,2.55,3.27,False,False
2009-11-18,3.36,0.77,0.04,2.59,3.32,False,False
2009-11-19,3.35,0.73,0.02,2.62,3.33,False,False
2009-11-20,3.36,0.75,0.02,2.61,3.34,False,False
2009-11-23,3.37,0.77,0.05,2.6,3.3200000000000003,False,False
2009-11-24,3.32,0.73,0.05,2.59,3.27,False,False
2009-11-25,3.28,0.73,0.05,2.55,3.23,False,False
2009-11-26,3.28,0.73,0.05,2.55,3.23,False,False
2009-11-27,3.21,0.68,0.03,2.53,3.18,False,False
2009-11-30,3.21,0.67,0.06,2.54,3.15,False,False
2009-12-01,3.28,0.67,0.06,2.61,3.2199999999999998,False,False
2009-12-02,3.32,0.72,0.05,2.5999999999999996,3.27,False,False
2009-12-03,3.39,0.74,0.06,2.6500000000000004,3.33,False,False
2009-12-04,3.48,0.84,0.06,2.64,3.42,False,False
2009-12-07,3.44,0.78,0.04,2.66,3.4,False,False
2009-12-08,3.4,0.73,0.03,2.67,3.37,False,False
2009-12-09,3.45,0.76,0.03,2.6900000000000004,3.4200000000000004,False,False
2009-12-10,3.49,0.78,0.02,2.71,3.47,False,False
2009-12-11,3.55,0.83,0.03,2.7199999999999998,3.52,False,False
2009-12-14,3.56,0.87,0.04,2.69,3.52,False,False
2009-12-15,3.6,0.88,0.05,2.72,3.5500000000000003,False,False
2009-12-16,3.61,0.85,0.04,2.76,3.57,False,False
2009-12-17,3.5,0.77,0.04,2.73,3.46,False,False
2009-12-18,3.55,0.82,0.05,2.73,3.5,False,False
2009-12-21,3.69,0.89,0.08,2.8,3.61,False,False
2009-12-22,3.76,0.95,0.08,2.8099999999999996,3.6799999999999997,False,False
2009-12-23,3.77,0.96,0.07,2.81,3.7,False,False
2009-12-24,3.82,1.0,0.05,2.82,3.77,False,False
2009-12-25,3.82,1.0,0.05,2.82,3.77,False,False
2009-12-28,3.85,1.09,0.11,2.76,3.74,False,False
2009-12-29,3.82,1.09,0.1,2.7299999999999995,3.7199999999999998,False,False
2009-12-30,3.8,1.08,0.05,2.7199999999999998,3.75,False,False
2009-12-31,3.85,1.14,0.06,2.71,3.79,False,False
2010-01-01,3.85,1.14,0.06,2.71,3.79,False,False
2010-01-04,3.85,1.09,0.08,2.76,3.77,False,False
2010-01-05,3.77,1.01,0.07,2.76,3.7,False,False
2010-01-06,3.85,1.01,0.06,2.84,3.79,False,False
2010-01-07,3.85,1.03,0.05,2.8200000000000003,3.8000000000000003,False,False
2010-01-08,3.83,0.96,0.05,2.87,3.7800000000000002,False,False
2010-01-11,3.85,0.95,0.04,2.9000000000000004,3.81,False,False
2010-01-12,3.74,0.92,0.05,2.8200000000000003,3.6900000000000004,False,False
2010-01-13,3.8,0.97,0.06,2.83,3.7399999999999998,False,False
2010-01-14,3.76,0.94,0.05,2.82,3.71,False,False
2010-01-15,3.7,0.89,0.06,2.81,3.64,False,False
2010-01-18,3.7,0.89,0.06,2.81,3.64,False,False
2010-01-19,3.73,0.93,0.06,2.8,3.67,False,False
2010-01-20,3.68,0.92,0.05,2.7600000000000002,3.6300000000000003,False,False
2010-01-21,3.62,0.87,0.06,2.75,3.56,False,False
2010-01-22,3.62,0.84,0.06,2.7800000000000002,3.56,False,False
2010-01-25,3.66,0.86,0.06,2.8000000000000003,3.6,False,False
2010-01-26,3.65,0.87,0.07,2.78,3.58,False,False
2010-01-27,3.66,0.9,0.08,2.7600000000000002,3.58,False,False
2010-01-28,3.68,0.87,0.08,2.81,3.6,False,False
2010-01-29,3.63,0.82,0.08,2.81,3.55,False,False
2010-02-01,3.68,0.86,0.1,2.8200000000000003,3.58,False,False
2010-02-02,3.67,0.86,0.1,2.81,3.57,False,False
2010-02-03,3.73,0.88,0.1,2.85,3.63,False,False
2010-02-04,3.62,0.8,0.09,2.8200000000000003,3.5300000000000002,False,False
2010-02-05,3.59,0.77,0.1,2.82,3.4899999999999998,False,False
2010-02-08,3.62,0.79,0.12,2.83,3.5,False,False
2010-02-09,3.67,0.84,0.12,2.83,3.55,False,False
2010-02-10,3.72,0.91,0.11,2.81,3.6100000000000003,False,False
2010-02-11,3.73,0.91,0.11,2.82,3.62,False,False
2010-02-12,3.69,0.84,0.1,2.85,3.59,False,False
2010-02-15,3.69,0.84,0.1,2.85,3.59,False,False
2010-02-16,3.66,0.82,0.1,2.8400000000000003,3.56,False,False
2010-02-17,3.74,0.87,0.1,2.87,3.64,False,False
2010-02-18,3.79,0.9,0.1,2.89,3.69,False,False
2010-02-19,3.78,0.95,0.11,2.83,3.67,False,False
2010-02-22,3.8,0.91,0.11,2.8899999999999997,3.69,False,False
2010-02-23,3.69,0.87,0.12,2.82,3.57,False,False
2010-02-24,3.7,0.87,0.12,2.83,3.58,False,False
2010-02-25,3.64,0.82,0.13,2.8200000000000003,3.5100000000000002,False,False
2010-02-26,3.61,0.81,0.13,2.8,3.48,False,False
2010-03-01,3.61,0.8,0.13,2.8099999999999996,3.48,False,False
2010-03-02,3.62,0.8,0.14,2.8200000000000003,3.48,False,False
2010-03-03,3.63,0.82,0.14,2.81,3.4899999999999998,False,False
2010-03-04,3.61,0.86,0.14,2.75,3.4699999999999998,False,False
2010-03-05,3.69,0.91,0.15,2.78,3.54,False,False
2010-03-08,3.72,0.9,0.16,2.8200000000000003,3.56,False,False
2010-03-09,3.71,0.89,0.16,2.82,3.55,False,False
2010-03-10,3.73,0.92,0.15,2.81,3.58,False,False
2010-03-11,3.73,0.97,0.16,2.76,3.57,False,False
2010-03-12,3.71,0.97,0.15,2.74,3.56,False,False
2010-03-15,3.71,0.96,0.17,2.75,3.54,False,False
2010-03-16,3.66,0.93,0.16,2.73,3.5,False,False
2010-03-17,3.65,0.95,0.15,2.7,3.5,False,False
2010-03-18,3.68,0.98,0.16,2.7,3.52,False,False
2010-03-19,3.7,1.02,0.16,2.68,3.54,False,False
2010-03-22,3.67,1.01,0.15,2.66,3.52,False,False
2010-03-23,3.69,1.02,0.14,2.67,3.55,False,False
2010-03-24,3.84,1.08,0.14,2.76,3.6999999999999997,False,False
2010-03-25,3.91,1.1,0.14,2.81,3.77,False,False
2010-03-26,3.86,1.04,0.14,2.82,3.7199999999999998,False,False
2010-03-29,3.88,1.04,0.15,2.84,3.73,False,False
2010-03-30,3.88,1.06,0.16,2.82,3.7199999999999998,False,False
2010-03-31,3.84,1.02,0.16,2.82,3.6799999999999997,False,False
2010-04-01,3.89,1.05,0.16,2.84,3.73,False,False
2010-04-02,3.96,1.11,0.16,2.8499999999999996,3.8,False,False
2010-04-05,4.01,1.18,0.18,2.83,3.8299999999999996,False,False
2010-04-06,3.98,1.14,0.17,2.84,3.81,False,False
2010-04-07,3.89,1.06,0.17,2.83,3.72,False,False
2010-04-08,3.91,1.09,0.17,2.8200000000000003,3.74,False,False
2010-04-09,3.9,1.08,0.16,2.82,3.7399999999999998,False,False
2010-04-12,3.87,1.07,0.16,2.8,3.71,False,False
2010-04-13,3.84,1.07,0.16,2.7699999999999996,3.6799999999999997,False,False
2010-04-14,3.88,1.07,0.16,2.8099999999999996,3.7199999999999998,False,False
2010-04-15,3.86,1.04,0.16,2.82,3.6999999999999997,False,False
2010-04-16,3.79,0.98,0.16,2.81,3.63,False,False
2010-04-19,3.83,1.01,0.16,2.8200000000000003,3.67,False,False
2010-04-20,3.82,1.05,0.16,2.7699999999999996,3.6599999999999997,False,False
2010-04-21,3.77,1.03,0.15,2.74,3.62,False,False
2010-04-22,3.8,1.07,0.16,2.7299999999999995,3.6399999999999997,False,False
2010-04-23,3.84,1.1,0.16,2.7399999999999998,3.6799999999999997,False,False
2010-04-26,3.83,1.09,0.16,2.74,3.67,False,False
2010-04-27,3.71,1.03,0.16,2.6799999999999997,3.55,False,False
2010-04-28,3.8,1.03,0.16,2.7699999999999996,3.6399999999999997,False,False
2010-04-29,3.76,1.01,0.17,2.75,3.59,False,False
2010-04-30,3.69,0.97,0.16,2.7199999999999998,3.53,False,False
2010-05-03,3.72,1.0,0.17,2.72,3.5500000000000003,False,False
2010-05-04,3.63,0.96,0.16,2.67,3.4699999999999998,False,False
2010-05-05,3.58,0.88,0.15,2.7,3.43,False,False
2010-05-06,3.41,0.75,0.11,2.66,3.3000000000000003,False,False
2010-05-07,3.45,0.83,0.13,2.62,3.3200000000000003,False,False
2010-05-10,3.57,0.87,0.16,2.6999999999999997,3.4099999999999997,False,False
2010-05-11,3.56,0.85,0.16,2.71,3.4,False,False
2010-05-12,3.56,0.89,0.16,2.67,3.4,False,False
2010-05-13,3.55,0.87,0.16,2.6799999999999997,3.3899999999999997,False,False
2010-05-14,3.44,0.79,0.16,2.65,3.28,False,False
2010-05-17,3.47,0.81,0.16,2.66,3.31,False,False
2010-05-18,3.38,0.76,0.17,2.62,3.21,False,False
2010-05-19,3.36,0.8,0.17,2.5599999999999996,3.19,False,False
2010-05-20,3.25,0.76,0.17,2.49,3.08,False,False
2010-05-21,3.2,0.76,0.17,2.4400000000000004,3.0300000000000002,False,False
2010-05-24,3.23,0.77,0.17,2.46,3.06,False,False
2010-05-25,3.18,0.81,0.17,2.37,3.0100000000000002,False,False
2010-05-26,3.21,0.82,0.17,2.39,3.04,False,False
2010-05-27,3.34,0.87,0.17,2.4699999999999998,3.17,False,False
2010-05-28,3.31,0.76,0.16,2.55,3.15,False,False
2010-05-31,3.31,0.76,0.16,2.55,3.15,False,False
2010-06-01,3.29,0.78,0.16,2.51,3.13,False,False
2010-06-02,3.35,0.82,0.16,2.5300000000000002,3.19,False,False
2010-06-03,3.39,0.82,0.14,2.5700000000000003,3.25,False,False
2010-06-04,3.2,0.72,0.14,2.4800000000000004,3.06,False,False
2010-06-07,3.17,0.74,0.12,2.4299999999999997,3.05,False,False
2010-06-08,3.18,0.74,0.12,2.4400000000000004,3.06,False,False
2010-06-09,3.2,0.74,0.1,2.46,3.1,False,False
2010-06-10,3.33,0.79,0.1,2.54,3.23,False,False
2010-06-11,3.24,0.75,0.08,2.49,3.16,False,False
2010-06-14,3.28,0.77,0.07,2.51,3.21,False,False
2010-06-15,3.32,0.79,0.09,2.53,3.23,False,False
2010-06-16,3.27,0.75,0.1,2.52,3.17,False,False
2010-06-17,3.21,0.72,0.09,2.49,3.12,False,False
2010-06-18,3.24,0.74,0.11,2.5,3.1300000000000003,False,False
2010-06-21,3.26,0.74,0.12,2.5199999999999996,3.1399999999999997,False,False
2010-06-22,3.18,0.71,0.13,2.47,3.0500000000000003,False,False
2010-06-23,3.13,0.66,0.13,2.4699999999999998,3.0,False,False
2010-06-24,3.14,0.67,0.13,2.47,3.0100000000000002,False,False
2010-06-25,3.12,0.65,0.13,2.47,2.99,False,False
2010-06-28,3.05,0.62,0.17,2.4299999999999997,2.88,False,False
2010-06-29,2.97,0.61,0.15,2.3600000000000003,2.8200000000000003,False,False
2010-06-30,2.97,0.61,0.18,2.3600000000000003,2.79,False,False
2010-07-01,2.96,0.63,0.17,2.33,2.79,False,False
2010-07-02,3.0,0.63,0.17,2.37,2.83,False,False
2010-07-05,3.0,0.63,0.17,2.37,2.83,False,False
2010-07-06,2.95,0.62,0.17,2.33,2.7800000000000002,False,False
2010-07-07,3.0,0.63,0.16,2.37,2.84,False,False
2010-07-08,3.04,0.63,0.15,2.41,2.89,False,False
2010-07-09,3.07,0.63,0.16,2.44,2.9099999999999997,False,False
2010-07-12,3.08,0.65,0.16,2.43,2.92,False,False
2010-07-13,3.15,0.67,0.15,2.48,3.0,False,False
2010-07-14,3.07,0.62,0.15,2.4499999999999997,2.92,False,False
2010-07-15,3.0,0.61,0.15,2.39,2.85,False,False
2010-07-16,2.96,0.61,0.15,2.35,2.81,False,False
2010-07-19,2.99,0.61,0.17,2.3800000000000003,2.8200000000000003,False,False
2010-07-20,2.98,0.61,0.16,2.37,2.82,False,False
2010-07-21,2.9,0.58,0.16,2.32,2.7399999999999998,False,False
2010-07-22,2.96,0.6,0.16,2.36,2.8,False,False
2010-07-23,3.02,0.6,0.16,2.42,2.86,False,False
2010-07-26,3.03,0.62,0.16,2.4099999999999997,2.8699999999999997,False,False
2010-07-27,3.08,0.65,0.15,2.43,2.93,False,False
2010-07-28,3.03,0.61,0.15,2.42,2.88,False,False
2010-07-29,3.03,0.59,0.15,2.44,2.88,False,False
2010-07-30,2.94,0.55,0.15,2.3899999999999997,2.79,False,False
2010-08-02,2.99,0.56,0.16,2.43,2.83,False,False
2010-08-03,2.94,0.53,0.16,2.41,2.78,False,False
2010-08-04,2.98,0.56,0.16,2.42,2.82,False,False
2010-08-05,2.94,0.53,0.15,2.41,2.79,False,False
2010-08-06,2.86,0.5,0.15,2.36,2.71,False,False
2010-08-09,2.86,0.54,0.15,2.32,2.71,False,False
2010-08-10,2.79,0.52,0.15,2.27,2.64,False,False
2010-08-11,2.72,0.54,0.15,2.18,2.5700000000000003,False,False
2010-08-12,2.74,0.55,0.16,2.1900000000000004,2.58,False,False
2010-08-13,2.68,0.54,0.15,2.14,2.5300000000000002,False,False
2010-08-16,2.58,0.51,0.16,2.0700000000000003,2.42,False,False
2010-08-17,2.64,0.52,0.17,2.12,2.47,False,False
2010-08-18,2.64,0.51,0.16,2.13,2.48,False,False
2010-08-19,2.58,0.49,0.16,2.09,2.42,False,False
2010-08-20,2.62,0.49,0.15,2.13,2.47,False,False
2010-08-23,2.6,0.49,0.16,2.1100000000000003,2.44,False,False
2010-08-24,2.5,0.5,0.16,2.0,2.34,False,False
2010-08-25,2.54,0.53,0.16,2.01,2.38,False,False
2010-08-26,2.5,0.51,0.16,1.99,2.34,False,False
2010-08-27,2.66,0.56,0.15,2.1,2.5100000000000002,False,False
2010-08-30,2.54,0.5,0.14,2.04,2.4,False,False
2010-08-31,2.47,0.47,0.14,2.0,2.33,False,False
2010-09-01,2.58,0.5,0.13,2.08,2.45,False,False
2010-09-02,2.63,0.5,0.14,2.13,2.4899999999999998,False,False
2010-09-03,2.72,0.52,0.14,2.2,2.58,False,False
2010-09-06,2.72,0.52,0.14,2.2,2.58,False,False
2010-09-07,2.61,0.49,0.14,2.12,2.4699999999999998,False,False
2010-09-08,2.66,0.52,0.14,2.14,2.52,False,False
2010-09-09,2.77,0.57,0.14,2.2,2.63,False,False
2010-09-10,2.81,0.58,0.14,2.23,2.67,False,False
2010-09-13,2.74,0.53,0.15,2.21,2.5900000000000003,False,False
2010-09-14,2.68,0.5,0.15,2.18,2.5300000000000002,False,False
2010-09-15,2.74,0.5,0.15,2.24,2.5900000000000003,False,False
2010-09-16,2.77,0.48,0.16,2.29,2.61,False,False
2010-09-17,2.75,0.48,0.16,2.27,2.59,False,False
2010-09-20,2.72,0.47,0.17,2.25,2.5500000000000003,False,False
2010-09-21,2.61,0.43,0.17,2.1799999999999997,2.44,False,False
2010-09-22,2.56,0.44,0.16,2.12,2.4,False,False
2010-09-23,2.56,0.45,0.16,2.11,2.4,False,False
2010-09-24,2.62,0.45,0.15,2.17,2.47,False,False
2010-09-27,2.54,0.44,0.16,2.1,2.38,False,False
2010-09-28,2.48,0.37,0.16,2.11,2.32,False,False
2010-09-29,2.52,0.44,0.16,2.08,2.36,False,False
2010-09-30,2.53,0.42,0.16,2.11,2.3699999999999997,False,False
2010-10-01,2.54,0.42,0.16,2.12,2.38,False,False
2010-10-04,2.5,0.41,0.13,2.09,2.37,False,False
2010-10-05,2.5,0.41,0.12,2.09,2.38,False,False
2010-10-06,2.41,0.38,0.13,2.0300000000000002,2.2800000000000002,False,False
2010-10-07,2.41,0.36,0.13,2.0500000000000003,2.2800000000000002,False,False
2010-10-08,2.41,0.35,0.12,2.06,2.29,False,False
2010-10-11,2.41,0.35,0.12,2.06,2.29,False,False
2010-10-12,2.44,0.37,0.13,2.07,2.31,False,False
2010-10-13,2.46,0.37,0.13,2.09,2.33,False,False
2010-10-14,2.52,0.38,0.14,2.14,2.38,False,False
2010-10-15,2.59,0.37,0.14,2.2199999999999998,2.4499999999999997,False,False
2010-10-18,2.52,0.38,0.15,2.14,2.37,False,False
2010-10-19,2.5,0.37,0.14,2.13,2.36,False,False
2010-10-20,2.51,0.35,0.14,2.1599999999999997,2.3699999999999997,False,False
2010-10-21,2.57,0.37,0.13,2.1999999999999997,2.44,False,False
2010-10-22,2.59,0.35,0.13,2.2399999999999998,2.46,False,False
2010-10-25,2.59,0.37,0.14,2.2199999999999998,2.4499999999999997,False,False
2010-10-26,2.67,0.4,0.14,2.27,2.53,False,False
2010-10-27,2.75,0.4,0.14,2.35,2.61,False,False
2010-10-28,2.69,0.37,0.13,2.32,2.56,False,False
2010-10-29,2.63,0.34,0.12,2.29,2.51,False,False
2010-11-01,2.66,0.34,0.13,2.3200000000000003,2.5300000000000002,False,False
2010-11-02,2.63,0.34,0.13,2.29,2.5,False,False
2010-11-03,2.67,0.34,0.13,2.33,2.54,False,False
2010-11-04,2.53,0.33,0.13,2.1999999999999997,2.4,False,False
2010-11-05,2.58,0.38,0.13,2.2,2.45,False,False
2010-11-08,2.6,0.41,0.13,2.19,2.47,False,False
2010-11-09,2.72,0.46,0.13,2.2600000000000002,2.5900000000000003,False,False
2010-11-10,2.65,0.44,0.13,2.21,2.52,False,False
2010-11-11,2.65,0.44,0.13,2.21,2.52,False,False
2010-11-12,2.76,0.51,0.13,2.25,2.63,False,False
2010-11-15,2.92,0.53,0.14,2.3899999999999997,2.78,False,False
2010-11-16,2.85,0.51,0.15,2.34,2.7,False,False
2010-11-17,2.89,0.5,0.14,2.39,2.75,False,False
2010-11-18,2.9,0.52,0.15,2.38,2.75,False,False
2010-11-19,2.88,0.52,0.14,2.36,2.7399999999999998,False,False
2010-11-22,2.8,0.49,0.15,2.3099999999999996,2.65,False,False
2010-11-23,2.77,0.45,0.15,2.32,2.62,False,False
2010-11-24,2.93,0.53,0.16,2.4000000000000004,2.77,False,False
2010-11-25,2.93,0.53,0.16,2.4000000000000004,2.77,False,False
2010-11-26,2.87,0.51,0.16,2.3600000000000003,2.71,False,False
2010-11-29,2.84,0.52,0.18,2.32,2.6599999999999997,False,False
2010-11-30,2.81,0.45,0.17,2.36,2.64,False,False
2010-12-01,2.97,0.53,0.16,2.4400000000000004,2.81,False,False
2010-12-02,3.01,0.55,0.16,2.46,2.8499999999999996,False,False
2010-12-03,3.03,0.49,0.14,2.54,2.8899999999999997,False,False
2010-12-06,2.95,0.42,0.15,2.5300000000000002,2.8000000000000003,False,False
2010-12-07,3.15,0.54,0.14,2.61,3.01,False,False
2010-12-08,3.26,0.63,0.15,2.63,3.11,False,False
2010-12-09,3.23,0.64,0.14,2.59,3.09,False,False
2010-12-10,3.32,0.64,0.13,2.6799999999999997,3.19,False,False
2010-12-13,3.29,0.61,0.15,2.68,3.14,False,False
2010-12-14,3.49,0.66,0.15,2.83,3.3400000000000003,False,False
2010-12-15,3.53,0.68,0.14,2.8499999999999996,3.3899999999999997,False,False
2010-12-16,3.47,0.66,0.13,2.81,3.3400000000000003,False,False
2010-12-17,3.33,0.61,0.11,2.72,3.22,False,False
2010-12-20,3.36,0.62,0.14,2.7399999999999998,3.2199999999999998,False,False
2010-12-21,3.35,0.63,0.14,2.72,3.21,False,False
2010-12-22,3.36,0.65,0.14,2.71,3.2199999999999998,False,False
2010-12-23,3.41,0.67,0.14,2.74,3.27,False,False
2010-12-24,3.41,0.67,0.14,2.74,3.27,False,False
2010-12-27,3.36,0.71,0.17,2.65,3.19,False,False
2010-12-28,3.5,0.75,0.15,2.75,3.35,False,False
2010-12-29,3.35,0.64,0.13,2.71,3.22,False,False
2010-12-30,3.38,0.66,0.12,2.7199999999999998,3.26,False,False
2010-12-31,3.3,0.61,0.12,2.69,3.1799999999999997,False,False
2011-01-03,3.36,0.61,0.15,2.75,3.21,False,False
2011-01-04,3.36,0.63,0.14,2.73,3.2199999999999998,False,False
2011-01-05,3.5,0.71,0.14,2.79,3.36,False,False
2011-01-06,3.44,0.68,0.15,2.76,3.29,False,False
2011-01-07,3.34,0.6,0.14,2.7399999999999998,3.1999999999999997,False,False
2011-01-10,3.32,0.59,0.15,2.73,3.17,False,False
2011-01-11,3.37,0.6,0.15,2.77,3.22,False,False
2011-01-12,3.4,0.61,0.15,2.79,3.25,False,False
2011-01-13,3.34,0.59,0.15,2.75,3.19,False,False
2011-01-14,3.35,0.59,0.15,2.7600000000000002,3.2,False,False
2011-01-17,3.35,0.59,0.15,2.7600000000000002,3.2,False,False
2011-01-18,3.39,0.6,0.16,2.79,3.23,False,False
2011-01-19,3.37,0.6,0.16,2.77,3.21,False,False
2011-01-20,3.47,0.65,0.16,2.8200000000000003,3.31,False,False
2011-01-21,3.44,0.63,0.16,2.81,3.28,False,False
2011-01-24,3.43,0.65,0.16,2.7800000000000002,3.27,False,False
2011-01-25,3.35,0.62,0.16,2.73,3.19,False,False
2011-01-26,3.45,0.62,0.16,2.83,3.29,False,False
2011-01-27,3.42,0.59,0.15,2.83,3.27,False,False
2011-01-28,3.36,0.54,0.15,2.82,3.21,False,False
2011-01-31,3.42,0.58,0.15,2.84,3.27,False,False
2011-02-01,3.48,0.61,0.15,2.87,3.33,False,False
2011-02-02,3.52,0.67,0.16,2.85,3.36,False,False
2011-02-03,3.58,0.71,0.14,2.87,3.44,False,False
2011-02-04,3.68,0.77,0.15,2.91,3.5300000000000002,False,False
2011-02-07,3.68,0.78,0.16,2.9000000000000004,3.52,False,False
2011-02-08,3.75,0.86,0.15,2.89,3.6,False,False
2011-02-09,3.65,0.81,0.14,2.84,3.51,False,False
2011-02-10,3.7,0.85,0.12,2.85,3.58,False,False
2011-02-11,3.64,0.85,0.12,2.79,3.52,False,False
2011-02-14,3.62,0.87,0.13,2.75,3.49,False,False
2011-02-15,3.61,0.84,0.13,2.77,3.48,False,False
2011-02-16,3.62,0.86,0.12,2.7600000000000002,3.5,False,False
2011-02-17,3.58,0.8,0.09,2.7800000000000002,3.49,False,False
2011-02-18,3.59,0.78,0.1,2.8099999999999996,3.4899999999999998,False,False
2011-02-21,3.59,0.78,0.1,2.8099999999999996,3.4899999999999998,False,False
2011-02-22,3.46,0.74,0.12,2.7199999999999998,3.34,False,False
2011-02-23,3.49,0.74,0.12,2.75,3.37,False,False
2011-02-24,3.46,0.73,0.13,2.73,3.33,False,False
2011-02-25,3.42,0.72,0.13,2.7,3.29,False,False
2011-02-28,3.42,0.69,0.15,2.73,3.27,False,False
2011-03-01,3.41,0.66,0.14,2.75,3.27,False,False
2011-03-02,3.46,0.69,0.13,2.77,3.33,False,False
2011-03-03,3.58,0.79,0.13,2.79,3.45,False,False
2011-03-04,3.49,0.68,0.12,2.81,3.37,False,False
2011-03-07,3.51,0.7,0.11,2.8099999999999996,3.4,False,False
2011-03-08,3.56,0.73,0.11,2.83,3.45,False,False
2011-03-09,3.48,0.7,0.1,2.7800000000000002,3.38,False,False
2011-03-10,3.37,0.65,0.08,2.72,3.29,False,False
2011-03-11,3.4,0.64,0.08,2.76,3.32,False,False
2011-03-14,3.36,0.61,0.09,2.75,3.27,False,False
2011-03-15,3.33,0.63,0.1,2.7,3.23,False,False
2011-03-16,3.22,0.58,0.1,2.64,3.12,False,False
2011-03-17,3.25,0.6,0.08,2.65,3.17,False,False
2011-03-18,3.28,0.61,0.07,2.67,3.21,False,False
2011-03-21,3.34,0.67,0.1,2.67,3.2399999999999998,False,False
2011-03-22,3.34,0.68,0.1,2.6599999999999997,3.2399999999999998,False,False
2011-03-23,3.36,0.69,0.09,2.67,3.27,False,False
2011-03-24,3.42,0.72,0.09,2.7,3.33,False,False
2011-03-25,3.46,0.79,0.09,2.67,3.37,False,False
2011-03-28,3.47,0.81,0.11,2.66,3.3600000000000003,False,False
2011-03-29,3.5,0.81,0.1,2.69,3.4,False,False
2011-03-30,3.47,0.8,0.1,2.67,3.37,False,False
2011-03-31,3.47,0.8,0.09,2.67,3.3800000000000003,False,False
2011-04-01,3.46,0.8,0.07,2.66,3.39,False,False
2011-04-04,3.45,0.77,0.06,2.68,3.39,False,False
2011-04-05,3.5,0.84,0.07,2.66,3.43,False,False
2011-04-06,3.56,0.85,0.06,2.71,3.5,False,False
2011-04-07,3.58,0.81,0.04,2.77,3.54,False,False
2011-04-08,3.59,0.83,0.04,2.76,3.55,False,False
2011-04-11,3.59,0.85,0.05,2.7399999999999998,3.54,False,False
2011-04-12,3.52,0.77,0.05,2.75,3.47,False,False
2011-04-13,3.49,0.75,0.06,2.74,3.43,False,False
2011-04-14,3.51,0.77,0.07,2.7399999999999998,3.44,False,False
2011-04-15,3.43,0.71,0.07,2.72,3.3600000000000003,False,False
2011-04-18,3.4,0.69,0.07,2.71,3.33,False,False
2011-04-19,3.39,0.68,0.06,2.71,3.33,False,False
2011-04-20,3.43,0.69,0.06,2.74,3.37,False,False
2011-04-21,3.42,0.68,0.06,2.7399999999999998,3.36,False,False
2011-04-22,3.42,0.68,0.06,2.7399999999999998,3.36,False,False
2011-04-25,3.39,0.67,0.07,2.72,3.3200000000000003,False,False
2011-04-26,3.34,0.65,0.07,2.69,3.27,False,False
2011-04-27,3.39,0.65,0.06,2.74,3.33,False,False
2011-04-28,3.34,0.62,0.04,2.7199999999999998,3.3,False,False
2011-04-29,3.32,0.61,0.04,2.71,3.28,False,False
2011-05-02,3.31,0.61,0.05,2.7,3.2600000000000002,False,False
2011-05-03,3.28,0.61,0.03,2.67,3.25,False,False
2011-05-04,3.25,0.6,0.03,2.65,3.22,False,False
2011-05-05,3.18,0.58,0.02,2.6,3.16,False,False
2011-05-06,3.19,0.57,0.02,2.62,3.17,False,False
2011-05-09,3.17,0.57,0.03,2.6,3.14,False,False
2011-05-10,3.23,0.59,0.03,2.64,3.2,False,False
2011-05-11,3.19,0.56,0.03,2.63,3.16,False,False
2011-05-12,3.22,0.57,0.02,2.6500000000000004,3.2,False,False
2011-05-13,3.18,0.57,0.03,2.6100000000000003,3.1500000000000004,False,False
2011-05-16,3.15,0.54,0.04,2.61,3.11,False,False
2011-05-17,3.12,0.55,0.04,2.5700000000000003,3.08,False,False
2011-05-18,3.18,0.58,0.05,2.6,3.1300000000000003,False,False
2011-05-19,3.17,0.55,0.05,2.62,3.12,False,False
2011-05-20,3.15,0.55,0.05,2.5999999999999996,3.1,False,False
2011-05-23,3.13,0.55,0.06,2.58,3.07,False,False
2011-05-24,3.12,0.56,0.06,2.56,3.06,False,False
2011-05-25,3.13,0.54,0.06,2.59,3.07,False,False
2011-05-26,3.07,0.48,0.05,2.59,3.02,False,False
2011-05-27,3.07,0.48,0.05,2.59,3.02,False,False
2011-05-30,3.07,0.48,0.05,2.59,3.02,False,False
2011-05-31,3.05,0.45,0.06,2.5999999999999996,2.9899999999999998,False,False
2011-06-01,2.96,0.44,0.05,2.52,2.91,False,False
2011-06-02,3.04,0.45,0.04,2.59,3.0,False,False
2011-06-03,2.99,0.42,0.04,2.5700000000000003,2.95,False,False
2011-06-06,3.01,0.43,0.05,2.5799999999999996,2.96,False,False
2011-06-07,3.01,0.39,0.05,2.6199999999999997,2.96,False,False
2011-06-08,2.98,0.39,0.04,2.59,2.94,False,False
2011-06-09,3.01,0.43,0.05,2.5799999999999996,2.96,False,False
2011-06-10,2.99,0.41,0.05,2.58,2.9400000000000004,False,False
2011-06-13,3.0,0.4,0.05,2.6,2.95,False,False
2011-06-14,3.11,0.45,0.05,2.6599999999999997,3.06,False,False
2011-06-15,2.98,0.38,0.05,2.6,2.93,False,False
2011-06-16,2.93,0.38,0.05,2.5500000000000003,2.8800000000000003,False,False
2011-06-17,2.94,0.38,0.04,2.56,2.9,False,False
2011-06-20,2.97,0.38,0.03,2.5900000000000003,2.9400000000000004,False,False
2011-06-21,2.99,0.4,0.03,2.5900000000000003,2.9600000000000004,False,False
2011-06-22,3.01,0.39,0.02,2.6199999999999997,2.9899999999999998,False,False
2011-06-23,2.93,0.35,0.01,2.58,2.9200000000000004,False,False
2011-06-24,2.88,0.35,0.02,2.53,2.86,False,False
2011-06-27,2.95,0.41,0.02,2.54,2.93,False,False
2011-06-28,3.05,0.48,0.03,2.57,3.02,False,False
2011-06-29,3.14,0.47,0.02,2.67,3.12,False,False
2011-06-30,3.18,0.45,0.03,2.73,3.1500000000000004,False,False
2011-07-01,3.22,0.5,0.02,2.72,3.2,False,False
2011-07-04,3.22,0.5,0.02,2.72,3.2,False,False
2011-07-05,3.16,0.44,0.02,2.72,3.14,False,False
2011-07-06,3.12,0.43,0.01,2.69,3.1100000000000003,False,False
2011-07-07,3.17,0.49,0.03,2.6799999999999997,3.14,False,False
2011-07-08,3.03,0.4,0.03,2.63,3.0,False,False
2011-07-11,2.94,0.37,0.03,2.57,2.91,False,False
2011-07-12,2.92,0.37,0.03,2.55,2.89,False,False
2011-07-13,2.92,0.37,0.01,2.55,2.91,False,False
2011-07-14,2.98,0.38,0.01,2.6,2.97,False,False
2011-07-15,2.94,0.37,0.02,2.57,2.92,False,False
2011-07-18,2.94,0.37,0.02,2.57,2.92,False,False
2011-07-19,2.91,0.39,0.03,2.52,2.8800000000000003,False,False
2011-07-20,2.96,0.4,0.02,2.56,2.94,False,False
2011-07-21,3.03,0.4,0.05,2.63,2.98,False,False
2011-07-22,2.99,0.4,0.05,2.5900000000000003,2.9400000000000004,False,False
2011-07-25,3.03,0.42,0.05,2.61,2.98,False,False
2011-07-26,2.99,0.41,0.07,2.58,2.9200000000000004,False,False
2011-07-27,3.01,0.44,0.08,2.57,2.9299999999999997,False,False
2011-07-28,2.98,0.42,0.07,2.56,2.91,False,False
2011-07-29,2.82,0.36,0.1,2.46,2.7199999999999998,False,False
2011-08-01,2.77,0.38,0.1,2.39,2.67,False,False
2011-08-02,2.66,0.33,0.06,2.33,2.6,False,False
2011-08-03,2.64,0.33,0.02,2.31,2.62,False,False
2011-08-04,2.47,0.27,0.02,2.2,2.45,False,False
2011-08-05,2.58,0.28,0.01,2.3,2.5700000000000003,False,False
2011-08-08,2.4,0.27,0.05,2.13,2.35,False,False
2011-08-09,2.2,0.19,0.03,2.0100000000000002,2.1700000000000004,False,False
2011-08-10,2.17,0.19,0.02,1.98,2.15,False,False
2011-08-11,2.34,0.19,0.03,2.15,2.31,False,False
2011-08-12,2.24,0.2,0.02,2.04,2.22,False,False
2011-08-15,2.29,0.19,0.02,2.1,2.27,False,False
2011-08-16,2.23,0.2,0.03,2.03,2.2,False,False
2011-08-17,2.17,0.19,0.01,1.98,2.16,False,False
2011-08-18,2.08,0.2,0.01,1.8800000000000001,2.0700000000000003,False,False
2011-08-19,2.07,0.2,0.02,1.8699999999999999,2.05,False,False
2011-08-22,2.1,0.22,0.01,1.8800000000000001,2.0900000000000003,False,False
2011-08-23,2.15,0.22,0.01,1.93,2.14,False,False
2011-08-24,2.29,0.23,0.02,2.06,2.27,False,False
2011-08-25,2.23,0.22,0.01,2.01,2.22,False,False
2011-08-26,2.19,0.2,0.01,1.99,2.18,False,False
2011-08-29,2.28,0.2,0.02,2.0799999999999996,2.26,False,False
2011-08-30,2.19,0.2,0.01,1.99,2.18,False,False
2011-08-31,2.23,0.2,0.02,2.03,2.21,False,False
2011-09-01,2.15,0.19,0.02,1.96,2.13,False,False
2011-09-02,2.02,0.2,0.02,1.82,2.0,False,False
2011-09-05,2.02,0.2,0.02,1.82,2.0,False,False
2011-09-06,1.98,0.21,0.02,1.77,1.96,False,False
2011-09-07,2.05,0.21,0.02,1.8399999999999999,2.03,False,False
2011-09-08,2.0,0.19,0.02,1.81,1.98,False,False
2011-09-09,1.93,0.17,0.01,1.76,1.92,False,False
2011-09-12,1.94,0.21,0.01,1.73,1.93,False,False
2011-09-13,2.0,0.21,0.01,1.79,1.99,False,False
2011-09-14,2.03,0.19,0.01,1.8399999999999999,2.02,False,False
2011-09-15,2.09,0.21,0.01,1.88,2.08,False,False
2011-09-16,2.08,0.18,0.01,1.9000000000000001,2.0700000000000003,False,False
2011-09-19,1.97,0.16,0.01,1.81,1.96,False,False
2011-09-20,1.95,0.18,0.01,1.77,1.94,False,False
2011-09-21,1.88,0.21,0.01,1.67,1.8699999999999999,False,False
2011-09-22,1.72,0.2,0.0,1.52,1.72,False,False
2011-09-23,1.84,0.23,0.01,1.61,1.83,False,False
2011-09-26,1.91,0.25,0.02,1.66,1.89,False,False
2011-09-27,2.0,0.25,0.01,1.75,1.99,False,False
2011-09-28,2.03,0.27,0.02,1.7599999999999998,2.01,False,False
2011-09-29,1.99,0.27,0.02,1.72,1.97,False,False
2011-09-30,1.92,0.25,0.02,1.67,1.9,False,False
2011-10-03,1.8,0.24,0.02,1.56,1.78,False,False
2011-10-04,1.81,0.25,0.01,1.56,1.8,False,False
2011-10-05,1.92,0.25,0.0,1.67,1.92,False,False
2011-10-06,2.01,0.29,0.01,1.7199999999999998,1.9999999999999998,False,False
2011-10-07,2.1,0.3,0.01,1.8,2.0900000000000003,False,False
2011-10-10,2.1,0.3,0.01,1.8,2.0900000000000003,False,False
2011-10-11,2.18,0.32,0.02,1.86,2.16,False,False
2011-10-12,2.24,0.29,0.02,1.9500000000000002,2.22,False,False
2011-10-13,2.19,0.29,0.02,1.9,2.17,False,False
2011-10-14,2.26,0.28,0.02,1.9799999999999998,2.2399999999999998,False,False
2011-10-17,2.18,0.28,0.04,1.9000000000000001,2.14,False,False
2011-10-18,2.19,0.28,0.04,1.91,2.15,False,False
2011-10-19,2.18,0.28,0.03,1.9000000000000001,2.1500000000000004,False,False
2011-10-20,2.2,0.28,0.03,1.9200000000000002,2.1700000000000004,False,False
2011-10-21,2.23,0.3,0.02,1.93,2.21,False,False
2011-10-24,2.25,0.3,0.02,1.95,2.23,False,False
2011-10-25,2.14,0.26,0.01,1.8800000000000001,2.1300000000000003,False,False
2011-10-26,2.23,0.28,0.02,1.95,2.21,False,False
2011-10-27,2.42,0.31,0.02,2.11,2.4,False,False
2011-10-28,2.34,0.28,0.01,2.0599999999999996,2.33,False,False
2011-10-31,2.17,0.25,0.01,1.92,2.16,False,False
2011-11-01,2.01,0.23,0.01,1.7799999999999998,1.9999999999999998,False,False
2011-11-02,2.03,0.23,0.01,1.7999999999999998,2.02,False,False
2011-11-03,2.09,0.24,0.01,1.8499999999999999,2.08,False,False
2011-11-04,2.06,0.22,0.01,1.84,2.0500000000000003,False,False
2011-11-07,2.04,0.25,0.01,1.79,2.0300000000000002,False,False
2011-11-08,2.1,0.25,0.01,1.85,2.0900000000000003,False,False
2011-11-09,2.0,0.24,0.01,1.76,1.99,False,False
2011-11-10,2.04,0.24,0.01,1.8,2.0300000000000002,False,False
2011-11-11,2.04,0.24,0.01,1.8,2.0300000000000002,False,False
2011-11-14,2.04,0.24,0.01,1.8,2.0300000000000002,False,False
2011-11-15,2.06,0.26,0.01,1.8,2.0500000000000003,False,False
2011-11-16,2.01,0.26,0.01,1.7499999999999998,1.9999999999999998,False,False
2011-11-17,1.96,0.27,0.02,1.69,1.94,False,False
2011-11-18,2.01,0.29,0.01,1.7199999999999998,1.9999999999999998,False,False
2011-11-21,1.97,0.27,0.02,1.7,1.95,False,False
2011-11-22,1.94,0.26,0.02,1.68,1.92,False,False
2011-11-23,1.89,0.26,0.02,1.63,1.8699999999999999,False,False
2011-11-24,1.89,0.26,0.02,1.63,1.8699999999999999,False,False
2011-11-25,1.97,0.28,0.02,1.69,1.95,False,False
2011-11-28,1.97,0.26,0.03,1.71,1.94,False,False
2011-11-29,2.0,0.27,0.02,1.73,1.98,False,False
2011-11-30,2.08,0.25,0.01,1.83,2.0700000000000003,False,False
2011-12-01,2.11,0.27,0.01,1.8399999999999999,2.1,False,False
2011-12-02,2.05,0.25,0.02,1.7999999999999998,2.03,False,False
2011-12-05,2.04,0.27,0.01,1.77,2.0300000000000002,False,False
2011-12-06,2.08,0.25,0.01,1.83,2.0700000000000003,False,False
2011-12-07,2.02,0.24,0.02,1.78,2.0,False,False
2011-12-08,1.99,0.22,0.01,1.77,1.98,False,False
2011-12-09,2.07,0.22,0.01,1.8499999999999999,2.06,False,False
2011-12-12,2.03,0.24,0.01,1.7899999999999998,2.02,False,False
2011-12-13,1.96,0.24,0.01,1.72,1.95,False,False
2011-12-14,1.92,0.25,0.01,1.67,1.91,False,False
2011-12-15,1.92,0.26,0.0,1.66,1.92,False,False
2011-12-16,1.86,0.24,0.0,1.62,1.86,False,False
2011-12-19,1.82,0.24,0.01,1.58,1.81,False,False
2011-12-20,1.94,0.26,0.01,1.68,1.93,False,False
2011-12-21,1.98,0.28,0.01,1.7,1.97,False,False
2011-12-22,1.97,0.28,0.01,1.69,1.96,False,False
2011-12-23,2.03,0.28,0.01,1.7499999999999998,2.02,False,False
2011-12-26,2.03,0.28,0.01,1.7499999999999998,2.02,False,False
2011-12-27,2.02,0.3,0.02,1.72,2.0,False,False
2011-12-28,1.93,0.28,0.01,1.65,1.92,False,False
2011-12-29,1.91,0.28,0.02,1.63,1.89,False,False
2011-12-30,1.89,0.25,0.02,1.64,1.8699999999999999,False,False
2012-01-02,1.89,0.25,0.02,1.64,1.8699999999999999,False,False
2012-01-03,1.97,0.27,0.02,1.7,1.95,False,False
2012-01-04,2.0,0.25,0.02,1.75,1.98,False,False
2012-01-05,2.02,0.27,0.02,1.75,2.0,False,False
2012-01-06,1.98,0.25,0.02,1.73,1.96,False,False
2012-01-09,1.98,0.26,0.01,1.72,1.97,False,False
2012-01-10,2.0,0.24,0.02,1.76,1.98,False,False
2012-01-11,1.93,0.24,0.02,1.69,1.91,False,False
2012-01-12,1.94,0.22,0.03,1.72,1.91,False,False
2012-01-13,1.89,0.24,0.03,1.65,1.8599999999999999,False,False
2012-01-16,1.89,0.24,0.03,1.65,1.8599999999999999,False,False
2012-01-17,1.87,0.21,0.03,1.6600000000000001,1.84,False,False
2012-01-18,1.92,0.24,0.03,1.68,1.89,False,False
2012-01-19,2.01,0.26,0.05,1.7499999999999998,1.9599999999999997,False,False
2012-01-20,2.05,0.26,0.05,1.7899999999999998,1.9999999999999998,False,False
2012-01-23,2.09,0.26,0.04,1.8299999999999998,2.05,False,False
2012-01-24,2.08,0.24,0.04,1.84,2.04,False,False
2012-01-25,2.01,0.22,0.04,1.7899999999999998,1.9699999999999998,False,False
2012-01-26,1.96,0.22,0.05,1.74,1.91,False,False
2012-01-27,1.93,0.22,0.06,1.71,1.8699999999999999,False,False
2012-01-30,1.87,0.22,0.05,1.6500000000000001,1.82,False,False
2012-01-31,1.83,0.22,0.06,1.61,1.77,False,False
2012-02-01,1.87,0.23,0.06,1.6400000000000001,1.81,False,False
2012-02-02,1.86,0.23,0.08,1.6300000000000001,1.78,False,False
2012-02-03,1.97,0.23,0.08,1.74,1.89,False,False
2012-02-06,1.93,0.24,0.08,1.69,1.8499999999999999,False,False
2012-02-07,2.0,0.25,0.08,1.75,1.92,False,False
2012-02-08,2.01,0.27,0.09,1.7399999999999998,1.9199999999999997,False,False
2012-02-09,2.04,0.27,0.09,1.77,1.95,False,False
2012-02-10,1.96,0.27,0.09,1.69,1.8699999999999999,False,False
2012-02-13,1.99,0.29,0.11,1.7,1.88,False,False
2012-02-14,1.92,0.29,0.12,1.63,1.7999999999999998,False,False
2012-02-15,1.93,0.29,0.11,1.64,1.8199999999999998,False,False
2012-02-16,1.99,0.29,0.1,1.7,1.89,False,False
2012-02-17,2.01,0.29,0.09,1.7199999999999998,1.9199999999999997,False,False
2012-02-20,2.01,0.29,0.09,1.7199999999999998,1.9199999999999997,False,False
2012-02-21,2.05,0.31,0.08,1.7399999999999998,1.9699999999999998,False,False
2012-02-22,2.01,0.29,0.09,1.7199999999999998,1.9199999999999997,False,False
2012-02-23,1.99,0.31,0.09,1.68,1.9,False,False
2012-02-24,1.98,0.31,0.1,1.67,1.88,False,False
2012-02-27,1.92,0.3,0.12,1.6199999999999999,1.7999999999999998,False,False
2012-02-28,1.94,0.3,0.1,1.64,1.8399999999999999,False,False
2012-02-29,1.98,0.3,0.08,1.68,1.9,False,False
2012-03-01,2.03,0.3,0.08,1.7299999999999998,1.9499999999999997,False,False
2012-03-02,1.99,0.28,0.07,1.71,1.92,False,False
2012-03-05,2.0,0.31,0.08,1.69,1.92,False,False
2012-03-06,1.96,0.3,0.08,1.66,1.88,False,False
2012-03-07,1.98,0.3,0.08,1.68,1.9,False,False
2012-03-08,2.03,0.32,0.08,1.7099999999999997,1.9499999999999997,False,False
2012-03-09,2.04,0.33,0.09,1.71,1.95,False,False
2012-03-12,2.04,0.33,0.09,1.71,1.95,False,False
2012-03-13,2.14,0.35,0.08,1.79,2.06,False,False
2012-03-14,2.29,0.4,0.09,1.8900000000000001,2.2,False,False
2012-03-15,2.29,0.37,0.08,1.92,2.21,False,False
2012-03-16,2.31,0.37,0.09,1.94,2.22,False,False
2012-03-19,2.39,0.39,0.1,2.0,2.29,False,False
2012-03-20,2.38,0.41,0.1,1.97,2.28,False,False
2012-03-21,2.31,0.39,0.09,1.92,2.22,False,False
2012-03-22,2.29,0.37,0.08,1.92,2.21,False,False
2012-03-23,2.25,0.37,0.08,1.88,2.17,False,False
2012-03-26,2.26,0.36,0.09,1.9,2.17,False,False
2012-03-27,2.2,0.33,0.09,1.87,2.1100000000000003,False,False
2012-03-28,2.21,0.34,0.09,1.8699999999999999,2.12,False,False
2012-03-29,2.18,0.33,0.07,1.85,2.1100000000000003,False,False
2012-03-30,2.23,0.33,0.07,1.9,2.16,False,False
2012-04-02,2.22,0.33,0.08,1.8900000000000001,2.14,False,False
2012-04-03,2.3,0.36,0.08,1.94,2.2199999999999998,False,False
2012-04-04,2.25,0.35,0.08,1.9,2.17,False,False
2012-04-05,2.19,0.35,0.08,1.8399999999999999,2.11,False,False
2012-04-06,2.07,0.32,0.07,1.7499999999999998,1.9999999999999998,False,False
2012-04-09,2.06,0.32,0.09,1.74,1.97,False,False
2012-04-10,2.01,0.28,0.09,1.7299999999999998,1.9199999999999997,False,False
2012-04-11,2.05,0.3,0.09,1.7499999999999998,1.9599999999999997,False,False
2012-04-12,2.08,0.29,0.09,1.79,1.99,False,False
2012-04-13,2.02,0.27,0.09,1.75,1.93,False,False
2012-04-16,2.0,0.27,0.08,1.73,1.92,False,False
2012-04-17,2.03,0.27,0.08,1.7599999999999998,1.9499999999999997,False,False
2012-04-18,2.0,0.27,0.07,1.73,1.93,False,False
2012-04-19,1.98,0.27,0.07,1.71,1.91,False,False
2012-04-20,1.99,0.29,0.08,1.7,1.91,False,False
2012-04-23,1.96,0.27,0.08,1.69,1.88,False,False
2012-04-24,2.0,0.27,0.09,1.73,1.91,False,False
2012-04-25,2.01,0.26,0.09,1.7499999999999998,1.9199999999999997,False,False
2012-04-26,1.98,0.26,0.09,1.72,1.89,False,False
2012-04-27,1.96,0.26,0.09,1.7,1.8699999999999999,False,False
2012-04-30,1.95,0.27,0.1,1.68,1.8499999999999999,False,False
2012-05-01,1.98,0.27,0.09,1.71,1.89,False,False
2012-05-02,1.96,0.27,0.08,1.69,1.88,False,False
2012-05-03,1.96,0.28,0.09,1.68,1.8699999999999999,False,False
2012-05-04,1.91,0.27,0.07,1.64,1.8399999999999999,False,False
2012-05-07,1.92,0.27,0.1,1.65,1.8199999999999998,False,False
2012-05-08,1.88,0.27,0.09,1.6099999999999999,1.7899999999999998,False,False
2012-05-09,1.87,0.27,0.09,1.6,1.78,False,False
2012-05-10,1.89,0.27,0.1,1.6199999999999999,1.7899999999999998,False,False
2012-05-11,1.84,0.27,0.1,1.57,1.74,False,False
2012-05-14,1.78,0.29,0.1,1.49,1.68,False,False
2012-05-15,1.76,0.29,0.09,1.47,1.67,False,False
2012-05-16,1.76,0.3,0.1,1.46,1.66,False,False
2012-05-17,1.7,0.32,0.1,1.38,1.5999999999999999,False,False
2012-05-18,1.71,0.32,0.08,1.39,1.63,False,False
2012-05-21,1.75,0.3,0.09,1.45,1.66,False,False
2012-05-22,1.79,0.3,0.09,1.49,1.7,False,False
2012-05-23,1.73,0.28,0.09,1.45,1.64,False,False
2012-05-24,1.77,0.29,0.1,1.48,1.67,False,False
2012-05-25,1.75,0.3,0.09,1.45,1.66,False,False
2012-05-28,1.75,0.3,0.09,1.45,1.66,False,False
2012-05-29,1.74,0.3,0.09,1.44,1.65,False,False
2012-05-30,1.63,0.27,0.07,1.3599999999999999,1.5599999999999998,False,False
2012-05-31,1.59,0.27,0.07,1.32,1.52,False,False
2012-06-01,1.47,0.25,0.07,1.22,1.4,False,False
2012-06-04,1.53,0.25,0.08,1.28,1.45,False,False
2012-06-05,1.57,0.25,0.08,1.32,1.49,False,False
2012-06-06,1.66,0.26,0.09,1.4,1.5699999999999998,False,False
2012-06-07,1.66,0.27,0.09,1.39,1.5699999999999998,False,False
2012-06-08,1.65,0.28,0.09,1.3699999999999999,1.5599999999999998,False,False
2012-06-11,1.6,0.27,0.09,1.33,1.51,False,False
2012-06-12,1.67,0.3,0.1,1.3699999999999999,1.5699999999999998,False,False
2012-06-13,1.61,0.3,0.1,1.31,1.51,False,False
2012-06-14,1.64,0.3,0.11,1.3399999999999999,1.5299999999999998,False,False
2012-06-15,1.6,0.29,0.09,1.31,1.51,False,False
2012-06-18,1.59,0.29,0.1,1.3,1.49,False,False
2012-06-19,1.64,0.3,0.09,1.3399999999999999,1.5499999999999998,False,False
2012-06-20,1.65,0.32,0.09,1.3299999999999998,1.5599999999999998,False,False
2012-06-21,1.63,0.32,0.09,1.3099999999999998,1.5399999999999998,False,False
2012-06-22,1.69,0.31,0.09,1.38,1.5999999999999999,False,False
2012-06-25,1.63,0.31,0.1,1.3199999999999998,1.5299999999999998,False,False
2012-06-26,1.66,0.31,0.1,1.3499999999999999,1.5599999999999998,False,False
2012-06-27,1.65,0.31,0.09,1.3399999999999999,1.5599999999999998,False,False
2012-06-28,1.6,0.31,0.09,1.29,1.51,False,False
2012-06-29,1.67,0.33,0.09,1.3399999999999999,1.5799999999999998,False,False
2012-07-02,1.61,0.3,0.1,1.31,1.51,False,False
2012-07-03,1.65,0.3,0.09,1.3499999999999999,1.5599999999999998,False,False
2012-07-04,1.65,0.3,0.09,1.3499999999999999,1.5599999999999998,False,False
2012-07-05,1.62,0.28,0.08,1.34,1.54,False,False
2012-07-06,1.57,0.27,0.08,1.3,1.49,False,False
2012-07-09,1.53,0.27,0.09,1.26,1.44,False,False
2012-07-10,1.53,0.27,0.09,1.26,1.44,False,False
2012-07-11,1.54,0.27,0.1,1.27,1.44,False,False
2012-07-12,1.5,0.25,0.1,1.25,1.4,False,False
2012-07-13,1.52,0.25,0.1,1.27,1.42,False,False
2012-07-16,1.5,0.24,0.1,1.26,1.4,False,False
2012-07-17,1.53,0.25,0.1,1.28,1.43,False,False
2012-07-18,1.52,0.22,0.09,1.3,1.43,False,False
2012-07-19,1.54,0.22,0.09,1.32,1.45,False,False
2012-07-20,1.49,0.22,0.09,1.27,1.4,False,False
2012-07-23,1.47,0.22,0.1,1.25,1.3699999999999999,False,False
2012-07-24,1.44,0.22,0.1,1.22,1.3399999999999999,False,False
2012-07-25,1.43,0.22,0.1,1.21,1.3299999999999998,False,False
2012-07-26,1.45,0.23,0.11,1.22,1.3399999999999999,False,False
2012-07-27,1.58,0.25,0.11,1.33,1.47,False,False
2012-07-30,1.53,0.23,0.11,1.3,1.42,False,False
2012-07-31,1.51,0.23,0.11,1.28,1.4,False,False
2012-08-01,1.56,0.24,0.1,1.32,1.46,False,False
2012-08-02,1.51,0.24,0.09,1.27,1.42,False,False
2012-08-03,1.6,0.24,0.09,1.36,1.51,False,False
2012-08-06,1.59,0.24,0.1,1.35,1.49,False,False
2012-08-07,1.66,0.27,0.11,1.39,1.5499999999999998,False,False
2012-08-08,1.68,0.29,0.11,1.39,1.5699999999999998,False,False
2012-08-09,1.69,0.29,0.11,1.4,1.5799999999999998,False,False
2012-08-10,1.65,0.27,0.1,1.38,1.5499999999999998,False,False
2012-08-13,1.65,0.27,0.11,1.38,1.5399999999999998,False,False
2012-08-14,1.73,0.27,0.11,1.46,1.6199999999999999,False,False
2012-08-15,1.8,0.27,0.09,1.53,1.71,False,False
2012-08-16,1.83,0.29,0.09,1.54,1.74,False,False
2012-08-17,1.81,0.29,0.09,1.52,1.72,False,False
2012-08-20,1.82,0.29,0.11,1.53,1.71,False,False
2012-08-21,1.8,0.31,0.11,1.49,1.69,False,False
2012-08-22,1.71,0.26,0.11,1.45,1.5999999999999999,False,False
2012-08-23,1.68,0.26,0.11,1.42,1.5699999999999998,False,False
2012-08-24,1.68,0.28,0.1,1.4,1.5799999999999998,False,False
2012-08-27,1.65,0.28,0.11,1.3699999999999999,1.5399999999999998,False,False
2012-08-28,1.64,0.27,0.1,1.3699999999999999,1.5399999999999998,False,False
2012-08-29,1.66,0.27,0.12,1.39,1.54,False,False
2012-08-30,1.63,0.27,0.1,1.3599999999999999,1.5299999999999998,False,False
2012-08-31,1.57,0.22,0.09,1.35,1.48,False,False
2012-09-03,1.57,0.22,0.09,1.35,1.48,False,False
2012-09-04,1.59,0.23,0.1,1.36,1.49,False,False
2012-09-05,1.6,0.25,0.11,1.35,1.49,False,False
2012-09-06,1.68,0.27,0.11,1.41,1.5699999999999998,False,False
2012-09-07,1.67,0.25,0.11,1.42,1.5599999999999998,False,False
2012-09-10,1.68,0.25,0.1,1.43,1.5799999999999998,False,False
2012-09-11,1.7,0.25,0.1,1.45,1.5999999999999999,False,False
2012-09-12,1.77,0.25,0.1,1.52,1.67,False,False
2012-09-13,1.75,0.24,0.1,1.51,1.65,False,False
2012-09-14,1.88,0.27,0.11,1.6099999999999999,1.7699999999999998,False,False
2012-09-17,1.85,0.25,0.11,1.6,1.74,False,False
2012-09-18,1.82,0.25,0.1,1.57,1.72,False,False
2012-09-19,1.79,0.27,0.11,1.52,1.68,False,False
2012-09-20,1.8,0.27,0.11,1.53,1.69,False,False
2012-09-21,1.77,0.27,0.11,1.5,1.66,False,False
2012-09-24,1.74,0.27,0.11,1.47,1.63,False,False
2012-09-25,1.7,0.27,0.11,1.43,1.5899999999999999,False,False
2012-09-26,1.64,0.26,0.11,1.38,1.5299999999999998,False,False
2012-09-27,1.66,0.25,0.09,1.41,1.5699999999999998,False,False
2012-09-28,1.65,0.23,0.1,1.42,1.5499999999999998,False,False
2012-10-01,1.64,0.25,0.09,1.39,1.5499999999999998,False,False
2012-10-02,1.64,0.23,0.09,1.41,1.5499999999999998,False,False
2012-10-03,1.64,0.23,0.09,1.41,1.5499999999999998,False,False
2012-10-04,1.7,0.23,0.1,1.47,1.5999999999999999,False,False
2012-10-05,1.75,0.27,0.11,1.48,1.64,False,False
2012-10-08,1.75,0.27,0.11,1.48,1.64,False,False
2012-10-09,1.74,0.25,0.1,1.49,1.64,False,False
2012-10-10,1.72,0.27,0.1,1.45,1.6199999999999999,False,False
2012-10-11,1.7,0.28,0.1,1.42,1.5999999999999999,False,False
2012-10-12,1.69,0.27,0.11,1.42,1.5799999999999998,False,False
2012-10-15,1.7,0.27,0.11,1.43,1.5899999999999999,False,False
2012-10-16,1.75,0.27,0.09,1.48,1.66,False,False
2012-10-17,1.83,0.3,0.11,1.53,1.72,False,False
2012-10-18,1.86,0.29,0.1,1.57,1.76,False,False
2012-10-19,1.79,0.3,0.1,1.49,1.69,False,False
2012-10-22,1.83,0.32,0.1,1.51,1.73,False,False
2012-10-23,1.79,0.29,0.11,1.5,1.68,False,False
2012-10-24,1.8,0.29,0.11,1.51,1.69,False,False
2012-10-25,1.86,0.31,0.11,1.55,1.75,False,False
2012-10-26,1.78,0.3,0.12,1.48,1.6600000000000001,False,False
2012-10-29,1.74,0.3,0.14,1.44,1.6,False,False
2012-10-30,1.74,0.3,0.14,1.44,1.6,False,False
2012-10-31,1.72,0.3,0.11,1.42,1.6099999999999999,False,False
2012-11-01,1.75,0.3,0.09,1.45,1.66,False,False
2012-11-02,1.75,0.28,0.09,1.47,1.66,False,False
2012-11-05,1.72,0.28,0.11,1.44,1.6099999999999999,False,False
2012-11-06,1.78,0.3,0.1,1.48,1.68,False,False
2012-11-07,1.68,0.27,0.1,1.41,1.5799999999999998,False,False
2012-11-08,1.62,0.27,0.1,1.35,1.52,False,False
2012-11-09,1.61,0.27,0.09,1.34,1.52,False,False
2012-11-12,1.61,0.27,0.09,1.34,1.52,False,False
2012-11-13,1.59,0.27,0.11,1.32,1.48,False,False
2012-11-14,1.59,0.25,0.1,1.34,1.49,False,False
2012-11-15,1.58,0.24,0.08,1.34,1.5,False,False
2012-11-16,1.58,0.24,0.06,1.34,1.52,False,False
2012-11-19,1.61,0.25,0.09,1.36,1.52,False,False
2012-11-20,1.66,0.27,0.08,1.39,1.5799999999999998,False,False
2012-11-21,1.69,0.27,0.1,1.42,1.5899999999999999,False,False
2012-11-22,1.69,0.27,0.1,1.42,1.5899999999999999,False,False
2012-11-23,1.7,0.29,0.1,1.41,1.5999999999999999,False,False
2012-11-26,1.66,0.27,0.1,1.39,1.5599999999999998,False,False
2012-11-27,1.64,0.27,0.1,1.3699999999999999,1.5399999999999998,False,False
2012-11-28,1.63,0.27,0.1,1.3599999999999999,1.5299999999999998,False,False
2012-11-29,1.62,0.25,0.09,1.37,1.53,False,False
2012-11-30,1.62,0.25,0.08,1.37,1.54,False,False
2012-12-03,1.63,0.25,0.1,1.38,1.5299999999999998,False,False
2012-12-04,1.62,0.25,0.1,1.37,1.52,False,False
2012-12-05,1.6,0.25,0.1,1.35,1.5,False,False
2012-12-06,1.59,0.25,0.1,1.34,1.49,False,False
2012-12-07,1.64,0.25,0.09,1.39,1.5499999999999998,False,False
2012-12-10,1.63,0.24,0.09,1.39,1.5399999999999998,False,False
2012-12-11,1.66,0.24,0.08,1.42,1.5799999999999998,False,False
2012-12-12,1.72,0.25,0.07,1.47,1.65,False,False
2012-12-13,1.74,0.27,0.06,1.47,1.68,False,False
2012-12-14,1.72,0.24,0.04,1.48,1.68,False,False
2012-12-17,1.78,0.25,0.05,1.53,1.73,False,False
2012-12-18,1.84,0.28,0.06,1.56,1.78,False,False
2012-12-19,1.82,0.28,0.05,1.54,1.77,False,False
2012-12-20,1.81,0.28,0.06,1.53,1.75,False,False
2012-12-21,1.77,0.26,0.06,1.51,1.71,False,False
2012-12-24,1.79,0.26,0.06,1.53,1.73,False,False
2012-12-25,1.79,0.26,0.06,1.53,1.73,False,False
2012-12-26,1.77,0.26,0.09,1.51,1.68,False,False
2012-12-27,1.74,0.26,0.08,1.48,1.66,False,False
2012-12-28,1.73,0.27,0.01,1.46,1.72,False,False
2012-12-31,1.78,0.25,0.05,1.53,1.73,False,False
2013-01-01,1.78,0.25,0.05,1.53,1.73,False,False
2013-01-02,1.86,0.27,0.08,1.59,1.78,False,False
2013-01-03,1.92,0.27,0.08,1.65,1.8399999999999999,False,False
2013-01-04,1.93,0.27,0.07,1.66,1.8599999999999999,False,False
2013-01-07,1.92,0.27,0.07,1.65,1.8499999999999999,False,False
2013-01-08,1.89,0.25,0.07,1.64,1.8199999999999998,False,False
2013-01-09,1.88,0.24,0.06,1.64,1.8199999999999998,False,False
2013-01-10,1.91,0.26,0.06,1.65,1.8499999999999999,False,False
2013-01-11,1.89,0.26,0.07,1.63,1.8199999999999998,False,False
2013-01-14,1.89,0.26,0.08,1.63,1.8099999999999998,False,False
2013-01-15,1.86,0.26,0.09,1.6,1.77,False,False
2013-01-16,1.84,0.26,0.08,1.58,1.76,False,False
2013-01-17,1.89,0.28,0.07,1.6099999999999999,1.8199999999999998,False,False
2013-01-18,1.87,0.26,0.08,1.61,1.79,False,False
2013-01-21,1.87,0.26,0.08,1.61,1.79,False,False
2013-01-22,1.86,0.26,0.08,1.6,1.78,False,False
2013-01-23,1.86,0.26,0.08,1.6,1.78,False,False
2013-01-24,1.88,0.23,0.08,1.65,1.7999999999999998,False,False
2013-01-25,1.98,0.28,0.08,1.7,1.9,False,False
2013-01-28,2.0,0.29,0.07,1.71,1.93,False,False
2013-01-29,2.03,0.3,0.07,1.7299999999999998,1.9599999999999997,False,False
2013-01-30,2.03,0.27,0.07,1.7599999999999998,1.9599999999999997,False,False
2013-01-31,2.02,0.27,0.07,1.75,1.95,False,False
2013-02-01,2.04,0.27,0.06,1.77,1.98,False,False
2013-02-04,2.0,0.25,0.07,1.75,1.93,False,False
2013-02-05,2.04,0.27,0.07,1.77,1.97,False,False
2013-02-06,2.0,0.27,0.07,1.73,1.93,False,False
2013-02-07,1.99,0.25,0.07,1.74,1.92,False,False
2013-02-08,1.99,0.25,0.07,1.74,1.92,False,False
2013-02-11,1.99,0.27,0.09,1.72,1.9,False,False
2013-02-12,2.02,0.29,0.09,1.73,1.93,False,False
2013-02-13,2.05,0.29,0.1,1.7599999999999998,1.9499999999999997,False,False
2013-02-14,2.0,0.27,0.11,1.73,1.89,False,False
2013-02-15,2.01,0.29,0.1,1.7199999999999998,1.9099999999999997,False,False
2013-02-18,2.01,0.29,0.1,1.7199999999999998,1.9099999999999997,False,False
2013-02-19,2.03,0.29,0.12,1.7399999999999998,1.9099999999999997,False,False
2013-02-20,2.02,0.27,0.12,1.75,1.9,False,False
2013-02-21,1.99,0.26,0.13,1.73,1.8599999999999999,False,False
2013-02-22,1.97,0.27,0.13,1.7,1.8399999999999999,False,False
2013-02-25,1.88,0.25,0.12,1.63,1.7599999999999998,False,False
2013-02-26,1.88,0.25,0.14,1.63,1.7399999999999998,False,False
2013-02-27,1.91,0.27,0.11,1.64,1.7999999999999998,False,False
2013-02-28,1.89,0.25,0.11,1.64,1.7799999999999998,False,False
2013-03-01,1.86,0.25,0.11,1.61,1.75,False,False
2013-03-04,1.88,0.24,0.11,1.64,1.7699999999999998,False,False
2013-03-05,1.9,0.25,0.08,1.65,1.8199999999999998,False,False
2013-03-06,1.95,0.25,0.1,1.7,1.8499999999999999,False,False
2013-03-07,2.0,0.25,0.1,1.75,1.9,False,False
2013-03-08,2.06,0.27,0.1,1.79,1.96,False,False
2013-03-11,2.07,0.27,0.1,1.7999999999999998,1.9699999999999998,False,False
2013-03-12,2.03,0.27,0.1,1.7599999999999998,1.9299999999999997,False,False
2013-03-13,2.04,0.27,0.09,1.77,1.95,False,False
2013-03-14,2.04,0.27,0.1,1.77,1.94,False,False
2013-03-15,2.01,0.25,0.09,1.7599999999999998,1.9199999999999997,False,False
2013-03-18,1.96,0.26,0.07,1.7,1.89,False,False
2013-03-19,1.92,0.24,0.07,1.68,1.8499999999999999,False,False
2013-03-20,1.96,0.26,0.07,1.7,1.89,False,False
2013-03-21,1.95,0.27,0.07,1.68,1.88,False,False
2013-03-22,1.93,0.26,0.07,1.67,1.8599999999999999,False,False
2013-03-25,1.93,0.24,0.08,1.69,1.8499999999999999,False,False
2013-03-26,1.92,0.25,0.07,1.67,1.8499999999999999,False,False
2013-03-27,1.87,0.25,0.09,1.62,1.78,False,False
2013-03-28,1.87,0.25,0.07,1.62,1.8,False,False
2013-03-29,1.87,0.25,0.07,1.62,1.8,False,False
2013-04-01,1.86,0.23,0.08,1.6300000000000001,1.78,False,False
2013-04-02,1.88,0.25,0.07,1.63,1.8099999999999998,False,False
2013-04-03,1.83,0.24,0.06,1.59,1.77,False,False
2013-04-04,1.78,0.22,0.07,1.56,1.71,False,False
2013-04-05,1.72,0.24,0.07,1.48,1.65,False,False
2013-04-08,1.76,0.24,0.07,1.52,1.69,False,False
2013-04-09,1.78,0.24,0.06,1.54,1.72,False,False
2013-04-10,1.84,0.24,0.07,1.6,1.77,False,False
2013-04-11,1.82,0.24,0.07,1.58,1.75,False,False
2013-04-12,1.75,0.22,0.06,1.53,1.69,False,False
2013-04-15,1.72,0.22,0.06,1.5,1.66,False,False
2013-04-16,1.75,0.24,0.06,1.51,1.69,False,False
2013-04-17,1.73,0.24,0.06,1.49,1.67,False,False
2013-04-18,1.72,0.24,0.05,1.48,1.67,False,False
2013-04-19,1.73,0.24,0.05,1.49,1.68,False,False
2013-04-22,1.72,0.24,0.05,1.48,1.67,False,False
2013-04-23,1.74,0.23,0.05,1.51,1.69,False,False
2013-04-24,1.73,0.23,0.06,1.5,1.67,False,False
2013-04-25,1.74,0.23,0.05,1.51,1.69,False,False
2013-04-26,1.7,0.22,0.05,1.48,1.65,False,False
2013-04-29,1.7,0.2,0.05,1.5,1.65,False,False
2013-04-30,1.7,0.22,0.05,1.48,1.65,False,False
2013-05-01,1.66,0.2,0.06,1.46,1.5999999999999999,False,False
2013-05-02,1.66,0.2,0.05,1.46,1.6099999999999999,False,False
2013-05-03,1.78,0.22,0.05,1.56,1.73,False,False
2013-05-06,1.8,0.22,0.04,1.58,1.76,False,False
2013-05-07,1.82,0.22,0.04,1.6,1.78,False,False
2013-05-08,1.81,0.22,0.04,1.59,1.77,False,False
2013-05-09,1.81,0.22,0.04,1.59,1.77,False,False
2013-05-10,1.9,0.26,0.04,1.64,1.8599999999999999,False,False
2013-05-13,1.92,0.24,0.05,1.68,1.8699999999999999,False,False
2013-05-14,1.96,0.26,0.05,1.7,1.91,False,False
2013-05-15,1.94,0.26,0.04,1.68,1.9,False,False
2013-05-16,1.87,0.23,0.03,1.6400000000000001,1.84,False,False
2013-05-17,1.95,0.26,0.04,1.69,1.91,False,False
2013-05-20,1.97,0.26,0.05,1.71,1.92,False,False
2013-05-21,1.94,0.26,0.04,1.68,1.9,False,False
2013-05-22,2.03,0.26,0.04,1.7699999999999998,1.9899999999999998,False,False
2013-05-23,2.02,0.26,0.05,1.76,1.97,False,False
2013-05-24,2.01,0.26,0.04,1.7499999999999998,1.9699999999999998,False,False
2013-05-27,2.01,0.26,0.04,1.7499999999999998,1.9699999999999998,False,False
2013-05-28,2.15,0.29,0.05,1.8599999999999999,2.1,False,False
2013-05-29,2.13,0.3,0.05,1.8299999999999998,2.08,False,False
2013-05-30,2.13,0.31,0.04,1.8199999999999998,2.09,False,False
2013-05-31,2.16,0.3,0.04,1.86,2.12,False,False
2013-06-03,2.13,0.3,0.05,1.8299999999999998,2.08,False,False
2013-06-04,2.14,0.32,0.04,1.82,2.1,False,False
2013-06-05,2.1,0.3,0.05,1.8,2.0500000000000003,False,False
2013-06-06,2.08,0.3,0.05,1.78,2.0300000000000002,False,False
2013-06-07,2.17,0.32,0.04,1.8499999999999999,2.13,False,False
2013-06-10,2.22,0.32,0.05,1.9000000000000001,2.1700000000000004,False,False
2013-06-11,2.2,0.34,0.05,1.86,2.1500000000000004,False,False
2013-06-12,2.25,0.34,0.05,1.91,2.2,False,False
2013-06-13,2.19,0.32,0.05,1.8699999999999999,2.14,False,False
2013-06-14,2.14,0.29,0.05,1.85,2.0900000000000003,False,False
2013-06-17,2.19,0.27,0.05,1.92,2.14,False,False
2013-06-18,2.2,0.27,0.05,1.9300000000000002,2.1500000000000004,False,False
2013-06-19,2.33,0.31,0.05,2.02,2.2800000000000002,False,False
2013-06-20,2.41,0.33,0.05,2.08,2.3600000000000003,False,False
2013-06-21,2.52,0.38,0.05,2.14,2.47,False,False
2013-06-24,2.57,0.42,0.06,2.15,2.51,False,False
2013-06-25,2.6,0.43,0.06,2.17,2.54,False,False
2013-06-26,2.55,0.39,0.06,2.1599999999999997,2.4899999999999998,False,False
2013-06-27,2.49,0.36,0.06,2.1300000000000003,2.43,False,False
2013-06-28,2.52,0.36,0.04,2.16,2.48,False,False
2013-07-01,2.5,0.34,0.04,2.16,2.46,False,False
2013-07-02,2.48,0.34,0.03,2.14,2.45,False,False
2013-07-03,2.52,0.36,0.05,2.16,2.47,False,False
2013-07-04,2.52,0.36,0.05,2.16,2.47,False,False
2013-07-05,2.73,0.4,0.04,2.33,2.69,False,False
2013-07-08,2.65,0.37,0.05,2.28,2.6,False,False
2013-07-09,2.65,0.37,0.04,2.28,2.61,False,False
2013-07-10,2.7,0.38,0.04,2.3200000000000003,2.66,False,False
2013-07-11,2.6,0.34,0.04,2.2600000000000002,2.56,False,False
2013-07-12,2.61,0.37,0.04,2.2399999999999998,2.57,False,False
2013-07-15,2.57,0.34,0.04,2.23,2.53,False,False
2013-07-16,2.55,0.34,0.03,2.21,2.52,False,False
2013-07-17,2.52,0.32,0.03,2.2,2.49,False,False
2013-07-18,2.56,0.32,0.03,2.24,2.5300000000000002,False,False
2013-07-19,2.5,0.32,0.03,2.18,2.47,False,False
2013-07-22,2.5,0.32,0.04,2.18,2.46,False,False
2013-07-23,2.53,0.33,0.02,2.1999999999999997,2.51,False,False
2013-07-24,2.61,0.34,0.03,2.27,2.58,False,False
2013-07-25,2.61,0.32,0.02,2.29,2.59,False,False
2013-07-26,2.58,0.31,0.03,2.27,2.5500000000000003,False,False
2013-07-29,2.61,0.33,0.03,2.28,2.58,False,False
2013-07-30,2.63,0.33,0.04,2.3,2.59,False,False
2013-07-31,2.6,0.31,0.04,2.29,2.56,False,False
2013-08-01,2.74,0.35,0.04,2.39,2.7,False,False
2013-08-02,2.63,0.3,0.04,2.33,2.59,False,False
2013-08-05,2.67,0.32,0.05,2.35,2.62,False,False
2013-08-06,2.67,0.32,0.04,2.35,2.63,False,False
2013-08-07,2.61,0.32,0.05,2.29,2.56,False,False
2013-08-08,2.58,0.3,0.05,2.2800000000000002,2.5300000000000002,False,False
2013-08-09,2.57,0.32,0.05,2.25,2.52,False,False
2013-08-12,2.61,0.32,0.06,2.29,2.55,False,False
2013-08-13,2.71,0.34,0.06,2.37,2.65,False,False
2013-08-14,2.71,0.34,0.05,2.37,2.66,False,False
2013-08-15,2.77,0.36,0.05,2.41,2.72,False,False
2013-08-16,2.84,0.36,0.05,2.48,2.79,False,False
2013-08-19,2.88,0.36,0.06,2.52,2.82,False,False
2013-08-20,2.82,0.36,0.04,2.46,2.78,False,False
2013-08-21,2.87,0.38,0.04,2.49,2.83,False,False
2013-08-22,2.9,0.42,0.03,2.48,2.87,False,False
2013-08-23,2.82,0.4,0.03,2.42,2.79,False,False
2013-08-26,2.79,0.41,0.04,2.38,2.75,False,False
2013-08-27,2.72,0.38,0.05,2.3400000000000003,2.6700000000000004,False,False
2013-08-28,2.78,0.4,0.03,2.38,2.75,False,False
2013-08-29,2.75,0.39,0.02,2.36,2.73,False,False
2013-08-30,2.78,0.39,0.03,2.3899999999999997,2.75,False,False
2013-09-02,2.78,0.39,0.03,2.3899999999999997,2.75,False,False
2013-09-03,2.86,0.43,0.02,2.4299999999999997,2.84,False,False
2013-09-04,2.9,0.46,0.02,2.44,2.88,False,False
2013-09-05,2.98,0.52,0.02,2.46,2.96,False,False
2013-09-06,2.94,0.46,0.02,2.48,2.92,False,False
2013-09-09,2.9,0.45,0.02,2.4499999999999997,2.88,False,False
2013-09-10,2.96,0.5,0.02,2.46,2.94,False,False
2013-09-11,2.93,0.47,0.02,2.46,2.91,False,False
2013-09-12,2.92,0.45,0.01,2.4699999999999998,2.91,False,False
2013-09-13,2.9,0.45,0.01,2.4499999999999997,2.89,False,False
2013-09-16,2.88,0.41,0.02,2.4699999999999998,2.86,False,False
2013-09-17,2.86,0.39,0.01,2.4699999999999998,2.85,False,False
2013-09-18,2.69,0.34,0.01,2.35,2.68,False,False
2013-09-19,2.76,0.34,0.01,2.42,2.75,False,False
2013-09-20,2.75,0.34,0.01,2.41,2.74,False,False
2013-09-23,2.72,0.35,0.02,2.37,2.7,False,False
2013-09-24,2.67,0.35,0.02,2.32,2.65,False,False
2013-09-25,2.63,0.36,0.02,2.27,2.61,False,False
2013-09-26,2.66,0.34,0.0,2.3200000000000003,2.66,False,False
2013-09-27,2.64,0.34,0.02,2.3000000000000003,2.62,False,False
2013-09-30,2.64,0.33,0.02,2.31,2.62,False,False
2013-10-01,2.66,0.33,0.02,2.33,2.64,False,False
2013-10-02,2.63,0.31,0.02,2.32,2.61,False,False
2013-10-03,2.62,0.33,0.03,2.29,2.5900000000000003,False,False
2013-10-04,2.66,0.33,0.03,2.33,2.6300000000000003,False,False
2013-10-07,2.65,0.37,0.03,2.28,2.62,False,False
2013-10-08,2.66,0.4,0.05,2.2600000000000002,2.6100000000000003,False,False
2013-10-09,2.68,0.37,0.05,2.31,2.6300000000000003,False,False
2013-10-10,2.71,0.35,0.05,2.36,2.66,False,False
2013-10-11,2.7,0.35,0.08,2.35,2.62,False,False
2013-10-14,2.7,0.35,0.08,2.35,2.62,False,False
2013-10-15,2.75,0.37,0.14,2.38,2.61,False,False
2013-10-16,2.69,0.34,0.1,2.35,2.59,False,False
2013-10-17,2.61,0.33,0.05,2.28,2.56,False,False
2013-10-18,2.6,0.33,0.04,2.27,2.56,False,False
2013-10-21,2.63,0.33,0.04,2.3,2.59,False,False
2013-10-22,2.54,0.31,0.04,2.23,2.5,False,False
2013-10-23,2.51,0.31,0.04,2.1999999999999997,2.4699999999999998,False,False
2013-10-24,2.53,0.33,0.03,2.1999999999999997,2.5,False,False
2013-10-25,2.53,0.32,0.04,2.21,2.4899999999999998,False,False
2013-10-28,2.54,0.32,0.04,2.22,2.5,False,False
2013-10-29,2.53,0.31,0.04,2.2199999999999998,2.4899999999999998,False,False
2013-10-30,2.55,0.33,0.04,2.2199999999999998,2.51,False,False
2013-10-31,2.57,0.31,0.04,2.26,2.53,False,False
2013-11-01,2.65,0.33,0.04,2.32,2.61,False,False
2013-11-04,2.63,0.32,0.05,2.31,2.58,False,False
2013-11-05,2.69,0.32,0.05,2.37,2.64,False,False
2013-11-06,2.67,0.3,0.05,2.37,2.62,False,False
2013-11-07,2.63,0.29,0.05,2.34,2.58,False,False
2013-11-08,2.77,0.32,0.06,2.45,2.71,False,False
2013-11-11,2.77,0.32,0.06,2.45,2.71,False,False
2013-11-12,2.8,0.34,0.08,2.46,2.7199999999999998,False,False
2013-11-13,2.75,0.32,0.08,2.43,2.67,False,False
2013-11-14,2.69,0.29,0.08,2.4,2.61,False,False
2013-11-15,2.71,0.31,0.08,2.4,2.63,False,False
2013-11-18,2.67,0.31,0.09,2.36,2.58,False,False
2013-11-19,2.71,0.29,0.08,2.42,2.63,False,False
2013-11-20,2.8,0.28,0.08,2.5199999999999996,2.7199999999999998,False,False
2013-11-21,2.79,0.29,0.07,2.5,2.72,False,False
2013-11-22,2.75,0.31,0.07,2.44,2.68,False,False
2013-11-25,2.74,0.3,0.08,2.4400000000000004,2.66,False,False
2013-11-26,2.71,0.29,0.07,2.42,2.64,False,False
2013-11-27,2.74,0.28,0.07,2.46,2.6700000000000004,False,False
2013-11-28,2.74,0.28,0.07,2.46,2.6700000000000004,False,False
2013-11-29,2.75,0.28,0.06,2.4699999999999998,2.69,False,False
2013-12-02,2.81,0.3,0.05,2.5100000000000002,2.7600000000000002,False,False
2013-12-03,2.79,0.28,0.06,2.51,2.73,False,False
2013-12-04,2.84,0.3,0.06,2.54,2.78,False,False
2013-12-05,2.88,0.3,0.06,2.58,2.82,False,False
2013-12-06,2.88,0.3,0.06,2.58,2.82,False,False
2013-12-09,2.86,0.3,0.07,2.56,2.79,False,False
2013-12-10,2.81,0.3,0.07,2.5100000000000002,2.74,False,False
2013-12-11,2.86,0.31,0.07,2.55,2.79,False,False
2013-12-12,2.89,0.34,0.07,2.5500000000000003,2.8200000000000003,False,False
2013-12-13,2.88,0.34,0.07,2.54,2.81,False,False
2013-12-16,2.89,0.34,0.07,2.5500000000000003,2.8200000000000003,False,False
2013-12-17,2.85,0.34,0.07,2.5100000000000002,2.7800000000000002,False,False
2013-12-18,2.89,0.32,0.07,2.5700000000000003,2.8200000000000003,False,False
2013-12-19,2.94,0.35,0.06,2.59,2.88,False,False
2013-12-20,2.89,0.37,0.07,2.52,2.8200000000000003,False,False
2013-12-23,2.94,0.38,0.07,2.56,2.87,False,False
2013-12-24,2.99,0.38,0.07,2.6100000000000003,2.9200000000000004,False,False
2013-12-25,2.99,0.38,0.07,2.6100000000000003,2.9200000000000004,False,False
2013-12-26,3.0,0.42,0.07,2.58,2.93,False,False
2013-12-27,3.02,0.4,0.07,2.62,2.95,False,False
2013-12-30,2.99,0.39,0.07,2.6,2.9200000000000004,False,False
2013-12-31,3.04,0.38,0.07,2.66,2.97,False,False
2014-01-01,3.04,0.38,0.07,2.66,2.97,False,False
2014-01-02,3.0,0.39,0.07,2.61,2.93,False,False
2014-01-03,3.01,0.41,0.07,2.5999999999999996,2.94,False,False
2014-01-06,2.98,0.4,0.05,2.58,2.93,False,False
2014-01-07,2.96,0.4,0.04,2.56,2.92,False,False
2014-01-08,3.01,0.43,0.05,2.5799999999999996,2.96,False,False
2014-01-09,2.97,0.44,0.04,2.5300000000000002,2.93,False,False
2014-01-10,2.88,0.39,0.05,2.4899999999999998,2.83,False,False
2014-01-13,2.84,0.39,0.03,2.4499999999999997,2.81,False,False
2014-01-14,2.88,0.39,0.04,2.4899999999999998,2.84,False,False
2014-01-15,2.9,0.41,0.04,2.4899999999999998,2.86,False,False
2014-01-16,2.86,0.41,0.04,2.4499999999999997,2.82,False,False
2014-01-17,2.84,0.4,0.05,2.44,2.79,False,False
2014-01-20,2.84,0.4,0.05,2.44,2.79,False,False
2014-01-21,2.85,0.4,0.04,2.45,2.81,False,False
2014-01-22,2.87,0.44,0.04,2.43,2.83,False,False
2014-01-23,2.79,0.39,0.04,2.4,2.75,False,False
2014-01-24,2.75,0.37,0.04,2.38,2.71,False,False
2014-01-27,2.78,0.37,0.05,2.4099999999999997,2.73,False,False
2014-01-28,2.77,0.38,0.05,2.39,2.72,False,False
2014-01-29,2.69,0.36,0.04,2.33,2.65,False,False
2014-01-30,2.72,0.36,0.02,2.3600000000000003,2.7,False,False
2014-01-31,2.67,0.34,0.02,2.33,2.65,False,False
2014-02-03,2.61,0.3,0.05,2.31,2.56,False,False
2014-02-04,2.64,0.31,0.06,2.33,2.58,False,False
2014-02-05,2.7,0.32,0.07,2.3800000000000003,2.6300000000000003,False,False
2014-02-06,2.73,0.33,0.07,2.4,2.66,False,False
2014-02-07,2.71,0.3,0.08,2.41,2.63,False,False
2014-02-10,2.7,0.32,0.07,2.3800000000000003,2.6300000000000003,False,False
2014-02-11,2.75,0.35,0.05,2.4,2.7,False,False
2014-02-12,2.8,0.35,0.05,2.4499999999999997,2.75,False,False
2014-02-13,2.73,0.32,0.03,2.41,2.7,False,False
2014-02-14,2.75,0.32,0.02,2.43,2.73,False,False
2014-02-17,2.75,0.32,0.02,2.43,2.73,False,False
2014-02-18,2.71,0.31,0.05,2.4,2.66,False,False
2014-02-19,2.73,0.33,0.06,2.4,2.67,False,False
2014-02-20,2.76,0.34,0.05,2.42,2.71,False,False
2014-02-21,2.73,0.33,0.05,2.4,2.68,False,False
2014-02-24,2.75,0.35,0.05,2.4,2.7,False,False
2014-02-25,2.7,0.34,0.05,2.3600000000000003,2.6500000000000004,False,False
2014-02-26,2.67,0.33,0.05,2.34,2.62,False,False
2014-02-27,2.65,0.33,0.04,2.32,2.61,False,False
2014-02-28,2.66,0.33,0.05,2.33,2.6100000000000003,False,False
2014-03-03,2.6,0.32,0.05,2.2800000000000002,2.5500000000000003,False,False
2014-03-04,2.7,0.33,0.05,2.37,2.6500000000000004,False,False
2014-03-05,2.7,0.33,0.06,2.37,2.64,False,False
2014-03-06,2.74,0.37,0.05,2.37,2.6900000000000004,False,False
2014-03-07,2.8,0.38,0.06,2.42,2.7399999999999998,False,False
2014-03-10,2.79,0.37,0.05,2.42,2.74,False,False
2014-03-11,2.77,0.37,0.05,2.4,2.72,False,False
2014-03-12,2.73,0.37,0.05,2.36,2.68,False,False
2014-03-13,2.66,0.34,0.05,2.3200000000000003,2.6100000000000003,False,False
2014-03-14,2.65,0.36,0.05,2.29,2.6,False,False
2014-03-17,2.7,0.38,0.06,2.3200000000000003,2.64,False,False
2014-03-18,2.68,0.36,0.05,2.3200000000000003,2.6300000000000003,False,False
2014-03-19,2.78,0.47,0.06,2.3099999999999996,2.7199999999999998,False,False
2014-03-20,2.79,0.45,0.06,2.34,2.73,False,False
2014-03-21,2.75,0.45,0.06,2.3,2.69,False,False
2014-03-24,2.74,0.47,0.06,2.2700000000000005,2.68,False,False
2014-03-25,2.75,0.47,0.05,2.2800000000000002,2.7,False,False
2014-03-26,2.71,0.45,0.05,2.26,2.66,False,False
2014-03-27,2.69,0.45,0.04,2.2399999999999998,2.65,False,False
2014-03-28,2.73,0.45,0.04,2.28,2.69,False,False
2014-03-31,2.73,0.44,0.05,2.29,2.68,False,False
2014-04-01,2.77,0.44,0.04,2.33,2.73,False,False
2014-04-02,2.82,0.47,0.02,2.3499999999999996,2.8,False,False
2014-04-03,2.8,0.46,0.02,2.34,2.78,False,False
2014-04-04,2.74,0.43,0.03,2.31,2.7100000000000004,False,False
2014-04-07,2.71,0.41,0.03,2.3,2.68,False,False
2014-04-08,2.69,0.4,0.03,2.29,2.66,False,False
2014-04-09,2.71,0.37,0.04,2.34,2.67,False,False
2014-04-10,2.65,0.37,0.04,2.28,2.61,False,False
2014-04-11,2.63,0.37,0.04,2.26,2.59,False,False
2014-04-14,2.65,0.37,0.04,2.28,2.61,False,False
2014-04-15,2.64,0.39,0.04,2.25,2.6,False,False
2014-04-16,2.65,0.39,0.04,2.26,2.61,False,False
2014-04-17,2.73,0.43,0.03,2.3,2.7,False,False
2014-04-18,2.73,0.43,0.03,2.3,2.7,False,False
2014-04-21,2.73,0.42,0.04,2.31,2.69,False,False
2014-04-22,2.73,0.45,0.03,2.28,2.7,False,False
2014-04-23,2.7,0.43,0.02,2.27,2.68,False,False
2014-04-24,2.7,0.43,0.01,2.27,2.6900000000000004,False,False
2014-04-25,2.68,0.43,0.03,2.25,2.6500000000000004,False,False
2014-04-28,2.7,0.44,0.03,2.2600000000000002,2.6700000000000004,False,False
2014-04-29,2.71,0.44,0.02,2.27,2.69,False,False
2014-04-30,2.67,0.42,0.03,2.25,2.64,False,False
2014-05-01,2.63,0.41,0.03,2.2199999999999998,2.6,False,False
2014-05-02,2.6,0.42,0.02,2.18,2.58,False,False
2014-05-05,2.63,0.43,0.03,2.1999999999999997,2.6,False,False
2014-05-06,2.61,0.43,0.03,2.1799999999999997,2.58,False,False
2014-05-07,2.62,0.41,0.03,2.21,2.5900000000000003,False,False
2014-05-08,2.61,0.4,0.03,2.21,2.58,False,False
2014-05-09,2.62,0.4,0.03,2.22,2.5900000000000003,False,False
2014-05-12,2.66,0.41,0.03,2.25,2.6300000000000003,False,False
2014-05-13,2.61,0.39,0.03,2.2199999999999998,2.58,False,False
2014-05-14,2.54,0.39,0.03,2.15,2.5100000000000002,False,False
2014-05-15,2.5,0.38,0.03,2.12,2.47,False,False
2014-05-16,2.52,0.38,0.03,2.14,2.49,False,False
2014-05-19,2.54,0.36,0.03,2.18,2.5100000000000002,False,False
2014-05-20,2.52,0.35,0.03,2.17,2.49,False,False
2014-05-21,2.54,0.37,0.04,2.17,2.5,False,False
2014-05-22,2.56,0.37,0.03,2.19,2.5300000000000002,False,False
2014-05-23,2.54,0.37,0.04,2.17,2.5,False,False
2014-05-26,2.54,0.37,0.04,2.17,2.5,False,False
2014-05-27,2.52,0.39,0.04,2.13,2.48,False,False
2014-05-28,2.44,0.37,0.04,2.07,2.4,False,False
2014-05-29,2.45,0.37,0.04,2.08,2.41,False,False
2014-05-30,2.48,0.37,0.04,2.11,2.44,False,False
2014-06-02,2.54,0.39,0.04,2.15,2.5,False,False
2014-06-03,2.6,0.41,0.04,2.19,2.56,False,False
2014-06-04,2.61,0.41,0.04,2.1999999999999997,2.57,False,False
2014-06-05,2.59,0.4,0.04,2.19,2.55,False,False
2014-06-06,2.6,0.41,0.04,2.19,2.56,False,False
2014-06-09,2.62,0.43,0.04,2.19,2.58,False,False
2014-06-10,2.64,0.45,0.04,2.19,2.6,False,False
2014-06-11,2.65,0.44,0.04,2.21,2.61,False,False
2014-06-12,2.58,0.42,0.04,2.16,2.54,False,False
2014-06-13,2.6,0.45,0.04,2.15,2.56,False,False
2014-06-16,2.61,0.49,0.04,2.12,2.57,False,False
2014-06-17,2.66,0.51,0.04,2.1500000000000004,2.62,False,False
2014-06-18,2.61,0.48,0.03,2.13,2.58,False,False
2014-06-19,2.64,0.48,0.02,2.16,2.62,False,False
2014-06-20,2.63,0.5,0.02,2.13,2.61,False,False
2014-06-23,2.63,0.48,0.03,2.15,2.6,False,False
2014-06-24,2.59,0.49,0.03,2.0999999999999996,2.56,False,False
2014-06-25,2.57,0.48,0.03,2.09,2.54,False,False
2014-06-26,2.53,0.46,0.04,2.07,2.4899999999999998,False,False
2014-06-27,2.54,0.45,0.03,2.09,2.5100000000000002,False,False
2014-06-30,2.53,0.47,0.04,2.0599999999999996,2.4899999999999998,False,False
2014-07-01,2.58,0.47,0.02,2.1100000000000003,2.56,False,False
2014-07-02,2.64,0.49,0.02,2.1500000000000004,2.62,False,False
2014-07-03,2.65,0.52,0.01,2.13,2.64,False,False
2014-07-04,2.65,0.52,0.01,2.13,2.64,False,False
2014-07-07,2.63,0.52,0.04,2.11,2.59,False,False
2014-07-08,2.58,0.51,0.03,2.0700000000000003,2.5500000000000003,False,False
2014-07-09,2.57,0.51,0.03,2.0599999999999996,2.54,False,False
2014-07-10,2.55,0.46,0.02,2.09,2.53,False,False
2014-07-11,2.53,0.48,0.02,2.05,2.51,False,False
2014-07-14,2.55,0.48,0.03,2.07,2.52,False,False
2014-07-15,2.56,0.49,0.02,2.0700000000000003,2.54,False,False
2014-07-16,2.55,0.5,0.02,2.05,2.53,False,False
2014-07-17,2.47,0.47,0.02,2.0,2.45,False,False
2014-07-18,2.5,0.51,0.02,1.99,2.48,False,False
2014-07-21,2.49,0.51,0.03,1.9800000000000002,2.4600000000000004,False,False
2014-07-22,2.48,0.49,0.03,1.99,2.45,False,False
2014-07-23,2.48,0.5,0.03,1.98,2.45,False,False
2014-07-24,2.52,0.53,0.03,1.99,2.49,False,False
2014-07-25,2.48,0.53,0.03,1.95,2.45,False,False
2014-07-28,2.5,0.54,0.04,1.96,2.46,False,False
2014-07-29,2.47,0.54,0.02,1.9300000000000002,2.45,False,False
2014-07-30,2.57,0.56,0.04,2.01,2.53,False,False
2014-07-31,2.58,0.53,0.03,2.05,2.5500000000000003,False,False
2014-08-01,2.52,0.47,0.03,2.05,2.49,False,False
2014-08-04,2.51,0.47,0.04,2.04,2.4699999999999998,False,False
2014-08-05,2.49,0.47,0.03,2.0200000000000005,2.4600000000000004,False,False
2014-08-06,2.49,0.48,0.03,2.0100000000000002,2.4600000000000004,False,False
2014-08-07,2.43,0.44,0.03,1.9900000000000002,2.4000000000000004,False,False
2014-08-08,2.44,0.45,0.03,1.99,2.41,False,False
2014-08-11,2.44,0.47,0.04,1.97,2.4,False,False
2014-08-12,2.46,0.45,0.03,2.01,2.43,False,False
2014-08-13,2.43,0.43,0.04,2.0,2.39,False,False
2014-08-14,2.4,0.42,0.04,1.98,2.36,False,False
2014-08-15,2.34,0.42,0.03,1.92,2.31,False,False
2014-08-18,2.39,0.44,0.03,1.9500000000000002,2.3600000000000003,False,False
2014-08-19,2.4,0.46,0.03,1.94,2.37,False,False
2014-08-20,2.43,0.49,0.04,1.9400000000000002,2.39,False,False
2014-08-21,2.41,0.49,0.02,1.9200000000000002,2.39,False,False
2014-08-22,2.4,0.53,0.03,1.8699999999999999,2.37,False,False
2014-08-25,2.39,0.53,0.04,1.86,2.35,False,False
2014-08-26,2.39,0.52,0.03,1.87,2.3600000000000003,False,False
2014-08-27,2.37,0.51,0.04,1.86,2.33,False,False
2014-08-28,2.34,0.5,0.03,1.8399999999999999,2.31,False,False
2014-08-29,2.35,0.48,0.03,1.87,2.3200000000000003,False,False
2014-09-01,2.35,0.48,0.03,1.87,2.3200000000000003,False,False
2014-09-02,2.42,0.53,0.03,1.89,2.39,False,False
2014-09-03,2.41,0.52,0.03,1.8900000000000001,2.3800000000000003,False,False
2014-09-04,2.45,0.54,0.03,1.9100000000000001,2.4200000000000004,False,False
2014-09-05,2.46,0.52,0.03,1.94,2.43,False,False
2014-09-08,2.48,0.54,0.02,1.94,2.46,False,False
2014-09-09,2.5,0.56,0.02,1.94,2.48,False,False
2014-09-10,2.54,0.58,0.02,1.96,2.52,False,False
2014-09-11,2.54,0.58,0.02,1.96,2.52,False,False
2014-09-12,2.62,0.58,0.02,2.04,2.6,False,False
2014-09-15,2.6,0.58,0.02,2.02,2.58,False,False
2014-09-16,2.6,0.55,0.02,2.05,2.58,False,False
2014-09-17,2.62,0.59,0.02,2.0300000000000002,2.6,False,False
2014-09-18,2.63,0.59,0.02,2.04,2.61,False,False
2014-09-19,2.59,0.59,0.02,2.0,2.57,False,False
2014-09-22,2.57,0.58,0.01,1.9899999999999998,2.56,False,False
2014-09-23,2.54,0.57,0.01,1.9700000000000002,2.5300000000000002,False,False
2014-09-24,2.57,0.59,0.02,1.98,2.55,False,False
2014-09-25,2.52,0.56,0.01,1.96,2.5100000000000002,False,False
2014-09-26,2.54,0.59,0.01,1.9500000000000002,2.5300000000000002,False,False
2014-09-29,2.5,0.58,0.02,1.92,2.48,False,False
2014-09-30,2.52,0.58,0.02,1.94,2.5,False,False
2014-10-01,2.42,0.53,0.02,1.89,2.4,False,False
2014-10-02,2.44,0.53,0.01,1.91,2.43,False,False
2014-10-03,2.45,0.57,0.01,1.8800000000000003,2.4400000000000004,False,False
2014-10-06,2.43,0.54,0.02,1.8900000000000001,2.41,False,False
2014-10-07,2.36,0.52,0.02,1.8399999999999999,2.34,False,False
2014-10-08,2.35,0.46,0.01,1.8900000000000001,2.3400000000000003,False,False
2014-10-09,2.34,0.46,0.01,1.88,2.33,False,False
2014-10-10,2.31,0.45,0.01,1.86,2.3000000000000003,False,False
2014-10-13,2.31,0.45,0.01,1.86,2.3000000000000003,False,False
2014-10-14,2.21,0.39,0.02,1.8199999999999998,2.19,False,False
2014-10-15,2.15,0.34,0.02,1.8099999999999998,2.13,False,False
2014-10-16,2.17,0.35,0.03,1.8199999999999998,2.14,False,False
2014-10-17,2.22,0.39,0.02,1.83,2.2,False,False
2014-10-20,2.2,0.37,0.02,1.83,2.18,False,False
2014-10-21,2.23,0.38,0.02,1.85,2.21,False,False
2014-10-22,2.25,0.41,0.02,1.84,2.23,False,False
2014-10-23,2.29,0.41,0.01,1.8800000000000001,2.2800000000000002,False,False
2014-10-24,2.29,0.41,0.01,1.8800000000000001,2.2800000000000002,False,False
2014-10-27,2.27,0.41,0.02,1.86,2.25,False,False
2014-10-28,2.3,0.42,0.02,1.88,2.28,False,False
2014-10-29,2.34,0.48,0.03,1.8599999999999999,2.31,False,False
2014-10-30,2.32,0.48,0.01,1.8399999999999999,2.31,False,False
2014-10-31,2.35,0.5,0.01,1.85,2.3400000000000003,False,False
2014-11-03,2.36,0.52,0.02,1.8399999999999999,2.34,False,False
2014-11-04,2.35,0.52,0.03,1.83,2.3200000000000003,False,False
2014-11-05,2.36,0.52,0.03,1.8399999999999999,2.33,False,False
2014-11-06,2.39,0.54,0.03,1.85,2.3600000000000003,False,False
2014-11-07,2.32,0.51,0.03,1.8099999999999998,2.29,False,False
2014-11-10,2.38,0.55,0.02,1.8299999999999998,2.36,False,False
2014-11-11,2.38,0.55,0.02,1.8299999999999998,2.36,False,False
2014-11-12,2.37,0.55,0.02,1.82,2.35,False,False
2014-11-13,2.35,0.53,0.02,1.82,2.33,False,False
2014-11-14,2.32,0.54,0.02,1.7799999999999998,2.3,False,False
2014-11-17,2.34,0.54,0.03,1.7999999999999998,2.31,False,False
2014-11-18,2.32,0.53,0.02,1.7899999999999998,2.3,False,False
2014-11-19,2.36,0.54,0.01,1.8199999999999998,2.35,False,False
2014-11-20,2.34,0.53,0.02,1.8099999999999998,2.32,False,False
2014-11-21,2.31,0.53,0.01,1.78,2.3000000000000003,False,False
2014-11-24,2.3,0.53,0.02,1.7699999999999998,2.28,False,False
2014-11-25,2.27,0.51,0.02,1.76,2.25,False,False
2014-11-26,2.24,0.53,0.02,1.7100000000000002,2.22,False,False
2014-11-27,2.24,0.53,0.02,1.7100000000000002,2.22,False,False
2014-11-28,2.18,0.47,0.02,1.7100000000000002,2.16,False,False
2014-12-01,2.22,0.49,0.03,1.7300000000000002,2.1900000000000004,False,False
2014-12-02,2.28,0.55,0.03,1.7299999999999998,2.25,False,False
2014-12-03,2.29,0.57,0.01,1.7200000000000002,2.2800000000000002,False,False
2014-12-04,2.25,0.55,0.02,1.7,2.23,False,False
2014-12-05,2.31,0.65,0.02,1.6600000000000001,2.29,False,False
2014-12-08,2.26,0.64,0.03,1.6199999999999997,2.23,False,False
2014-12-09,2.22,0.64,0.04,1.58,2.18,False,False
2014-12-10,2.18,0.59,0.03,1.5900000000000003,2.1500000000000004,False,False
2014-12-11,2.19,0.62,0.03,1.5699999999999998,2.16,False,False
2014-12-12,2.1,0.56,0.02,1.54,2.08,False,False
2014-12-15,2.12,0.6,0.04,1.52,2.08,False,False
2014-12-16,2.07,0.58,0.03,1.4899999999999998,2.04,False,False
2014-12-17,2.14,0.62,0.03,1.52,2.1100000000000003,False,False
2014-12-18,2.22,0.67,0.04,1.5500000000000003,2.18,False,False
2014-12-19,2.17,0.67,0.04,1.5,2.13,False,False
2014-12-22,2.17,0.71,0.05,1.46,2.12,False,False
2014-12-23,2.26,0.73,0.03,1.5299999999999998,2.23,False,False
2014-12-24,2.27,0.73,0.01,1.54,2.2600000000000002,False,False
2014-12-25,2.27,0.73,0.01,1.54,2.2600000000000002,False,False
2014-12-26,2.25,0.73,0.01,1.52,2.24,False,False
2014-12-29,2.22,0.72,0.03,1.5000000000000002,2.1900000000000004,False,False
2014-12-30,2.2,0.69,0.03,1.5100000000000002,2.1700000000000004,False,False
2014-12-31,2.17,0.67,0.04,1.5,2.13,False,False
2015-01-01,2.17,0.67,0.04,1.5,2.13,False,False
2015-01-02,2.12,0.66,0.02,1.46,2.1,False,False
2015-01-05,2.04,0.68,0.03,1.3599999999999999,2.0100000000000002,False,False
2015-01-06,1.97,0.65,0.03,1.3199999999999998,1.94,False,False
2015-01-07,1.96,0.62,0.03,1.3399999999999999,1.93,False,False
2015-01-08,2.03,0.62,0.03,1.4099999999999997,1.9999999999999998,False,False
2015-01-09,1.98,0.59,0.02,1.3900000000000001,1.96,False,False
2015-01-12,1.92,0.56,0.03,1.3599999999999999,1.89,False,False
2015-01-13,1.91,0.54,0.03,1.3699999999999999,1.88,False,False
2015-01-14,1.86,0.51,0.04,1.35,1.82,False,False
2015-01-15,1.77,0.44,0.03,1.33,1.74,False,False
2015-01-16,1.83,0.49,0.03,1.34,1.8,False,False
2015-01-19,1.83,0.49,0.03,1.34,1.8,False,False
2015-01-20,1.82,0.53,0.03,1.29,1.79,False,False
2015-01-21,1.87,0.53,0.03,1.34,1.84,False,False
2015-01-22,1.9,0.53,0.03,1.3699999999999999,1.8699999999999999,False,False
2015-01-23,1.81,0.52,0.02,1.29,1.79,False,False
2015-01-26,1.83,0.54,0.03,1.29,1.8,False,False
2015-01-27,1.83,0.54,0.02,1.29,1.81,False,False
2015-01-28,1.73,0.5,0.02,1.23,1.71,False,False
2015-01-29,1.77,0.51,0.03,1.26,1.74,False,False
2015-01-30,1.68,0.47,0.02,1.21,1.66,False,False
2015-02-02,1.68,0.49,0.02,1.19,1.66,False,False
2015-02-03,1.79,0.52,0.02,1.27,1.77,False,False
2015-02-04,1.81,0.52,0.01,1.29,1.8,False,False
2015-02-05,1.83,0.52,0.02,1.31,1.81,False,False
2015-02-06,1.95,0.65,0.02,1.2999999999999998,1.93,False,False
2015-02-09,1.96,0.65,0.01,1.31,1.95,False,False
2015-02-10,2.01,0.67,0.01,1.3399999999999999,1.9999999999999998,False,False
2015-02-11,2.0,0.67,0.01,1.33,1.99,False,False
2015-02-12,1.99,0.61,0.02,1.38,1.97,False,False
2015-02-13,2.02,0.66,0.01,1.3599999999999999,2.0100000000000002,False,False
2015-02-16,2.02,0.66,0.01,1.3599999999999999,2.0100000000000002,False,False
2015-02-17,2.14,0.7,0.02,1.4400000000000002,2.12,False,False
2015-02-18,2.07,0.62,0.02,1.4499999999999997,2.05,False,False
2015-02-19,2.11,0.67,0.02,1.44,2.09,False,False
2015-02-20,2.13,0.67,0.02,1.46,2.11,False,False
2015-02-23,2.06,0.64,0.02,1.42,2.04,False,False
2015-02-24,1.99,0.6,0.02,1.3900000000000001,1.97,False,False
2015-02-25,1.96,0.61,0.02,1.35,1.94,False,False
2015-02-26,2.03,0.66,0.03,1.3699999999999997,1.9999999999999998,False,False
2015-02-27,2.0,0.63,0.02,1.37,1.98,False,False
2015-03-02,2.08,0.66,0.02,1.42,2.06,False,False
2015-03-03,2.12,0.68,0.02,1.44,2.1,False,False
2015-03-04,2.12,0.66,0.01,1.46,2.1100000000000003,False,False
2015-03-05,2.11,0.65,0.02,1.46,2.09,False,False
2015-03-06,2.24,0.73,0.01,1.5100000000000002,2.2300000000000004,False,False
2015-03-09,2.2,0.7,0.02,1.5000000000000002,2.18,False,False
2015-03-10,2.14,0.7,0.02,1.4400000000000002,2.12,False,False
2015-03-11,2.11,0.7,0.03,1.41,2.08,False,False
2015-03-12,2.1,0.67,0.03,1.4300000000000002,2.0700000000000003,False,False
2015-03-13,2.13,0.68,0.03,1.4499999999999997,2.1,False,False
2015-03-16,2.1,0.66,0.05,1.44,2.0500000000000003,False,False
2015-03-17,2.06,0.7,0.05,1.36,2.0100000000000002,False,False
2015-03-18,1.93,0.57,0.03,1.3599999999999999,1.9,False,False
2015-03-19,1.98,0.63,0.03,1.35,1.95,False,False
2015-03-20,1.93,0.6,0.01,1.33,1.92,False,False
2015-03-23,1.92,0.6,0.03,1.3199999999999998,1.89,False,False
2015-03-24,1.88,0.58,0.02,1.2999999999999998,1.8599999999999999,False,False
2015-03-25,1.93,0.59,0.04,1.3399999999999999,1.89,False,False
2015-03-26,2.01,0.61,0.03,1.4,1.9799999999999998,False,False
2015-03-27,1.95,0.58,0.04,1.37,1.91,False,False
2015-03-30,1.96,0.58,0.04,1.38,1.92,False,False
2015-03-31,1.94,0.56,0.03,1.38,1.91,False,False
2015-04-01,1.87,0.55,0.03,1.32,1.84,False,False
2015-04-02,1.92,0.55,0.02,1.3699999999999999,1.9,False,False
2015-04-03,1.85,0.49,0.02,1.36,1.83,False,False
2015-04-06,1.92,0.51,0.03,1.41,1.89,False,False
2015-04-07,1.89,0.52,0.02,1.3699999999999999,1.8699999999999999,False,False
2015-04-08,1.92,0.54,0.03,1.38,1.89,False,False
2015-04-09,1.97,0.56,0.03,1.41,1.94,False,False
2015-04-10,1.96,0.57,0.02,1.3900000000000001,1.94,False,False
2015-04-13,1.94,0.54,0.03,1.4,1.91,False,False
2015-04-14,1.9,0.53,0.02,1.3699999999999999,1.88,False,False
2015-04-15,1.91,0.51,0.02,1.4,1.89,False,False
2015-04-16,1.9,0.5,0.02,1.4,1.88,False,False
2015-04-17,1.87,0.51,0.01,1.36,1.86,False,False
2015-04-20,1.9,0.55,0.03,1.3499999999999999,1.8699999999999999,False,False
2015-04-21,1.92,0.55,0.03,1.3699999999999999,1.89,False,False
2015-04-22,1.99,0.57,0.03,1.42,1.96,False,False
2015-04-23,1.96,0.55,0.03,1.41,1.93,False,False
2015-04-24,1.93,0.54,0.03,1.39,1.9,False,False
2015-04-27,1.94,0.54,0.02,1.4,1.92,False,False
2015-04-28,2.0,0.56,0.02,1.44,1.98,False,False
2015-04-29,2.06,0.56,0.01,1.5,2.0500000000000003,False,False
2015-04-30,2.05,0.58,0.01,1.4699999999999998,2.04,False,False
2015-05-01,2.12,0.6,0.01,1.52,2.1100000000000003,False,False
2015-05-04,2.16,0.6,0.02,1.56,2.14,False,False
2015-05-05,2.19,0.62,0.01,1.5699999999999998,2.18,False,False
2015-05-06,2.25,0.65,0.02,1.6,2.23,False,False
2015-05-07,2.18,0.63,0.01,1.5500000000000003,2.1700000000000004,False,False
2015-05-08,2.16,0.59,0.01,1.5700000000000003,2.1500000000000004,False,False
2015-05-11,2.28,0.62,0.02,1.6599999999999997,2.26,False,False
2015-05-12,2.28,0.61,0.03,1.67,2.25,False,False
2015-05-13,2.27,0.59,0.02,1.6800000000000002,2.25,False,False
2015-05-14,2.23,0.56,0.01,1.67,2.22,False,False
2015-05-15,2.14,0.55,0.02,1.59,2.12,False,False
2015-05-18,2.23,0.58,0.02,1.65,2.21,False,False
2015-05-19,2.27,0.63,0.02,1.6400000000000001,2.25,False,False
2015-05-20,2.26,0.6,0.02,1.6599999999999997,2.2399999999999998,False,False
2015-05-21,2.19,0.6,0.02,1.5899999999999999,2.17,False,False
2015-05-22,2.21,0.64,0.02,1.5699999999999998,2.19,False,False
2015-05-25,2.21,0.64,0.02,1.5699999999999998,2.19,False,False
2015-05-26,2.14,0.64,0.02,1.5,2.12,False,False
2015-05-27,2.14,0.64,0.01,1.5,2.1300000000000003,False,False
2015-05-28,2.13,0.62,0.01,1.5099999999999998,2.12,False,False
2015-05-29,2.12,0.61,0.01,1.5100000000000002,2.1100000000000003,False,False
2015-06-01,2.19,0.64,0.02,1.5499999999999998,2.17,False,False
2015-06-02,2.27,0.64,0.01,1.63,2.2600000000000002,False,False
2015-06-03,2.38,0.69,0.02,1.69,2.36,False,False
2015-06-04,2.31,0.66,0.02,1.65,2.29,False,False
2015-06-05,2.41,0.73,0.03,1.6800000000000002,2.3800000000000003,False,False
2015-06-08,2.39,0.7,0.02,1.6900000000000002,2.37,False,False
2015-06-09,2.42,0.72,0.02,1.7,2.4,False,False
2015-06-10,2.5,0.75,0.02,1.75,2.48,False,False
2015-06-11,2.39,0.73,0.01,1.6600000000000001,2.3800000000000003,False,False
2015-06-12,2.39,0.74,0.02,1.6500000000000001,2.37,False,False
2015-06-15,2.36,0.72,0.02,1.64,2.34,False,False
2015-06-16,2.32,0.71,0.01,1.6099999999999999,2.31,False,False
2015-06-17,2.32,0.67,0.01,1.65,2.31,False,False
2015-06-18,2.35,0.66,0.01,1.69,2.3400000000000003,False,False
2015-06-19,2.26,0.65,0.01,1.6099999999999999,2.25,False,False
2015-06-22,2.37,0.68,0.01,1.69,2.3600000000000003,False,False
2015-06-23,2.42,0.7,0.01,1.72,2.41,False,False
2015-06-24,2.38,0.68,0.01,1.6999999999999997,2.37,False,False
2015-06-25,2.4,0.68,0.01,1.7199999999999998,2.39,False,False
2015-06-26,2.49,0.72,0.01,1.7700000000000002,2.4800000000000004,False,False
2015-06-29,2.33,0.64,0.02,1.69,2.31,False,False
2015-06-30,2.35,0.64,0.01,1.71,2.3400000000000003,False,False
2015-07-01,2.43,0.69,0.01,1.7400000000000002,2.4200000000000004,False,False
2015-07-02,2.4,0.64,0.01,1.7599999999999998,2.39,False,False
2015-07-03,2.4,0.64,0.01,1.7599999999999998,2.39,False,False
2015-07-06,2.3,0.6,0.02,1.6999999999999997,2.28,False,False
2015-07-07,2.27,0.58,0.02,1.69,2.25,False,False
2015-07-08,2.22,0.55,0.02,1.6700000000000002,2.2,False,False
2015-07-09,2.32,0.6,0.03,1.7199999999999998,2.29,False,False
2015-07-10,2.42,0.65,0.01,1.77,2.41,False,False
2015-07-13,2.44,0.69,0.02,1.75,2.42,False,False
2015-07-14,2.41,0.66,0.01,1.75,2.4000000000000004,False,False
2015-07-15,2.36,0.64,0.02,1.7199999999999998,2.34,False,False
2015-07-16,2.36,0.67,0.02,1.69,2.34,False,False
2015-07-17,2.34,0.68,0.03,1.6599999999999997,2.31,False,False
2015-07-20,2.38,0.71,0.04,1.67,2.34,False,False
2015-07-21,2.35,0.71,0.03,1.6400000000000001,2.3200000000000003,False,False
2015-07-22,2.33,0.75,0.04,1.58,2.29,False,False
2015-07-23,2.28,0.71,0.03,1.5699999999999998,2.25,False,False
2015-07-24,2.27,0.7,0.04,1.57,2.23,False,False
2015-07-27,2.23,0.68,0.05,1.5499999999999998,2.18,False,False
2015-07-28,2.26,0.69,0.05,1.5699999999999998,2.21,False,False
2015-07-29,2.29,0.7,0.06,1.59,2.23,False,False
2015-07-30,2.28,0.72,0.07,1.5599999999999998,2.21,False,False
2015-07-31,2.2,0.67,0.08,1.5300000000000002,2.12,False,False
2015-08-03,2.16,0.68,0.08,1.48,2.08,False,False
2015-08-04,2.23,0.74,0.08,1.49,2.15,False,False
2015-08-05,2.28,0.73,0.08,1.5499999999999998,2.1999999999999997,False,False
2015-08-06,2.23,0.71,0.04,1.52,2.19,False,False
2015-08-07,2.18,0.73,0.06,1.4500000000000002,2.12,False,False
2015-08-10,2.24,0.73,0.12,1.5100000000000002,2.12,False,False
2015-08-11,2.15,0.68,0.1,1.4699999999999998,2.05,False,False
2015-08-12,2.14,0.67,0.1,1.4700000000000002,2.04,False,False
2015-08-13,2.19,0.72,0.1,1.47,2.09,False,False
2015-08-14,2.2,0.73,0.09,1.4700000000000002,2.1100000000000003,False,False
2015-08-17,2.16,0.72,0.1,1.4400000000000002,2.06,False,False
2015-08-18,2.2,0.74,0.07,1.4600000000000002,2.1300000000000003,False,False
2015-08-19,2.12,0.67,0.05,1.4500000000000002,2.0700000000000003,False,False
2015-08-20,2.09,0.69,0.02,1.4,2.07,False,False
2015-08-21,2.05,0.64,0.03,1.4099999999999997,2.02,False,False
2015-08-24,2.01,0.59,0.06,1.42,1.9499999999999997,False,False
2015-08-25,2.12,0.67,0.07,1.4500000000000002,2.0500000000000003,False,False
2015-08-26,2.18,0.67,0.06,1.5100000000000002,2.12,False,False
2015-08-27,2.18,0.68,0.06,1.5,2.12,False,False
2015-08-28,2.19,0.72,0.06,1.47,2.13,False,False
2015-08-31,2.21,0.74,0.08,1.47,2.13,False,False
2015-09-01,2.17,0.7,0.03,1.47,2.14,False,False
2015-09-02,2.2,0.72,0.03,1.4800000000000002,2.1700000000000004,False,False
2015-09-03,2.18,0.71,0.02,1.4700000000000002,2.16,False,False
2015-09-04,2.13,0.71,0.02,1.42,2.11,False,False
2015-09-07,2.13,0.71,0.02,1.42,2.11,False,False
2015-09-08,2.2,0.74,0.06,1.4600000000000002,2.14,False,False
2015-09-09,2.21,0.75,0.03,1.46,2.18,False,False
2015-09-10,2.23,0.75,0.02,1.48,2.21,False,False
2015-09-11,2.2,0.71,0.04,1.4900000000000002,2.16,False,False
2015-09-14,2.18,0.73,0.07,1.4500000000000002,2.1100000000000003,False,False
2015-09-15,2.28,0.82,0.07,1.46,2.21,False,False
2015-09-16,2.3,0.82,0.06,1.48,2.2399999999999998,False,False
2015-09-17,2.21,0.7,0.01,1.51,2.2,False,False
2015-09-18,2.13,0.69,0.0,1.44,2.13,False,False
2015-09-21,2.2,0.72,0.01,1.4800000000000002,2.1900000000000004,False,False
2015-09-22,2.14,0.69,0.0,1.4500000000000002,2.14,False,False
2015-09-23,2.16,0.7,0.01,1.4600000000000002,2.1500000000000004,False,False
2015-09-24,2.13,0.67,0.01,1.46,2.12,False,False
2015-09-25,2.17,0.7,0.0,1.47,2.17,False,False
2015-09-28,2.1,0.67,0.01,1.4300000000000002,2.0900000000000003,False,False
2015-09-29,2.05,0.64,0.01,1.4099999999999997,2.04,False,False
2015-09-30,2.06,0.64,0.0,1.42,2.06,False,False
2015-10-01,2.05,0.64,0.0,1.4099999999999997,2.05,False,False
2015-10-02,1.99,0.58,0.0,1.4100000000000001,1.99,False,False
2015-10-05,2.07,0.61,0.01,1.46,2.06,False,False
2015-10-06,2.05,0.61,0.0,1.44,2.05,False,False
2015-10-07,2.08,0.65,0.0,1.4300000000000002,2.08,False,False
2015-10-08,2.12,0.65,0.0,1.4700000000000002,2.12,False,False
2015-10-09,2.12,0.65,0.01,1.4700000000000002,2.1100000000000003,False,False
2015-10-12,2.12,0.65,0.01,1.4700000000000002,2.1100000000000003,False,False
2015-10-13,2.06,0.64,0.01,1.42,2.0500000000000003,False,False
2015-10-14,1.99,0.57,0.0,1.42,1.99,False,False
2015-10-15,2.04,0.61,0.01,1.4300000000000002,2.0300000000000002,False,False
2015-10-16,2.04,0.61,0.01,1.4300000000000002,2.0300000000000002,False,False
2015-10-19,2.04,0.61,0.02,1.4300000000000002,2.02,False,False
2015-10-20,2.08,0.66,0.02,1.42,2.06,False,False
2015-10-21,2.04,0.64,0.01,1.4,2.0300000000000002,False,False
2015-10-22,2.04,0.61,0.0,1.4300000000000002,2.04,False,False
2015-10-23,2.09,0.66,0.01,1.4299999999999997,2.08,False,False
2015-10-26,2.07,0.66,0.02,1.4099999999999997,2.05,False,False
2015-10-27,2.05,0.65,0.03,1.4,2.02,False,False
2015-10-28,2.1,0.73,0.04,1.37,2.06,False,False
2015-10-29,2.19,0.75,0.07,1.44,2.12,False,False
2015-10-30,2.16,0.75,0.08,1.4100000000000001,2.08,False,False
2015-11-02,2.2,0.77,0.08,1.4300000000000002,2.12,False,False
2015-11-03,2.23,0.8,0.06,1.43,2.17,False,False
2015-11-04,2.25,0.84,0.05,1.4100000000000001,2.2,False,False
2015-11-05,2.26,0.85,0.05,1.4099999999999997,2.21,False,False
2015-11-06,2.34,0.9,0.08,1.44,2.26,False,False
2015-11-09,2.36,0.89,0.14,1.4699999999999998,2.2199999999999998,False,False
2015-11-10,2.32,0.87,0.13,1.4499999999999997,2.19,False,False
2015-11-11,2.32,0.87,0.13,1.4499999999999997,2.19,False,False
2015-11-12,2.32,0.89,0.14,1.4299999999999997,2.1799999999999997,False,False
2015-11-13,2.28,0.86,0.14,1.42,2.1399999999999997,False,False
2015-11-16,2.27,0.88,0.15,1.3900000000000001,2.12,False,False
2015-11-17,2.25,0.86,0.14,1.3900000000000001,2.11,False,False
2015-11-18,2.27,0.9,0.12,1.37,2.15,False,False
2015-11-19,2.24,0.91,0.11,1.33,2.1300000000000003,False,False
2015-11-20,2.26,0.93,0.12,1.3299999999999996,2.1399999999999997,False,False
2015-11-23,2.25,0.94,0.14,1.31,2.11,False,False
2015-11-24,2.24,0.93,0.16,1.31,2.08,False,False
2015-11-25,2.23,0.93,0.19,1.2999999999999998,2.04,False,False
2015-11-26,2.23,0.93,0.19,1.2999999999999998,2.04,False,False
2015-11-27,2.22,0.92,0.18,1.3000000000000003,2.04,False,False
2015-11-30,2.21,0.94,0.22,1.27,1.99,False,False
2015-12-01,2.15,0.91,0.21,1.2399999999999998,1.94,False,False
2015-12-02,2.18,0.94,0.21,1.2400000000000002,1.9700000000000002,False,False
2015-12-03,2.33,0.96,0.21,1.37,2.12,False,False
2015-12-04,2.28,0.96,0.23,1.3199999999999998,2.05,False,False
2015-12-07,2.23,0.94,0.29,1.29,1.94,False,False
2015-12-08,2.24,0.94,0.27,1.3000000000000003,1.9700000000000002,False,False
2015-12-09,2.22,0.93,0.26,1.29,1.9600000000000002,False,False
2015-12-10,2.24,0.95,0.24,1.2900000000000003,2.0,False,False
2015-12-11,2.13,0.88,0.23,1.25,1.9,False,False
2015-12-14,2.23,0.97,0.26,1.26,1.97,False,False
2015-12-15,2.28,0.98,0.25,1.2999999999999998,2.03,False,False
2015-12-16,2.3,1.02,0.27,1.2799999999999998,2.03,False,False
2015-12-17,2.24,1.0,0.23,1.2400000000000002,2.0100000000000002,False,False
2015-12-18,2.19,0.97,0.19,1.22,2.0,False,False
2015-12-21,2.2,0.96,0.24,1.2400000000000002,1.9600000000000002,False,False
2015-12-22,2.24,0.99,0.21,1.2500000000000002,2.0300000000000002,False,False
2015-12-23,2.27,1.01,0.2,1.26,2.07,False,False
2015-12-24,2.25,1.03,0.2,1.22,2.05,False,False
2015-12-25,2.25,1.03,0.2,1.22,2.05,False,False
2015-12-28,2.24,1.05,0.23,1.1900000000000002,2.0100000000000002,False,False
2015-12-29,2.32,1.09,0.23,1.2299999999999998,2.09,False,False
2015-12-30,2.31,1.08,0.21,1.23,2.1,False,False
2015-12-31,2.27,1.06,0.16,1.21,2.11,False,False
2016-01-01,2.27,1.06,0.16,1.21,2.11,False,False
2016-01-04,2.24,1.02,0.22,1.2200000000000002,2.02,False,False
2016-01-05,2.25,1.04,0.2,1.21,2.05,False,False
2016-01-06,2.18,0.99,0.21,1.1900000000000002,1.9700000000000002,False,False
2016-01-07,2.16,0.96,0.2,1.2000000000000002,1.9600000000000002,False,False
2016-01-08,2.13,0.94,0.2,1.19,1.93,False,False
2016-01-11,2.17,0.94,0.21,1.23,1.96,False,False
2016-01-12,2.12,0.93,0.21,1.19,1.9100000000000001,False,False
2016-01-13,2.08,0.91,0.22,1.17,1.86,False,False
2016-01-14,2.1,0.9,0.25,1.2000000000000002,1.85,False,False
2016-01-15,2.03,0.85,0.24,1.1799999999999997,1.7899999999999998,False,False
2016-01-18,2.03,0.85,0.24,1.1799999999999997,1.7899999999999998,False,False
2016-01-19,2.06,0.88,0.26,1.1800000000000002,1.8,False,False
2016-01-20,2.01,0.85,0.26,1.1599999999999997,1.7499999999999998,False,False
2016-01-21,2.02,0.84,0.28,1.1800000000000002,1.74,False,False
2016-01-22,2.07,0.88,0.31,1.19,1.7599999999999998,False,False
2016-01-25,2.03,0.88,0.31,1.15,1.7199999999999998,False,False
2016-01-26,2.01,0.85,0.31,1.1599999999999997,1.6999999999999997,False,False
2016-01-27,2.02,0.84,0.32,1.1800000000000002,1.7,False,False
2016-01-28,2.0,0.83,0.35,1.17,1.65,False,False
2016-01-29,1.94,0.76,0.33,1.18,1.6099999999999999,False,False
2016-02-01,1.97,0.81,0.35,1.16,1.62,False,False
2016-02-02,1.87,0.75,0.34,1.12,1.53,False,False
2016-02-03,1.88,0.72,0.33,1.16,1.5499999999999998,False,False
2016-02-04,1.87,0.7,0.29,1.1700000000000002,1.58,False,False
2016-02-05,1.86,0.74,0.3,1.12,1.56,False,False
2016-02-08,1.75,0.66,0.32,1.0899999999999999,1.43,False,False
2016-02-09,1.74,0.69,0.3,1.05,1.44,False,False
2016-02-10,1.71,0.71,0.31,1.0,1.4,False,False
2016-02-11,1.63,0.64,0.28,0.9899999999999999,1.3499999999999999,False,False
2016-02-12,1.74,0.71,0.3,1.03,1.44,False,False
2016-02-15,1.74,0.71,0.3,1.03,1.44,False,False
2016-02-16,1.78,0.74,0.3,1.04,1.48,False,False
2016-02-17,1.81,0.74,0.3,1.07,1.51,False,False
2016-02-18,1.75,0.71,0.3,1.04,1.45,False,False
2016-02-19,1.76,0.76,0.31,1.0,1.45,False,False
2016-02-22,1.77,0.78,0.33,0.99,1.44,False,False
2016-02-23,1.74,0.76,0.32,0.98,1.42,False,False
2016-02-24,1.75,0.75,0.33,1.0,1.42,False,False
2016-02-25,1.71,0.72,0.32,0.99,1.39,False,False
2016-02-26,1.76,0.8,0.33,0.96,1.43,False,False
2016-02-29,1.74,0.78,0.33,0.96,1.41,False,False
2016-03-01,1.83,0.85,0.33,0.9800000000000001,1.5,False,False
2016-03-02,1.84,0.85,0.36,0.9900000000000001,1.48,False,False
2016-03-03,1.83,0.85,0.28,0.9800000000000001,1.55,False,False
2016-03-04,1.88,0.88,0.29,0.9999999999999999,1.5899999999999999,False,False
2016-03-07,1.91,0.91,0.32,0.9999999999999999,1.5899999999999999,False,False
2016-03-08,1.83,0.88,0.29,0.9500000000000001,1.54,False,False
2016-03-09,1.9,0.9,0.3,0.9999999999999999,1.5999999999999999,False,False
2016-03-10,1.93,0.93,0.32,0.9999999999999999,1.6099999999999999,False,False
2016-03-11,1.98,0.97,0.33,1.01,1.65,False,False
2016-03-14,1.97,0.97,0.34,1.0,1.63,False,False
2016-03-15,1.97,0.98,0.34,0.99,1.63,False,False
2016-03-16,1.94,0.87,0.31,1.0699999999999998,1.63,False,False
2016-03-17,1.91,0.87,0.29,1.04,1.6199999999999999,False,False
2016-03-18,1.88,0.84,0.3,1.04,1.5799999999999998,False,False
2016-03-21,1.92,0.87,0.31,1.0499999999999998,1.6099999999999999,False,False
2016-03-22,1.94,0.91,0.3,1.0299999999999998,1.64,False,False
2016-03-23,1.88,0.87,0.3,1.0099999999999998,1.5799999999999998,False,False
2016-03-24,1.91,0.89,0.3,1.02,1.6099999999999999,False,False
2016-03-25,1.91,0.89,0.3,1.02,1.6099999999999999,False,False
2016-03-28,1.89,0.89,0.29,0.9999999999999999,1.5999999999999999,False,False
2016-03-29,1.81,0.78,0.23,1.03,1.58,False,False
2016-03-30,1.83,0.76,0.2,1.07,1.6300000000000001,False,False
2016-03-31,1.78,0.73,0.21,1.05,1.57,False,False
2016-04-01,1.79,0.76,0.23,1.03,1.56,False,False
2016-04-04,1.78,0.75,0.23,1.03,1.55,False,False
2016-04-05,1.73,0.72,0.23,1.01,1.5,False,False
2016-04-06,1.76,0.73,0.23,1.03,1.53,False,False
2016-04-07,1.7,0.7,0.23,1.0,1.47,False,False
2016-04-08,1.72,0.7,0.23,1.02,1.49,False,False
2016-04-11,1.73,0.7,0.23,1.03,1.5,False,False
2016-04-12,1.79,0.74,0.22,1.05,1.57,False,False
2016-04-13,1.77,0.75,0.23,1.02,1.54,False,False
2016-04-14,1.8,0.77,0.22,1.03,1.58,False,False
2016-04-15,1.76,0.74,0.22,1.02,1.54,False,False
2016-04-18,1.78,0.75,0.22,1.03,1.56,False,False
2016-04-19,1.79,0.77,0.21,1.02,1.58,False,False
2016-04-20,1.85,0.8,0.23,1.05,1.62,False,False
2016-04-21,1.88,0.82,0.23,1.06,1.65,False,False
2016-04-22,1.89,0.84,0.23,1.0499999999999998,1.66,False,False
2016-04-25,1.91,0.85,0.25,1.06,1.66,False,False
2016-04-26,1.94,0.86,0.24,1.08,1.7,False,False
2016-04-27,1.87,0.83,0.24,1.04,1.6300000000000001,False,False
2016-04-28,1.84,0.78,0.22,1.06,1.62,False,False
2016-04-29,1.83,0.77,0.22,1.06,1.61,False,False
2016-05-02,1.88,0.8,0.22,1.0799999999999998,1.66,False,False
2016-05-03,1.81,0.75,0.21,1.06,1.6,False,False
2016-05-04,1.79,0.75,0.19,1.04,1.6,False,False
2016-05-05,1.76,0.72,0.2,1.04,1.56,False,False
2016-05-06,1.79,0.74,0.19,1.05,1.6,False,False
2016-05-09,1.77,0.72,0.24,1.05,1.53,False,False
2016-05-10,1.77,0.72,0.24,1.05,1.53,False,False
2016-05-11,1.73,0.74,0.26,0.99,1.47,False,False
2016-05-12,1.75,0.76,0.27,0.99,1.48,False,False
2016-05-13,1.71,0.76,0.29,0.95,1.42,False,False
2016-05-16,1.75,0.79,0.28,0.96,1.47,False,False
2016-05-17,1.76,0.82,0.28,0.9400000000000001,1.48,False,False
2016-05-18,1.87,0.9,0.3,0.9700000000000001,1.57,False,False
2016-05-19,1.85,0.89,0.31,0.9600000000000001,1.54,False,False
2016-05-20,1.85,0.89,0.33,0.9600000000000001,1.52,False,False
2016-05-23,1.84,0.91,0.35,0.93,1.4900000000000002,False,False
2016-05-24,1.86,0.92,0.35,0.9400000000000001,1.5100000000000002,False,False
2016-05-25,1.87,0.92,0.33,0.9500000000000001,1.54,False,False
2016-05-26,1.83,0.87,0.31,0.9600000000000001,1.52,False,False
2016-05-27,1.85,0.9,0.32,0.9500000000000001,1.53,False,False
2016-05-30,1.85,0.9,0.32,0.9500000000000001,1.53,False,False
2016-05-31,1.84,0.87,0.34,0.9700000000000001,1.5,False,False
2016-06-01,1.85,0.91,0.3,0.9400000000000001,1.55,False,False
2016-06-02,1.81,0.89,0.29,0.92,1.52,False,False
2016-06-03,1.71,0.78,0.3,0.9299999999999999,1.41,False,False
2016-06-06,1.73,0.8,0.28,0.9299999999999999,1.45,False,False
2016-06-07,1.72,0.78,0.28,0.94,1.44,False,False
2016-06-08,1.71,0.78,0.24,0.9299999999999999,1.47,False,False
2016-06-09,1.68,0.77,0.26,0.9099999999999999,1.42,False,False
2016-06-10,1.64,0.73,0.26,0.9099999999999999,1.38,False,False
2016-06-13,1.62,0.73,0.27,0.8900000000000001,1.35,False,False
2016-06-14,1.62,0.74,0.27,0.8800000000000001,1.35,False,False
2016-06-15,1.6,0.69,0.26,0.9100000000000001,1.34,False,False
2016-06-16,1.57,0.7,0.27,0.8700000000000001,1.3,False,False
2016-06-17,1.62,0.7,0.27,0.9200000000000002,1.35,False,False
2016-06-20,1.67,0.74,0.28,0.9299999999999999,1.39,False,False
2016-06-21,1.71,0.76,0.27,0.95,1.44,False,False
2016-06-22,1.69,0.75,0.27,0.94,1.42,False,False
2016-06-23,1.74,0.78,0.31,0.96,1.43,False,False
2016-06-24,1.57,0.64,0.27,0.93,1.3,False,False
2016-06-27,1.46,0.61,0.27,0.85,1.19,False,False
2016-06-28,1.46,0.61,0.26,0.85,1.2,False,False
2016-06-29,1.5,0.62,0.26,0.88,1.24,False,False
2016-06-30,1.49,0.58,0.26,0.91,1.23,False,False
2016-07-01,1.46,0.59,0.28,0.87,1.18,False,False
2016-07-04,1.46,0.59,0.28,0.87,1.18,False,False
2016-07-05,1.37,0.56,0.28,0.81,1.09,False,False
2016-07-06,1.38,0.58,0.27,0.7999999999999999,1.1099999999999999,False,False
2016-07-07,1.4,0.58,0.29,0.82,1.1099999999999999,False,False
2016-07-08,1.37,0.61,0.28,0.7600000000000001,1.09,False,False
2016-07-11,1.43,0.66,0.31,0.7699999999999999,1.1199999999999999,False,False
2016-07-12,1.53,0.69,0.29,0.8400000000000001,1.24,False,False
2016-07-13,1.48,0.68,0.31,0.7999999999999999,1.17,False,False
2016-07-14,1.53,0.68,0.32,0.85,1.21,False,False
2016-07-15,1.6,0.71,0.32,0.8900000000000001,1.28,False,False
2016-07-18,1.59,0.68,0.32,0.91,1.27,False,False
2016-07-19,1.56,0.7,0.31,0.8600000000000001,1.25,False,False
2016-07-20,1.59,0.73,0.32,0.8600000000000001,1.27,False,False
2016-07-21,1.57,0.7,0.32,0.8700000000000001,1.25,False,False
2016-07-22,1.57,0.71,0.33,0.8600000000000001,1.24,False,False
2016-07-25,1.58,0.72,0.32,0.8600000000000001,1.26,False,False
2016-07-26,1.57,0.75,0.31,0.8200000000000001,1.26,False,False
2016-07-27,1.52,0.73,0.31,0.79,1.21,False,False
2016-07-28,1.52,0.72,0.25,0.8,1.27,False,False
2016-07-29,1.46,0.67,0.28,0.7899999999999999,1.18,False,False
2016-08-01,1.51,0.67,0.29,0.84,1.22,False,False
2016-08-02,1.55,0.67,0.29,0.88,1.26,False,False
2016-08-03,1.55,0.67,0.28,0.88,1.27,False,False
2016-08-04,1.51,0.64,0.26,0.87,1.25,False,False
2016-08-05,1.59,0.72,0.28,0.8700000000000001,1.31,False,False
2016-08-08,1.59,0.74,0.31,0.8500000000000001,1.28,False,False
2016-08-09,1.55,0.71,0.29,0.8400000000000001,1.26,False,False
2016-08-10,1.5,0.69,0.28,0.81,1.22,False,False
2016-08-11,1.57,0.76,0.28,0.81,1.29,False,False
2016-08-12,1.51,0.71,0.29,0.8,1.22,False,False
2016-08-15,1.55,0.72,0.31,0.8300000000000001,1.24,False,False
2016-08-16,1.57,0.76,0.27,0.81,1.3,False,False
2016-08-17,1.56,0.74,0.3,0.8200000000000001,1.26,False,False
2016-08-18,1.53,0.71,0.3,0.8200000000000001,1.23,False,False
2016-08-19,1.58,0.76,0.3,0.8200000000000001,1.28,False,False
2016-08-22,1.55,0.76,0.29,0.79,1.26,False,False
2016-08-23,1.55,0.74,0.3,0.81,1.25,False,False
2016-08-24,1.56,0.76,0.31,0.8,1.25,False,False
2016-08-25,1.58,0.78,0.33,0.8,1.25,False,False
2016-08-26,1.62,0.84,0.34,0.7800000000000001,1.28,False,False
2016-08-29,1.57,0.81,0.33,0.76,1.24,False,False
2016-08-30,1.57,0.8,0.33,0.77,1.24,False,False
2016-08-31,1.58,0.8,0.33,0.78,1.25,False,False
2016-09-01,1.57,0.78,0.33,0.79,1.24,False,False
2016-09-02,1.6,0.8,0.33,0.8,1.27,False,False
2016-09-05,1.6,0.8,0.33,0.8,1.27,False,False
2016-09-06,1.55,0.74,0.32,0.81,1.23,False,False
2016-09-07,1.54,0.74,0.34,0.8,1.2,False,False
2016-09-08,1.61,0.78,0.35,0.8300000000000001,1.2600000000000002,False,False
2016-09-09,1.67,0.79,0.35,0.8799999999999999,1.3199999999999998,False,False
2016-09-12,1.68,0.79,0.37,0.8899999999999999,1.31,False,False
2016-09-13,1.73,0.8,0.36,0.9299999999999999,1.37,False,False
2016-09-14,1.7,0.77,0.33,0.9299999999999999,1.3699999999999999,False,False
2016-09-15,1.71,0.74,0.29,0.97,1.42,False,False
2016-09-16,1.7,0.77,0.3,0.9299999999999999,1.4,False,False
2016-09-19,1.7,0.79,0.3,0.9099999999999999,1.4,False,False
2016-09-20,1.69,0.79,0.3,0.8999999999999999,1.39,False,False
2016-09-21,1.66,0.79,0.22,0.8699999999999999,1.44,False,False
2016-09-22,1.63,0.79,0.18,0.8399999999999999,1.45,False,False
2016-09-23,1.62,0.77,0.18,0.8500000000000001,1.4400000000000002,False,False
2016-09-26,1.59,0.76,0.25,0.8300000000000001,1.34,False,False
2016-09-27,1.56,0.75,0.26,0.81,1.3,False,False
2016-09-28,1.57,0.75,0.27,0.8200000000000001,1.3,False,False
2016-09-29,1.56,0.73,0.26,0.8300000000000001,1.3,False,False
2016-09-30,1.6,0.77,0.29,0.8300000000000001,1.31,False,False
2016-10-03,1.63,0.8,0.32,0.8299999999999998,1.3099999999999998,False,False
2016-10-04,1.69,0.82,0.33,0.87,1.3599999999999999,False,False
2016-10-05,1.72,0.85,0.32,0.87,1.4,False,False
2016-10-06,1.75,0.86,0.33,0.89,1.42,False,False
2016-10-07,1.73,0.83,0.33,0.9,1.4,False,False
2016-10-10,1.73,0.83,0.33,0.9,1.4,False,False
2016-10-11,1.77,0.87,0.35,0.9,1.42,False,False
2016-10-12,1.79,0.87,0.37,0.92,1.42,False,False
2016-10-13,1.75,0.85,0.3,0.9,1.45,False,False
2016-10-14,1.8,0.84,0.32,0.9600000000000001,1.48,False,False
2016-10-17,1.77,0.81,0.34,0.96,1.43,False,False
2016-10-18,1.75,0.82,0.34,0.93,1.41,False,False
2016-10-19,1.76,0.81,0.35,0.95,1.4100000000000001,False,False
2016-10-20,1.76,0.84,0.35,0.92,1.4100000000000001,False,False
2016-10-21,1.74,0.84,0.34,0.9,1.4,False,False
2016-10-24,1.77,0.84,0.33,0.93,1.44,False,False
2016-10-25,1.77,0.86,0.34,0.91,1.43,False,False
2016-10-26,1.79,0.86,0.33,0.93,1.46,False,False
2016-10-27,1.85,0.87,0.3,0.9800000000000001,1.55,False,False
2016-10-28,1.86,0.86,0.3,1.0,1.56,False,False
2016-10-31,1.84,0.86,0.34,0.9800000000000001,1.5,False,False
2016-11-01,1.83,0.83,0.35,1.0,1.48,False,False
2016-11-02,1.81,0.81,0.37,1.0,1.44,False,False
2016-11-03,1.82,0.81,0.38,1.01,1.44,False,False
2016-11-04,1.79,0.8,0.38,0.99,1.4100000000000001,False,False
2016-11-07,1.83,0.82,0.41,1.0100000000000002,1.4200000000000002,False,False
2016-11-08,1.88,0.87,0.43,1.0099999999999998,1.45,False,False
2016-11-09,2.07,0.9,0.45,1.17,1.6199999999999999,False,False
2016-11-10,2.15,0.92,0.48,1.23,1.67,False,False
2016-11-11,2.15,0.92,0.48,1.23,1.67,False,False
2016-11-14,2.23,1.0,0.55,1.23,1.68,False,False
2016-11-15,2.23,1.02,0.51,1.21,1.72,False,False
2016-11-16,2.22,1.0,0.47,1.2200000000000002,1.7500000000000002,False,False
2016-11-17,2.29,1.04,0.44,1.25,1.85,False,False
2016-11-18,2.34,1.07,0.44,1.2699999999999998,1.9,False,False
2016-11-21,2.33,1.08,0.46,1.25,1.87,False,False
2016-11-22,2.31,1.07,0.49,1.24,1.82,False,False
2016-11-23,2.36,1.12,0.51,1.2399999999999998,1.8499999999999999,False,False
2016-11-24,2.36,1.12,0.51,1.2399999999999998,1.8499999999999999,False,False
2016-11-25,2.36,1.12,0.49,1.2399999999999998,1.8699999999999999,False,False
2016-11-28,2.32,1.11,0.48,1.2099999999999997,1.8399999999999999,False,False
2016-11-29,2.3,1.09,0.48,1.2099999999999997,1.8199999999999998,False,False
2016-11-30,2.37,1.11,0.48,1.26,1.8900000000000001,False,False
2016-12-01,2.45,1.14,0.48,1.3100000000000003,1.9700000000000002,False,False
2016-12-02,2.4,1.11,0.49,1.2899999999999998,1.91,False,False
2016-12-05,2.39,1.13,0.49,1.2600000000000002,1.9000000000000001,False,False
2016-12-06,2.39,1.12,0.49,1.27,1.9000000000000001,False,False
2016-12-07,2.34,1.1,0.52,1.2399999999999998,1.8199999999999998,False,False
2016-12-08,2.4,1.12,0.51,1.2799999999999998,1.89,False,False
2016-12-09,2.47,1.15,0.54,1.3200000000000003,1.9300000000000002,False,False
2016-12-12,2.49,1.15,0.51,1.3400000000000003,1.9800000000000002,False,False
2016-12-13,2.48,1.17,0.54,1.31,1.94,False,False
2016-12-14,2.54,1.27,0.55,1.27,1.99,False,False
2016-12-15,2.6,1.29,0.51,1.31,2.09,False,False
2016-12-16,2.6,1.28,0.51,1.32,2.09,False,False
2016-12-19,2.54,1.24,0.52,1.3,2.02,False,False
2016-12-20,2.57,1.25,0.52,1.3199999999999998,2.05,False,False
2016-12-21,2.55,1.21,0.52,1.3399999999999999,2.03,False,False
2016-12-22,2.55,1.22,0.51,1.3299999999999998,2.04,False,False
2016-12-23,2.55,1.22,0.52,1.3299999999999998,2.03,False,False
2016-12-26,2.55,1.22,0.52,1.3299999999999998,2.03,False,False
2016-12-27,2.57,1.28,0.51,1.2899999999999998,2.0599999999999996,False,False
2016-12-28,2.51,1.26,0.53,1.2499999999999998,1.9799999999999998,False,False
2016-12-29,2.49,1.22,0.47,1.2700000000000002,2.0200000000000005,False,False
2016-12-30,2.45,1.2,0.51,1.2500000000000002,1.9400000000000002,False,False
2017-01-02,2.45,1.2,0.51,1.2500000000000002,1.9400000000000002,False,False
2017-01-03,2.45,1.22,0.53,1.2300000000000002,1.9200000000000002,False,False
2017-01-04,2.46,1.24,0.53,1.22,1.93,False,False
2017-01-05,2.37,1.17,0.52,1.2000000000000002,1.85,False,False
2017-01-06,2.42,1.22,0.53,1.2,1.89,False,False
2017-01-09,2.38,1.21,0.5,1.17,1.88,False,False
2017-01-10,2.38,1.19,0.52,1.19,1.8599999999999999,False,False
2017-01-11,2.38,1.2,0.52,1.18,1.8599999999999999,False,False
2017-01-12,2.36,1.18,0.52,1.18,1.8399999999999999,False,False
2017-01-13,2.4,1.21,0.53,1.19,1.8699999999999999,False,False
2017-01-16,2.4,1.21,0.53,1.19,1.8699999999999999,False,False
2017-01-17,2.33,1.17,0.55,1.1600000000000001,1.78,False,False
2017-01-18,2.42,1.23,0.53,1.19,1.89,False,False
2017-01-19,2.47,1.25,0.52,1.2200000000000002,1.9500000000000002,False,False
2017-01-20,2.48,1.2,0.5,1.28,1.98,False,False
2017-01-23,2.41,1.16,0.51,1.2500000000000002,1.9000000000000001,False,False
2017-01-24,2.47,1.21,0.51,1.2600000000000002,1.9600000000000002,False,False
2017-01-25,2.53,1.23,0.5,1.2999999999999998,2.03,False,False
2017-01-26,2.51,1.21,0.51,1.2999999999999998,1.9999999999999998,False,False
2017-01-27,2.49,1.22,0.52,1.2700000000000002,1.9700000000000002,False,False
2017-01-30,2.49,1.22,0.51,1.2700000000000002,1.9800000000000002,False,False
2017-01-31,2.45,1.19,0.52,1.2600000000000002,1.9300000000000002,False,False
2017-02-01,2.48,1.22,0.51,1.26,1.97,False,False
2017-02-02,2.48,1.21,0.52,1.27,1.96,False,False
2017-02-03,2.49,1.21,0.51,1.2800000000000002,1.9800000000000002,False,False
2017-02-06,2.42,1.16,0.53,1.26,1.89,False,False
2017-02-07,2.4,1.16,0.53,1.24,1.8699999999999999,False,False
2017-02-08,2.34,1.15,0.54,1.19,1.7999999999999998,False,False
2017-02-09,2.4,1.2,0.54,1.2,1.8599999999999999,False,False
2017-02-10,2.41,1.2,0.55,1.2100000000000002,1.86,False,False
2017-02-13,2.43,1.2,0.52,1.2300000000000002,1.9100000000000001,False,False
2017-02-14,2.47,1.25,0.54,1.2200000000000002,1.9300000000000002,False,False
2017-02-15,2.51,1.27,0.54,1.2399999999999998,1.9699999999999998,False,False
2017-02-16,2.45,1.22,0.53,1.2300000000000002,1.9200000000000002,False,False
2017-02-17,2.42,1.21,0.53,1.21,1.89,False,False
2017-02-20,2.42,1.21,0.53,1.21,1.89,False,False
2017-02-21,2.43,1.22,0.53,1.2100000000000002,1.9000000000000001,False,False
2017-02-22,2.42,1.22,0.52,1.2,1.9,False,False
2017-02-23,2.38,1.18,0.51,1.2,1.8699999999999999,False,False
2017-02-24,2.31,1.12,0.52,1.19,1.79,False,False
2017-02-27,2.36,1.2,0.5,1.16,1.8599999999999999,False,False
2017-02-28,2.36,1.22,0.53,1.14,1.8299999999999998,False,False
2017-03-01,2.46,1.29,0.63,1.17,1.83,False,False
2017-03-02,2.49,1.32,0.67,1.1700000000000002,1.8200000000000003,False,False
2017-03-03,2.49,1.32,0.71,1.1700000000000002,1.7800000000000002,False,False
2017-03-06,2.49,1.31,0.74,1.1800000000000002,1.7500000000000002,False,False
2017-03-07,2.52,1.32,0.76,1.2,1.76,False,False
2017-03-08,2.57,1.36,0.73,1.2099999999999997,1.8399999999999999,False,False
2017-03-09,2.6,1.37,0.73,1.23,1.87,False,False
2017-03-10,2.58,1.36,0.75,1.22,1.83,False,False
2017-03-13,2.62,1.4,0.79,1.2200000000000002,1.83,False,False
2017-03-14,2.6,1.4,0.78,1.2000000000000002,1.82,False,False
2017-03-15,2.51,1.33,0.73,1.1799999999999997,1.7799999999999998,False,False
2017-03-16,2.53,1.35,0.73,1.1799999999999997,1.7999999999999998,False,False
2017-03-17,2.5,1.33,0.73,1.17,1.77,False,False
2017-03-20,2.47,1.3,0.76,1.1700000000000002,1.7100000000000002,False,False
2017-03-21,2.43,1.27,0.77,1.1600000000000001,1.6600000000000001,False,False
2017-03-22,2.4,1.27,0.77,1.13,1.63,False,False
2017-03-23,2.41,1.26,0.76,1.1500000000000001,1.6500000000000001,False,False
2017-03-24,2.4,1.26,0.78,1.14,1.6199999999999999,False,False
2017-03-27,2.38,1.27,0.78,1.1099999999999999,1.5999999999999999,False,False
2017-03-28,2.42,1.3,0.78,1.1199999999999999,1.64,False,False
2017-03-29,2.39,1.26,0.78,1.1300000000000001,1.61,False,False
2017-03-30,2.42,1.28,0.78,1.14,1.64,False,False
2017-03-31,2.4,1.27,0.76,1.13,1.64,False,False
2017-04-03,2.35,1.24,0.79,1.11,1.56,False,False
2017-04-04,2.36,1.25,0.79,1.1099999999999999,1.5699999999999998,False,False
2017-04-05,2.34,1.24,0.8,1.0999999999999999,1.5399999999999998,False,False
2017-04-06,2.34,1.24,0.79,1.0999999999999999,1.5499999999999998,False,False
2017-04-07,2.38,1.29,0.82,1.0899999999999999,1.56,False,False
2017-04-10,2.37,1.29,0.82,1.08,1.5500000000000003,False,False
2017-04-11,2.32,1.24,0.82,1.0799999999999998,1.5,False,False
2017-04-12,2.28,1.24,0.81,1.0399999999999998,1.4699999999999998,False,False
2017-04-13,2.24,1.21,0.81,1.0300000000000002,1.4300000000000002,False,False
2017-04-14,2.24,1.21,0.81,1.0300000000000002,1.4300000000000002,False,False
2017-04-17,2.26,1.21,0.83,1.0499999999999998,1.4299999999999997,False,False
2017-04-18,2.18,1.18,0.82,1.0000000000000002,1.3600000000000003,False,False
2017-04-19,2.21,1.19,0.81,1.02,1.4,False,False
2017-04-20,2.24,1.21,0.79,1.0300000000000002,1.4500000000000002,False,False
2017-04-21,2.24,1.2,0.79,1.0400000000000003,1.4500000000000002,False,False
2017-04-24,2.28,1.25,0.81,1.0299999999999998,1.4699999999999998,False,False
2017-04-25,2.35,1.29,0.82,1.06,1.5300000000000002,False,False
2017-04-26,2.32,1.28,0.83,1.0399999999999998,1.4899999999999998,False,False
2017-04-27,2.3,1.25,0.81,1.0499999999999998,1.4899999999999998,False,False
2017-04-28,2.29,1.28,0.8,1.01,1.49,False,False
2017-05-01,2.33,1.28,0.83,1.05,1.5,False,False
2017-05-02,2.29,1.27,0.82,1.02,1.4700000000000002,False,False
2017-05-03,2.33,1.3,0.85,1.03,1.48,False,False
2017-05-04,2.36,1.32,0.86,1.0399999999999998,1.5,False,False
2017-05-05,2.36,1.32,0.9,1.0399999999999998,1.46,False,False
2017-05-08,2.39,1.33,0.91,1.06,1.48,False,False
2017-05-09,2.42,1.37,0.91,1.0499999999999998,1.5099999999999998,False,False
2017-05-10,2.41,1.35,0.9,1.06,1.5100000000000002,False,False
2017-05-11,2.39,1.35,0.89,1.04,1.5,False,False
2017-05-12,2.33,1.29,0.88,1.04,1.4500000000000002,False,False
2017-05-15,2.34,1.31,0.9,1.0299999999999998,1.44,False,False
2017-05-16,2.33,1.29,0.9,1.04,1.4300000000000002,False,False
2017-05-17,2.22,1.26,0.9,0.9600000000000002,1.3200000000000003,False,False
2017-05-18,2.23,1.27,0.93,0.96,1.2999999999999998,False,False
2017-05-19,2.23,1.28,0.92,0.95,1.31,False,False
2017-05-22,2.25,1.29,0.93,0.96,1.3199999999999998,False,False
2017-05-23,2.29,1.31,0.92,0.98,1.37,False,False
2017-05-24,2.26,1.29,0.93,0.9699999999999998,1.3299999999999996,False,False
2017-05-25,2.25,1.3,0.94,0.95,1.31,False,False
2017-05-26,2.25,1.3,0.94,0.95,1.31,False,False
2017-05-29,2.25,1.3,0.94,0.95,1.31,False,False
2017-05-30,2.21,1.28,0.93,0.9299999999999999,1.2799999999999998,False,False
2017-05-31,2.21,1.28,0.98,0.9299999999999999,1.23,False,False
2017-06-01,2.21,1.28,0.98,0.9299999999999999,1.23,False,False
2017-06-02,2.15,1.28,0.98,0.8699999999999999,1.17,False,False
2017-06-05,2.18,1.32,0.96,0.8600000000000001,1.2200000000000002,False,False
2017-06-06,2.14,1.3,0.97,0.8400000000000001,1.1700000000000002,False,False
2017-06-07,2.18,1.32,1.0,0.8600000000000001,1.1800000000000002,False,False
2017-06-08,2.19,1.33,1.01,0.8599999999999999,1.18,False,False
2017-06-09,2.21,1.35,1.01,0.8599999999999999,1.2,False,False
2017-06-12,2.21,1.35,0.98,0.8599999999999999,1.23,False,False
2017-06-13,2.21,1.38,1.0,0.8300000000000001,1.21,False,False
2017-06-14,2.15,1.35,1.01,0.7999999999999998,1.14,False,False
2017-06-15,2.16,1.35,1.02,0.81,1.1400000000000001,False,False
2017-06-16,2.16,1.32,1.03,0.8400000000000001,1.1300000000000001,False,False
2017-06-19,2.19,1.36,1.02,0.8299999999999998,1.17,False,False
2017-06-20,2.16,1.36,1.01,0.8,1.1500000000000001,False,False
2017-06-21,2.16,1.36,0.99,0.8,1.1700000000000002,False,False
2017-06-22,2.15,1.34,0.96,0.8099999999999998,1.19,False,False
2017-06-23,2.15,1.34,0.97,0.8099999999999998,1.18,False,False
2017-06-26,2.14,1.36,0.99,0.78,1.1500000000000001,False,False
2017-06-27,2.21,1.38,1.0,0.8300000000000001,1.21,False,False
2017-06-28,2.22,1.34,1.02,0.8800000000000001,1.2000000000000002,False,False
2017-06-29,2.27,1.38,1.04,0.8900000000000001,1.23,False,False
2017-06-30,2.31,1.38,1.03,0.9300000000000002,1.28,False,False
2017-07-03,2.35,1.41,1.06,0.9400000000000002,1.29,False,False
2017-07-04,2.35,1.41,1.06,0.9400000000000002,1.29,False,False
2017-07-05,2.33,1.41,1.05,0.9200000000000002,1.28,False,False
2017-07-06,2.37,1.4,1.04,0.9700000000000002,1.33,False,False
2017-07-07,2.39,1.4,1.05,0.9900000000000002,1.34,False,False
2017-07-10,2.38,1.4,1.04,0.98,1.3399999999999999,False,False
2017-07-11,2.37,1.37,1.05,1.0,1.32,False,False
2017-07-12,2.33,1.35,1.05,0.98,1.28,False,False
2017-07-13,2.35,1.37,1.05,0.98,1.3,False,False
2017-07-14,2.33,1.35,1.04,0.98,1.29,False,False
2017-07-17,2.31,1.36,1.07,0.95,1.24,False,False
2017-07-18,2.27,1.36,1.07,0.9099999999999999,1.2,False,False
2017-07-19,2.27,1.37,1.11,0.8999999999999999,1.16,False,False
2017-07-20,2.27,1.37,1.15,0.8999999999999999,1.12,False,False
2017-07-21,2.24,1.36,1.16,0.8800000000000001,1.0800000000000003,False,False
2017-07-24,2.26,1.37,1.17,0.8899999999999997,1.0899999999999999,False,False
2017-07-25,2.33,1.4,1.18,0.9300000000000002,1.1500000000000001,False,False
2017-07-26,2.29,1.36,1.13,0.9299999999999999,1.1600000000000001,False,False
2017-07-27,2.32,1.36,1.11,0.9599999999999997,1.2099999999999997,False,False
2017-07-28,2.3,1.34,1.08,0.9599999999999997,1.2199999999999998,False,False
2017-07-31,2.3,1.34,1.07,0.9599999999999997,1.2299999999999998,False,False
2017-08-01,2.26,1.34,1.08,0.9199999999999997,1.1799999999999997,False,False
2017-08-02,2.27,1.36,1.08,0.9099999999999999,1.19,False,False
2017-08-03,2.24,1.34,1.08,0.9000000000000001,1.1600000000000001,False,False
2017-08-04,2.27,1.36,1.08,0.9099999999999999,1.19,False,False
2017-08-07,2.26,1.36,1.02,0.8999999999999997,1.2399999999999998,False,False
2017-08-08,2.29,1.36,1.06,0.9299999999999999,1.23,False,False
2017-08-09,2.24,1.33,1.06,0.9100000000000001,1.1800000000000002,False,False
2017-08-10,2.2,1.33,1.05,0.8700000000000001,1.1500000000000001,False,False
2017-08-11,2.19,1.3,1.03,0.8899999999999999,1.16,False,False
2017-08-14,2.22,1.33,1.02,0.8900000000000001,1.2000000000000002,False,False
2017-08-15,2.27,1.35,1.04,0.9199999999999999,1.23,False,False
2017-08-16,2.23,1.33,1.02,0.8999999999999999,1.21,False,False
2017-08-17,2.19,1.32,1.0,0.8699999999999999,1.19,False,False
2017-08-18,2.19,1.33,1.02,0.8599999999999999,1.17,False,False
2017-08-21,2.18,1.32,1.0,0.8600000000000001,1.1800000000000002,False,False
2017-08-22,2.22,1.33,1.0,0.8900000000000001,1.2200000000000002,False,False
2017-08-23,2.17,1.32,1.0,0.8499999999999999,1.17,False,False
2017-08-24,2.19,1.33,1.02,0.8599999999999999,1.17,False,False
2017-08-25,2.17,1.35,1.03,0.8199999999999998,1.14,False,False
2017-08-28,2.16,1.33,0.98,0.8300000000000001,1.1800000000000002,False,False
2017-08-29,2.13,1.33,1.03,0.7999999999999998,1.0999999999999999,False,False
2017-08-30,2.15,1.33,1.03,0.8199999999999998,1.1199999999999999,False,False
2017-08-31,2.12,1.33,1.01,0.79,1.11,False,False
2017-09-01,2.16,1.35,1.02,0.81,1.1400000000000001,False,False
2017-09-04,2.16,1.35,1.02,0.81,1.1400000000000001,False,False
2017-09-05,2.07,1.3,1.03,0.7699999999999998,1.0399999999999998,False,False
2017-09-06,2.1,1.3,1.07,0.8,1.03,False,False
2017-09-07,2.05,1.27,1.05,0.7799999999999998,0.9999999999999998,False,False
2017-09-08,2.06,1.27,1.04,0.79,1.02,False,False
2017-09-11,2.14,1.32,1.05,0.8200000000000001,1.09,False,False
2017-09-12,2.17,1.33,1.03,0.8399999999999999,1.14,False,False
2017-09-13,2.2,1.35,1.04,0.8500000000000001,1.1600000000000001,False,False
2017-09-14,2.2,1.37,1.05,0.8300000000000001,1.1500000000000001,False,False
2017-09-15,2.2,1.39,1.05,0.8100000000000003,1.1500000000000001,False,False
2017-09-18,2.23,1.4,1.05,0.8300000000000001,1.18,False,False
2017-09-19,2.24,1.4,1.04,0.8400000000000003,1.2000000000000002,False,False
2017-09-20,2.28,1.45,1.04,0.8299999999999998,1.2399999999999998,False,False
2017-09-21,2.27,1.45,1.04,0.8200000000000001,1.23,False,False
2017-09-22,2.26,1.46,1.03,0.7999999999999998,1.2299999999999998,False,False
2017-09-25,2.22,1.44,1.05,0.7800000000000002,1.1700000000000002,False,False
2017-09-26,2.24,1.45,1.06,0.7900000000000003,1.1800000000000002,False,False
2017-09-27,2.31,1.47,1.07,0.8400000000000001,1.24,False,False
2017-09-28,2.31,1.45,1.06,0.8600000000000001,1.25,False,False
2017-09-29,2.33,1.47,1.06,0.8600000000000001,1.27,False,False
2017-10-02,2.34,1.49,1.01,0.8499999999999999,1.3299999999999998,False,False
2017-10-03,2.33,1.47,1.07,0.8600000000000001,1.26,False,False
2017-10-04,2.33,1.47,1.08,0.8600000000000001,1.25,False,False
2017-10-05,2.35,1.49,1.07,0.8600000000000001,1.28,False,False
2017-10-06,2.37,1.54,1.07,0.8300000000000001,1.3,False,False
2017-10-09,2.37,1.54,1.07,0.8300000000000001,1.3,False,False
2017-10-10,2.35,1.51,1.08,0.8400000000000001,1.27,False,False
2017-10-11,2.35,1.51,1.1,0.8400000000000001,1.25,False,False
2017-10-12,2.33,1.51,1.09,0.8200000000000001,1.24,False,False
2017-10-13,2.28,1.51,1.09,0.7699999999999998,1.1899999999999997,False,False
2017-10-16,2.3,1.54,1.1,0.7599999999999998,1.1999999999999997,False,False
2017-10-17,2.3,1.54,1.09,0.7599999999999998,1.2099999999999997,False,False
2017-10-18,2.34,1.59,1.09,0.7499999999999998,1.2499999999999998,False,False
2017-10-19,2.33,1.58,1.1,0.75,1.23,False,False
2017-10-20,2.39,1.6,1.11,0.79,1.28,False,False
2017-10-23,2.38,1.58,1.09,0.7999999999999998,1.2899999999999998,False,False
2017-10-24,2.42,1.6,1.12,0.8199999999999998,1.2999999999999998,False,False
2017-10-25,2.44,1.61,1.12,0.8299999999999998,1.3199999999999998,False,False
2017-10-26,2.46,1.63,1.11,0.8300000000000001,1.3499999999999999,False,False
2017-10-27,2.42,1.59,1.1,0.8299999999999998,1.3199999999999998,False,False
2017-10-30,2.37,1.58,1.12,0.79,1.25,False,False
2017-10-31,2.38,1.6,1.15,0.7799999999999998,1.23,False,False
2017-11-01,2.37,1.61,1.18,0.76,1.1900000000000002,False,False
2017-11-02,2.35,1.61,1.17,0.74,1.1800000000000002,False,False
2017-11-03,2.34,1.63,1.18,0.71,1.16,False,False
2017-11-06,2.32,1.61,1.19,0.7099999999999997,1.13,False,False
2017-11-07,2.32,1.63,1.22,0.69,1.0999999999999999,False,False
2017-11-08,2.32,1.65,1.23,0.6699999999999999,1.0899999999999999,False,False
2017-11-09,2.33,1.63,1.24,0.7000000000000002,1.09,False,False
2017-11-10,2.4,1.67,1.23,0.73,1.17,False,False
2017-11-13,2.4,1.7,1.24,0.7,1.16,False,False
2017-11-14,2.38,1.68,1.26,0.7,1.1199999999999999,False,False
2017-11-15,2.33,1.68,1.25,0.6500000000000001,1.08,False,False
2017-11-16,2.37,1.72,1.27,0.6500000000000001,1.1,False,False
2017-11-17,2.35,1.73,1.29,0.6200000000000001,1.06,False,False
2017-11-20,2.37,1.77,1.3,0.6000000000000001,1.07,False,False
2017-11-21,2.36,1.77,1.3,0.5899999999999999,1.0599999999999998,False,False
2017-11-22,2.32,1.74,1.29,0.5799999999999998,1.0299999999999998,False,False
2017-11-23,2.32,1.74,1.29,0.5799999999999998,1.0299999999999998,False,False
2017-11-24,2.34,1.75,1.29,0.5899999999999999,1.0499999999999998,False,False
2017-11-27,2.32,1.74,1.27,0.5799999999999998,1.0499999999999998,False,False
2017-11-28,2.34,1.75,1.3,0.5899999999999999,1.0399999999999998,False,False
2017-11-29,2.37,1.78,1.29,0.5900000000000001,1.08,False,False
2017-11-30,2.42,1.78,1.27,0.6399999999999999,1.15,False,False
2017-12-01,2.37,1.78,1.27,0.5900000000000001,1.1,False,False
2017-12-04,2.37,1.8,1.29,0.5700000000000001,1.08,False,False
2017-12-05,2.36,1.83,1.3,0.5299999999999998,1.0599999999999998,False,False
2017-12-06,2.33,1.78,1.3,0.55,1.03,False,False
2017-12-07,2.37,1.8,1.29,0.5700000000000001,1.08,False,False
2017-12-08,2.38,1.8,1.28,0.5799999999999998,1.0999999999999999,False,False
2017-12-11,2.39,1.82,1.33,0.5700000000000001,1.06,False,False
2017-12-12,2.4,1.83,1.34,0.5699999999999998,1.0599999999999998,False,False
2017-12-13,2.36,1.79,1.3,0.5699999999999998,1.0599999999999998,False,False
2017-12-14,2.35,1.82,1.32,0.53,1.03,False,False
2017-12-15,2.35,1.84,1.31,0.51,1.04,False,False
2017-12-18,2.39,1.84,1.38,0.55,1.0100000000000002,False,False
2017-12-19,2.46,1.87,1.37,0.5899999999999999,1.0899999999999999,False,False
2017-12-20,2.49,1.87,1.38,0.6200000000000001,1.1100000000000003,False,False
2017-12-21,2.48,1.89,1.35,0.5900000000000001,1.13,False,False
2017-12-22,2.48,1.91,1.33,0.5700000000000001,1.15,False,False
2017-12-25,2.48,1.91,1.33,0.5700000000000001,1.15,False,False
2017-12-26,2.47,1.92,1.47,0.5500000000000003,1.0000000000000002,False,False
2017-12-27,2.42,1.89,1.44,0.53,0.98,False,False
2017-12-28,2.43,1.91,1.39,0.5200000000000002,1.0400000000000003,False,False
2017-12-29,2.4,1.89,1.39,0.51,1.01,False,False
2018-01-01,2.4,1.89,1.39,0.51,1.01,False,False
2018-01-02,2.46,1.92,1.44,0.54,1.02,False,False
2018-01-03,2.44,1.94,1.41,0.5,1.03,False,False
2018-01-04,2.46,1.96,1.41,0.5,1.05,False,False
2018-01-05,2.47,1.96,1.39,0.5100000000000002,1.0800000000000003,False,False
2018-01-08,2.49,1.96,1.45,0.5300000000000002,1.0400000000000003,False,False
2018-01-09,2.55,1.98,1.44,0.5699999999999998,1.1099999999999999,False,False
2018-01-10,2.55,1.98,1.42,0.5699999999999998,1.13,False,False
2018-01-11,2.54,1.98,1.43,0.56,1.11,False,False
2018-01-12,2.55,1.99,1.43,0.5599999999999998,1.1199999999999999,False,False
2018-01-15,2.55,1.99,1.43,0.5599999999999998,1.1199999999999999,False,False
2018-01-16,2.54,2.03,1.45,0.5100000000000002,1.09,False,False
2018-01-17,2.57,2.05,1.44,0.52,1.13,False,False
2018-01-18,2.62,2.05,1.45,0.5700000000000003,1.1700000000000002,False,False
2018-01-19,2.64,2.06,1.44,0.5800000000000001,1.2000000000000002,False,False
2018-01-22,2.66,2.08,1.44,0.5800000000000001,1.2200000000000002,False,False
2018-01-23,2.63,2.06,1.44,0.5699999999999998,1.19,False,False
2018-01-24,2.65,2.08,1.43,0.5699999999999998,1.22,False,False
2018-01-25,2.63,2.08,1.42,0.5499999999999998,1.21,False,False
2018-01-26,2.66,2.13,1.41,0.5300000000000002,1.2500000000000002,False,False
2018-01-29,2.7,2.11,1.44,0.5900000000000003,1.2600000000000002,False,False
2018-01-30,2.73,2.13,1.44,0.6000000000000001,1.29,False,False
2018-01-31,2.72,2.14,1.46,0.5800000000000001,1.2600000000000002,False,False
2018-02-01,2.78,2.16,1.48,0.6199999999999997,1.2999999999999998,False,False
2018-02-02,2.84,2.15,1.48,0.69,1.3599999999999999,False,False
2018-02-05,2.77,2.08,1.51,0.69,1.26,False,False
2018-02-06,2.79,2.1,1.52,0.69,1.27,False,False
2018-02-07,2.84,2.15,1.55,0.69,1.2899999999999998,False,False
2018-02-08,2.85,2.13,1.55,0.7200000000000002,1.3,False,False
2018-02-09,2.83,2.05,1.55,0.7800000000000002,1.28,False,False
2018-02-12,2.86,2.09,1.62,0.77,1.2399999999999998,False,False
2018-02-13,2.83,2.1,1.59,0.73,1.24,False,False
2018-02-14,2.91,2.17,1.58,0.7400000000000002,1.33,False,False
2018-02-15,2.9,2.19,1.58,0.71,1.3199999999999998,False,False
2018-02-16,2.87,2.21,1.62,0.6600000000000001,1.25,False,False
2018-02-19,2.87,2.21,1.62,0.6600000000000001,1.25,False,False
2018-02-20,2.88,2.25,1.66,0.6299999999999999,1.22,False,False
2018-02-21,2.94,2.26,1.64,0.6800000000000002,1.3,False,False
2018-02-22,2.92,2.25,1.63,0.6699999999999999,1.29,False,False
2018-02-23,2.88,2.25,1.64,0.6299999999999999,1.24,False,False
2018-02-26,2.86,2.22,1.66,0.6399999999999997,1.2,False,False
2018-02-27,2.9,2.27,1.66,0.6299999999999999,1.24,False,False
2018-02-28,2.87,2.25,1.65,0.6200000000000001,1.2200000000000002,False,False
2018-03-01,2.81,2.22,1.63,0.5899999999999999,1.1800000000000002,False,False
2018-03-02,2.86,2.25,1.65,0.6099999999999999,1.21,False,False
2018-03-05,2.88,2.24,1.7,0.6399999999999997,1.18,False,False
2018-03-06,2.88,2.25,1.68,0.6299999999999999,1.2,False,False
2018-03-07,2.89,2.25,1.68,0.6400000000000001,1.2100000000000002,False,False
2018-03-08,2.86,2.25,1.67,0.6099999999999999,1.19,False,False
2018-03-09,2.9,2.27,1.67,0.6299999999999999,1.23,False,False
2018-03-12,2.87,2.27,1.71,0.6000000000000001,1.1600000000000001,False,False
2018-03-13,2.84,2.26,1.73,0.5800000000000001,1.1099999999999999,False,False
2018-03-14,2.81,2.26,1.76,0.5500000000000003,1.05,False,False
2018-03-15,2.82,2.29,1.77,0.5299999999999998,1.0499999999999998,False,False
2018-03-16,2.85,2.31,1.78,0.54,1.07,False,False
2018-03-19,2.85,2.31,1.8,0.54,1.05,False,False
2018-03-20,2.89,2.34,1.81,0.5500000000000003,1.08,False,False
2018-03-21,2.89,2.31,1.74,0.5800000000000001,1.1500000000000001,False,False
2018-03-22,2.83,2.29,1.72,0.54,1.11,False,False
2018-03-23,2.82,2.28,1.74,0.54,1.0799999999999998,False,False
2018-03-26,2.85,2.33,1.79,0.52,1.06,False,False
2018-03-27,2.78,2.26,1.77,0.52,1.0099999999999998,False,False
2018-03-28,2.77,2.28,1.73,0.4900000000000002,1.04,False,False
2018-03-29,2.74,2.27,1.73,0.4700000000000002,1.0100000000000002,False,False
2018-03-30,2.74,2.27,1.73,0.4700000000000002,1.0100000000000002,False,False
2018-04-02,2.73,2.25,1.77,0.48,0.96,False,False
2018-04-03,2.79,2.28,1.75,0.5100000000000002,1.04,False,False
2018-04-04,2.79,2.28,1.71,0.5100000000000002,1.08,False,False
2018-04-05,2.83,2.3,1.72,0.5300000000000002,1.11,False,False
2018-04-06,2.77,2.27,1.73,0.5,1.04,False,False
2018-04-09,2.78,2.29,1.76,0.48999999999999977,1.0199999999999998,False,False
2018-04-10,2.8,2.32,1.74,0.48,1.0599999999999998,False,False
2018-04-11,2.79,2.32,1.73,0.4700000000000002,1.06,False,False
2018-04-12,2.83,2.34,1.75,0.4900000000000002,1.08,False,False
2018-04-13,2.82,2.37,1.76,0.44999999999999973,1.0599999999999998,False,False
2018-04-16,2.83,2.39,1.79,0.43999999999999995,1.04,False,False
2018-04-17,2.82,2.41,1.8,0.4099999999999997,1.0199999999999998,False,False
2018-04-18,2.87,2.42,1.81,0.4500000000000002,1.06,False,False
2018-04-19,2.92,2.44,1.82,0.48,1.0999999999999999,False,False
2018-04-20,2.96,2.46,1.81,0.5,1.15,False,False
2018-04-23,2.98,2.49,1.87,0.48999999999999977,1.1099999999999999,False,False
2018-04-24,3.0,2.48,1.87,0.52,1.13,False,False
2018-04-25,3.03,2.49,1.85,0.5399999999999996,1.1799999999999997,False,False
2018-04-26,3.0,2.49,1.82,0.5099999999999998,1.18,False,False
2018-04-27,2.96,2.49,1.82,0.46999999999999975,1.14,False,False
2018-04-30,2.95,2.49,1.87,0.45999999999999996,1.08,False,False
2018-05-01,2.97,2.5,1.85,0.4700000000000002,1.12,False,False
2018-05-02,2.97,2.49,1.84,0.48,1.1300000000000001,False,False
2018-05-03,2.94,2.49,1.84,0.44999999999999973,1.0999999999999999,False,False
2018-05-04,2.95,2.51,1.84,0.4400000000000004,1.11,False,False
2018-05-07,2.95,2.49,1.86,0.45999999999999996,1.09,False,False
2018-05-08,2.97,2.51,1.87,0.4600000000000004,1.1,False,False
2018-05-09,3.0,2.54,1.88,0.45999999999999996,1.12,False,False
2018-05-10,2.97,2.54,1.9,0.43000000000000016,1.0700000000000003,False,False
2018-05-11,2.97,2.54,1.92,0.43000000000000016,1.0500000000000003,False,False
2018-05-14,3.0,2.55,1.93,0.4500000000000002,1.07,False,False
2018-05-15,3.08,2.58,1.92,0.5,1.1600000000000001,False,False
2018-05-16,3.09,2.58,1.92,0.5099999999999998,1.17,False,False
2018-05-17,3.11,2.57,1.92,0.54,1.19,False,False
2018-05-18,3.06,2.55,1.91,0.5100000000000002,1.1500000000000001,False,False
2018-05-21,3.06,2.58,1.93,0.48,1.1300000000000001,False,False
2018-05-22,3.06,2.59,1.93,0.4700000000000002,1.1300000000000001,False,False
2018-05-23,3.01,2.53,1.92,0.48,1.0899999999999999,False,False
2018-05-24,2.98,2.5,1.91,0.48,1.07,False,False
2018-05-25,2.93,2.48,1.9,0.4500000000000002,1.0300000000000002,False,False
2018-05-28,2.93,2.48,1.9,0.4500000000000002,1.0300000000000002,False,False
2018-05-29,2.77,2.32,1.93,0.4500000000000002,0.8400000000000001,False,False
2018-05-30,2.84,2.42,1.94,0.41999999999999993,0.8999999999999999,False,False
2018-05-31,2.83,2.4,1.93,0.43000000000000016,0.9000000000000001,False,False
2018-06-01,2.89,2.47,1.92,0.41999999999999993,0.9700000000000002,False,False
2018-06-04,2.94,2.52,1.94,0.41999999999999993,1.0,False,False
2018-06-05,2.92,2.49,1.94,0.4299999999999997,0.98,False,False
2018-06-06,2.97,2.52,1.95,0.4500000000000002,1.0200000000000002,False,False
2018-06-07,2.93,2.5,1.94,0.43000000000000016,0.9900000000000002,False,False
2018-06-08,2.93,2.5,1.93,0.43000000000000016,1.0000000000000002,False,False
2018-06-11,2.96,2.52,1.94,0.43999999999999995,1.02,False,False
2018-06-12,2.96,2.54,1.92,0.41999999999999993,1.04,False,False
2018-06-13,2.98,2.59,1.94,0.3900000000000001,1.04,False,False
2018-06-14,2.94,2.59,1.94,0.3500000000000001,1.0,False,False
2018-06-15,2.93,2.55,1.94,0.38000000000000034,0.9900000000000002,False,False
2018-06-18,2.92,2.56,1.94,0.3599999999999999,0.98,False,False
2018-06-19,2.89,2.54,1.94,0.3500000000000001,0.9500000000000002,False,False
2018-06-20,2.93,2.56,1.94,0.3700000000000001,0.9900000000000002,False,False
2018-06-21,2.9,2.56,1.94,0.33999999999999986,0.96,False,False
2018-06-22,2.9,2.56,1.93,0.33999999999999986,0.97,False,False
2018-06-25,2.87,2.54,1.93,0.33000000000000007,0.9400000000000002,False,False
2018-06-26,2.88,2.53,1.93,0.3500000000000001,0.95,False,False
2018-06-27,2.83,2.52,1.93,0.31000000000000005,0.9000000000000001,False,False
2018-06-28,2.84,2.52,1.93,0.31999999999999984,0.9099999999999999,False,False
2018-06-29,2.85,2.52,1.93,0.33000000000000007,0.9200000000000002,False,False
2018-07-02,2.87,2.57,1.98,0.30000000000000027,0.8900000000000001,False,False
2018-07-03,2.83,2.53,1.98,0.30000000000000027,0.8500000000000001,False,False
2018-07-04,2.83,2.53,1.98,0.30000000000000027,0.8500000000000001,False,False
2018-07-05,2.84,2.55,1.96,0.29000000000000004,0.8799999999999999,False,False
2018-07-06,2.82,2.53,1.97,0.29000000000000004,0.8499999999999999,False,False
2018-07-09,2.86,2.57,1.98,0.29000000000000004,0.8799999999999999,False,False
2018-07-10,2.87,2.59,1.99,0.28000000000000025,0.8800000000000001,False,False
2018-07-11,2.85,2.58,1.97,0.27,0.8800000000000001,False,False
2018-07-12,2.85,2.6,1.98,0.25,0.8700000000000001,False,False
2018-07-13,2.83,2.59,1.98,0.2400000000000002,0.8500000000000001,False,False
2018-07-16,2.85,2.59,2.01,0.26000000000000023,0.8400000000000003,False,False
2018-07-17,2.86,2.62,2.02,0.23999999999999977,0.8399999999999999,False,False
2018-07-18,2.88,2.6,2.0,0.2799999999999998,0.8799999999999999,False,False
2018-07-19,2.84,2.6,2.0,0.23999999999999977,0.8399999999999999,False,False
2018-07-20,2.89,2.6,1.99,0.29000000000000004,0.9000000000000001,False,False
2018-07-23,2.96,2.64,1.99,0.31999999999999984,0.97,False,False
2018-07-24,2.95,2.63,2.02,0.3200000000000003,0.9300000000000002,False,False
2018-07-25,2.94,2.66,2.01,0.2799999999999998,0.9300000000000002,False,False
2018-07-26,2.98,2.69,1.99,0.29000000000000004,0.99,False,False
2018-07-27,2.96,2.67,2.0,0.29000000000000004,0.96,False,False
2018-07-30,2.98,2.66,2.04,0.31999999999999984,0.94,False,False
2018-07-31,2.96,2.67,2.03,0.29000000000000004,0.9300000000000002,False,False
2018-08-01,3.0,2.67,2.03,0.33000000000000007,0.9700000000000002,False,False
2018-08-02,2.98,2.66,2.02,0.31999999999999984,0.96,False,False
2018-08-03,2.95,2.63,2.01,0.3200000000000003,0.9400000000000004,False,False
2018-08-06,2.94,2.64,2.05,0.2999999999999998,0.8900000000000001,False,False
2018-08-07,2.98,2.68,2.06,0.2999999999999998,0.9199999999999999,False,False
2018-08-08,2.96,2.68,2.06,0.2799999999999998,0.8999999999999999,False,False
2018-08-09,2.93,2.64,2.06,0.29000000000000004,0.8700000000000001,False,False
2018-08-10,2.87,2.61,2.05,0.26000000000000023,0.8200000000000003,False,False
2018-08-13,2.88,2.61,2.06,0.27,0.8199999999999998,False,False
2018-08-14,2.89,2.63,2.08,0.26000000000000023,0.81,False,False
2018-08-15,2.86,2.61,2.07,0.25,0.79,False,False
2018-08-16,2.87,2.63,2.07,0.2400000000000002,0.8000000000000003,False,False
2018-08-17,2.87,2.61,2.05,0.26000000000000023,0.8200000000000003,False,False
2018-08-20,2.82,2.6,2.06,0.21999999999999975,0.7599999999999998,False,False
2018-08-21,2.85,2.61,2.08,0.2400000000000002,0.77,False,False
2018-08-22,2.82,2.6,2.09,0.21999999999999975,0.73,False,False
2018-08-23,2.82,2.61,2.08,0.20999999999999996,0.7399999999999998,False,False
2018-08-24,2.82,2.63,2.09,0.18999999999999995,0.73,False,False
2018-08-27,2.85,2.67,2.12,0.18000000000000016,0.73,False,False
2018-08-28,2.88,2.67,2.13,0.20999999999999996,0.75,False,False
2018-08-29,2.89,2.67,2.13,0.2200000000000002,0.7600000000000002,False,False
2018-08-30,2.86,2.64,2.11,0.21999999999999975,0.75,False,False
2018-08-31,2.86,2.62,2.11,0.23999999999999977,0.75,False,False
2018-09-03,2.86,2.62,2.11,0.23999999999999977,0.75,False,False
2018-09-04,2.9,2.66,2.13,0.23999999999999977,0.77,False,False
2018-09-05,2.9,2.66,2.14,0.23999999999999977,0.7599999999999998,False,False
2018-09-06,2.88,2.64,2.13,0.23999999999999977,0.75,False,False
2018-09-07,2.94,2.71,2.14,0.22999999999999998,0.7999999999999998,False,False
2018-09-10,2.94,2.73,2.14,0.20999999999999996,0.7999999999999998,False,False
2018-09-11,2.98,2.76,2.15,0.2200000000000002,0.8300000000000001,False,False
2018-09-12,2.97,2.74,2.16,0.22999999999999998,0.81,False,False
2018-09-13,2.97,2.76,2.15,0.2100000000000004,0.8200000000000003,False,False
2018-09-14,2.99,2.78,2.16,0.2100000000000004,0.8300000000000001,False,False
2018-09-17,2.99,2.78,2.16,0.2100000000000004,0.8300000000000001,False,False
2018-09-18,3.05,2.81,2.17,0.23999999999999977,0.8799999999999999,False,False
2018-09-19,3.08,2.81,2.16,0.27,0.9199999999999999,False,False
2018-09-20,3.07,2.81,2.17,0.2599999999999998,0.8999999999999999,False,False
2018-09-21,3.07,2.81,2.18,0.2599999999999998,0.8899999999999997,False,False
2018-09-24,3.08,2.83,2.22,0.25,0.8599999999999999,False,False
2018-09-25,3.1,2.83,2.21,0.27,0.8900000000000001,False,False
2018-09-26,3.06,2.83,2.2,0.22999999999999998,0.8599999999999999,False,False
2018-09-27,3.06,2.83,2.18,0.22999999999999998,0.8799999999999999,False,False
2018-09-28,3.05,2.81,2.19,0.23999999999999977,0.8599999999999999,False,False
2018-10-01,3.09,2.82,2.23,0.27,0.8599999999999999,False,False
2018-10-02,3.05,2.82,2.23,0.22999999999999998,0.8199999999999998,False,False
2018-10-03,3.15,2.85,2.23,0.2999999999999998,0.9199999999999999,False,False
2018-10-04,3.19,2.87,2.22,0.31999999999999984,0.9699999999999998,False,False
2018-10-05,3.23,2.88,2.23,0.3500000000000001,1.0,False,False
2018-10-08,3.23,2.88,2.23,0.3500000000000001,1.0,False,False
2018-10-09,3.21,2.88,2.25,0.33000000000000007,0.96,False,False
2018-10-10,3.22,2.88,2.27,0.3400000000000003,0.9500000000000002,False,False
2018-10-11,3.14,2.85,2.27,0.29000000000000004,0.8700000000000001,False,False
2018-10-12,3.15,2.85,2.28,0.2999999999999998,0.8700000000000001,False,False
2018-10-15,3.16,2.85,2.31,0.31000000000000005,0.8500000000000001,False,False
2018-10-16,3.16,2.87,2.3,0.29000000000000004,0.8600000000000003,False,False
2018-10-17,3.19,2.89,2.31,0.2999999999999998,0.8799999999999999,False,False
2018-10-18,3.17,2.87,2.32,0.2999999999999998,0.8500000000000001,False,False
2018-10-19,3.2,2.92,2.31,0.28000000000000025,0.8900000000000001,False,False
2018-10-22,3.2,2.92,2.34,0.28000000000000025,0.8600000000000003,False,False
2018-10-23,3.17,2.89,2.33,0.2799999999999998,0.8399999999999999,False,False
2018-10-24,3.1,2.84,2.34,0.26000000000000023,0.7600000000000002,False,False
2018-10-25,3.14,2.86,2.34,0.28000000000000025,0.8000000000000003,False,False
2018-10-26,3.08,2.81,2.33,0.27,0.75,False,False
2018-10-29,3.08,2.81,2.34,0.27,0.7400000000000002,False,False
2018-10-30,3.12,2.84,2.33,0.28000000000000025,0.79,False,False
2018-10-31,3.15,2.87,2.34,0.2799999999999998,0.81,False,False
2018-11-01,3.14,2.84,2.32,0.30000000000000027,0.8200000000000003,False,False
2018-11-02,3.22,2.91,2.33,0.31000000000000005,0.8900000000000001,False,False
2018-11-05,3.2,2.91,2.36,0.29000000000000004,0.8400000000000003,False,False
2018-11-06,3.22,2.93,2.35,0.29000000000000004,0.8700000000000001,False,False
2018-11-07,3.22,2.96,2.37,0.26000000000000023,0.8500000000000001,False,False
2018-11-08,3.24,2.98,2.35,0.26000000000000023,0.8900000000000001,False,False
2018-11-09,3.19,2.94,2.36,0.25,0.8300000000000001,False,False
2018-11-12,3.19,2.94,2.36,0.25,0.8300000000000001,False,False
2018-11-13,3.14,2.89,2.38,0.25,0.7600000000000002,False,False
2018-11-14,3.12,2.86,2.38,0.26000000000000023,0.7400000000000002,False,False
2018-11-15,3.11,2.86,2.37,0.25,0.7399999999999998,False,False
2018-11-16,3.08,2.81,2.36,0.27,0.7200000000000002,False,False
2018-11-19,3.06,2.79,2.38,0.27,0.6800000000000002,False,False
2018-11-20,3.06,2.79,2.39,0.27,0.6699999999999999,False,False
2018-11-21,3.06,2.81,2.41,0.25,0.6499999999999999,False,False
2018-11-22,3.06,2.81,2.41,0.25,0.6499999999999999,False,False
2018-11-23,3.05,2.81,2.41,0.23999999999999977,0.6399999999999997,False,False
2018-11-26,3.07,2.84,2.41,0.22999999999999998,0.6599999999999997,False,False
2018-11-27,3.06,2.83,2.41,0.22999999999999998,0.6499999999999999,False,False
2018-11-28,3.06,2.81,2.4,0.25,0.6600000000000001,False,False
2018-11-29,3.03,2.81,2.37,0.21999999999999975,0.6599999999999997,False,False
2018-11-30,3.01,2.8,2.37,0.20999999999999996,0.6399999999999997,False,False
2018-12-03,2.98,2.83,2.38,0.1499999999999999,0.6000000000000001,False,False
2018-12-04,2.91,2.8,2.42,0.11000000000000032,0.4900000000000002,False,False
2018-12-05,2.91,2.8,2.42,0.11000000000000032,0.4900000000000002,False,False
2018-12-06,2.87,2.75,2.41,0.1200000000000001,0.45999999999999996,False,False
2018-12-07,2.85,2.72,2.4,0.1299999999999999,0.4500000000000002,False,False
2018-12-10,2.85,2.72,2.41,0.1299999999999999,0.43999999999999995,False,False
2018-12-11,2.89,2.78,2.41,0.11000000000000032,0.48,False,False
2018-12-12,2.91,2.77,2.43,0.14000000000000012,0.48,False,False
2018-12-13,2.91,2.75,2.43,0.16000000000000014,0.48,False,False
2018-12-14,2.89,2.73,2.42,0.16000000000000014,0.4700000000000002,False,False
2018-12-17,2.86,2.7,2.4,0.1599999999999997,0.45999999999999996,False,False
2018-12-18,2.82,2.65,2.39,0.16999999999999993,0.4299999999999997,False,False
2018-12-19,2.77,2.63,2.4,0.14000000000000012,0.3700000000000001,False,False
2018-12-20,2.79,2.67,2.39,0.1200000000000001,0.3999999999999999,False,False
2018-12-21,2.79,2.63,2.39,0.16000000000000014,0.3999999999999999,False,False
2018-12-24,2.74,2.55,2.45,0.1900000000000004,0.29000000000000004,False,False
2018-12-25,2.74,2.55,2.45,0.1900000000000004,0.29000000000000004,False,False
2018-12-26,2.81,2.61,2.44,0.20000000000000018,0.3700000000000001,False,False
2018-12-27,2.77,2.56,2.41,0.20999999999999996,0.3599999999999999,False,False
2018-12-28,2.72,2.52,2.4,0.20000000000000018,0.3200000000000003,False,False
2018-12-31,2.69,2.48,2.45,0.20999999999999996,0.23999999999999977,False,False
2019-01-01,2.69,2.48,2.45,0.20999999999999996,0.23999999999999977,False,False
2019-01-02,2.66,2.5,2.42,0.16000000000000014,0.2400000000000002,False,False
2019-01-03,2.56,2.39,2.41,0.16999999999999993,0.1499999999999999,False,False
2019-01-04,2.67,2.5,2.42,0.16999999999999993,0.25,False,False
2019-01-07,2.7,2.53,2.45,0.17000000000000037,0.25,False,False
2019-01-08,2.73,2.58,2.46,0.1499999999999999,0.27,False,False
2019-01-09,2.74,2.56,2.45,0.18000000000000016,0.29000000000000004,False,False
2019-01-10,2.74,2.56,2.43,0.18000000000000016,0.31000000000000005,False,False
2019-01-11,2.71,2.55,2.43,0.16000000000000014,0.2799999999999998,False,False
2019-01-14,2.71,2.53,2.45,0.18000000000000016,0.2599999999999998,False,False
2019-01-15,2.72,2.53,2.45,0.1900000000000004,0.27,False,False
2019-01-16,2.73,2.55,2.43,0.18000000000000016,0.2999999999999998,False,False
2019-01-17,2.75,2.56,2.42,0.18999999999999995,0.33000000000000007,False,False
2019-01-18,2.79,2.62,2.41,0.16999999999999993,0.3799999999999999,False,False
2019-01-21,2.79,2.62,2.41,0.16999999999999993,0.3799999999999999,False,False
2019-01-22,2.74,2.58,2.43,0.16000000000000014,0.31000000000000005,False,False
2019-01-23,2.76,2.58,2.41,0.17999999999999972,0.34999999999999964,False,False
2019-01-24,2.72,2.56,2.37,0.16000000000000014,0.3500000000000001,False,False
2019-01-25,2.76,2.6,2.39,0.1599999999999997,0.36999999999999966,False,False
2019-01-28,2.75,2.6,2.42,0.1499999999999999,0.33000000000000007,False,False
2019-01-29,2.72,2.56,2.42,0.16000000000000014,0.30000000000000027,False,False
2019-01-30,2.7,2.52,2.42,0.18000000000000016,0.28000000000000025,False,False
2019-01-31,2.63,2.45,2.41,0.17999999999999972,0.21999999999999975,False,False
2019-02-01,2.7,2.52,2.4,0.18000000000000016,0.30000000000000027,False,False
2019-02-04,2.73,2.53,2.42,0.20000000000000018,0.31000000000000005,False,False
2019-02-05,2.71,2.53,2.42,0.18000000000000016,0.29000000000000004,False,False
2019-02-06,2.7,2.52,2.42,0.18000000000000016,0.28000000000000025,False,False
2019-02-07,2.65,2.48,2.42,0.16999999999999993,0.22999999999999998,False,False
2019-02-08,2.63,2.45,2.43,0.17999999999999972,0.19999999999999973,False,False
2019-02-11,2.65,2.48,2.45,0.16999999999999993,0.19999999999999973,False,False
2019-02-12,2.68,2.5,2.43,0.18000000000000016,0.25,False,False
2019-02-13,2.71,2.53,2.44,0.18000000000000016,0.27,False,False
2019-02-14,2.66,2.5,2.43,0.16000000000000014,0.22999999999999998,False,False
2019-02-15,2.66,2.52,2.43,0.14000000000000012,0.22999999999999998,False,False
2019-02-18,2.66,2.52,2.43,0.14000000000000012,0.22999999999999998,False,False
2019-02-19,2.65,2.5,2.45,0.1499999999999999,0.19999999999999973,False,False
2019-02-20,2.65,2.5,2.45,0.1499999999999999,0.19999999999999973,False,False
2019-02-21,2.69,2.53,2.45,0.16000000000000014,0.23999999999999977,False,False
2019-02-22,2.65,2.48,2.46,0.16999999999999993,0.18999999999999995,False,False
2019-02-25,2.67,2.51,2.47,0.16000000000000014,0.19999999999999973,False,False
2019-02-26,2.64,2.48,2.45,0.16000000000000014,0.18999999999999995,False,False
2019-02-27,2.69,2.5,2.45,0.18999999999999995,0.23999999999999977,False,False
2019-02-28,2.73,2.52,2.45,0.20999999999999996,0.2799999999999998,False,False
2019-03-01,2.76,2.55,2.44,0.20999999999999996,0.31999999999999984,False,False
2019-03-04,2.72,2.55,2.46,0.17000000000000037,0.26000000000000023,False,False
2019-03-05,2.72,2.55,2.46,0.17000000000000037,0.26000000000000023,False,False
2019-03-06,2.69,2.52,2.47,0.16999999999999993,0.21999999999999975,False,False
2019-03-07,2.64,2.47,2.45,0.16999999999999993,0.18999999999999995,False,False
2019-03-08,2.62,2.45,2.46,0.16999999999999993,0.16000000000000014,False,False
2019-03-11,2.64,2.47,2.46,0.16999999999999993,0.18000000000000016,False,False
2019-03-12,2.61,2.45,2.46,0.1599999999999997,0.1499999999999999,False,False
2019-03-13,2.61,2.45,2.45,0.1599999999999997,0.1599999999999997,False,False
2019-03-14,2.63,2.46,2.45,0.16999999999999993,0.17999999999999972,False,False
2019-03-15,2.59,2.43,2.45,0.1599999999999997,0.13999999999999968,False,False
2019-03-18,2.6,2.45,2.44,0.1499999999999999,0.16000000000000014,False,False
2019-03-19,2.61,2.46,2.46,0.1499999999999999,0.1499999999999999,False,False
2019-03-20,2.54,2.4,2.48,0.14000000000000012,0.06000000000000005,False,False
2019-03-21,2.54,2.41,2.49,0.1299999999999999,0.04999999999999982,False,False
2019-03-22,2.44,2.31,2.46,0.1299999999999999,-0.020000000000000018,False,True
2019-03-25,2.43,2.26,2.46,0.17000000000000037,-0.029999999999999805,False,True
2019-03-26,2.41,2.24,2.46,0.16999999999999993,-0.04999999999999982,False,True
2019-03-27,2.39,2.22,2.44,0.16999999999999993,-0.04999999999999982,False,True
2019-03-28,2.39,2.23,2.43,0.16000000000000014,-0.040000000000000036,False,True
2019-03-29,2.41,2.27,2.4,0.14000000000000012,0.010000000000000231,False,False
2019-04-01,2.49,2.33,2.43,0.16000000000000014,0.06000000000000005,False,False
2019-04-02,2.48,2.3,2.42,0.18000000000000016,0.06000000000000005,False,False
2019-04-03,2.52,2.33,2.44,0.18999999999999995,0.08000000000000007,False,False
2019-04-04,2.51,2.33,2.44,0.17999999999999972,0.06999999999999984,False,False
2019-04-05,2.5,2.35,2.44,0.1499999999999999,0.06000000000000005,False,False
2019-04-08,2.52,2.36,2.43,0.16000000000000014,0.08999999999999986,False,False
2019-04-09,2.51,2.35,2.42,0.1599999999999997,0.08999999999999986,False,False
2019-04-10,2.48,2.31,2.43,0.16999999999999993,0.04999999999999982,False,False
2019-04-11,2.51,2.35,2.43,0.1599999999999997,0.07999999999999963,False,False
2019-04-12,2.56,2.4,2.44,0.16000000000000014,0.1200000000000001,False,False
2019-04-15,2.55,2.4,2.43,0.1499999999999999,0.11999999999999966,False,False
2019-04-16,2.6,2.41,2.43,0.18999999999999995,0.16999999999999993,False,False
2019-04-17,2.59,2.4,2.44,0.18999999999999995,0.1499999999999999,False,False
2019-04-18,2.57,2.38,2.42,0.18999999999999995,0.1499999999999999,False,False
2019-04-19,2.57,2.38,2.42,0.18999999999999995,0.1499999999999999,False,False
2019-04-22,2.59,2.38,2.44,0.20999999999999996,0.1499999999999999,False,False
2019-04-23,2.57,2.36,2.45,0.20999999999999996,0.11999999999999966,False,False
2019-04-24,2.53,2.32,2.44,0.20999999999999996,0.08999999999999986,False,False
2019-04-25,2.54,2.33,2.43,0.20999999999999996,0.10999999999999988,False,False
2019-04-26,2.51,2.28,2.42,0.22999999999999998,0.08999999999999986,False,False
2019-04-29,2.54,2.3,2.44,0.2400000000000002,0.10000000000000009,False,False
2019-04-30,2.51,2.27,2.43,0.23999999999999977,0.07999999999999963,False,False
2019-05-01,2.52,2.31,2.43,0.20999999999999996,0.08999999999999986,False,False
2019-05-02,2.55,2.35,2.47,0.19999999999999973,0.07999999999999963,False,False
2019-05-03,2.54,2.33,2.43,0.20999999999999996,0.10999999999999988,False,False
2019-05-06,2.51,2.31,2.44,0.19999999999999973,0.06999999999999984,False,False
2019-05-07,2.45,2.28,2.43,0.17000000000000037,0.020000000000000018,False,False
2019-05-08,2.49,2.3,2.43,0.1900000000000004,0.06000000000000005,False,False
2019-05-09,2.45,2.26,2.43,0.1900000000000004,0.020000000000000018,False,False
2019-05-10,2.47,2.26,2.43,0.2100000000000004,0.040000000000000036,False,False
2019-05-13,2.4,2.18,2.41,0.21999999999999975,-0.010000000000000231,False,True
2019-05-14,2.42,2.2,2.41,0.21999999999999975,0.009999999999999787,False,False
2019-05-15,2.37,2.16,2.42,0.20999999999999996,-0.04999999999999982,False,True
2019-05-16,2.4,2.2,2.4,0.19999999999999973,0.0,False,False
2019-05-17,2.39,2.2,2.39,0.18999999999999995,0.0,False,False
2019-05-20,2.41,2.21,2.39,0.20000000000000018,0.020000000000000018,False,False
2019-05-21,2.43,2.26,2.39,0.17000000000000037,0.040000000000000036,False,False
2019-05-22,2.39,2.23,2.38,0.16000000000000014,0.010000000000000231,False,False
2019-05-23,2.31,2.12,2.37,0.18999999999999995,-0.06000000000000005,False,True
2019-05-24,2.32,2.16,2.35,0.1599999999999997,-0.03000000000000025,False,True
2019-05-27,2.32,2.16,2.35,0.1599999999999997,-0.03000000000000025,False,True
2019-05-28,2.26,2.12,2.37,0.13999999999999968,-0.11000000000000032,False,True
2019-05-29,2.25,2.09,2.37,0.16000000000000014,-0.1200000000000001,False,True
2019-05-30,2.22,2.06,2.38,0.16000000000000014,-0.1599999999999997,False,True
2019-05-31,2.14,1.95,2.35,0.19000000000000017,-0.20999999999999996,False,True
2019-06-03,2.07,1.82,2.35,0.24999999999999978,-0.28000000000000025,False,True
2019-06-04,2.12,1.88,2.35,0.2400000000000002,-0.22999999999999998,False,True
2019-06-05,2.12,1.83,2.35,0.29000000000000004,-0.22999999999999998,False,True
2019-06-06,2.12,1.88,2.33,0.2400000000000002,-0.20999999999999996,False,True
2019-06-07,2.09,1.85,2.28,0.23999999999999977,-0.18999999999999995,False,True
2019-06-10,2.15,1.9,2.29,0.25,-0.14000000000000012,False,True
2019-06-11,2.15,1.93,2.27,0.21999999999999997,-0.1200000000000001,False,True
2019-06-12,2.13,1.88,2.24,0.25,-0.11000000000000032,False,True
2019-06-13,2.1,1.83,2.19,0.27,-0.08999999999999986,False,True
2019-06-14,2.09,1.84,2.2,0.24999999999999978,-0.11000000000000032,False,True
2019-06-17,2.09,1.86,2.23,0.22999999999999976,-0.14000000000000012,False,True
2019-06-18,2.06,1.86,2.22,0.19999999999999996,-0.16000000000000014,False,True
2019-06-19,2.03,1.74,2.18,0.2899999999999998,-0.15000000000000036,False,True
2019-06-20,2.01,1.72,2.14,0.2899999999999998,-0.13000000000000034,False,True
2019-06-21,2.07,1.77,2.11,0.2999999999999998,-0.040000000000000036,False,True
2019-06-24,2.02,1.72,2.13,0.30000000000000004,-0.10999999999999988,False,True
2019-06-25,2.0,1.71,2.12,0.29000000000000004,-0.1200000000000001,False,True
2019-06-26,2.05,1.77,2.15,0.2799999999999998,-0.10000000000000009,False,True
2019-06-27,2.01,1.74,2.14,0.2699999999999998,-0.13000000000000034,False,True
2019-06-28,2.0,1.75,2.12,0.25,-0.1200000000000001,False,True
2019-07-01,2.03,1.78,2.21,0.24999999999999978,-0.18000000000000016,False,True
2019-07-02,1.98,1.77,2.2,0.20999999999999996,-0.2200000000000002,False,True
2019-07-03,1.96,1.77,2.21,0.18999999999999995,-0.25,False,True
2019-07-04,1.96,1.77,2.21,0.18999999999999995,-0.25,False,True
2019-07-05,2.04,1.87,2.23,0.16999999999999993,-0.18999999999999995,False,True
2019-07-08,2.05,1.88,2.26,0.16999999999999993,-0.20999999999999996,False,True
2019-07-09,2.07,1.92,2.26,0.1499999999999999,-0.18999999999999995,False,True
2019-07-10,2.07,1.82,2.2,0.24999999999999978,-0.13000000000000034,False,True
2019-07-11,2.13,1.85,2.17,0.2799999999999998,-0.040000000000000036,False,True
2019-07-12,2.12,1.84,2.14,0.28,-0.020000000000000018,False,True
2019-07-15,2.09,1.83,2.16,0.2599999999999998,-0.07000000000000028,False,True
2019-07-16,2.13,1.87,2.15,0.2599999999999998,-0.020000000000000018,False,True
2019-07-17,2.06,1.83,2.14,0.22999999999999998,-0.08000000000000007,False,True
2019-07-18,2.04,1.77,2.05,0.27,-0.009999999999999787,False,True
2019-07-19,2.05,1.8,2.06,0.24999999999999978,-0.010000000000000231,False,True
2019-07-22,2.05,1.8,2.09,0.24999999999999978,-0.040000000000000036,False,True
2019-07-23,2.08,1.83,2.06,0.25,0.020000000000000018,False,False
2019-07-24,2.05,1.83,2.1,0.21999999999999975,-0.050000000000000266,False,True
2019-07-25,2.08,1.86,2.1,0.21999999999999997,-0.020000000000000018,False,True
2019-07-26,2.08,1.86,2.12,0.21999999999999997,-0.040000000000000036,False,True
2019-07-29,2.06,1.85,2.12,0.20999999999999996,-0.06000000000000005,False,True
2019-07-30,2.06,1.85,2.08,0.20999999999999996,-0.020000000000000018,False,True
2019-07-31,2.02,1.89,2.08,0.13000000000000012,-0.06000000000000005,False,True
2019-08-01,1.9,1.73,2.07,0.16999999999999993,-0.16999999999999993,False,True
2019-08-02,1.86,1.72,2.06,0.14000000000000012,-0.19999999999999996,False,True
2019-08-05,1.75,1.59,2.05,0.15999999999999992,-0.2999999999999998,False,True
2019-08-06,1.73,1.6,2.05,0.1299999999999999,-0.31999999999999984,False,True
2019-08-07,1.71,1.59,2.02,0.11999999999999988,-0.31000000000000005,False,True
2019-08-08,1.72,1.62,2.02,0.09999999999999987,-0.30000000000000004,False,True
2019-08-09,1.74,1.63,2.0,0.1100000000000001,-0.26,False,True
2019-08-12,1.65,1.58,2.0,0.06999999999999984,-0.3500000000000001,False,True
2019-08-13,1.68,1.66,2.0,0.020000000000000018,-0.32000000000000006,False,True
2019-08-14,1.59,1.58,1.96,0.010000000000000009,-0.3699999999999999,False,True
2019-08-15,1.52,1.48,1.91,0.040000000000000036,-0.3899999999999999,False,True
2019-08-16,1.55,1.48,1.87,0.07000000000000006,-0.32000000000000006,False,True
2019-08-19,1.6,1.53,1.94,0.07000000000000006,-0.33999999999999986,False,True
2019-08-20,1.55,1.5,1.94,0.050000000000000044,-0.3899999999999999,False,True
2019-08-21,1.59,1.56,1.97,0.030000000000000027,-0.3799999999999999,False,True
2019-08-22,1.62,1.61,2.0,0.010000000000000009,-0.3799999999999999,False,True
2019-08-23,1.52,1.51,1.97,0.010000000000000009,-0.44999999999999996,False,True
2019-08-26,1.54,1.54,2.01,0.0,-0.46999999999999975,False,True
2019-08-27,1.49,1.53,1.98,-0.040000000000000036,-0.49,True,True
2019-08-28,1.47,1.5,1.99,-0.030000000000000027,-0.52,True,True
2019-08-29,1.5,1.53,1.99,-0.030000000000000027,-0.49,True,True
2019-08-30,1.5,1.5,1.99,0.0,-0.49,False,True
2019-09-02,1.5,1.5,1.99,0.0,-0.49,False,True
2019-09-03,1.47,1.47,1.98,0.0,-0.51,False,True
2019-09-04,1.47,1.43,1.97,0.040000000000000036,-0.5,False,True
2019-09-05,1.57,1.55,1.97,0.020000000000000018,-0.3999999999999999,False,True
2019-09-06,1.55,1.53,1.96,0.020000000000000018,-0.4099999999999999,False,True
2019-09-09,1.63,1.58,1.96,0.04999999999999982,-0.33000000000000007,False,True
2019-09-10,1.72,1.67,1.95,0.050000000000000044,-0.22999999999999998,False,True
2019-09-11,1.75,1.68,1.96,0.07000000000000006,-0.20999999999999996,False,True
2019-09-12,1.79,1.72,1.95,0.07000000000000006,-0.15999999999999992,False,True
2019-09-13,1.9,1.79,1.96,0.10999999999999988,-0.06000000000000005,False,True
2019-09-16,1.84,1.74,1.99,0.10000000000000009,-0.1499999999999999,False,True
2019-09-17,1.81,1.72,1.99,0.09000000000000008,-0.17999999999999994,False,True
2019-09-18,1.8,1.77,1.95,0.030000000000000027,-0.1499999999999999,False,True
2019-09-19,1.79,1.74,1.93,0.050000000000000044,-0.1399999999999999,False,True
2019-09-20,1.74,1.69,1.91,0.050000000000000044,-0.16999999999999993,False,True
2019-09-23,1.72,1.68,1.94,0.040000000000000036,-0.21999999999999997,False,True
2019-09-24,1.64,1.6,1.92,0.039999999999999813,-0.28,False,True
2019-09-25,1.73,1.68,1.89,0.050000000000000044,-0.15999999999999992,False,True
2019-09-26,1.7,1.66,1.83,0.040000000000000036,-0.13000000000000012,False,True
2019-09-27,1.69,1.63,1.8,0.06000000000000005,-0.1100000000000001,False,True
2019-09-30,1.68,1.63,1.88,0.050000000000000044,-0.19999999999999996,False,True
2019-10-01,1.65,1.56,1.82,0.08999999999999986,-0.17000000000000015,False,True
2019-10-02,1.6,1.48,1.79,0.1200000000000001,-0.18999999999999995,False,True
2019-10-03,1.54,1.39,1.7,0.15000000000000013,-0.15999999999999992,False,True
2019-10-04,1.52,1.4,1.71,0.1200000000000001,-0.18999999999999995,False,True
2019-10-07,1.56,1.46,1.75,0.10000000000000009,-0.18999999999999995,False,True
2019-10-08,1.54,1.42,1.72,0.1200000000000001,-0.17999999999999994,False,True
2019-10-09,1.59,1.47,1.69,0.1200000000000001,-0.09999999999999987,False,True
2019-10-10,1.67,1.53,1.68,0.1399999999999999,-0.010000000000000009,False,True
2019-10-11,1.76,1.63,1.68,0.13000000000000012,0.08000000000000007,False,False
2019-10-14,1.76,1.63,1.68,0.13000000000000012,0.08000000000000007,False,False
2019-10-15,1.77,1.61,1.67,0.15999999999999992,0.10000000000000009,False,False
2019-10-16,1.75,1.58,1.66,0.16999999999999993,0.09000000000000008,False,False
2019-10-17,1.76,1.6,1.66,0.15999999999999992,0.10000000000000009,False,False
2019-10-18,1.76,1.58,1.66,0.17999999999999994,0.10000000000000009,False,False
2019-10-21,1.8,1.62,1.67,0.17999999999999994,0.13000000000000012,False,False
2019-10-22,1.78,1.6,1.65,0.17999999999999994,0.13000000000000012,False,False
2019-10-23,1.77,1.58,1.65,0.18999999999999995,0.1200000000000001,False,False
2019-10-24,1.77,1.58,1.67,0.18999999999999995,0.10000000000000009,False,False
2019-10-25,1.8,1.63,1.66,0.17000000000000015,0.14000000000000012,False,False
2019-10-28,1.85,1.64,1.65,0.2100000000000002,0.20000000000000018,False,False
2019-10-29,1.84,1.64,1.63,0.20000000000000018,0.2100000000000002,False,False
2019-10-30,1.78,1.61,1.62,0.16999999999999993,0.15999999999999992,False,False
2019-10-31,1.69,1.52,1.54,0.16999999999999993,0.1499999999999999,False,False
2019-11-01,1.73,1.56,1.52,0.16999999999999993,0.20999999999999996,False,False
2019-11-04,1.79,1.6,1.53,0.18999999999999995,0.26,False,False
2019-11-05,1.86,1.63,1.56,0.2300000000000002,0.30000000000000004,False,False
2019-11-06,1.81,1.61,1.56,0.19999999999999996,0.25,False,False
2019-11-07,1.92,1.68,1.56,0.24,0.3599999999999999,False,False
2019-11-08,1.94,1.68,1.55,0.26,0.3899999999999999,False,False
2019-11-11,1.94,1.68,1.55,0.26,0.3899999999999999,False,False
2019-11-12,1.92,1.66,1.59,0.26,0.32999999999999985,False,False
2019-11-13,1.88,1.63,1.57,0.25,0.30999999999999983,False,False
2019-11-14,1.82,1.58,1.57,0.24,0.25,False,False
2019-11-15,1.84,1.61,1.57,0.22999999999999998,0.27,False,False
2019-11-18,1.81,1.6,1.57,0.20999999999999996,0.24,False,False
2019-11-19,1.79,1.6,1.57,0.18999999999999995,0.21999999999999997,False,False
2019-11-20,1.73,1.56,1.57,0.16999999999999993,0.15999999999999992,False,False
2019-11-21,1.77,1.6,1.58,0.16999999999999993,0.18999999999999995,False,False
2019-11-22,1.77,1.61,1.58,0.15999999999999992,0.18999999999999995,False,False
2019-11-25,1.76,1.61,1.61,0.1499999999999999,0.1499999999999999,False,False
2019-11-26,1.74,1.58,1.6,0.15999999999999992,0.1399999999999999,False,False
2019-11-27,1.77,1.63,1.62,0.14000000000000012,0.1499999999999999,False,False
2019-11-28,1.77,1.63,1.62,0.14000000000000012,0.1499999999999999,False,False
2019-11-29,1.78,1.61,1.59,0.16999999999999993,0.18999999999999995,False,False
2019-12-02,1.83,1.61,1.6,0.21999999999999997,0.22999999999999998,False,False
2019-12-03,1.72,1.53,1.57,0.18999999999999995,0.1499999999999999,False,False
2019-12-04,1.77,1.58,1.55,0.18999999999999995,0.21999999999999997,False,False
2019-12-05,1.8,1.58,1.54,0.21999999999999997,0.26,False,False
2019-12-06,1.84,1.61,1.53,0.22999999999999998,0.31000000000000005,False,False
2019-12-09,1.83,1.63,1.54,0.20000000000000018,0.29000000000000004,False,False
2019-12-10,1.85,1.65,1.56,0.20000000000000018,0.29000000000000004,False,False
2019-12-11,1.79,1.61,1.57,0.17999999999999994,0.21999999999999997,False,False
2019-12-12,1.9,1.66,1.56,0.24,0.33999999999999986,False,False
2019-12-13,1.82,1.61,1.57,0.20999999999999996,0.25,False,False
2019-12-16,1.89,1.65,1.57,0.24,0.31999999999999984,False,False
2019-12-17,1.89,1.63,1.56,0.26,0.32999999999999985,False,False
2019-12-18,1.92,1.63,1.56,0.29000000000000004,0.3599999999999999,False,False
2019-12-19,1.92,1.62,1.57,0.2999999999999998,0.34999999999999987,False,False
2019-12-20,1.92,1.63,1.58,0.29000000000000004,0.33999999999999986,False,False
2019-12-23,1.93,1.64,1.59,0.29000000000000004,0.33999999999999986,False,False
2019-12-24,1.9,1.62,1.58,0.2799999999999998,0.31999999999999984,False,False
2019-12-25,1.9,1.62,1.58,0.2799999999999998,0.31999999999999984,False,False
2019-12-26,1.9,1.64,1.58,0.26,0.31999999999999984,False,False
2019-12-27,1.88,1.59,1.57,0.2899999999999998,0.30999999999999983,False,False
2019-12-30,1.9,1.58,1.57,0.31999999999999984,0.32999999999999985,False,False
2019-12-31,1.92,1.58,1.55,0.33999999999999986,0.3699999999999999,False,False
2020-01-01,1.92,1.58,1.55,0.33999999999999986,0.3699999999999999,False,False
2020-01-02,1.88,1.58,1.54,0.2999999999999998,0.33999999999999986,False,False
2020-01-03,1.8,1.53,1.52,0.27,0.28,False,False
2020-01-06,1.81,1.54,1.56,0.27,0.25,False,False
2020-01-07,1.83,1.54,1.54,0.29000000000000004,0.29000000000000004,False,False
2020-01-08,1.87,1.58,1.54,0.29000000000000004,0.33000000000000007,False,False
2020-01-09,1.85,1.58,1.54,0.27,0.31000000000000005,False,False
2020-01-10,1.83,1.56,1.54,0.27,0.29000000000000004,False,False
2020-01-13,1.85,1.58,1.57,0.27,0.28,False,False
2020-01-14,1.82,1.58,1.57,0.24,0.25,False,False
2020-01-15,1.79,1.56,1.57,0.22999999999999998,0.21999999999999997,False,False
2020-01-16,1.81,1.58,1.55,0.22999999999999998,0.26,False,False
2020-01-17,1.84,1.58,1.56,0.26,0.28,False,False
2020-01-20,1.84,1.58,1.56,0.26,0.28,False,False
2020-01-21,1.78,1.53,1.56,0.25,0.21999999999999997,False,False
2020-01-22,1.77,1.53,1.55,0.24,0.21999999999999997,False,False
2020-01-23,1.74,1.51,1.55,0.22999999999999998,0.18999999999999995,False,False
2020-01-24,1.7,1.49,1.54,0.20999999999999996,0.15999999999999992,False,False
2020-01-27,1.61,1.44,1.55,0.17000000000000015,0.06000000000000005,False,False
2020-01-28,1.65,1.45,1.57,0.19999999999999996,0.07999999999999985,False,False
2020-01-29,1.6,1.42,1.56,0.18000000000000016,0.040000000000000036,False,False
2020-01-30,1.57,1.41,1.57,0.16000000000000014,0.0,False,False
2020-01-31,1.51,1.33,1.55,0.17999999999999994,-0.040000000000000036,False,True
2020-02-03,1.54,1.36,1.57,0.17999999999999994,-0.030000000000000027,False,True
2020-02-04,1.61,1.41,1.57,0.20000000000000018,0.040000000000000036,False,False
2020-02-05,1.66,1.44,1.57,0.21999999999999997,0.08999999999999986,False,False
2020-02-06,1.65,1.44,1.57,0.20999999999999996,0.07999999999999985,False,False
2020-02-07,1.59,1.41,1.56,0.18000000000000016,0.030000000000000027,False,False
2020-02-10,1.56,1.37,1.58,0.18999999999999995,-0.020000000000000018,False,True
2020-02-11,1.59,1.41,1.57,0.18000000000000016,0.020000000000000018,False,False
2020-02-12,1.62,1.44,1.58,0.18000000000000016,0.040000000000000036,False,False
2020-02-13,1.61,1.44,1.59,0.17000000000000015,0.020000000000000018,False,False
2020-02-14,1.59,1.42,1.58,0.17000000000000015,0.010000000000000009,False,False
2020-02-17,1.59,1.42,1.58,0.17000000000000015,0.010000000000000009,False,False
2020-02-18,1.55,1.41,1.58,0.14000000000000012,-0.030000000000000027,False,True
2020-02-19,1.56,1.42,1.58,0.14000000000000012,-0.020000000000000018,False,True
2020-02-20,1.52,1.39,1.58,0.13000000000000012,-0.06000000000000005,False,True
2020-02-21,1.46,1.34,1.56,0.11999999999999988,-0.10000000000000009,False,True
2020-02-24,1.38,1.26,1.53,0.11999999999999988,-0.15000000000000013,False,True
2020-02-25,1.33,1.2,1.53,0.13000000000000012,-0.19999999999999996,False,True
2020-02-26,1.33,1.16,1.53,0.17000000000000015,-0.19999999999999996,False,True
2020-02-27,1.3,1.11,1.45,0.18999999999999995,-0.1499999999999999,False,True
2020-02-28,1.13,0.86,1.27,0.2699999999999999,-0.14000000000000012,False,True
2020-03-02,1.1,0.84,1.13,0.2600000000000001,-0.029999999999999805,False,True
2020-03-03,1.02,0.71,0.95,0.31000000000000005,0.07000000000000006,False,False
2020-03-04,1.02,0.67,0.72,0.35,0.30000000000000004,False,False
2020-03-05,0.92,0.59,0.62,0.33000000000000007,0.30000000000000004,False,False
2020-03-06,0.74,0.49,0.45,0.25,0.29,False,False
2020-03-09,0.54,0.38,0.33,0.16000000000000003,0.21000000000000002,False,False
2020-03-10,0.76,0.5,0.44,0.26,0.32,False,False
2020-03-11,0.82,0.5,0.42,0.31999999999999995,0.39999999999999997,False,False
2020-03-12,0.88,0.5,0.33,0.38,0.55,False,False
2020-03-13,0.94,0.49,0.28,0.44999999999999996,0.6599999999999999,False,False
2020-03-16,0.73,0.36,0.24,0.37,0.49,False,False
2020-03-17,1.02,0.47,0.19,0.55,0.8300000000000001,False,False
2020-03-18,1.18,0.54,0.02,0.6399999999999999,1.16,False,False
2020-03-19,1.12,0.44,0.04,0.6800000000000002,1.08,False,False
2020-03-20,0.92,0.37,0.05,0.55,0.87,False,False
2020-03-23,0.76,0.28,0.02,0.48,0.74,False,False
2020-03-24,0.84,0.38,0.01,0.45999999999999996,0.83,False,False
2020-03-25,0.88,0.34,0.0,0.54,0.88,False,False
2020-03-26,0.83,0.3,0.0,0.53,0.83,False,False
2020-03-27,0.72,0.25,0.03,0.47,0.69,False,False
2020-03-30,0.7,0.23,0.12,0.47,0.58,False,False
2020-03-31,0.7,0.23,0.11,0.47,0.59,False,False
2020-04-01,0.62,0.23,0.09,0.39,0.53,False,False
2020-04-02,0.63,0.23,0.09,0.4,0.54,False,False
2020-04-03,0.62,0.23,0.1,0.39,0.52,False,False
2020-04-06,0.67,0.27,0.15,0.4,0.52,False,False
2020-04-07,0.75,0.28,0.14,0.47,0.61,False,False
2020-04-08,0.77,0.27,0.22,0.5,0.55,False,False
2020-04-09,0.73,0.23,0.25,0.5,0.48,False,False
2020-04-10,0.73,0.23,0.25,0.5,0.48,False,False
2020-04-13,0.76,0.25,0.26,0.51,0.5,False,False
2020-04-14,0.76,0.23,0.2,0.53,0.56,False,False
2020-04-15,0.63,0.2,0.14,0.43,0.49,False,False
2020-04-16,0.61,0.2,0.14,0.41,0.47,False,False
2020-04-17,0.65,0.2,0.12,0.45,0.53,False,False
2020-04-20,0.63,0.2,0.12,0.43,0.51,False,False
2020-04-21,0.58,0.2,0.11,0.37999999999999995,0.47,False,False
2020-04-22,0.63,0.22,0.12,0.41000000000000003,0.51,False,False
2020-04-23,0.61,0.22,0.11,0.39,0.5,False,False
2020-04-24,0.6,0.22,0.12,0.38,0.48,False,False
2020-04-27,0.67,0.24,0.12,0.43000000000000005,0.55,False,False
2020-04-28,0.62,0.2,0.11,0.42,0.51,False,False
2020-04-29,0.63,0.2,0.1,0.43,0.53,False,False
2020-04-30,0.64,0.2,0.09,0.44,0.55,False,False
2020-05-01,0.64,0.2,0.12,0.44,0.52,False,False
2020-05-04,0.64,0.19,0.13,0.45,0.51,False,False
2020-05-05,0.66,0.19,0.13,0.47000000000000003,0.53,False,False
2020-05-06,0.72,0.17,0.12,0.5499999999999999,0.6,False,False
2020-05-07,0.63,0.13,0.11,0.5,0.52,False,False
2020-05-08,0.69,0.16,0.12,0.5299999999999999,0.57,False,False
2020-05-11,0.73,0.17,0.12,0.5599999999999999,0.61,False,False
2020-05-12,0.69,0.17,0.13,0.5199999999999999,0.5599999999999999,False,False
2020-05-13,0.64,0.16,0.13,0.48,0.51,False,False
2020-05-14,0.63,0.16,0.12,0.47,0.51,False,False
2020-05-15,0.64,0.16,0.12,0.48,0.52,False,False
2020-05-18,0.73,0.18,0.13,0.55,0.6,False,False
2020-05-19,0.7,0.17,0.13,0.5299999999999999,0.57,False,False
2020-05-20,0.68,0.16,0.12,0.52,0.56,False,False
2020-05-21,0.68,0.17,0.12,0.51,0.56,False,False
2020-05-22,0.66,0.17,0.12,0.49,0.54,False,False
2020-05-25,0.66,0.17,0.12,0.49,0.54,False,False
2020-05-26,0.69,0.18,0.14,0.51,0.5499999999999999,False,False
2020-05-27,0.68,0.19,0.15,0.49000000000000005,0.53,False,False
2020-05-28,0.7,0.17,0.15,0.5299999999999999,0.5499999999999999,False,False
2020-05-29,0.65,0.16,0.14,0.49,0.51,False,False
2020-06-01,0.66,0.14,0.14,0.52,0.52,False,False
2020-06-02,0.68,0.17,0.15,0.51,0.53,False,False
2020-06-03,0.77,0.19,0.16,0.5800000000000001,0.61,False,False
2020-06-04,0.82,0.19,0.15,0.6299999999999999,0.6699999999999999,False,False
2020-06-05,0.91,0.22,0.15,0.6900000000000001,0.76,False,False
2020-06-08,0.88,0.22,0.17,0.66,0.71,False,False
2020-06-09,0.84,0.2,0.19,0.6399999999999999,0.6499999999999999,False,False
2020-06-10,0.75,0.17,0.17,0.58,0.58,False,False
2020-06-11,0.66,0.19,0.17,0.47000000000000003,0.49,False,False
2020-06-12,0.71,0.19,0.16,0.52,0.5499999999999999,False,False
2020-06-15,0.71,0.19,0.18,0.52,0.53,False,False
2020-06-16,0.75,0.21,0.17,0.54,0.58,False,False
2020-06-17,0.74,0.19,0.17,0.55,0.57,False,False
2020-06-18,0.71,0.19,0.16,0.52,0.5499999999999999,False,False
2020-06-19,0.7,0.19,0.15,0.51,0.5499999999999999,False,False
2020-06-22,0.71,0.19,0.16,0.52,0.5499999999999999,False,False
2020-06-23,0.72,0.18,0.16,0.54,0.5599999999999999,False,False
2020-06-24,0.69,0.19,0.15,0.49999999999999994,0.5399999999999999,False,False
2020-06-25,0.68,0.17,0.16,0.51,0.52,False,False
2020-06-26,0.64,0.17,0.14,0.47,0.5,False,False
2020-06-29,0.64,0.16,0.14,0.48,0.5,False,False
2020-06-30,0.66,0.16,0.16,0.5,0.5,False,False
2020-07-01,0.69,0.17,0.14,0.5199999999999999,0.5499999999999999,False,False
2020-07-02,0.68,0.16,0.14,0.52,0.54,False,False
2020-07-03,0.68,0.16,0.14,0.52,0.54,False,False
2020-07-06,0.69,0.16,0.15,0.5299999999999999,0.5399999999999999,False,False
2020-07-07,0.65,0.16,0.15,0.49,0.5,False,False
2020-07-08,0.67,0.16,0.15,0.51,0.52,False,False
2020-07-09,0.62,0.16,0.13,0.45999999999999996,0.49,False,False
2020-07-10,0.65,0.16,0.13,0.49,0.52,False,False
2020-07-13,0.64,0.16,0.14,0.48,0.5,False,False
2020-07-14,0.63,0.14,0.15,0.49,0.48,False,False
2020-07-15,0.64,0.16,0.16,0.48,0.48,False,False
2020-07-16,0.62,0.16,0.11,0.45999999999999996,0.51,False,False
2020-07-17,0.64,0.14,0.11,0.5,0.53,False,False
2020-07-20,0.62,0.16,0.13,0.45999999999999996,0.49,False,False
2020-07-21,0.61,0.14,0.13,0.47,0.48,False,False
2020-07-22,0.6,0.14,0.13,0.45999999999999996,0.47,False,False
2020-07-23,0.59,0.16,0.12,0.42999999999999994,0.47,False,False
2020-07-24,0.59,0.14,0.11,0.44999999999999996,0.48,False,False
2020-07-27,0.62,0.15,0.11,0.47,0.51,False,False
2020-07-28,0.59,0.14,0.11,0.44999999999999996,0.48,False,False
2020-07-29,0.58,0.12,0.11,0.45999999999999996,0.47,False,False
2020-07-30,0.55,0.11,0.09,0.44000000000000006,0.4600000000000001,False,False
2020-07-31,0.55,0.11,0.09,0.44000000000000006,0.4600000000000001,False,False
2020-08-03,0.56,0.11,0.1,0.45000000000000007,0.4600000000000001,False,False
2020-08-04,0.52,0.11,0.09,0.41000000000000003,0.43000000000000005,False,False
2020-08-05,0.55,0.11,0.1,0.44000000000000006,0.45000000000000007,False,False
2020-08-06,0.55,0.11,0.1,0.44000000000000006,0.45000000000000007,False,False
2020-08-07,0.57,0.13,0.1,0.43999999999999995,0.47,False,False
2020-08-10,0.59,0.14,0.11,0.44999999999999996,0.48,False,False
2020-08-11,0.64,0.16,0.11,0.48,0.53,False,False
2020-08-12,0.69,0.16,0.11,0.5299999999999999,0.58,False,False
2020-08-13,0.71,0.16,0.1,0.5499999999999999,0.61,False,False
2020-08-14,0.71,0.14,0.1,0.57,0.61,False,False
2020-08-17,0.69,0.14,0.1,0.5499999999999999,0.59,False,False
2020-08-18,0.67,0.14,0.09,0.53,0.5800000000000001,False,False
2020-08-19,0.68,0.14,0.11,0.54,0.5700000000000001,False,False
2020-08-20,0.65,0.13,0.11,0.52,0.54,False,False
2020-08-21,0.64,0.16,0.1,0.48,0.54,False,False
2020-08-24,0.65,0.14,0.12,0.51,0.53,False,False
2020-08-25,0.69,0.15,0.11,0.5399999999999999,0.58,False,False
2020-08-26,0.69,0.16,0.11,0.5299999999999999,0.58,False,False
2020-08-27,0.74,0.16,0.11,0.58,0.63,False,False
2020-08-28,0.74,0.14,0.1,0.6,0.64,False,False
2020-08-31,0.72,0.14,0.11,0.58,0.61,False,False
2020-09-01,0.68,0.13,0.12,0.55,0.56,False,False
2020-09-02,0.66,0.14,0.12,0.52,0.54,False,False
2020-09-03,0.63,0.13,0.11,0.5,0.52,False,False
2020-09-04,0.72,0.14,0.11,0.58,0.61,False,False
2020-09-07,0.72,0.14,0.11,0.58,0.61,False,False
2020-09-08,0.69,0.14,0.13,0.5499999999999999,0.5599999999999999,False,False
2020-09-09,0.71,0.14,0.12,0.57,0.59,False,False
2020-09-10,0.68,0.14,0.12,0.54,0.56,False,False
2020-09-11,0.67,0.13,0.11,0.54,0.56,False,False
2020-09-14,0.68,0.14,0.11,0.54,0.5700000000000001,False,False
2020-09-15,0.68,0.14,0.11,0.54,0.5700000000000001,False,False
2020-09-16,0.69,0.14,0.12,0.5499999999999999,0.57,False,False
2020-09-17,0.69,0.13,0.09,0.5599999999999999,0.6,False,False
2020-09-18,0.7,0.14,0.1,0.5599999999999999,0.6,False,False
2020-09-21,0.68,0.14,0.1,0.54,0.5800000000000001,False,False
2020-09-22,0.68,0.13,0.1,0.55,0.5800000000000001,False,False
2020-09-23,0.68,0.14,0.11,0.54,0.5700000000000001,False,False
2020-09-24,0.67,0.14,0.1,0.53,0.5700000000000001,False,False
2020-09-25,0.66,0.12,0.1,0.54,0.56,False,False
2020-09-28,0.67,0.14,0.11,0.53,0.56,False,False
2020-09-29,0.66,0.11,0.09,0.55,0.5700000000000001,False,False
2020-09-30,0.69,0.13,0.1,0.5599999999999999,0.59,False,False
2020-10-01,0.68,0.14,0.09,0.54,0.5900000000000001,False,False
2020-10-02,0.7,0.13,0.09,0.57,0.61,False,False
2020-10-05,0.78,0.14,0.1,0.64,0.68,False,False
2020-10-06,0.76,0.14,0.1,0.62,0.66,False,False
2020-10-07,0.81,0.16,0.1,0.65,0.7100000000000001,False,False
2020-10-08,0.78,0.13,0.09,0.65,0.6900000000000001,False,False
2020-10-09,0.79,0.16,0.1,0.63,0.6900000000000001,False,False
2020-10-12,0.79,0.16,0.1,0.63,0.6900000000000001,False,False
2020-10-13,0.74,0.16,0.11,0.58,0.63,False,False
2020-10-14,0.73,0.14,0.12,0.59,0.61,False,False
2020-10-15,0.74,0.14,0.11,0.6,0.63,False,False
2020-10-16,0.76,0.14,0.11,0.62,0.65,False,False
2020-10-19,0.78,0.16,0.11,0.62,0.67,False,False
2020-10-20,0.81,0.14,0.1,0.67,0.7100000000000001,False,False
2020-10-21,0.83,0.14,0.1,0.69,0.73,False,False
2020-10-22,0.87,0.16,0.09,0.71,0.78,False,False
2020-10-23,0.85,0.18,0.1,0.6699999999999999,0.75,False,False
2020-10-26,0.81,0.16,0.11,0.65,0.7000000000000001,False,False
2020-10-27,0.79,0.16,0.1,0.63,0.6900000000000001,False,False
2020-10-28,0.79,0.16,0.1,0.63,0.6900000000000001,False,False
2020-10-29,0.85,0.16,0.09,0.69,0.76,False,False
2020-10-30,0.88,0.14,0.09,0.74,0.79,False,False
2020-11-02,0.87,0.16,0.09,0.71,0.78,False,False
2020-11-03,0.9,0.17,0.1,0.73,0.8,False,False
2020-11-04,0.78,0.14,0.1,0.64,0.68,False,False
2020-11-05,0.79,0.14,0.1,0.65,0.6900000000000001,False,False
2020-11-06,0.83,0.16,0.1,0.6699999999999999,0.73,False,False
2020-11-09,0.96,0.17,0.11,0.7899999999999999,0.85,False,False
2020-11-10,0.98,0.19,0.1,0.79,0.88,False,False
2020-11-11,0.98,0.19,0.1,0.79,0.88,False,False
2020-11-12,0.88,0.17,0.1,0.71,0.78,False,False
2020-11-13,0.89,0.17,0.09,0.72,0.8,False,False
2020-11-16,0.91,0.19,0.09,0.72,0.8200000000000001,False,False
2020-11-17,0.87,0.18,0.09,0.69,0.78,False,False
2020-11-18,0.88,0.16,0.09,0.72,0.79,False,False
2020-11-19,0.86,0.18,0.07,0.6799999999999999,0.79,False,False
2020-11-20,0.83,0.16,0.07,0.6699999999999999,0.76,False,False
2020-11-23,0.86,0.16,0.08,0.7,0.78,False,False
2020-11-24,0.88,0.16,0.09,0.72,0.79,False,False
2020-11-25,0.88,0.17,0.09,0.71,0.79,False,False
2020-11-26,0.88,0.17,0.09,0.71,0.79,False,False
2020-11-27,0.84,0.16,0.09,0.6799999999999999,0.75,False,False
2020-11-30,0.84,0.16,0.08,0.6799999999999999,0.76,False,False
2020-12-01,0.92,0.17,0.09,0.75,0.8300000000000001,False,False
2020-12-02,0.95,0.16,0.09,0.7899999999999999,0.86,False,False
2020-12-03,0.92,0.16,0.08,0.76,0.8400000000000001,False,False
2020-12-04,0.97,0.16,0.09,0.8099999999999999,0.88,False,False
2020-12-07,0.94,0.14,0.08,0.7999999999999999,0.86,False,False
2020-12-08,0.92,0.14,0.09,0.78,0.8300000000000001,False,False
2020-12-09,0.95,0.16,0.08,0.7899999999999999,0.87,False,False
2020-12-10,0.92,0.14,0.08,0.78,0.8400000000000001,False,False
2020-12-11,0.9,0.11,0.08,0.79,0.8200000000000001,False,False
2020-12-14,0.9,0.13,0.09,0.77,0.81,False,False
2020-12-15,0.92,0.11,0.08,0.81,0.8400000000000001,False,False
2020-12-16,0.92,0.13,0.09,0.79,0.8300000000000001,False,False
2020-12-17,0.94,0.13,0.08,0.8099999999999999,0.86,False,False
2020-12-18,0.95,0.13,0.08,0.82,0.87,False,False
2020-12-21,0.95,0.13,0.09,0.82,0.86,False,False
2020-12-22,0.93,0.13,0.09,0.8,0.8400000000000001,False,False
2020-12-23,0.96,0.13,0.09,0.83,0.87,False,False
2020-12-24,0.94,0.13,0.09,0.8099999999999999,0.85,False,False
2020-12-25,0.94,0.13,0.09,0.8099999999999999,0.85,False,False
2020-12-28,0.94,0.13,0.11,0.8099999999999999,0.83,False,False
2020-12-29,0.94,0.12,0.1,0.82,0.84,False,False
2020-12-30,0.93,0.12,0.08,0.81,0.8500000000000001,False,False
2020-12-31,0.93,0.13,0.09,0.8,0.8400000000000001,False,False
2021-01-01,0.93,0.13,0.09,0.8,0.8400000000000001,False,False
2021-01-04,0.93,0.11,0.09,0.8200000000000001,0.8400000000000001,False,False
2021-01-05,0.96,0.13,0.09,0.83,0.87,False,False
2021-01-06,1.04,0.14,0.09,0.9,0.9500000000000001,False,False
2021-01-07,1.08,0.14,0.09,0.9400000000000001,0.9900000000000001,False,False
2021-01-08,1.13,0.14,0.08,0.9899999999999999,1.0499999999999998,False,False
2021-01-11,1.15,0.14,0.08,1.0099999999999998,1.0699999999999998,False,False
2021-01-12,1.15,0.14,0.09,1.0099999999999998,1.0599999999999998,False,False
2021-01-13,1.1,0.14,0.09,0.9600000000000001,1.01,False,False
2021-01-14,1.15,0.16,0.09,0.9899999999999999,1.0599999999999998,False,False
2021-01-15,1.11,0.13,0.09,0.9800000000000001,1.02,False,False
2021-01-18,1.11,0.13,0.09,0.9800000000000001,1.02,False,False
2021-01-19,1.1,0.14,0.09,0.9600000000000001,1.01,False,False
2021-01-20,1.1,0.13,0.08,0.9700000000000001,1.02,False,False
2021-01-21,1.12,0.13,0.09,0.9900000000000001,1.03,False,False
2021-01-22,1.1,0.13,0.08,0.9700000000000001,1.02,False,False
2021-01-25,1.05,0.13,0.09,0.92,0.9600000000000001,False,False
2021-01-26,1.05,0.11,0.07,0.9400000000000001,0.98,False,False
2021-01-27,1.04,0.12,0.08,0.92,0.9600000000000001,False,False
2021-01-28,1.07,0.12,0.07,0.9500000000000001,1.0,False,False
2021-01-29,1.11,0.11,0.06,1.0,1.05,False,False
2021-02-01,1.09,0.11,0.07,0.9800000000000001,1.02,False,False
2021-02-02,1.12,0.11,0.07,1.01,1.05,False,False
2021-02-03,1.15,0.11,0.04,1.0399999999999998,1.1099999999999999,False,False
2021-02-04,1.15,0.11,0.04,1.0399999999999998,1.1099999999999999,False,False
2021-02-05,1.19,0.09,0.03,1.0999999999999999,1.16,False,False
2021-02-08,1.19,0.11,0.05,1.0799999999999998,1.14,False,False
2021-02-09,1.18,0.11,0.04,1.0699999999999998,1.14,False,False
2021-02-10,1.15,0.11,0.05,1.0399999999999998,1.0999999999999999,False,False
2021-02-11,1.16,0.11,0.05,1.0499999999999998,1.1099999999999999,False,False
2021-02-12,1.2,0.11,0.04,1.0899999999999999,1.16,False,False
2021-02-15,1.2,0.11,0.04,1.0899999999999999,1.16,False,False
2021-02-16,1.3,0.13,0.04,1.17,1.26,False,False
2021-02-17,1.29,0.11,0.04,1.18,1.25,False,False
2021-02-18,1.29,0.11,0.03,1.18,1.26,False,False
2021-02-19,1.34,0.11,0.04,1.23,1.3,False,False
2021-02-22,1.37,0.11,0.03,1.26,1.34,False,False
2021-02-23,1.37,0.11,0.04,1.26,1.33,False,False
2021-02-24,1.38,0.12,0.03,1.2599999999999998,1.3499999999999999,False,False
2021-02-25,1.54,0.17,0.04,1.37,1.5,False,False
2021-02-26,1.44,0.14,0.04,1.2999999999999998,1.4,False,False
2021-03-01,1.45,0.13,0.05,1.3199999999999998,1.4,False,False
2021-03-02,1.42,0.13,0.04,1.29,1.38,False,False
2021-03-03,1.47,0.14,0.05,1.33,1.42,False,False
2021-03-04,1.54,0.14,0.04,1.4,1.5,False,False
2021-03-05,1.56,0.14,0.04,1.42,1.52,False,False
2021-03-08,1.59,0.17,0.05,1.4200000000000002,1.54,False,False
2021-03-09,1.55,0.17,0.05,1.3800000000000001,1.5,False,False
2021-03-10,1.53,0.16,0.04,1.37,1.49,False,False
2021-03-11,1.54,0.14,0.04,1.4,1.5,False,False
2021-03-12,1.64,0.14,0.04,1.5,1.5999999999999999,False,False
2021-03-15,1.62,0.14,0.04,1.48,1.58,False,False
2021-03-16,1.62,0.15,0.02,1.4700000000000002,1.6,False,False
2021-03-17,1.63,0.13,0.02,1.5,1.6099999999999999,False,False
2021-03-18,1.71,0.16,0.01,1.55,1.7,False,False
2021-03-19,1.74,0.16,0.01,1.58,1.73,False,False
2021-03-22,1.69,0.15,0.03,1.54,1.66,False,False
2021-03-23,1.63,0.15,0.01,1.48,1.6199999999999999,False,False
2021-03-24,1.62,0.14,0.02,1.48,1.6,False,False
2021-03-25,1.63,0.14,0.02,1.4899999999999998,1.6099999999999999,False,False
2021-03-26,1.67,0.14,0.02,1.5299999999999998,1.65,False,False
2021-03-29,1.73,0.14,0.03,1.5899999999999999,1.7,False,False
2021-03-30,1.73,0.16,0.02,1.57,1.71,False,False
2021-03-31,1.74,0.16,0.03,1.58,1.71,False,False
2021-04-01,1.69,0.17,0.02,1.52,1.67,False,False
2021-04-02,1.72,0.19,0.02,1.53,1.7,False,False
2021-04-05,1.73,0.17,0.03,1.56,1.7,False,False
2021-04-06,1.67,0.16,0.02,1.51,1.65,False,False
2021-04-07,1.68,0.16,0.02,1.52,1.66,False,False
2021-04-08,1.64,0.14,0.01,1.5,1.63,False,False
2021-04-09,1.67,0.16,0.02,1.51,1.65,False,False
2021-04-12,1.69,0.18,0.02,1.51,1.67,False,False
2021-04-13,1.64,0.16,0.03,1.48,1.6099999999999999,False,False
2021-04-14,1.64,0.16,0.02,1.48,1.6199999999999999,False,False
2021-04-15,1.56,0.16,0.02,1.4000000000000001,1.54,False,False
2021-04-16,1.59,0.16,0.02,1.4300000000000002,1.57,False,False
2021-04-19,1.61,0.16,0.02,1.4500000000000002,1.59,False,False
2021-04-20,1.58,0.15,0.03,1.4300000000000002,1.55,False,False
2021-04-21,1.57,0.15,0.03,1.4200000000000002,1.54,False,False
2021-04-22,1.57,0.16,0.03,1.4100000000000001,1.54,False,False
2021-04-23,1.58,0.16,0.03,1.4200000000000002,1.55,False,False
2021-04-26,1.58,0.18,0.03,1.4000000000000001,1.55,False,False
2021-04-27,1.63,0.17,0.01,1.46,1.6199999999999999,False,False
2021-04-28,1.63,0.17,0.01,1.46,1.6199999999999999,False,False
2021-04-29,1.65,0.16,0.01,1.49,1.64,False,False
2021-04-30,1.65,0.16,0.01,1.49,1.64,False,False
2021-05-03,1.63,0.16,0.04,1.47,1.5899999999999999,False,False
2021-05-04,1.61,0.16,0.02,1.4500000000000002,1.59,False,False
2021-05-05,1.59,0.16,0.02,1.4300000000000002,1.57,False,False
2021-05-06,1.58,0.16,0.02,1.4200000000000002,1.56,False,False
2021-05-07,1.6,0.14,0.02,1.46,1.58,False,False
2021-05-10,1.63,0.16,0.02,1.47,1.6099999999999999,False,False
2021-05-11,1.64,0.16,0.01,1.48,1.63,False,False
2021-05-12,1.69,0.16,0.02,1.53,1.67,False,False
2021-05-13,1.66,0.16,0.02,1.5,1.64,False,False
2021-05-14,1.63,0.16,0.01,1.47,1.6199999999999999,False,False
2021-05-17,1.64,0.16,0.02,1.48,1.6199999999999999,False,False
2021-05-18,1.64,0.16,0.02,1.48,1.6199999999999999,False,False
2021-05-19,1.68,0.16,0.01,1.52,1.67,False,False
2021-05-20,1.63,0.15,0.01,1.48,1.6199999999999999,False,False
2021-05-21,1.63,0.17,0.01,1.46,1.6199999999999999,False,False
2021-05-24,1.61,0.15,0.02,1.4600000000000002,1.59,False,False
2021-05-25,1.56,0.15,0.02,1.4100000000000001,1.54,False,False
2021-05-26,1.58,0.14,0.02,1.44,1.56,False,False
2021-05-27,1.61,0.14,0.02,1.4700000000000002,1.59,False,False
2021-05-28,1.58,0.14,0.01,1.44,1.57,False,False
2021-05-31,1.58,0.14,0.01,1.44,1.57,False,False
2021-06-01,1.62,0.16,0.02,1.4600000000000002,1.6,False,False
2021-06-02,1.59,0.13,0.02,1.46,1.57,False,False
2021-06-03,1.63,0.16,0.02,1.47,1.6099999999999999,False,False
2021-06-04,1.56,0.14,0.02,1.42,1.54,False,False
2021-06-07,1.57,0.16,0.02,1.4100000000000001,1.55,False,False
2021-06-08,1.53,0.14,0.02,1.3900000000000001,1.51,False,False
2021-06-09,1.5,0.16,0.03,1.34,1.47,False,False
2021-06-10,1.45,0.14,0.03,1.31,1.42,False,False
2021-06-11,1.47,0.16,0.03,1.31,1.44,False,False
2021-06-14,1.51,0.16,0.03,1.35,1.48,False,False
2021-06-15,1.51,0.16,0.03,1.35,1.48,False,False
2021-06-16,1.57,0.21,0.04,1.36,1.53,False,False
2021-06-17,1.52,0.23,0.04,1.29,1.48,False,False
2021-06-18,1.45,0.26,0.05,1.19,1.4,False,False
2021-06-21,1.5,0.27,0.05,1.23,1.45,False,False
2021-06-22,1.48,0.25,0.04,1.23,1.44,False,False
2021-06-23,1.5,0.26,0.05,1.24,1.45,False,False
2021-06-24,1.49,0.26,0.05,1.23,1.44,False,False
2021-06-25,1.54,0.28,0.06,1.26,1.48,False,False
2021-06-28,1.49,0.25,0.05,1.24,1.44,False,False
2021-06-29,1.49,0.27,0.04,1.22,1.45,False,False
2021-06-30,1.45,0.25,0.05,1.2,1.4,False,False
2021-07-01,1.48,0.25,0.05,1.23,1.43,False,False
2021-07-02,1.44,0.24,0.05,1.2,1.39,False,False
2021-07-05,1.44,0.24,0.05,1.2,1.39,False,False
2021-07-06,1.37,0.22,0.05,1.1500000000000001,1.32,False,False
2021-07-07,1.33,0.22,0.05,1.11,1.28,False,False
2021-07-08,1.3,0.19,0.06,1.11,1.24,False,False
2021-07-09,1.37,0.23,0.06,1.1400000000000001,1.31,False,False
2021-07-12,1.38,0.23,0.05,1.15,1.3299999999999998,False,False
2021-07-13,1.42,0.26,0.05,1.16,1.3699999999999999,False,False
2021-07-14,1.37,0.23,0.06,1.1400000000000001,1.31,False,False
2021-07-15,1.31,0.23,0.05,1.08,1.26,False,False
2021-07-16,1.31,0.25,0.05,1.06,1.26,False,False
2021-07-19,1.19,0.21,0.05,0.98,1.14,False,False
2021-07-20,1.23,0.2,0.05,1.03,1.18,False,False
2021-07-21,1.3,0.22,0.05,1.08,1.25,False,False
2021-07-22,1.27,0.2,0.05,1.07,1.22,False,False
2021-07-23,1.3,0.22,0.05,1.08,1.25,False,False
2021-07-26,1.29,0.22,0.05,1.07,1.24,False,False
2021-07-27,1.25,0.2,0.05,1.05,1.2,False,False
2021-07-28,1.26,0.2,0.05,1.06,1.21,False,False
2021-07-29,1.28,0.2,0.06,1.08,1.22,False,False
2021-07-30,1.24,0.19,0.06,1.05,1.18,False,False
2021-08-02,1.2,0.17,0.05,1.03,1.15,False,False
2021-08-03,1.19,0.17,0.05,1.02,1.14,False,False
2021-08-04,1.19,0.17,0.05,1.02,1.14,False,False
2021-08-05,1.23,0.21,0.05,1.02,1.18,False,False
2021-08-06,1.31,0.21,0.06,1.1,1.25,False,False
2021-08-09,1.33,0.23,0.06,1.1,1.27,False,False
2021-08-10,1.36,0.24,0.05,1.12,1.31,False,False
2021-08-11,1.35,0.23,0.05,1.12,1.3,False,False
2021-08-12,1.36,0.23,0.06,1.1300000000000001,1.3,False,False
2021-08-13,1.29,0.23,0.06,1.06,1.23,False,False
2021-08-16,1.26,0.21,0.06,1.05,1.2,False,False
2021-08-17,1.26,0.23,0.07,1.03,1.19,False,False
2021-08-18,1.27,0.23,0.07,1.04,1.2,False,False
2021-08-19,1.24,0.22,0.06,1.02,1.18,False,False
2021-08-20,1.26,0.23,0.05,1.03,1.21,False,False
2021-08-23,1.25,0.23,0.05,1.02,1.2,False,False
2021-08-24,1.29,0.24,0.05,1.05,1.24,False,False
2021-08-25,1.35,0.23,0.06,1.12,1.29,False,False
2021-08-26,1.34,0.25,0.05,1.09,1.29,False,False
2021-08-27,1.31,0.22,0.05,1.09,1.26,False,False
2021-08-30,1.29,0.2,0.05,1.09,1.24,False,False
2021-08-31,1.3,0.2,0.04,1.1,1.26,False,False
2021-09-01,1.31,0.2,0.05,1.11,1.26,False,False
2021-09-02,1.29,0.2,0.05,1.09,1.24,False,False
2021-09-03,1.33,0.21,0.05,1.12,1.28,False,False
2021-09-06,1.33,0.21,0.05,1.12,1.28,False,False
2021-09-07,1.38,0.22,0.05,1.16,1.3299999999999998,False,False
2021-09-08,1.35,0.22,0.05,1.1300000000000001,1.3,False,False
2021-09-09,1.3,0.23,0.04,1.07,1.26,False,False
2021-09-10,1.35,0.23,0.05,1.12,1.3,False,False
2021-09-13,1.33,0.21,0.06,1.12,1.27,False,False
2021-09-14,1.28,0.21,0.04,1.07,1.24,False,False
2021-09-15,1.31,0.21,0.04,1.1,1.27,False,False
2021-09-16,1.34,0.23,0.04,1.11,1.3,False,False
2021-09-17,1.37,0.23,0.04,1.1400000000000001,1.33,False,False
2021-09-20,1.31,0.23,0.04,1.08,1.27,False,False
2021-09-21,1.33,0.22,0.03,1.11,1.3,False,False
2021-09-22,1.32,0.25,0.03,1.07,1.29,False,False
2021-09-23,1.41,0.27,0.03,1.14,1.38,False,False
2021-09-24,1.47,0.29,0.03,1.18,1.44,False,False
2021-09-27,1.48,0.31,0.04,1.17,1.44,False,False
2021-09-28,1.54,0.31,0.04,1.23,1.5,False,False
2021-09-29,1.55,0.3,0.04,1.25,1.51,False,False
2021-09-30,1.52,0.28,0.04,1.24,1.48,False,False
2021-10-01,1.48,0.27,0.04,1.21,1.44,False,False
2021-10-04,1.49,0.27,0.04,1.22,1.45,False,False
2021-10-05,1.54,0.28,0.04,1.26,1.5,False,False
2021-10-06,1.53,0.3,0.04,1.23,1.49,False,False
2021-10-07,1.58,0.32,0.05,1.26,1.53,False,False
2021-10-08,1.61,0.32,0.05,1.29,1.56,False,False
2021-10-11,1.61,0.32,0.05,1.29,1.56,False,False
2021-10-12,1.59,0.35,0.06,1.2400000000000002,1.53,False,False
2021-10-13,1.56,0.37,0.05,1.19,1.51,False,False
2021-10-14,1.52,0.36,0.05,1.1600000000000001,1.47,False,False
2021-10-15,1.59,0.41,0.05,1.1800000000000002,1.54,False,False
2021-10-18,1.59,0.44,0.06,1.1500000000000001,1.53,False,False
2021-10-19,1.65,0.41,0.05,1.24,1.5999999999999999,False,False
2021-10-20,1.65,0.4,0.05,1.25,1.5999999999999999,False,False
2021-10-21,1.68,0.45,0.06,1.23,1.6199999999999999,False,False
2021-10-22,1.66,0.48,0.06,1.18,1.5999999999999999,False,False
2021-10-25,1.64,0.47,0.06,1.17,1.5799999999999998,False,False
2021-10-26,1.63,0.47,0.06,1.16,1.5699999999999998,False,False
2021-10-27,1.54,0.5,0.06,1.04,1.48,False,False
2021-10-28,1.57,0.5,0.06,1.07,1.51,False,False
2021-10-29,1.55,0.48,0.05,1.07,1.5,False,False
2021-11-01,1.58,0.5,0.05,1.08,1.53,False,False
2021-11-02,1.56,0.46,0.05,1.1,1.51,False,False
2021-11-03,1.6,0.47,0.05,1.1300000000000001,1.55,False,False
2021-11-04,1.53,0.41,0.04,1.12,1.49,False,False
2021-11-05,1.45,0.39,0.05,1.06,1.4,False,False
2021-11-08,1.51,0.45,0.06,1.06,1.45,False,False
2021-11-09,1.46,0.41,0.04,1.05,1.42,False,False
2021-11-10,1.56,0.51,0.05,1.05,1.51,False,False
2021-11-11,1.56,0.51,0.05,1.05,1.51,False,False
2021-11-12,1.58,0.53,0.05,1.05,1.53,False,False
2021-11-15,1.63,0.53,0.05,1.0999999999999999,1.5799999999999998,False,False
2021-11-16,1.63,0.54,0.05,1.0899999999999999,1.5799999999999998,False,False
2021-11-17,1.6,0.52,0.05,1.08,1.55,False,False
2021-11-18,1.59,0.52,0.05,1.07,1.54,False,False
2021-11-19,1.54,0.52,0.05,1.02,1.49,False,False
2021-11-22,1.63,0.63,0.05,0.9999999999999999,1.5799999999999998,False,False
2021-11-23,1.67,0.6,0.06,1.0699999999999998,1.6099999999999999,False,False
2021-11-24,1.64,0.64,0.06,0.9999999999999999,1.5799999999999998,False,False
2021-11-25,1.64,0.64,0.06,0.9999999999999999,1.5799999999999998,False,False
2021-11-26,1.48,0.5,0.06,0.98,1.42,False,False
2021-11-29,1.52,0.51,0.06,1.01,1.46,False,False
2021-11-30,1.43,0.52,0.05,0.9099999999999999,1.38,False,False
2021-12-01,1.43,0.56,0.06,0.8699999999999999,1.3699999999999999,False,False
2021-12-02,1.44,0.63,0.05,0.8099999999999999,1.39,False,False
2021-12-03,1.35,0.6,0.06,0.7500000000000001,1.29,False,False
2021-12-06,1.43,0.65,0.05,0.7799999999999999,1.38,False,False
2021-12-07,1.48,0.7,0.06,0.78,1.42,False,False
2021-12-08,1.52,0.68,0.07,0.84,1.45,False,False
2021-12-09,1.49,0.7,0.06,0.79,1.43,False,False
2021-12-10,1.48,0.67,0.06,0.8099999999999999,1.42,False,False
2021-12-13,1.42,0.66,0.05,0.7599999999999999,1.3699999999999999,False,False
2021-12-14,1.44,0.67,0.05,0.7699999999999999,1.39,False,False
2021-12-15,1.47,0.69,0.05,0.78,1.42,False,False
2021-12-16,1.44,0.64,0.05,0.7999999999999999,1.39,False,False
2021-12-17,1.41,0.66,0.05,0.7499999999999999,1.3599999999999999,False,False
2021-12-20,1.43,0.65,0.07,0.7799999999999999,1.3599999999999999,False,False
2021-12-21,1.48,0.7,0.07,0.78,1.41,False,False
2021-12-22,1.46,0.68,0.08,0.7799999999999999,1.38,False,False
2021-12-23,1.5,0.71,0.07,0.79,1.43,False,False
2021-12-24,1.5,0.71,0.07,0.79,1.43,False,False
2021-12-27,1.48,0.76,0.06,0.72,1.42,False,False
2021-12-28,1.49,0.74,0.06,0.75,1.43,False,False
2021-12-29,1.55,0.75,0.05,0.8,1.5,False,False
2021-12-30,1.52,0.73,0.05,0.79,1.47,False,False
2021-12-31,1.52,0.73,0.06,0.79,1.46,False,False
2022-01-03,1.63,0.78,0.08,0.8499999999999999,1.5499999999999998,False,False
2022-01-04,1.66,0.77,0.08,0.8899999999999999,1.5799999999999998,False,False
2022-01-05,1.71,0.83,0.09,0.88,1.6199999999999999,False,False
2022-01-06,1.73,0.88,0.1,0.85,1.63,False,False
2022-01-07,1.76,0.87,0.1,0.89,1.66,False,False
2022-01-10,1.78,0.92,0.13,0.86,1.65,False,False
2022-01-11,1.75,0.9,0.11,0.85,1.64,False,False
2022-01-12,1.74,0.92,0.12,0.82,1.62,False,False
2022-01-13,1.7,0.91,0.12,0.7899999999999999,1.58,False,False
2022-01-14,1.78,0.99,0.13,0.79,1.65,False,False
2022-01-17,1.78,0.99,0.13,0.79,1.65,False,False
2022-01-18,1.87,1.06,0.16,0.81,1.7100000000000002,False,False
2022-01-19,1.83,1.04,0.17,0.79,1.6600000000000001,False,False
2022-01-20,1.83,1.08,0.17,0.75,1.6600000000000001,False,False
2022-01-21,1.75,1.01,0.17,0.74,1.58,False,False
2022-01-24,1.75,0.99,0.19,0.76,1.56,False,False
2022-01-25,1.78,1.02,0.19,0.76,1.59,False,False
2022-01-26,1.85,1.13,0.19,0.7200000000000002,1.6600000000000001,False,False
2022-01-27,1.81,1.18,0.2,0.6300000000000001,1.61,False,False
2022-01-28,1.78,1.15,0.19,0.6300000000000001,1.59,False,False
2022-01-31,1.79,1.18,0.22,0.6100000000000001,1.57,False,False
2022-02-01,1.81,1.18,0.19,0.6300000000000001,1.62,False,False
2022-02-02,1.78,1.16,0.19,0.6200000000000001,1.59,False,False
2022-02-03,1.82,1.19,0.2,0.6300000000000001,1.62,False,False
2022-02-04,1.93,1.31,0.23,0.6199999999999999,1.7,False,False
2022-02-07,1.92,1.3,0.27,0.6199999999999999,1.65,False,False
2022-02-08,1.96,1.35,0.25,0.6099999999999999,1.71,False,False
2022-02-09,1.94,1.36,0.26,0.5799999999999998,1.68,False,False
2022-02-10,2.03,1.61,0.4,0.4199999999999997,1.63,False,False
2022-02-11,1.92,1.5,0.36,0.41999999999999993,1.56,False,False
2022-02-14,1.98,1.58,0.43,0.3999999999999999,1.55,False,False
2022-02-15,2.05,1.58,0.4,0.46999999999999975,1.65,False,False
2022-02-16,2.03,1.52,0.38,0.5099999999999998,1.65,False,False
2022-02-17,1.97,1.49,0.36,0.48,1.6099999999999999,False,False
2022-02-18,1.92,1.47,0.35,0.44999999999999996,1.5699999999999998,False,False
2022-02-21,1.92,1.47,0.35,0.44999999999999996,1.5699999999999998,False,False
2022-02-22,1.94,1.56,0.37,0.3799999999999999,1.5699999999999998,False,False
2022-02-23,1.99,1.58,0.34,0.4099999999999999,1.65,False,False
2022-02-24,1.96,1.54,0.32,0.41999999999999993,1.64,False,False
2022-02-25,1.97,1.55,0.33,0.41999999999999993,1.64,False,False
2022-02-28,1.83,1.44,0.35,0.3900000000000001,1.48,False,False
2022-03-01,1.72,1.31,0.32,0.4099999999999999,1.4,False,False
2022-03-02,1.86,1.5,0.34,0.3600000000000001,1.52,False,False
2022-03-03,1.86,1.53,0.38,0.33000000000000007,1.48,False,False
2022-03-04,1.74,1.5,0.34,0.24,1.4,False,False
2022-03-07,1.78,1.55,0.38,0.22999999999999998,1.4,False,False
2022-03-08,1.86,1.63,0.36,0.2300000000000002,1.5,False,False
2022-03-09,1.94,1.68,0.38,0.26,1.56,False,False
2022-03-10,1.98,1.72,0.39,0.26,1.5899999999999999,False,False
2022-03-11,2.0,1.75,0.4,0.25,1.6,False,False
2022-03-14,2.14,1.87,0.45,0.27,1.6900000000000002,False,False
2022-03-15,2.15,1.85,0.46,0.2999999999999998,1.69,False,False
2022-03-16,2.19,1.95,0.44,0.24,1.75,False,False
2022-03-17,2.2,1.94,0.4,0.26000000000000023,1.8000000000000003,False,False
2022-03-18,2.14,1.97,0.42,0.17000000000000015,1.7200000000000002,False,False
2022-03-21,2.32,2.14,0.54,0.17999999999999972,1.7799999999999998,False,False
2022-03-22,2.38,2.18,0.51,0.19999999999999973,1.8699999999999999,False,False
2022-03-23,2.32,2.13,0.5,0.18999999999999995,1.8199999999999998,False,False
2022-03-24,2.34,2.13,0.52,0.20999999999999996,1.8199999999999998,False,False
2022-03-25,2.48,2.3,0.55,0.18000000000000016,1.93,False,False
2022-03-28,2.46,2.35,0.59,0.10999999999999988,1.87,False,False
2022-03-29,2.41,2.35,0.55,0.06000000000000005,1.86,False,False
2022-03-30,2.35,2.31,0.55,0.040000000000000036,1.8,False,False
2022-03-31,2.32,2.28,0.52,0.040000000000000036,1.7999999999999998,False,False
2022-04-01,2.39,2.44,0.53,-0.04999999999999982,1.86,True,False
2022-04-04,2.42,2.43,0.66,-0.010000000000000231,1.7599999999999998,True,False
2022-04-05,2.54,2.51,0.65,0.03000000000000025,1.8900000000000001,False,False
2022-04-06,2.61,2.5,0.67,0.10999999999999988,1.94,False,False
2022-04-07,2.66,2.47,0.68,0.18999999999999995,1.98,False,False
2022-04-08,2.72,2.53,0.7,0.1900000000000004,2.0200000000000005,False,False
2022-04-11,2.79,2.5,0.77,0.29000000000000004,2.02,False,False
2022-04-12,2.72,2.39,0.74,0.33000000000000007,1.9800000000000002,False,False
2022-04-13,2.7,2.37,0.75,0.33000000000000007,1.9500000000000002,False,False
2022-04-14,2.83,2.47,0.79,0.3599999999999999,2.04,False,False
2022-04-15,2.83,2.47,0.79,0.3599999999999999,2.04,False,False
2022-04-18,2.85,2.46,0.81,0.3900000000000001,2.04,False,False
2022-04-19,2.93,2.61,0.81,0.3200000000000003,2.12,False,False
2022-04-20,2.85,2.6,0.82,0.25,2.0300000000000002,False,False
2022-04-21,2.9,2.68,0.83,0.21999999999999975,2.07,False,False
2022-04-22,2.9,2.72,0.83,0.17999999999999972,2.07,False,False
2022-04-25,2.81,2.63,0.91,0.18000000000000016,1.9,False,False
2022-04-26,2.77,2.54,0.83,0.22999999999999998,1.94,False,False
2022-04-27,2.82,2.58,0.82,0.23999999999999977,2.0,False,False
2022-04-28,2.85,2.63,0.82,0.2200000000000002,2.0300000000000002,False,False
2022-04-29,2.89,2.7,0.85,0.18999999999999995,2.04,False,False
2022-05-02,2.99,2.73,0.9,0.26000000000000023,2.0900000000000003,False,False
2022-05-03,2.97,2.78,0.91,0.1900000000000004,2.06,False,False
2022-05-04,2.93,2.66,0.89,0.27,2.04,False,False
2022-05-05,3.05,2.71,0.85,0.33999999999999986,2.1999999999999997,False,False
2022-05-06,3.12,2.72,0.85,0.3999999999999999,2.27,False,False
2022-05-09,3.05,2.61,0.92,0.43999999999999995,2.13,False,False
2022-05-10,2.99,2.62,0.89,0.3700000000000001,2.1,False,False
2022-05-11,2.91,2.66,0.91,0.25,2.0,False,False
2022-05-12,2.84,2.56,0.96,0.2799999999999998,1.88,False,False
2022-05-13,2.93,2.61,1.03,0.3200000000000003,1.9000000000000001,False,False
2022-05-16,2.88,2.58,1.07,0.2999999999999998,1.8099999999999998,False,False
2022-05-17,2.98,2.71,1.06,0.27,1.92,False,False
2022-05-18,2.89,2.68,1.03,0.20999999999999996,1.86,False,False
2022-05-19,2.84,2.63,1.05,0.20999999999999996,1.7899999999999998,False,False
2022-05-20,2.78,2.6,1.03,0.17999999999999972,1.7499999999999998,False,False
2022-05-23,2.86,2.65,1.07,0.20999999999999996,1.7899999999999998,False,False
2022-05-24,2.76,2.5,1.06,0.2599999999999998,1.6999999999999997,False,False
2022-05-25,2.75,2.48,1.06,0.27,1.69,False,False
2022-05-26,2.75,2.46,1.07,0.29000000000000004,1.68,False,False
2022-05-27,2.74,2.47,1.08,0.27,1.6600000000000001,False,False
2022-05-30,2.74,2.47,1.08,0.27,1.6600000000000001,False,False
2022-05-31,2.85,2.53,1.16,0.3200000000000003,1.6900000000000002,False,False
2022-06-01,2.94,2.66,1.15,0.2799999999999998,1.79,False,False
2022-06-02,2.92,2.65,1.17,0.27,1.75,False,False
2022-06-03,2.96,2.66,1.21,0.2999999999999998,1.75,False,False
2022-06-06,3.04,2.73,1.26,0.31000000000000005,1.78,False,False
2022-06-07,2.98,2.75,1.26,0.22999999999999998,1.72,False,False
2022-06-08,3.03,2.78,1.28,0.25,1.7499999999999998,False,False
2022-06-09,3.04,2.83,1.3,0.20999999999999996,1.74,False,False
2022-06-10,3.15,3.06,1.39,0.08999999999999986,1.76,False,False
2022-06-13,3.43,3.4,1.73,0.03000000000000025,1.7000000000000002,False,False
2022-06-14,3.49,3.45,1.83,0.040000000000000036,1.6600000000000001,False,False
2022-06-15,3.33,3.2,1.74,0.1299999999999999,1.59,False,False
2022-06-16,3.28,3.14,1.59,0.13999999999999968,1.6899999999999997,False,False
2022-06-17,3.25,3.17,1.63,0.08000000000000007,1.62,False,False
2022-06-20,3.25,3.17,1.63,0.08000000000000007,1.62,False,False
2022-06-21,3.31,3.21,1.7,0.10000000000000009,1.61,False,False
2022-06-22,3.16,3.06,1.61,0.10000000000000009,1.55,False,False
2022-06-23,3.09,3.01,1.65,0.08000000000000007,1.44,False,False
2022-06-24,3.13,3.04,1.73,0.08999999999999986,1.4,False,False
2022-06-27,3.2,3.08,1.79,0.1200000000000001,1.4100000000000001,False,False
2022-06-28,3.2,3.1,1.79,0.10000000000000009,1.4100000000000001,False,False
2022-06-29,3.1,3.06,1.78,0.040000000000000036,1.32,False,False
2022-06-30,2.98,2.92,1.72,0.06000000000000005,1.26,False,False
2022-07-01,2.88,2.84,1.73,0.040000000000000036,1.15,False,False
2022-07-04,2.88,2.84,1.73,0.040000000000000036,1.15,False,False
2022-07-05,2.82,2.82,1.9,0.0,0.9199999999999999,False,False
2022-07-06,2.93,2.97,1.9,-0.040000000000000036,1.0300000000000002,True,False
2022-07-07,3.01,3.03,1.95,-0.020000000000000018,1.0599999999999998,True,False
2022-07-08,3.09,3.12,1.98,-0.03000000000000025,1.1099999999999999,True,False
2022-07-11,2.99,3.07,2.18,-0.07999999999999963,0.81,True,False
2022-07-12,2.96,3.03,2.22,-0.06999999999999984,0.7399999999999998,True,False
2022-07-13,2.91,3.13,2.39,-0.21999999999999975,0.52,True,False
2022-07-14,2.96,3.15,2.4,-0.18999999999999995,0.56,True,False
2022-07-15,2.93,3.13,2.37,-0.19999999999999973,0.56,True,False
2022-07-18,2.96,3.15,2.5,-0.18999999999999995,0.45999999999999996,True,False
2022-07-19,3.01,3.23,2.52,-0.2200000000000002,0.48999999999999977,True,False
2022-07-20,3.04,3.25,2.51,-0.20999999999999996,0.5300000000000002,True,False
2022-07-21,2.91,3.1,2.48,-0.18999999999999995,0.43000000000000016,True,False
2022-07-22,2.77,2.98,2.49,-0.20999999999999996,0.2799999999999998,True,False
2022-07-25,2.81,3.0,2.62,-0.18999999999999995,0.18999999999999995,True,False
2022-07-26,2.81,3.02,2.55,-0.20999999999999996,0.26000000000000023,True,False
2022-07-27,2.78,2.96,2.44,-0.18000000000000016,0.33999999999999986,True,False
2022-07-28,2.68,2.85,2.42,-0.16999999999999993,0.26000000000000023,True,False
2022-07-29,2.67,2.89,2.41,-0.2200000000000002,0.2599999999999998,True,False
2022-08-01,2.6,2.9,2.56,-0.2999999999999998,0.040000000000000036,True,False
2022-08-02,2.75,3.06,2.56,-0.31000000000000005,0.18999999999999995,True,False
2022-08-03,2.73,3.1,2.52,-0.3700000000000001,0.20999999999999996,True,False
2022-08-04,2.68,3.03,2.5,-0.34999999999999964,0.18000000000000016,True,False
2022-08-05,2.83,3.24,2.58,-0.41000000000000014,0.25,True,False
2022-08-08,2.77,3.21,2.65,-0.43999999999999995,0.1200000000000001,True,False
2022-08-09,2.8,3.28,2.67,-0.48,0.1299999999999999,True,False
2022-08-10,2.78,3.23,2.65,-0.4500000000000002,0.1299999999999999,True,False
2022-08-11,2.87,3.23,2.62,-0.3599999999999999,0.25,True,False
2022-08-12,2.84,3.25,2.63,-0.41000000000000014,0.20999999999999996,True,False
2022-08-15,2.79,3.2,2.72,-0.41000000000000014,0.06999999999999984,True,False
2022-08-16,2.82,3.25,2.7,-0.43000000000000016,0.11999999999999966,True,False
2022-08-17,2.89,3.28,2.68,-0.3899999999999997,0.20999999999999996,True,False
2022-08-18,2.88,3.22,2.71,-0.3400000000000003,0.16999999999999993,True,False
2022-08-19,2.98,3.25,2.74,-0.27,0.23999999999999977,True,False
2022-08-22,3.03,3.32,2.82,-0.29000000000000004,0.20999999999999996,True,False
2022-08-23,3.05,3.29,2.8,-0.2400000000000002,0.25,True,False
2022-08-24,3.11,3.36,2.82,-0.25,0.29000000000000004,True,False
2022-08-25,3.03,3.35,2.88,-0.3200000000000003,0.1499999999999999,True,False
2022-08-26,3.04,3.37,2.89,-0.33000000000000007,0.1499999999999999,True,False
2022-08-29,3.12,3.42,2.97,-0.2999999999999998,0.1499999999999999,True,False
2022-08-30,3.11,3.46,2.97,-0.3500000000000001,0.13999999999999968,True,False
2022-08-31,3.15,3.45,2.96,-0.30000000000000027,0.18999999999999995,True,False
2022-09-01,3.26,3.51,2.97,-0.25,0.2899999999999996,True,False
2022-09-02,3.2,3.4,2.94,-0.19999999999999973,0.26000000000000023,True,False
2022-09-05,3.2,3.4,2.94,-0.19999999999999973,0.26000000000000023,True,False
2022-09-06,3.33,3.5,3.04,-0.16999999999999993,0.29000000000000004,True,False
2022-09-07,3.27,3.45,3.07,-0.18000000000000016,0.20000000000000018,True,False
2022-09-08,3.29,3.48,3.06,-0.18999999999999995,0.22999999999999998,True,False
2022-09-09,3.33,3.56,3.08,-0.22999999999999998,0.25,True,False
2022-09-12,3.37,3.58,3.17,-0.20999999999999996,0.20000000000000018,True,False
2022-09-13,3.42,3.75,3.28,-0.33000000000000007,0.14000000000000012,True,False
2022-09-14,3.41,3.78,3.24,-0.36999999999999966,0.16999999999999993,True,False
2022-09-15,3.45,3.87,3.22,-0.41999999999999993,0.22999999999999998,True,False
2022-09-16,3.45,3.85,3.2,-0.3999999999999999,0.25,True,False
2022-09-19,3.49,3.95,3.37,-0.45999999999999996,0.1200000000000001,True,False
2022-09-20,3.57,3.96,3.35,-0.3900000000000001,0.21999999999999975,True,False
2022-09-21,3.51,4.02,3.31,-0.5099999999999998,0.19999999999999973,True,False
2022-09-22,3.7,4.11,3.29,-0.41000000000000014,0.41000000000000014,True,False
2022-09-23,3.69,4.2,3.24,-0.5100000000000002,0.44999999999999973,True,False
2022-09-26,3.88,4.27,3.39,-0.3899999999999997,0.48999999999999977,True,False
2022-09-27,3.97,4.3,3.35,-0.3299999999999996,0.6200000000000001,True,False
2022-09-28,3.72,4.07,3.4,-0.3500000000000001,0.3200000000000003,True,False
2022-09-29,3.76,4.16,3.36,-0.40000000000000036,0.3999999999999999,True,False
2022-09-30,3.83,4.22,3.33,-0.3899999999999997,0.5,True,False
2022-10-03,3.67,4.12,3.46,-0.4500000000000002,0.20999999999999996,True,False
2022-10-04,3.62,4.1,3.45,-0.47999999999999954,0.16999999999999993,True,False
2022-10-05,3.76,4.15,3.46,-0.39000000000000057,0.2999999999999998,True,False
2022-10-06,3.83,4.23,3.46,-0.40000000000000036,0.3700000000000001,True,False
2022-10-07,3.89,4.3,3.45,-0.4099999999999997,0.43999999999999995,True,False
2022-10-10,3.89,4.3,3.45,-0.4099999999999997,0.43999999999999995,True,False
2022-10-11,3.93,4.3,3.67,-0.36999999999999966,0.26000000000000023,True,False
2022-10-12,3.91,4.28,3.7,-0.3700000000000001,0.20999999999999996,True,False
2022-10-13,3.97,4.47,3.79,-0.49999999999999956,0.18000000000000016,True,False
2022-10-14,4.0,4.48,3.81,-0.4800000000000004,0.18999999999999995,True,False
2022-10-17,4.02,4.45,3.97,-0.4300000000000006,0.04999999999999938,True,False
2022-10-18,4.01,4.43,4.04,-0.41999999999999993,-0.03000000000000025,True,True
2022-10-19,4.14,4.55,4.07,-0.41000000000000014,0.0699999999999994,True,False
2022-10-20,4.24,4.62,4.09,-0.3799999999999999,0.15000000000000036,True,False
2022-10-21,4.21,4.49,4.09,-0.28000000000000025,0.1200000000000001,True,False
2022-10-24,4.25,4.5,4.16,-0.25,0.08999999999999986,True,False
2022-10-25,4.1,4.42,4.14,-0.3200000000000003,-0.040000000000000036,True,True
2022-10-26,4.04,4.39,4.11,-0.34999999999999964,-0.07000000000000028,True,True
2022-10-27,3.96,4.3,4.13,-0.33999999999999986,-0.16999999999999993,True,True
2022-10-28,4.02,4.41,4.18,-0.39000000000000057,-0.16000000000000014,True,True
2022-10-31,4.1,4.51,4.22,-0.41000000000000014,-0.1200000000000001,True,True
2022-11-01,4.07,4.54,4.23,-0.46999999999999975,-0.16000000000000014,True,True
2022-11-02,4.1,4.61,4.22,-0.5100000000000007,-0.1200000000000001,True,True
2022-11-03,4.14,4.71,4.25,-0.5700000000000003,-0.11000000000000032,True,True
2022-11-04,4.17,4.66,4.21,-0.4900000000000002,-0.040000000000000036,True,True
2022-11-07,4.22,4.72,4.29,-0.5,-0.07000000000000028,True,True
2022-11-08,4.14,4.67,4.28,-0.5300000000000002,-0.14000000000000057,True,True
2022-11-09,4.12,4.61,4.29,-0.4900000000000002,-0.16999999999999993,True,True
2022-11-10,3.82,4.34,4.28,-0.52,-0.4600000000000004,True,True
2022-11-11,3.82,4.34,4.28,-0.52,-0.4600000000000004,True,True
2022-11-14,3.88,4.4,4.34,-0.5200000000000005,-0.45999999999999996,True,True
2022-11-15,3.8,4.37,4.31,-0.5700000000000003,-0.5099999999999998,True,True
2022-11-16,3.67,4.35,4.32,-0.6799999999999997,-0.6500000000000004,True,True
2022-11-17,3.77,4.43,4.32,-0.6599999999999997,-0.5500000000000003,True,True
2022-11-18,3.82,4.51,4.34,-0.69,-0.52,True,True
2022-11-21,3.83,4.48,4.41,-0.6500000000000004,-0.5800000000000001,True,True
2022-11-22,3.76,4.47,4.4,-0.71,-0.6400000000000006,True,True
2022-11-23,3.71,4.46,4.4,-0.75,-0.6900000000000004,True,True
2022-11-24,3.71,4.46,4.4,-0.75,-0.6900000000000004,True,True
2022-11-25,3.68,4.42,4.41,-0.7399999999999998,-0.73,True,True
2022-11-28,3.69,4.46,4.41,-0.77,-0.7200000000000002,True,True
2022-11-29,3.75,4.48,4.38,-0.7300000000000004,-0.6299999999999999,True,True
2022-11-30,3.68,4.38,4.37,-0.6999999999999997,-0.69,True,True
2022-12-01,3.53,4.25,4.33,-0.7200000000000002,-0.8000000000000003,True,True
2022-12-02,3.51,4.28,4.34,-0.7700000000000005,-0.8300000000000001,True,True
2022-12-05,3.6,4.41,4.36,-0.81,-0.7600000000000002,True,True
2022-12-06,3.51,4.34,4.37,-0.8300000000000001,-0.8600000000000003,True,True
2022-12-07,3.42,4.26,4.29,-0.8399999999999999,-0.8700000000000001,True,True
2022-12-08,3.48,4.31,4.28,-0.8299999999999996,-0.8000000000000003,True,True
2022-12-09,3.57,4.33,4.31,-0.7600000000000002,-0.7399999999999998,True,True
2022-12-12,3.61,4.39,4.38,-0.7799999999999998,-0.77,True,True
2022-12-13,3.51,4.22,4.35,-0.71,-0.8399999999999999,True,True
2022-12-14,3.49,4.23,4.33,-0.7400000000000002,-0.8399999999999999,True,True
2022-12-15,3.44,4.23,4.34,-0.7900000000000005,-0.8999999999999999,True,True
2022-12-16,3.48,4.17,4.31,-0.69,-0.8299999999999996,True,True
2022-12-19,3.57,4.25,4.37,-0.6800000000000002,-0.8000000000000003,True,True
2022-12-20,3.69,4.25,4.35,-0.56,-0.6599999999999997,True,True
2022-12-21,3.68,4.21,4.33,-0.5299999999999998,-0.6499999999999999,True,True
2022-12-22,3.67,4.24,4.35,-0.5700000000000003,-0.6799999999999997,True,True
2022-12-23,3.75,4.31,4.34,-0.5599999999999996,-0.5899999999999999,True,True
2022-12-26,3.75,4.31,4.34,-0.5599999999999996,-0.5899999999999999,True,True
2022-12-27,3.84,4.32,4.46,-0.4800000000000004,-0.6200000000000001,True,True
2022-12-28,3.88,4.31,4.46,-0.4299999999999997,-0.5800000000000001,True,True
2022-12-29,3.83,4.34,4.45,-0.5099999999999998,-0.6200000000000001,True,True
2022-12-30,3.88,4.41,4.42,-0.5300000000000002,-0.54,True,True
2023-01-02,3.88,4.41,4.42,-0.5300000000000002,-0.54,True,True
2023-01-03,3.79,4.4,4.53,-0.6100000000000003,-0.7400000000000002,True,True
2023-01-04,3.69,4.36,4.55,-0.6700000000000004,-0.8599999999999999,True,True
2023-01-05,3.71,4.45,4.66,-0.7400000000000002,-0.9500000000000002,True,True
2023-01-06,3.55,4.24,4.67,-0.6900000000000004,-1.12,True,True
2023-01-09,3.53,4.19,4.7,-0.6600000000000006,-1.1700000000000004,True,True
2023-01-10,3.61,4.24,4.73,-0.6300000000000003,-1.1200000000000006,True,True
2023-01-11,3.54,4.2,4.72,-0.6600000000000001,-1.1799999999999997,True,True
2023-01-12,3.43,4.12,4.66,-0.69,-1.23,True,True
2023-01-13,3.49,4.22,4.67,-0.7299999999999995,-1.1799999999999997,True,True
2023-01-16,3.49,4.22,4.67,-0.7299999999999995,-1.1799999999999997,True,True
2023-01-17,3.53,4.18,4.71,-0.6499999999999999,-1.1800000000000002,True,True
2023-01-18,3.37,4.06,4.69,-0.6899999999999995,-1.3200000000000003,True,True
2023-01-19,3.39,4.09,4.71,-0.6999999999999997,-1.3199999999999998,True,True
2023-01-20,3.48,4.14,4.72,-0.6599999999999997,-1.2399999999999998,True,True
2023-01-23,3.52,4.21,4.73,-0.69,-1.2100000000000004,True,True
2023-01-24,3.46,4.12,4.72,-0.6600000000000001,-1.2599999999999998,True,True
2023-01-25,3.46,4.11,4.72,-0.6500000000000004,-1.2599999999999998,True,True
2023-01-26,3.49,4.17,4.71,-0.6799999999999997,-1.2199999999999998,True,True
2023-01-27,3.52,4.19,4.73,-0.6700000000000004,-1.2100000000000004,True,True
2023-01-30,3.55,4.25,4.72,-0.7000000000000002,-1.17,True,True
2023-01-31,3.52,4.21,4.7,-0.69,-1.1800000000000002,True,True
2023-02-01,3.39,4.09,4.66,-0.6999999999999997,-1.27,True,True
2023-02-02,3.4,4.09,4.66,-0.69,-1.2600000000000002,True,True
2023-02-03,3.53,4.3,4.7,-0.77,-1.1700000000000004,True,True
2023-02-06,3.63,4.44,4.71,-0.8100000000000005,-1.08,True,True
2023-02-07,3.67,4.47,4.71,-0.7999999999999998,-1.04,True,True
2023-02-08,3.63,4.45,4.72,-0.8200000000000003,-1.0899999999999999,True,True
2023-02-09,3.67,4.48,4.77,-0.8100000000000005,-1.0999999999999996,True,True
2023-02-10,3.74,4.5,4.79,-0.7599999999999998,-1.0499999999999998,True,True
2023-02-13,3.72,4.52,4.81,-0.7999999999999994,-1.0899999999999994,True,True
2023-02-14,3.77,4.6,4.8,-0.8299999999999996,-1.0299999999999998,True,True
2023-02-15,3.81,4.62,4.79,-0.81,-0.98,True,True
2023-02-16,3.86,4.62,4.84,-0.7600000000000002,-0.98,True,True
2023-02-17,3.82,4.6,4.84,-0.7799999999999998,-1.02,True,True
2023-02-20,3.82,4.6,4.84,-0.7799999999999998,-1.02,True,True
2023-02-21,3.95,4.67,4.86,-0.7199999999999998,-0.9100000000000001,True,True
2023-02-22,3.93,4.66,4.84,-0.73,-0.9099999999999997,True,True
2023-02-23,3.88,4.66,4.84,-0.7800000000000002,-0.96,True,True
2023-02-24,3.95,4.78,4.86,-0.8300000000000001,-0.9100000000000001,True,True
2023-02-27,3.92,4.78,4.89,-0.8600000000000003,-0.9699999999999998,True,True
2023-02-28,3.92,4.81,4.88,-0.8899999999999997,-0.96,True,True
2023-03-01,4.01,4.89,4.9,-0.8799999999999999,-0.8900000000000006,True,True
2023-03-02,4.08,4.89,4.91,-0.8099999999999996,-0.8300000000000001,True,True
2023-03-03,3.97,4.86,4.91,-0.8900000000000001,-0.94,True,True
2023-03-06,3.98,4.89,4.93,-0.9099999999999997,-0.9499999999999997,True,True
2023-03-07,3.97,5.0,5.04,-1.0299999999999998,-1.0699999999999998,True,True
2023-03-08,3.98,5.05,5.06,-1.0699999999999998,-1.0799999999999996,True,True
2023-03-09,3.93,4.9,5.05,-0.9700000000000002,-1.1199999999999997,True,True
2023-03-10,3.7,4.6,5.01,-0.8999999999999995,-1.3099999999999996,True,True
2023-03-13,3.55,4.03,4.87,-0.4800000000000004,-1.3200000000000003,True,True
2023-03-14,3.64,4.2,4.88,-0.56,-1.2399999999999998,True,True
2023-03-15,3.51,3.93,4.75,-0.4200000000000004,-1.2400000000000002,True,True
2023-03-16,3.56,4.14,4.74,-0.5799999999999996,-1.1800000000000002,True,True
2023-03-17,3.39,3.81,4.52,-0.41999999999999993,-1.1299999999999994,True,True
2023-03-20,3.47,3.92,4.81,-0.44999999999999973,-1.3399999999999994,True,True
2023-03-21,3.59,4.17,4.78,-0.5800000000000001,-1.1900000000000004,True,True
2023-03-22,3.48,3.96,4.79,-0.48,-1.31,True,True
2023-03-23,3.38,3.76,4.73,-0.3799999999999999,-1.3500000000000005,True,True
2023-03-24,3.38,3.76,4.74,-0.3799999999999999,-1.3600000000000003,True,True
2023-03-27,3.53,3.94,4.91,-0.41000000000000014,-1.3800000000000003,True,True
2023-03-28,3.55,4.02,4.8,-0.46999999999999975,-1.25,True,True
2023-03-29,3.57,4.08,4.8,-0.5100000000000002,-1.23,True,True
2023-03-30,3.55,4.1,4.97,-0.5499999999999998,-1.42,True,True
2023-03-31,3.48,4.06,4.85,-0.5799999999999996,-1.3699999999999997,True,True
2023-04-03,3.43,3.97,4.9,-0.54,-1.4700000000000002,True,True
2023-04-04,3.35,3.84,4.88,-0.48999999999999977,-1.5299999999999998,True,True
2023-04-05,3.3,3.79,4.86,-0.4900000000000002,-1.5600000000000005,True,True
2023-04-06,3.3,3.82,4.91,-0.52,-1.6100000000000003,True,True
2023-04-07,3.39,3.97,4.95,-0.5800000000000001,-1.56,True,True
2023-04-10,3.41,4.0,5.08,-0.5899999999999999,-1.67,True,True
2023-04-11,3.43,4.03,5.04,-0.6000000000000001,-1.6099999999999999,True,True
2023-04-12,3.41,3.95,5.02,-0.54,-1.6099999999999994,True,True
2023-04-13,3.45,3.96,5.1,-0.5099999999999998,-1.6499999999999995,True,True
2023-04-14,3.52,4.08,5.14,-0.56,-1.6199999999999997,True,True
2023-04-17,3.6,4.18,5.21,-0.5799999999999996,-1.6099999999999999,True,True
2023-04-18,3.58,4.19,5.2,-0.6100000000000003,-1.62,True,True
2023-04-19,3.6,4.24,5.16,-0.6400000000000001,-1.56,True,True
2023-04-20,3.54,4.14,5.12,-0.5999999999999996,-1.58,True,True
2023-04-21,3.57,4.17,5.14,-0.6000000000000001,-1.5699999999999998,True,True
2023-04-24,3.52,4.12,5.2,-0.6000000000000001,-1.6800000000000002,True,True
2023-04-25,3.4,3.86,5.12,-0.45999999999999996,-1.7200000000000002,True,True
2023-04-26,3.43,3.9,5.16,-0.46999999999999975,-1.73,True,True
2023-04-27,3.53,4.07,5.18,-0.5400000000000005,-1.65,True,True
2023-04-28,3.44,4.04,5.1,-0.6000000000000001,-1.6599999999999997,True,True
2023-05-01,3.59,4.14,5.27,-0.5499999999999998,-1.6799999999999997,True,True
2023-05-02,3.44,3.97,5.24,-0.5300000000000002,-1.8000000000000003,True,True
2023-05-03,3.38,3.89,5.26,-0.5100000000000002,-1.88,True,True
2023-05-04,3.37,3.75,5.26,-0.3799999999999999,-1.8899999999999997,True,True
2023-05-05,3.44,3.92,5.26,-0.48,-1.8199999999999998,True,True
2023-05-08,3.52,4.0,5.31,-0.48,-1.7899999999999996,True,True
2023-05-09,3.53,4.01,5.29,-0.48,-1.7600000000000002,True,True
2023-05-10,3.43,3.9,5.24,-0.46999999999999975,-1.81,True,True
2023-05-11,3.39,3.89,5.2,-0.5,-1.81,True,True
2023-05-12,3.46,3.98,5.25,-0.52,-1.79,True,True
2023-05-15,3.5,3.99,5.21,-0.4900000000000002,-1.71,True,True
2023-05-16,3.54,4.06,5.23,-0.5199999999999996,-1.6900000000000004,True,True
2023-05-17,3.57,4.12,5.26,-0.5500000000000003,-1.69,True,True
2023-05-18,3.65,4.24,5.31,-0.5900000000000003,-1.6599999999999997,True,True
2023-05-19,3.7,4.28,5.29,-0.5800000000000001,-1.5899999999999999,True,True
2023-05-22,3.72,4.29,5.4,-0.5699999999999998,-1.6800000000000002,True,True
2023-05-23,3.7,4.26,5.34,-0.5599999999999996,-1.6399999999999997,True,True
2023-05-24,3.73,4.31,5.37,-0.5799999999999996,-1.6400000000000001,True,True
2023-05-25,3.83,4.5,5.38,-0.6699999999999999,-1.5499999999999998,True,True
2023-05-26,3.8,4.54,5.34,-0.7400000000000002,-1.54,True,True
2023-05-29,3.8,4.54,5.34,-0.7400000000000002,-1.54,True,True
2023-05-30,3.69,4.46,5.55,-0.77,-1.8599999999999999,True,True
2023-05-31,3.64,4.4,5.52,-0.7600000000000002,-1.8799999999999994,True,True
2023-06-01,3.61,4.33,5.5,-0.7200000000000002,-1.8900000000000001,True,True
2023-06-02,3.69,4.5,5.5,-0.81,-1.81,True,True
2023-06-05,3.69,4.46,5.46,-0.77,-1.77,True,True
2023-06-06,3.7,4.51,5.44,-0.8099999999999996,-1.7400000000000002,True,True
2023-06-07,3.79,4.56,5.42,-0.7699999999999996,-1.63,True,True
2023-06-08,3.73,4.52,5.38,-0.7899999999999996,-1.65,True,True
2023-06-09,3.75,4.59,5.37,-0.8399999999999999,-1.62,True,True
2023-06-12,3.73,4.55,5.4,-0.8199999999999998,-1.6700000000000004,True,True
2023-06-13,3.84,4.67,5.36,-0.8300000000000001,-1.5200000000000005,True,True
2023-06-14,3.83,4.74,5.36,-0.9100000000000001,-1.5300000000000002,True,True
2023-06-15,3.72,4.62,5.33,-0.8999999999999999,-1.6099999999999999,True,True
2023-06-16,3.77,4.7,5.34,-0.9300000000000002,-1.5699999999999998,True,True
2023-06-19,3.77,4.7,5.34,-0.9300000000000002,-1.5699999999999998,True,True
2023-06-20,3.74,4.68,5.39,-0.9399999999999995,-1.6499999999999995,True,True
2023-06-21,3.72,4.68,5.4,-0.9599999999999995,-1.6800000000000002,True,True
2023-06-22,3.8,4.77,5.4,-0.9699999999999998,-1.6000000000000005,True,True
2023-06-23,3.74,4.71,5.41,-0.9699999999999998,-1.67,True,True
2023-06-26,3.72,4.65,5.5,-0.9300000000000002,-1.7799999999999998,True,True
2023-06-27,3.77,4.74,5.44,-0.9700000000000002,-1.6700000000000004,True,True
2023-06-28,3.71,4.71,5.44,-1.0,-1.7300000000000004,True,True
2023-06-29,3.85,4.87,5.46,-1.02,-1.6099999999999999,True,True
2023-06-30,3.81,4.87,5.43,-1.06,-1.6199999999999997,True,True
2023-07-03,3.86,4.94,5.44,-1.0800000000000005,-1.5800000000000005,True,True
2023-07-04,3.86,4.94,5.44,-1.0800000000000005,-1.5800000000000005,True,True
2023-07-05,3.95,4.94,5.44,-0.9900000000000002,-1.4900000000000002,True,True
2023-07-06,4.05,4.99,5.46,-0.9400000000000004,-1.4100000000000001,True,True
2023-07-07,4.06,4.94,5.46,-0.8800000000000008,-1.4000000000000004,True,True
2023-07-10,4.01,4.85,5.48,-0.8399999999999999,-1.4700000000000006,True,True
2023-07-11,3.99,4.88,5.49,-0.8899999999999997,-1.5,True,True
2023-07-12,3.86,4.72,5.47,-0.8599999999999999,-1.6099999999999999,True,True
2023-07-13,3.76,4.59,5.47,-0.8300000000000001,-1.71,True,True
2023-07-14,3.83,4.74,5.49,-0.9100000000000001,-1.6600000000000001,True,True
2023-07-17,3.81,4.74,5.49,-0.9300000000000002,-1.6800000000000002,True,True
2023-07-18,3.8,4.74,5.49,-0.9400000000000004,-1.6900000000000004,True,True
2023-07-19,3.75,4.74,5.49,-0.9900000000000002,-1.7400000000000002,True,True
2023-07-20,3.85,4.8,5.49,-0.9499999999999997,-1.6400000000000001,True,True
2023-07-21,3.84,4.82,5.5,-0.9800000000000004,-1.6600000000000001,True,True
2023-07-24,3.86,4.81,5.51,-0.9499999999999997,-1.65,True,True
2023-07-25,3.91,4.85,5.51,-0.9399999999999995,-1.5999999999999996,True,True
2023-07-26,3.86,4.82,5.51,-0.9600000000000004,-1.65,True,True
2023-07-27,4.01,4.91,5.51,-0.9000000000000004,-1.5,True,True
2023-07-28,3.96,4.87,5.52,-0.9100000000000001,-1.5599999999999996,True,True
2023-07-31,3.97,4.88,5.55,-0.9099999999999997,-1.5799999999999996,True,True
2023-08-01,4.05,4.92,5.54,-0.8700000000000001,-1.4900000000000002,True,True
2023-08-02,4.08,4.88,5.53,-0.7999999999999998,-1.4500000000000002,True,True
2023-08-03,4.2,4.9,5.54,-0.7000000000000002,-1.3399999999999999,True,True
2023-08-04,4.05,4.78,5.54,-0.7300000000000004,-1.4900000000000002,True,True
2023-08-07,4.09,4.76,5.56,-0.6699999999999999,-1.4699999999999998,True,True
2023-08-08,4.02,4.74,5.57,-0.7200000000000006,-1.5500000000000007,True,True
2023-08-09,4.0,4.79,5.55,-0.79,-1.5499999999999998,True,True
2023-08-10,4.09,4.82,5.54,-0.7300000000000004,-1.4500000000000002,True,True
2023-08-11,4.16,4.89,5.54,-0.7299999999999995,-1.38,True,True
2023-08-14,4.19,4.96,5.56,-0.7699999999999996,-1.3699999999999992,True,True
2023-08-15,4.21,4.92,5.56,-0.71,-1.3499999999999996,True,True
2023-08-16,4.28,4.97,5.56,-0.6899999999999995,-1.2799999999999994,True,True
2023-08-17,4.3,4.94,5.56,-0.6400000000000006,-1.2599999999999998,True,True
2023-08-18,4.26,4.92,5.55,-0.6600000000000001,-1.29,True,True
2023-08-21,4.34,4.97,5.57,-0.6299999999999999,-1.2300000000000004,True,True
2023-08-22,4.34,5.02,5.57,-0.6799999999999997,-1.2300000000000004,True,True
2023-08-23,4.19,4.95,5.57,-0.7599999999999998,-1.38,True,True
2023-08-24,4.23,4.98,5.58,-0.75,-1.3499999999999996,True,True
2023-08-25,4.25,5.03,5.61,-0.7800000000000002,-1.3600000000000003,True,True
2023-08-28,4.2,4.98,5.58,-0.7800000000000002,-1.38,True,True
2023-08-29,4.12,4.87,5.56,-0.75,-1.4399999999999995,True,True
2023-08-30,4.12,4.9,5.56,-0.7800000000000002,-1.4399999999999995,True,True
2023-08-31,4.09,4.85,5.56,-0.7599999999999998,-1.4699999999999998,True,True
2023-09-01,4.18,4.87,5.53,-0.6900000000000004,-1.3500000000000005,True,True
2023-09-04,4.18,4.87,5.53,-0.6900000000000004,-1.3500000000000005,True,True
2023-09-05,4.27,4.94,5.55,-0.6700000000000008,-1.2800000000000002,True,True
2023-09-06,4.3,5.01,5.55,-0.71,-1.25,True,True
2023-09-07,4.27,4.94,5.53,-0.6700000000000008,-1.2600000000000007,True,True
2023-09-08,4.26,4.98,5.55,-0.7200000000000006,-1.29,True,True
2023-09-11,4.29,4.97,5.55,-0.6799999999999997,-1.2599999999999998,True,True
2023-09-12,4.27,4.98,5.56,-0.7100000000000009,-1.29,True,True
2023-09-13,4.25,4.96,5.55,-0.71,-1.2999999999999998,True,True
2023-09-14,4.29,5.0,5.55,-0.71,-1.2599999999999998,True,True
2023-09-15,4.33,5.02,5.56,-0.6899999999999995,-1.2299999999999995,True,True
2023-09-18,4.32,5.05,5.55,-0.7299999999999995,-1.2299999999999995,True,True
2023-09-19,4.37,5.08,5.54,-0.71,-1.17,True,True
2023-09-20,4.35,5.12,5.56,-0.7700000000000005,-1.21,True,True
2023-09-21,4.49,5.12,5.57,-0.6299999999999999,-1.08,True,True
2023-09-22,4.44,5.1,5.56,-0.6599999999999993,-1.1199999999999992,True,True
2023-09-25,4.55,5.09,5.58,-0.54,-1.0300000000000002,True,True
2023-09-26,4.56,5.04,5.58,-0.4800000000000004,-1.0200000000000005,True,True
2023-09-27,4.61,5.1,5.58,-0.4899999999999993,-0.9699999999999998,True,True
2023-09-28,4.59,5.04,5.56,-0.4500000000000002,-0.9699999999999998,True,True
2023-09-29,4.59,5.03,5.55,-0.4400000000000004,-0.96,True,True
2023-10-02,4.69,5.12,5.62,-0.4299999999999997,-0.9299999999999997,True,True
2023-10-03,4.81,5.15,5.62,-0.34000000000000075,-0.8100000000000005,True,True
2023-10-04,4.73,5.05,5.61,-0.3199999999999994,-0.8799999999999999,True,True
2023-10-05,4.72,5.03,5.61,-0.3100000000000005,-0.8900000000000006,True,True
2023-10-06,4.78,5.08,5.63,-0.2999999999999998,-0.8499999999999996,True,True
2023-10-09,4.78,5.08,5.63,-0.2999999999999998,-0.8499999999999996,True,True
2023-10-10,4.66,4.96,5.61,-0.2999999999999998,-0.9500000000000002,True,True
2023-10-11,4.58,4.99,5.61,-0.41000000000000014,-1.0300000000000002,True,True
2023-10-12,4.7,5.06,5.63,-0.35999999999999943,-0.9299999999999997,True,True
2023-10-13,4.63,5.04,5.62,-0.41000000000000014,-0.9900000000000002,True,True
2023-10-16,4.71,5.09,5.61,-0.3799999999999999,-0.9000000000000004,True,True
2023-10-17,4.83,5.19,5.62,-0.3600000000000003,-0.79,True,True
2023-10-18,4.91,5.19,5.61,-0.28000000000000025,-0.7000000000000002,True,True
2023-10-19,4.98,5.14,5.6,-0.15999999999999925,-0.6199999999999992,True,True
2023-10-20,4.93,5.07,5.58,-0.14000000000000057,-0.6500000000000004,True,True
2023-10-23,4.86,5.05,5.58,-0.1899999999999995,-0.7199999999999998,True,True
2023-10-24,4.83,5.02,5.58,-0.1899999999999995,-0.75,True,True
2023-10-25,4.95,5.08,5.59,-0.1299999999999999,-0.6399999999999997,True,True
2023-10-26,4.86,5.02,5.59,-0.15999999999999925,-0.7299999999999995,True,True
2023-10-27,4.84,4.99,5.59,-0.15000000000000036,-0.75,True,True
2023-10-30,4.88,5.03,5.6,-0.15000000000000036,-0.7199999999999998,True,True
2023-10-31,4.88,5.07,5.59,-0.1900000000000004,-0.71,True,True
2023-11-01,4.77,4.95,5.57,-0.1800000000000006,-0.8000000000000007,True,True
2023-11-02,4.67,4.98,5.54,-0.3100000000000005,-0.8700000000000001,True,True
2023-11-03,4.57,4.83,5.53,-0.2599999999999998,-0.96,True,True
2023-11-06,4.67,4.93,5.56,-0.2599999999999998,-0.8899999999999997,True,True
2023-11-07,4.58,4.91,5.55,-0.33000000000000007,-0.9699999999999998,True,True
2023-11-08,4.49,4.93,5.54,-0.4399999999999995,-1.0499999999999998,True,True
2023-11-09,4.62,5.03,5.54,-0.41000000000000014,-0.9199999999999999,True,True
2023-11-10,4.61,5.04,5.53,-0.4299999999999997,-0.9199999999999999,True,True
2023-11-13,4.63,5.02,5.55,-0.3899999999999997,-0.9199999999999999,True,True
2023-11-14,4.44,4.8,5.52,-0.35999999999999943,-1.0799999999999992,True,True
2023-11-15,4.53,4.9,5.53,-0.3700000000000001,-1.0,True,True
2023-11-16,4.45,4.83,5.51,-0.3799999999999999,-1.0599999999999996,True,True
2023-11-17,4.44,4.88,5.5,-0.4399999999999995,-1.0599999999999996,True,True
2023-11-20,4.42,4.89,5.54,-0.46999999999999975,-1.12,True,True
2023-11-21,4.41,4.86,5.53,-0.4500000000000002,-1.12,True,True
2023-11-22,4.42,4.89,5.54,-0.46999999999999975,-1.12,True,True
2023-11-23,4.42,4.89,5.54,-0.46999999999999975,-1.12,True,True
2023-11-24,4.47,4.92,5.54,-0.4500000000000002,-1.0700000000000003,True,True
2023-11-27,4.39,4.84,5.49,-0.4500000000000002,-1.1000000000000005,True,True
2023-11-28,4.34,4.73,5.47,-0.39000000000000057,-1.13,True,True
2023-11-29,4.27,4.64,5.45,-0.3700000000000001,-1.1800000000000006,True,True
2023-11-30,4.37,4.73,5.45,-0.3600000000000003,-1.08,True,True
2023-12-01,4.22,4.56,5.43,-0.33999999999999986,-1.21,True,True
2023-12-04,4.28,4.64,5.46,-0.35999999999999943,-1.1799999999999997,True,True
2023-12-05,4.18,4.57,5.45,-0.39000000000000057,-1.2700000000000005,True,True
2023-12-06,4.12,4.6,5.45,-0.47999999999999954,-1.33,True,True
2023-12-07,4.14,4.58,5.44,-0.4400000000000004,-1.3000000000000007,True,True
2023-12-08,4.23,4.71,5.44,-0.47999999999999954,-1.21,True,True
2023-12-11,4.23,4.71,5.47,-0.47999999999999954,-1.2399999999999993,True,True
2023-12-12,4.2,4.73,5.46,-0.5300000000000002,-1.2599999999999998,True,True
2023-12-13,4.04,4.46,5.44,-0.41999999999999993,-1.4000000000000004,True,True
2023-12-14,3.92,4.37,5.43,-0.4500000000000002,-1.5099999999999998,True,True
2023-12-15,3.91,4.44,5.44,-0.5300000000000002,-1.5300000000000002,True,True
2023-12-18,3.95,4.43,5.46,-0.47999999999999954,-1.5099999999999998,True,True
2023-12-19,3.93,4.41,5.43,-0.48,-1.4999999999999996,True,True
2023-12-20,3.86,4.34,5.44,-0.48,-1.5800000000000005,True,True
2023-12-21,3.89,4.33,5.42,-0.43999999999999995,-1.5299999999999998,True,True
2023-12-22,3.9,4.31,5.44,-0.4099999999999997,-1.5400000000000005,True,True
2023-12-25,3.9,4.31,5.44,-0.4099999999999997,-1.5400000000000005,True,True
2023-12-26,3.89,4.26,5.45,-0.36999999999999966,-1.56,True,True
2023-12-27,3.79,4.2,5.44,-0.41000000000000014,-1.6500000000000004,True,True
2023-12-28,3.84,4.26,5.45,-0.41999999999999993,-1.6100000000000003,True,True
2023-12-29,3.88,4.23,5.4,-0.35000000000000053,-1.5200000000000005,True,True
2024-01-01,3.88,4.23,5.4,-0.35000000000000053,-1.5200000000000005,True,True
2024-01-02,3.95,4.33,5.46,-0.3799999999999999,-1.5099999999999998,True,True
2024-01-03,3.91,4.33,5.48,-0.41999999999999993,-1.5700000000000003,True,True
2024-01-04,3.99,4.38,5.48,-0.3899999999999997,-1.4900000000000002,True,True
2024-01-05,4.05,4.4,5.47,-0.35000000000000053,-1.42,True,True
2024-01-08,4.01,4.36,5.49,-0.35000000000000053,-1.4800000000000004,True,True
2024-01-09,4.02,4.36,5.47,-0.34000000000000075,-1.4500000000000002,True,True
2024-01-10,4.04,4.37,5.46,-0.33000000000000007,-1.42,True,True
2024-01-11,3.98,4.26,5.46,-0.2799999999999998,-1.48,True,True
2024-01-12,3.96,4.14,5.45,-0.17999999999999972,-1.4900000000000002,True,True
2024-01-15,3.96,4.14,5.45,-0.17999999999999972,-1.4900000000000002,True,True
2024-01-16,4.07,4.22,5.45,-0.14999999999999947,-1.38,True,True
2024-01-17,4.1,4.34,5.47,-0.2400000000000002,-1.37,True,True
2024-01-18,4.14,4.34,5.45,-0.20000000000000018,-1.3100000000000005,True,True
2024-01-19,4.15,4.39,5.45,-0.23999999999999932,-1.2999999999999998,True,True
2024-01-22,4.11,4.37,5.46,-0.2599999999999998,-1.3499999999999996,True,True
2024-01-23,4.14,4.31,5.45,-0.16999999999999993,-1.3100000000000005,True,True
2024-01-24,4.18,4.34,5.44,-0.16000000000000014,-1.2600000000000007,True,True
2024-01-25,4.14,4.28,5.44,-0.14000000000000057,-1.3000000000000007,True,True
2024-01-26,4.15,4.34,5.44,-0.1899999999999995,-1.29,True,True
2024-01-29,4.08,4.29,5.42,-0.20999999999999996,-1.3399999999999999,True,True
2024-01-30,4.06,4.36,5.42,-0.3000000000000007,-1.3600000000000003,True,True
2024-01-31,3.99,4.27,5.42,-0.27999999999999936,-1.4299999999999997,True,True
2024-02-01,3.87,4.2,5.42,-0.33000000000000007,-1.5499999999999998,True,True
2024-02-02,4.03,4.36,5.43,-0.33000000000000007,-1.3999999999999995,True,True
2024-02-05,4.17,4.46,5.42,-0.29000000000000004,-1.25,True,True
2024-02-06,4.09,4.39,5.44,-0.2999999999999998,-1.3500000000000005,True,True
2024-02-07,4.09,4.41,5.43,-0.3200000000000003,-1.3399999999999999,True,True
2024-02-08,4.15,4.46,5.44,-0.3099999999999996,-1.29,True,True
2024-02-09,4.17,4.48,5.44,-0.3100000000000005,-1.2700000000000005,True,True
2024-02-12,4.17,4.46,5.43,-0.29000000000000004,-1.2599999999999998,True,True
2024-02-13,4.31,4.64,5.45,-0.33000000000000007,-1.1400000000000006,True,True
2024-02-14,4.27,4.56,5.43,-0.29000000000000004,-1.1600000000000001,True,True
2024-02-15,4.24,4.56,5.43,-0.3199999999999994,-1.1899999999999995,True,True
2024-02-16,4.3,4.64,5.44,-0.33999999999999986,-1.1400000000000006,True,True
2024-02-19,4.3,4.64,5.44,-0.33999999999999986,-1.1400000000000006,True,True
2024-02-20,4.27,4.59,5.44,-0.3200000000000003,-1.1700000000000008,True,True
2024-02-21,4.32,4.64,5.44,-0.3199999999999994,-1.12,True,True
2024-02-22,4.33,4.69,5.45,-0.3600000000000003,-1.12,True,True
2024-02-23,4.26,4.67,5.46,-0.41000000000000014,-1.2000000000000002,True,True
2024-02-26,4.28,4.69,5.47,-0.41000000000000014,-1.1899999999999995,True,True
2024-02-27,4.31,4.7,5.45,-0.39000000000000057,-1.1400000000000006,True,True
2024-02-28,4.27,4.64,5.45,-0.3700000000000001,-1.1800000000000006,True,True
2024-02-29,4.25,4.64,5.45,-0.3899999999999997,-1.2000000000000002,True,True
2024-03-01,4.19,4.54,5.42,-0.34999999999999964,-1.2299999999999995,True,True
2024-03-04,4.22,4.61,5.48,-0.39000000000000057,-1.2600000000000007,True,True
2024-03-05,4.13,4.54,5.47,-0.41000000000000014,-1.3399999999999999,True,True
2024-03-06,4.11,4.55,5.47,-0.4399999999999995,-1.3599999999999994,True,True
2024-03-07,4.09,4.5,5.47,-0.41000000000000014,-1.38,True,True
2024-03-08,4.09,4.48,5.46,-0.39000000000000057,-1.37,True,True
2024-03-11,4.1,4.51,5.48,-0.41000000000000014,-1.3800000000000008,True,True
2024-03-12,4.16,4.58,5.48,-0.41999999999999993,-1.3200000000000003,True,True
2024-03-13,4.19,4.61,5.48,-0.41999999999999993,-1.29,True,True
2024-03-14,4.29,4.68,5.48,-0.3899999999999997,-1.1900000000000004,True,True
2024-03-15,4.31,4.72,5.48,-0.41000000000000014,-1.1700000000000008,True,True
2024-03-18,4.34,4.73,5.48,-0.39000000000000057,-1.1400000000000006,True,True
2024-03-19,4.3,4.68,5.48,-0.3799999999999999,-1.1800000000000006,True,True
2024-03-20,4.27,4.59,5.47,-0.3200000000000003,-1.2000000000000002,True,True
2024-03-21,4.27,4.62,5.48,-0.35000000000000053,-1.2100000000000009,True,True
2024-03-22,4.22,4.59,5.46,-0.3700000000000001,-1.2400000000000002,True,True
2024-03-25,4.25,4.54,5.46,-0.29000000000000004,-1.21,True,True
2024-03-26,4.24,4.56,5.46,-0.3199999999999994,-1.2199999999999998,True,True
2024-03-27,4.2,4.54,5.45,-0.33999999999999986,-1.25,True,True
2024-03-28,4.2,4.59,5.46,-0.3899999999999997,-1.2599999999999998,True,True
2024-03-29,4.2,4.59,5.46,-0.3899999999999997,-1.2599999999999998,True,True
2024-04-01,4.33,4.72,5.44,-0.3899999999999997,-1.1100000000000003,True,True
2024-04-02,4.36,4.7,5.42,-0.33999999999999986,-1.0599999999999996,True,True
2024-04-03,4.36,4.68,5.42,-0.3199999999999994,-1.0599999999999996,True,True
2024-04-04,4.31,4.65,5.41,-0.34000000000000075,-1.1000000000000005,True,True
2024-04-05,4.39,4.73,5.43,-0.34000000000000075,-1.04,True,True
2024-04-08,4.42,4.78,5.43,-0.3600000000000003,-1.0099999999999998,True,True
2024-04-09,4.36,4.74,5.43,-0.3799999999999999,-1.0699999999999994,True,True
2024-04-10,4.55,4.97,5.45,-0.41999999999999993,-0.9000000000000004,True,True
2024-04-11,4.56,4.93,5.45,-0.3700000000000001,-0.8900000000000006,True,True
2024-04-12,4.5,4.88,5.45,-0.3799999999999999,-0.9500000000000002,True,True
2024-04-15,4.63,4.93,5.45,-0.2999999999999998,-0.8200000000000003,True,True
2024-04-16,4.67,4.97,5.45,-0.2999999999999998,-0.7800000000000002,True,True
2024-04-17,4.59,4.93,5.45,-0.33999999999999986,-0.8600000000000003,True,True
2024-04-18,4.64,4.98,5.46,-0.34000000000000075,-0.8200000000000003,True,True
2024-04-19,4.62,4.97,5.45,-0.34999999999999964,-0.8300000000000001,True,True
2024-04-22,4.62,4.97,5.42,-0.34999999999999964,-0.7999999999999998,True,True
2024-04-23,4.61,4.86,5.45,-0.25,-0.8399999999999999,True,True
2024-04-24,4.65,4.89,5.46,-0.23999999999999932,-0.8099999999999996,True,True
2024-04-25,4.7,4.96,5.47,-0.2599999999999998,-0.7699999999999996,True,True
2024-04-26,4.67,4.96,5.46,-0.29000000000000004,-0.79,True,True
2024-04-29,4.63,4.97,5.45,-0.33999999999999986,-0.8200000000000003,True,True
2024-04-30,4.69,5.04,5.46,-0.34999999999999964,-0.7699999999999996,True,True
2024-05-01,4.63,4.96,5.46,-0.33000000000000007,-0.8300000000000001,True,True
2024-05-02,4.58,4.87,5.46,-0.29000000000000004,-0.8799999999999999,True,True
2024-05-03,4.5,4.81,5.45,-0.3099999999999996,-0.9500000000000002,True,True
2024-05-06,4.49,4.82,5.45,-0.33000000000000007,-0.96,True,True
2024-05-07,4.47,4.82,5.45,-0.35000000000000053,-0.9800000000000004,True,True
2024-05-08,4.48,4.84,5.45,-0.35999999999999943,-0.9699999999999998,True,True
2024-05-09,4.45,4.8,5.46,-0.34999999999999964,-1.0099999999999998,True,True
2024-05-10,4.5,4.87,5.47,-0.3700000000000001,-0.9699999999999998,True,True
2024-05-13,4.48,4.85,5.45,-0.3699999999999992,-0.9699999999999998,True,True
2024-05-14,4.45,4.81,5.44,-0.35999999999999943,-0.9900000000000002,True,True
2024-05-15,4.36,4.73,5.45,-0.3700000000000001,-1.0899999999999999,True,True
2024-05-16,4.38,4.78,5.45,-0.40000000000000036,-1.0700000000000003,True,True
2024-05-17,4.42,4.83,5.46,-0.41000000000000014,-1.04,True,True
2024-05-20,4.44,4.82,5.45,-0.3799999999999999,-1.0099999999999998,True,True
2024-05-21,4.41,4.82,5.45,-0.41000000000000014,-1.04,True,True
2024-05-22,4.43,4.86,5.45,-0.4300000000000006,-1.0200000000000005,True,True
2024-05-23,4.47,4.91,5.46,-0.4400000000000004,-0.9900000000000002,True,True
2024-05-24,4.46,4.93,5.46,-0.46999999999999975,-1.0,True,True
2024-05-27,4.46,4.93,5.46,-0.46999999999999975,-1.0,True,True
2024-05-28,4.54,4.94,5.46,-0.40000000000000036,-0.9199999999999999,True,True
2024-05-29,4.61,4.96,5.46,-0.34999999999999964,-0.8499999999999996,True,True
2024-05-30,4.55,4.92,5.46,-0.3700000000000001,-0.9100000000000001,True,True
2024-05-31,4.51,4.89,5.46,-0.3799999999999999,-0.9500000000000002,True,True
2024-06-03,4.41,4.82,5.52,-0.41000000000000014,-1.1099999999999994,True,True
2024-06-04,4.33,4.77,5.52,-0.4399999999999995,-1.1899999999999995,True,True
2024-06-05,4.29,4.72,5.51,-0.4299999999999997,-1.2199999999999998,True,True
2024-06-06,4.28,4.72,5.51,-0.4399999999999995,-1.2299999999999995,True,True
2024-06-07,4.43,4.87,5.52,-0.4400000000000004,-1.0899999999999999,True,True
2024-06-10,4.47,4.87,5.52,-0.40000000000000036,-1.0499999999999998,True,True
2024-06-11,4.39,4.81,5.52,-0.41999999999999993,-1.13,True,True
2024-06-12,4.31,4.75,5.51,-0.4400000000000004,-1.2000000000000002,True,True
2024-06-13,4.24,4.68,5.51,-0.4399999999999995,-1.2699999999999996,True,True
2024-06-14,4.2,4.67,5.51,-0.46999999999999975,-1.3099999999999996,True,True
2024-06-17,4.28,4.75,5.52,-0.46999999999999975,-1.2399999999999993,True,True
2024-06-18,4.22,4.69,5.5,-0.47000000000000064,-1.2800000000000002,True,True
2024-06-19,4.22,4.69,5.5,-0.47000000000000064,-1.2800000000000002,True,True
2024-06-20,4.25,4.7,5.5,-0.4500000000000002,-1.25,True,True
2024-06-21,4.25,4.7,5.49,-0.4500000000000002,-1.2400000000000002,True,True
2024-06-24,4.25,4.71,5.5,-0.45999999999999996,-1.25,True,True
2024-06-25,4.23,4.65,5.49,-0.41999999999999993,-1.2599999999999998,True,True
2024-06-26,4.32,4.71,5.5,-0.3899999999999997,-1.1799999999999997,True,True
2024-06-27,4.29,4.7,5.49,-0.41000000000000014,-1.2000000000000002,True,True
2024-06-28,4.36,4.71,5.48,-0.34999999999999964,-1.12,True,True
2024-07-01,4.48,4.77,5.47,-0.28999999999999915,-0.9899999999999993,True,True
2024-07-02,4.43,4.74,5.47,-0.3100000000000005,-1.04,True,True
2024-07-03,4.36,4.71,5.47,-0.34999999999999964,-1.1099999999999994,True,True
2024-07-04,4.36,4.71,5.47,-0.34999999999999964,-1.1099999999999994,True,True
2024-07-05,4.28,4.6,5.46,-0.3199999999999994,-1.1799999999999997,True,True
2024-07-08,4.28,4.62,5.46,-0.33999999999999986,-1.1799999999999997,True,True
2024-07-09,4.3,4.62,5.46,-0.3200000000000003,-1.1600000000000001,True,True
2024-07-10,4.28,4.62,5.46,-0.33999999999999986,-1.1799999999999997,True,True
2024-07-11,4.2,4.5,5.44,-0.2999999999999998,-1.2400000000000002,True,True
2024-07-12,4.18,4.45,5.43,-0.27000000000000046,-1.25,True,True
2024-07-15,4.23,4.44,5.43,-0.20999999999999996,-1.1999999999999993,True,True
2024-07-16,4.17,4.43,5.43,-0.2599999999999998,-1.2599999999999998,True,True
2024-07-17,4.16,4.42,5.43,-0.2599999999999998,-1.2699999999999996,True,True
2024-07-18,4.2,4.46,5.43,-0.2599999999999998,-1.2299999999999995,True,True
2024-07-19,4.25,4.49,5.43,-0.2400000000000002,-1.1799999999999997,True,True
2024-07-22,4.26,4.5,5.43,-0.2400000000000002,-1.17,True,True
2024-07-23,4.25,4.4,5.41,-0.15000000000000036,-1.1600000000000001,True,True
2024-07-24,4.28,4.37,5.4,-0.08999999999999986,-1.12,True,True
2024-07-25,4.27,4.41,5.39,-0.14000000000000057,-1.12,True,True
2024-07-26,4.2,4.36,5.38,-0.16000000000000014,-1.1799999999999997,True,True
2024-07-29,4.17,4.36,5.41,-0.1900000000000004,-1.2400000000000002,True,True
2024-07-30,4.15,4.35,5.4,-0.1999999999999993,-1.25,True,True
2024-07-31,4.09,4.29,5.41,-0.20000000000000018,-1.3200000000000003,True,True
2024-08-01,3.99,4.16,5.37,-0.16999999999999993,-1.38,True,True
2024-08-02,3.8,3.88,5.29,-0.08000000000000007,-1.4900000000000002,True,True
2024-08-05,3.78,3.89,5.35,-0.11000000000000032,-1.5699999999999998,True,True
2024-08-06,3.9,3.99,5.34,-0.0900000000000003,-1.44,True,True
2024-08-07,3.96,4.0,5.34,-0.040000000000000036,-1.38,True,True
2024-08-08,3.99,4.04,5.34,-0.04999999999999982,-1.3499999999999996,True,True
2024-08-09,3.94,4.05,5.33,-0.10999999999999988,-1.3900000000000001,True,True
2024-08-12,3.9,4.01,5.33,-0.10999999999999988,-1.4300000000000002,True,True
2024-08-13,3.85,3.93,5.32,-0.08000000000000007,-1.4700000000000002,True,True
2024-08-14,3.83,3.94,5.32,-0.10999999999999988,-1.4900000000000002,True,True
2024-08-15,3.92,4.08,5.34,-0.16000000000000014,-1.42,True,True
2024-08-16,3.89,4.06,5.33,-0.16999999999999948,-1.44,True,True
2024-08-19,3.86,4.06,5.31,-0.19999999999999973,-1.4499999999999997,True,True
2024-08-20,3.82,3.99,5.29,-0.17000000000000037,-1.4700000000000002,True,True
2024-08-21,3.79,3.92,5.26,-0.1299999999999999,-1.4699999999999998,True,True
2024-08-22,3.86,3.99,5.28,-0.13000000000000034,-1.4200000000000004,True,True
2024-08-23,3.81,3.9,5.25,-0.08999999999999986,-1.44,True,True
2024-08-26,3.82,3.91,5.24,-0.0900000000000003,-1.4200000000000004,True,True
2024-08-27,3.83,3.83,5.23,0.0,-1.4000000000000004,False,True
2024-08-28,3.84,3.83,5.21,0.009999999999999787,-1.37,False,True
2024-08-29,3.87,3.87,5.22,0.0,-1.3499999999999996,False,True
2024-08-30,3.91,3.91,5.21,0.0,-1.2999999999999998,False,True
2024-09-02,3.91,3.91,5.21,0.0,-1.2999999999999998,False,True
2024-09-03,3.84,3.88,5.19,-0.040000000000000036,-1.3500000000000005,True,True
2024-09-04,3.77,3.76,5.18,0.010000000000000231,-1.4099999999999997,False,True
2024-09-05,3.73,3.75,5.15,-0.020000000000000018,-1.4200000000000004,True,True
2024-09-06,3.72,3.66,5.13,0.06000000000000005,-1.4099999999999997,False,True
2024-09-09,3.7,3.68,5.11,0.020000000000000018,-1.4100000000000001,False,True
2024-09-10,3.65,3.59,5.06,0.06000000000000005,-1.4099999999999997,False,True
2024-09-11,3.65,3.62,5.1,0.029999999999999805,-1.4499999999999997,False,True
2024-09-12,3.68,3.64,5.06,0.040000000000000036,-1.3799999999999994,False,True
2024-09-13,3.66,3.57,4.97,0.0900000000000003,-1.3099999999999996,False,True
2024-09-16,3.63,3.56,4.96,0.06999999999999984,-1.33,False,True
2024-09-17,3.65,3.59,4.95,0.06000000000000005,-1.3000000000000003,False,True
2024-09-18,3.7,3.61,4.84,0.0900000000000003,-1.1399999999999997,False,True
2024-09-19,3.73,3.59,4.8,0.14000000000000012,-1.0699999999999998,False,True
2024-09-20,3.73,3.55,4.75,0.18000000000000016,-1.02,False,True
2024-09-23,3.75,3.57,4.72,0.18000000000000016,-0.9699999999999998,False,True
2024-09-24,3.74,3.49,4.69,0.25,-0.9500000000000002,False,True
2024-09-25,3.79,3.53,4.69,0.26000000000000023,-0.9000000000000004,False,True
2024-09-26,3.79,3.6,4.68,0.18999999999999995,-0.8899999999999997,False,True
2024-09-27,3.75,3.55,4.68,0.20000000000000018,-0.9299999999999997,False,True
2024-09-30,3.81,3.66,4.73,0.1499999999999999,-0.9200000000000004,False,True
2024-10-01,3.74,3.61,4.71,0.13000000000000034,-0.9699999999999998,False,True
2024-10-02,3.79,3.63,4.69,0.16000000000000014,-0.9000000000000004,False,True
2024-10-03,3.85,3.7,4.68,0.1499999999999999,-0.8299999999999996,False,True
2024-10-04,3.98,3.93,4.73,0.04999999999999982,-0.7500000000000004,False,True
2024-10-07,4.03,3.99,4.77,0.040000000000000036,-0.7399999999999993,False,True
2024-10-08,4.04,3.98,4.75,0.06000000000000005,-0.71,False,True
2024-10-09,4.06,3.99,4.75,0.0699999999999994,-0.6900000000000004,False,True
2024-10-10,4.09,3.98,4.75,0.10999999999999988,-0.6600000000000001,False,True
2024-10-11,4.08,3.95,4.73,0.1299999999999999,-0.6500000000000004,False,True
2024-10-14,4.08,3.95,4.73,0.1299999999999999,-0.6500000000000004,False,True
2024-10-15,4.03,3.95,4.73,0.08000000000000007,-0.7000000000000002,False,True
2024-10-16,4.02,3.93,4.72,0.08999999999999941,-0.7000000000000002,False,True
2024-10-17,4.09,3.96,4.74,0.1299999999999999,-0.6500000000000004,False,True
2024-10-18,4.08,3.95,4.73,0.1299999999999999,-0.6500000000000004,False,True
2024-10-21,4.19,4.02,4.73,0.17000000000000082,-0.54,False,True
2024-10-22,4.2,4.03,4.72,0.16999999999999993,-0.5199999999999996,False,True
2024-10-23,4.24,4.07,4.73,0.16999999999999993,-0.4900000000000002,False,True
2024-10-24,4.21,4.07,4.7,0.13999999999999968,-0.4900000000000002,False,True
2024-10-25,4.25,4.11,4.73,0.13999999999999968,-0.4800000000000004,False,True
2024-10-28,4.28,4.12,4.7,0.16000000000000014,-0.41999999999999993,False,True
2024-10-29,4.28,4.11,4.7,0.16999999999999993,-0.41999999999999993,False,True
2024-10-30,4.29,4.15,4.67,0.13999999999999968,-0.3799999999999999,False,True
2024-10-31,4.28,4.16,4.64,0.1200000000000001,-0.35999999999999943,False,True
2024-11-01,4.37,4.21,4.61,0.16000000000000014,-0.2400000000000002,False,True
2024-11-04,4.31,4.17,4.65,0.13999999999999968,-0.34000000000000075,False,True
2024-11-05,4.26,4.19,4.64,0.0699999999999994,-0.3799999999999999,False,True
2024-11-06,4.42,4.27,4.64,0.15000000000000036,-0.21999999999999975,False,True
2024-11-07,4.31,4.21,4.63,0.09999999999999964,-0.3200000000000003,False,True
2024-11-08,4.3,4.26,4.63,0.040000000000000036,-0.33000000000000007,False,True
2024-11-11,4.3,4.26,4.63,0.040000000000000036,-0.33000000000000007,False,True
2024-11-12,4.43,4.34,4.63,0.08999999999999986,-0.20000000000000018,False,True
2024-11-13,4.44,4.27,4.6,0.17000000000000082,-0.15999999999999925,False,True
2024-11-14,4.43,4.34,4.61,0.08999999999999986,-0.1800000000000006,False,True
2024-11-15,4.43,4.31,4.6,0.1200000000000001,-0.16999999999999993,False,True
2024-11-18,4.42,4.29,4.63,0.1299999999999999,-0.20999999999999996,False,True
2024-11-19,4.39,4.27,4.62,0.1200000000000001,-0.23000000000000043,False,True
2024-11-20,4.41,4.31,4.62,0.10000000000000053,-0.20999999999999996,False,True
2024-11-21,4.43,4.34,4.63,0.08999999999999986,-0.20000000000000018,False,True
2024-11-22,4.41,4.37,4.63,0.040000000000000036,-0.21999999999999975,False,True
2024-11-25,4.27,4.21,4.62,0.05999999999999961,-0.35000000000000053,False,True
2024-11-26,4.3,4.21,4.61,0.08999999999999986,-0.3100000000000005,False,True
2024-11-27,4.25,4.19,4.6,0.05999999999999961,-0.34999999999999964,False,True
2024-11-28,4.25,4.19,4.6,0.05999999999999961,-0.34999999999999964,False,True
2024-11-29,4.18,4.13,4.58,0.04999999999999982,-0.40000000000000036,False,True
2024-12-02,4.19,4.17,4.51,0.020000000000000462,-0.3199999999999994,False,True
2024-12-03,4.23,4.17,4.49,0.0600000000000005,-0.2599999999999998,False,True
2024-12-04,4.19,4.13,4.47,0.0600000000000005,-0.27999999999999936,False,True
2024-12-05,4.17,4.15,4.46,0.019999999999999574,-0.29000000000000004,False,True
2024-12-06,4.15,4.1,4.42,0.05000000000000071,-0.2699999999999996,False,True
2024-12-09,4.2,4.13,4.42,0.07000000000000028,-0.21999999999999975,False,True
2024-12-10,4.22,4.15,4.41,0.0699999999999994,-0.1900000000000004,False,True
2024-12-11,4.26,4.15,4.38,0.10999999999999943,-0.1200000000000001,False,True
2024-12-12,4.32,4.18,4.35,0.14000000000000057,-0.02999999999999936,False,True
2024-12-13,4.4,4.25,4.34,0.15000000000000036,0.0600000000000005,False,False
2024-12-16,4.39,4.25,4.37,0.13999999999999968,0.019999999999999574,False,False
2024-12-17,4.4,4.25,4.38,0.15000000000000036,0.020000000000000462,False,False
2024-12-18,4.5,4.35,4.36,0.15000000000000036,0.13999999999999968,False,False
2024-12-19,4.57,4.32,4.35,0.25,0.22000000000000064,False,False
2024-12-20,4.52,4.3,4.34,0.21999999999999975,0.17999999999999972,False,False
2024-12-23,4.59,4.3,4.36,0.29000000000000004,0.22999999999999954,False,False
2024-12-24,4.59,4.29,4.4,0.2999999999999998,0.1899999999999995,False,False
2024-12-25,4.59,4.29,4.4,0.2999999999999998,0.1899999999999995,False,False
2024-12-26,4.58,4.3,4.35,0.28000000000000025,0.23000000000000043,False,False
2024-12-27,4.62,4.31,4.31,0.3100000000000005,0.3100000000000005,False,False
2024-12-30,4.55,4.24,4.37,0.3099999999999996,0.17999999999999972,False,False
2024-12-31,4.58,4.25,4.37,0.33000000000000007,0.20999999999999996,False,False
2025-01-01,4.58,4.25,4.37,0.33000000000000007,0.20999999999999996,False,False
2025-01-02,4.57,4.25,4.36,0.3200000000000003,0.20999999999999996,False,False
2025-01-03,4.6,4.28,4.34,0.3199999999999994,0.2599999999999998,False,False
2025-01-06,4.62,4.28,4.35,0.33999999999999986,0.27000000000000046,False,False
2025-01-07,4.67,4.3,4.35,0.3700000000000001,0.3200000000000003,False,False
2025-01-08,4.67,4.28,4.35,0.3899999999999997,0.3200000000000003,False,False
2025-01-09,4.68,4.27,4.35,0.41000000000000014,0.33000000000000007,False,False
2025-01-10,4.77,4.4,4.36,0.3699999999999992,0.40999999999999925,False,False
2025-01-13,4.79,4.4,4.37,0.3899999999999997,0.41999999999999993,False,False
2025-01-14,4.78,4.37,4.36,0.41000000000000014,0.41999999999999993,False,False
2025-01-15,4.66,4.27,4.35,0.39000000000000057,0.3100000000000005,False,False
2025-01-16,4.61,4.23,4.34,0.3799999999999999,0.27000000000000046,False,False
2025-01-17,4.61,4.27,4.34,0.34000000000000075,0.27000000000000046,False,False
2025-01-20,4.61,4.27,4.34,0.34000000000000075,0.27000000000000046,False,False
2025-01-21,4.57,4.29,4.36,0.28000000000000025,0.20999999999999996,False,False
2025-01-22,4.6,4.29,4.36,0.3099999999999996,0.23999999999999932,False,False
2025-01-23,4.65,4.29,4.36,0.3600000000000003,0.29000000000000004,False,False
2025-01-24,4.63,4.27,4.35,0.3600000000000003,0.28000000000000025,False,False
2025-01-27,4.53,4.17,4.32,0.3600000000000003,0.20999999999999996,False,False
2025-01-28,4.55,4.19,4.31,0.35999999999999943,0.2400000000000002,False,False
2025-01-29,4.55,4.21,4.31,0.33999999999999986,0.2400000000000002,False,False
2025-01-30,4.52,4.18,4.3,0.33999999999999986,0.21999999999999975,False,False
2025-01-31,4.58,4.22,4.31,0.3600000000000003,0.27000000000000046,False,False
2025-02-03,4.54,4.26,4.34,0.28000000000000025,0.20000000000000018,False,False
2025-02-04,4.52,4.21,4.33,0.3099999999999996,0.1899999999999995,False,False
2025-02-05,4.43,4.17,4.33,0.2599999999999998,0.09999999999999964,False,False
2025-02-06,4.45,4.21,4.34,0.2400000000000002,0.11000000000000032,False,False
2025-02-07,4.49,4.29,4.35,0.20000000000000018,0.14000000000000057,False,False
2025-02-10,4.51,4.28,4.35,0.22999999999999954,0.16000000000000014,False,False
2025-02-11,4.54,4.29,4.35,0.25,0.1900000000000004,False,False
2025-02-12,4.62,4.36,4.35,0.2599999999999998,0.27000000000000046,False,False
2025-02-13,4.52,4.31,4.34,0.20999999999999996,0.17999999999999972,False,False
2025-02-14,4.47,4.26,4.34,0.20999999999999996,0.1299999999999999,False,False
2025-02-17,4.47,4.26,4.34,0.20999999999999996,0.1299999999999999,False,False
2025-02-18,4.55,4.29,4.34,0.2599999999999998,0.20999999999999996,False,False
2025-02-19,4.53,4.28,4.34,0.25,0.1900000000000004,False,False
2025-02-20,4.5,4.28,4.33,0.21999999999999975,0.16999999999999993,False,False
2025-02-21,4.42,4.19,4.32,0.22999999999999954,0.09999999999999964,False,False
2025-02-24,4.4,4.13,4.31,0.27000000000000046,0.09000000000000075,False,False
2025-02-25,4.3,4.07,4.3,0.22999999999999954,0.0,False,False
2025-02-26,4.25,4.05,4.31,0.20000000000000018,-0.05999999999999961,False,True
2025-02-27,4.29,4.07,4.32,0.21999999999999975,-0.03000000000000025,False,True
2025-02-28,4.24,3.99,4.32,0.25,-0.08000000000000007,False,True
2025-03-03,4.16,3.96,4.35,0.20000000000000018,-0.1899999999999995,False,True
2025-03-04,4.22,3.96,4.34,0.2599999999999998,-0.1200000000000001,False,True
2025-03-05,4.28,3.99,4.35,0.29000000000000004,-0.0699999999999994,False,True
2025-03-06,4.29,3.96,4.34,0.33000000000000007,-0.04999999999999982,False,True
2025-03-07,4.32,3.99,4.34,0.33000000000000007,-0.019999999999999574,False,True
2025-03-10,4.22,3.89,4.33,0.3299999999999996,-0.11000000000000032,False,True
2025-03-11,4.28,3.94,4.34,0.3400000000000003,-0.05999999999999961,False,True
2025-03-12,4.32,4.01,4.35,0.3100000000000005,-0.02999999999999936,False,True
2025-03-13,4.27,3.94,4.34,0.3299999999999996,-0.07000000000000028,False,True
2025-03-14,4.31,4.02,4.33,0.29000000000000004,-0.020000000000000462,False,True
2025-03-17,4.31,4.06,4.34,0.25,-0.03000000000000025,False,True
2025-03-18,4.29,4.04,4.34,0.25,-0.04999999999999982,False,True
2025-03-19,4.25,3.99,4.33,0.2599999999999998,-0.08000000000000007,False,True
2025-03-20,4.24,3.95,4.33,0.29000000000000004,-0.08999999999999986,False,True
2025-03-21,4.25,3.94,4.33,0.31000000000000005,-0.08000000000000007,False,True
2025-03-24,4.34,4.04,4.33,0.2999999999999998,0.009999999999999787,False,False
2025-03-25,4.31,3.96,4.33,0.34999999999999964,-0.020000000000000462,False,True
2025-03-26,4.35,3.98,4.33,0.36999999999999966,0.019999999999999574,False,False
2025-03-27,4.38,3.97,4.33,0.4099999999999997,0.04999999999999982,False,False
2025-03-28,4.27,3.89,4.33,0.37999999999999945,-0.0600000000000005,False,True
2025-03-31,4.23,3.89,4.32,0.3400000000000003,-0.08999999999999986,False,True
2025-04-01,4.17,3.87,4.32,0.2999999999999998,-0.15000000000000036,False,True
2025-04-02,4.2,3.91,4.32,0.29000000000000004,-0.1200000000000001,False,True
2025-04-03,4.06,3.71,4.31,0.34999999999999964,-0.25,False,True
2025-04-04,4.01,3.68,4.28,0.3299999999999996,-0.27000000000000046,False,True
2025-04-07,4.15,3.73,4.29,0.4200000000000004,-0.13999999999999968,False,True
2025-04-08,4.26,3.71,4.31,0.5499999999999998,-0.04999999999999982,False,True
2025-04-09,4.34,3.91,4.35,0.4299999999999997,-0.009999999999999787,False,True
2025-04-10,4.4,3.84,4.34,0.5600000000000005,0.0600000000000005,False,False
2025-04-11,4.48,3.96,4.34,0.5200000000000005,0.14000000000000057,False,False
2025-04-14,4.38,3.84,4.33,0.54,0.04999999999999982,False,False
2025-04-15,4.35,3.84,4.33,0.5099999999999998,0.019999999999999574,False,False
2025-04-16,4.29,3.77,4.33,0.52,-0.040000000000000036,False,True
2025-04-17,4.34,3.81,4.34,0.5299999999999998,0.0,False,False
2025-04-18,4.34,3.81,4.34,0.5299999999999998,0.0,False,False
2025-04-21,4.42,3.75,4.34,0.6699999999999999,0.08000000000000007,False,False
2025-04-22,4.41,3.76,4.33,0.6500000000000004,0.08000000000000007,False,False
2025-04-23,4.4,3.81,4.33,0.5900000000000003,0.07000000000000028,False,False
2025-04-24,4.32,3.77,4.32,0.5500000000000003,0.0,False,False
2025-04-25,4.29,3.74,4.32,0.5499999999999998,-0.03000000000000025,False,True
2025-04-28,4.23,3.67,4.32,0.5600000000000005,-0.08999999999999986,False,True
2025-04-29,4.19,3.65,4.31,0.5400000000000005,-0.11999999999999922,False,True
2025-04-30,4.17,3.6,4.31,0.5699999999999998,-0.13999999999999968,False,True
2025-05-01,4.25,3.7,4.31,0.5499999999999998,-0.05999999999999961,False,True
2025-05-02,4.33,3.83,4.33,0.5,0.0,False,False
2025-05-05,4.36,3.83,4.33,0.5300000000000002,0.03000000000000025,False,False
2025-05-06,4.3,3.78,4.33,0.52,-0.03000000000000025,False,True
2025-05-07,4.26,3.78,4.34,0.48,-0.08000000000000007,False,True
2025-05-08,4.37,3.9,4.34,0.4700000000000002,0.03000000000000025,False,False
2025-05-09,4.37,3.88,4.34,0.4900000000000002,0.03000000000000025,False,False
2025-05-12,4.45,3.98,4.42,0.4700000000000002,0.03000000000000025,False,False
2025-05-13,4.49,4.02,4.41,0.47000000000000064,0.08000000000000007,False,False
2025-05-14,4.53,4.05,4.41,0.4800000000000004,0.1200000000000001,False,False
2025-05-15,4.45,3.96,4.38,0.4900000000000002,0.07000000000000028,False,False
2025-05-16,4.43,3.98,4.37,0.44999999999999973,0.05999999999999961,False,False
2025-05-19,4.46,3.97,4.39,0.48999999999999977,0.07000000000000028,False,False
2025-05-20,4.48,3.97,4.38,0.5100000000000002,0.10000000000000053,False,False
2025-05-21,4.58,4.0,4.36,0.5800000000000001,0.21999999999999975,False,False
2025-05-22,4.54,4.0,4.37,0.54,0.16999999999999993,False,False
2025-05-23,4.51,4.0,4.36,0.5099999999999998,0.14999999999999947,False,False
2025-05-26,4.51,4.0,4.36,0.5099999999999998,0.14999999999999947,False,False
2025-05-27,4.43,3.92,4.35,0.5099999999999998,0.08000000000000007,False,False
2025-05-28,4.47,3.96,4.35,0.5099999999999998,0.1200000000000001,False,False
2025-05-29,4.43,3.92,4.36,0.5099999999999998,0.0699999999999994,False,False
2025-05-30,4.41,3.89,4.36,0.52,0.04999999999999982,False,False
2025-06-02,4.46,3.94,4.44,0.52,0.019999999999999574,False,False
2025-06-03,4.46,3.96,4.43,0.5,0.03000000000000025,False,False
2025-06-04,4.37,3.87,4.44,0.5,-0.07000000000000028,False,True
2025-06-05,4.4,3.92,4.44,0.4800000000000004,-0.040000000000000036,False,True
2025-06-06,4.51,4.04,4.43,0.46999999999999975,0.08000000000000007,False,False
2025-06-09,4.49,4.01,4.44,0.4800000000000004,0.04999999999999982,False,False
2025-06-10,4.47,4.01,4.45,0.45999999999999996,0.019999999999999574,False,False
2025-06-11,4.41,3.94,4.45,0.4700000000000002,-0.040000000000000036,False,True
2025-06-12,4.36,3.9,4.46,0.4600000000000004,-0.09999999999999964,False,True
2025-06-13,4.41,3.96,4.45,0.4500000000000002,-0.040000000000000036,False,True
2025-06-16,4.46,3.97,4.43,0.48999999999999977,0.03000000000000025,False,False
2025-06-17,4.39,3.94,4.42,0.44999999999999973,-0.03000000000000025,False,True
2025-06-18,4.38,3.94,4.42,0.43999999999999995,-0.040000000000000036,False,True
2025-06-19,4.38,3.94,4.42,0.43999999999999995,-0.040000000000000036,False,True
2025-06-20,4.38,3.9,4.39,0.48,-0.009999999999999787,False,True
2025-06-23,4.34,3.84,4.38,0.5,-0.040000000000000036,False,True
2025-06-24,4.3,3.75,4.38,0.5499999999999998,-0.08000000000000007,False,True
2025-06-25,4.29,3.74,4.38,0.5499999999999998,-0.08999999999999986,False,True
2025-06-26,4.26,3.7,4.39,0.5599999999999996,-0.1299999999999999,False,True
2025-06-27,4.29,3.73,4.39,0.56,-0.09999999999999964,False,True
2025-06-30,4.24,3.72,4.41,0.52,-0.16999999999999993,False,True
2025-07-01,4.26,3.78,4.4,0.48,-0.14000000000000057,False,True
2025-07-02,4.3,3.78,4.41,0.52,-0.11000000000000032,False,True
2025-07-03,4.35,3.88,4.42,0.46999999999999975,-0.07000000000000028,False,True
2025-07-04,4.35,3.88,4.42,0.46999999999999975,-0.07000000000000028,False,True
2025-07-07,4.4,3.9,4.42,0.5000000000000004,-0.019999999999999574,False,True
2025-07-08,4.42,3.9,4.42,0.52,0.0,False,False
2025-07-09,4.34,3.86,4.42,0.48,-0.08000000000000007,False,True
2025-07-10,4.35,3.86,4.42,0.48999999999999977,-0.07000000000000028,False,True
2025-07-11,4.43,3.9,4.41,0.5299999999999998,0.019999999999999574,False,False
2025-07-14,4.43,3.9,4.42,0.5299999999999998,0.009999999999999787,False,False
2025-07-15,4.5,3.95,4.42,0.5499999999999998,0.08000000000000007,False,False
2025-07-16,4.46,3.88,4.41,0.5800000000000001,0.04999999999999982,False,False
2025-07-17,4.47,3.91,4.41,0.5599999999999996,0.05999999999999961,False,False
2025-07-18,4.44,3.88,4.4,0.5600000000000005,0.040000000000000036,False,False
2025-07-21,4.38,3.85,4.41,0.5299999999999998,-0.03000000000000025,False,True
2025-07-22,4.35,3.83,4.41,0.5199999999999996,-0.0600000000000005,False,True
2025-07-23,4.4,3.88,4.41,0.5200000000000005,-0.009999999999999787,False,True
2025-07-24,4.43,3.91,4.42,0.5199999999999996,0.009999999999999787,False,False
2025-07-25,4.4,3.91,4.42,0.4900000000000002,-0.019999999999999574,False,True
2025-07-28,4.42,3.91,4.4,0.5099999999999998,0.019999999999999574,False,False
2025-07-29,4.34,3.86,4.4,0.48,-0.0600000000000005,False,True
2025-07-30,4.38,3.94,4.41,0.43999999999999995,-0.03000000000000025,False,True
2025-07-31,4.37,3.94,4.41,0.43000000000000016,-0.040000000000000036,False,True
2025-08-01,4.23,3.69,4.35,0.5400000000000005,-0.11999999999999922,False,True
2025-08-04,4.22,3.69,4.35,0.5299999999999998,-0.1299999999999999,False,True
2025-08-05,4.22,3.72,4.34,0.49999999999999956,-0.1200000000000001,False,True
2025-08-06,4.22,3.69,4.32,0.5299999999999998,-0.10000000000000053,False,True
2025-08-07,4.23,3.72,4.32,0.5100000000000002,-0.08999999999999986,False,True
2025-08-08,4.27,3.76,4.32,0.5099999999999998,-0.05000000000000071,False,True
2025-08-11,4.27,3.76,4.34,0.5099999999999998,-0.07000000000000028,False,True
2025-08-12,4.29,3.72,4.33,0.5699999999999998,-0.040000000000000036,False,True
2025-08-13,4.24,3.67,4.29,0.5700000000000003,-0.04999999999999982,False,True
2025-08-14,4.29,3.74,4.3,0.5499999999999998,-0.009999999999999787,False,True
2025-08-15,4.33,3.75,4.3,0.5800000000000001,0.03000000000000025,False,False
2025-08-18,4.34,3.77,4.33,0.5699999999999998,0.009999999999999787,False,False
2025-08-19,4.3,3.75,4.3,0.5499999999999998,0.0,False,False
2025-08-20,4.29,3.74,4.3,0.5499999999999998,-0.009999999999999787,False,True
2025-08-21,4.33,3.79,4.32,0.54,0.009999999999999787,False,False
2025-08-22,4.26,3.68,4.27,0.5799999999999996,-0.009999999999999787,False,True
2025-08-25,4.28,3.73,4.29,0.5500000000000003,-0.009999999999999787,False,True
2025-08-26,4.26,3.61,4.28,0.6499999999999999,-0.020000000000000462,False,True
2025-08-27,4.24,3.59,4.26,0.6500000000000004,-0.019999999999999574,False,True
2025-08-28,4.22,3.62,4.26,0.5999999999999996,-0.040000000000000036,False,True
2025-08-29,4.23,3.59,4.23,0.6400000000000006,0.0,False,False
2025-09-01,4.23,3.59,4.23,0.6400000000000006,0.0,False,False
2025-09-02,4.28,3.66,4.2,0.6200000000000001,0.08000000000000007,False,False
2025-09-03,4.22,3.61,4.18,0.6099999999999999,0.040000000000000036,False,False
2025-09-04,4.17,3.59,4.16,0.5800000000000001,0.009999999999999787,False,False
2025-09-05,4.1,3.51,4.07,0.5899999999999999,0.02999999999999936,False,False
2025-09-08,4.05,3.49,4.1,0.5599999999999996,-0.04999999999999982,False,True
2025-09-09,4.08,3.54,4.1,0.54,-0.019999999999999574,False,True
2025-09-10,4.04,3.54,4.09,0.5,-0.04999999999999982,False,True
2025-09-11,4.01,3.52,4.08,0.48999999999999977,-0.07000000000000028,False,True
2025-09-12,4.06,3.56,4.08,0.49999999999999956,-0.020000000000000462,False,True
2025-09-15,4.05,3.54,4.06,0.5099999999999998,-0.009999999999999787,False,True
2025-09-16,4.04,3.51,4.04,0.5300000000000002,0.0,False,False
2025-09-17,4.06,3.52,4.02,0.5399999999999996,0.040000000000000036,False,False
2025-09-18,4.11,3.57,4.03,0.5400000000000005,0.08000000000000007,False,False
2025-09-19,4.14,3.57,4.03,0.5699999999999998,0.10999999999999943,False,False
2025-09-22,4.15,3.61,4.0,0.5400000000000005,0.15000000000000036,False,False
2025-09-23,4.12,3.53,4.0,0.5900000000000003,0.1200000000000001,False,False
2025-09-24,4.16,3.57,4.02,0.5900000000000003,0.14000000000000057,False,False
2025-09-25,4.18,3.64,4.04,0.5399999999999996,0.13999999999999968,False,False
2025-09-26,4.2,3.63,4.02,0.5700000000000003,0.1800000000000006,False,False
2025-09-29,4.15,3.63,4.04,0.5200000000000005,0.11000000000000032,False,False
2025-09-30,4.16,3.6,4.02,0.56,0.14000000000000057,False,False
2025-10-01,4.12,3.55,4.01,0.5700000000000003,0.11000000000000032,False,False
2025-10-02,4.1,3.55,4.02,0.5499999999999998,0.08000000000000007,False,False
2025-10-03,4.13,3.58,4.03,0.5499999999999998,0.09999999999999964,False,False
2025-10-06,4.18,3.6,4.02,0.5799999999999996,0.16000000000000014,False,False
2025-10-07,4.14,3.57,4.01,0.5699999999999998,0.1299999999999999,False,False
2025-10-08,4.13,3.58,4.01,0.5499999999999998,0.1200000000000001,False,False
2025-10-09,4.14,3.6,4.03,0.5399999999999996,0.10999999999999943,False,False
2025-10-10,4.05,3.52,4.02,0.5299999999999998,0.03000000000000025,False,False
2025-10-13,4.05,3.52,4.02,0.5299999999999998,0.03000000000000025,False,False
2025-10-14,4.03,3.48,4.02,0.5500000000000003,0.010000000000000675,False,False
2025-10-15,4.05,3.5,4.03,0.5499999999999998,0.019999999999999574,False,False
2025-10-16,3.99,3.41,4.02,0.5800000000000001,-0.02999999999999936,False,True
2025-10-17,4.02,3.46,4.0,0.5599999999999996,0.019999999999999574,False,False
2025-10-20,4.0,3.46,3.97,0.54,0.029999999999999805,False,False
2025-10-21,3.98,3.45,3.96,0.5299999999999998,0.020000000000000018,False,False
2025-10-22,3.97,3.45,3.96,0.52,0.010000000000000231,False,False
2025-10-23,4.01,3.48,3.95,0.5299999999999998,0.05999999999999961,False,False
2025-10-24,4.02,3.48,3.93,0.5399999999999996,0.08999999999999941,False,False
2025-10-27,4.01,3.48,3.89,0.5299999999999998,0.11999999999999966,False,False
2025-10-28,3.99,3.47,3.89,0.52,0.10000000000000009,False,False
2025-10-29,4.08,3.59,3.93,0.4900000000000002,0.1499999999999999,False,False
2025-10-30,4.11,3.61,3.92,0.5000000000000004,0.1900000000000004,False,False
